author_id,work_id,book,testament_group,osis_ref,passage
lactantius,institutes,1John,new_testament,Bible:1John.4.8,1 John iv. 8
lactantius,institutes,1Kgs,old_testament_or_other,Bible:1Kgs.18.28,1 Kings xviii. 28
lactantius,institutes,Rom,new_testament,Bible:Rom.1.22,Rom. i. 22
lactantius,institutes,Rom,new_testament,Bible:Rom.1.19-Rom.1.21,Rom. i. 19–21
lactantius,institutes,1Cor,new_testament,Bible:1Cor.2.7,1 Cor. ii. 7
lactantius,institutes,1Cor,new_testament,Bible:1Cor.2.14,1 Cor ii. 14
lactantius,institutes,Ps,old_testament_or_other,Bible:Ps.15.5,Ps. cxv. 5
lactantius,institutes,Ps,old_testament_or_other,Bible:Ps.48.6,Ps. cxlviii. 6
lactantius,institutes,2Cor,new_testament,Bible:2Cor.4.6,2 Cor. iv. 6
lactantius,institutes,Col,new_testament,Bible:Col.3.10,Col. iii. 10
lactantius,institutes,Eph,new_testament,Bible:Eph.4.24,Eph. iv. 24
lactantius,institutes,1Thess,new_testament,Bible:1Thess.4.14,1 Thess. iv. 14
lactantius,institutes,John,new_testament,Bible:John.5.29,John v. 29
lactantius,institutes,Acts,new_testament,Bible:Acts.24.15,Acts xxiv. 15
lactantius,institutes,Eccl,old_testament_or_other,Bible:Eccl.3.18-Eccl.3.21,Eccles. iii. 18–21
lactantius,institutes,Eccl,old_testament_or_other,Bible:Eccl.12.7,Eccles. xii. 7
lactantius,institutes,2Cor,new_testament,Bible:2Cor.4.4,2 Cor. iv. 4
lactantius,institutes,Gen,old_testament_or_other,Bible:Gen.2,Gen. ii.
lactantius,institutes,Gen,old_testament_or_other,Bible:Gen.3.17,Gen. iii. 17
lactantius,institutes,Gen,old_testament_or_other,Bible:Gen.3.24,Gen. iii. 24
lactantius,institutes,Gen,old_testament_or_other,Bible:Gen.6.3,Gen. vi. 3
lactantius,institutes,Gen,old_testament_or_other,Bible:Gen.9.23,Gen. ix. 23
lactantius,institutes,Gen,old_testament_or_other,Bible:Gen.9.25,Gen. ix. 25
lactantius,institutes,Acts,new_testament,Bible:Acts.19.13,Acts xix. 13
lactantius,institutes,John,new_testament,Bible:John.8.34,John viii. 34
lactantius,institutes,Rom,new_testament,Bible:Rom.6.16-Rom.6.17,"Rom. vi. 16, 17"
lactantius,institutes,Eccl,old_testament_or_other,Bible:Eccl.12.10,Eccles. xii. 10
lactantius,institutes,Phil,new_testament,Bible:Phil.4.8,Philipp. iv. 8
lactantius,institutes,Phil,new_testament,Bible:Phil.12.2,Philipp. xii. 2
lactantius,institutes,Col,new_testament,Bible:Col.2.8,Col. ii. 8
lactantius,institutes,Dan,old_testament_or_other,Bible:Dan.12,Dan. xii.
lactantius,institutes,John,new_testament,Bible:John.12,John xii.
lactantius,institutes,Zech,old_testament_or_other,Bible:Zech.13.1,Zech. xiii. 1
lactantius,institutes,John,new_testament,Bible:John.1.9,John i. 9
lactantius,institutes,Col,new_testament,Bible:Col.3.2,Col. iii. 2
lactantius,institutes,Rom,new_testament,Bible:Rom.1.21-Rom.1.23,Rom. i. 21–23
lactantius,institutes,1Cor,new_testament,Bible:1Cor.2.9,1 Cor. ii. 9
lactantius,institutes,1Cor,new_testament,Bible:1Cor.1.20-1Cor.1.22,1 Cor. i. 20–22
lactantius,institutes,Isa,old_testament_or_other,Bible:Isa.45.15,Isa xlv. 15
lactantius,institutes,Eph,new_testament,Bible:Eph.1.9-Eph.1.10,"Eph. i. 9, 10"
lactantius,institutes,Col,new_testament,Bible:Col.1.26-Col.1.27,"Col. i. 26, 27"
lactantius,institutes,Heb,new_testament,Bible:Heb.1.2,Heb. i. 2
lactantius,institutes,Isa,old_testament_or_other,Bible:Isa.55.4,Isa. lv. 4
lactantius,institutes,Matt,new_testament,Bible:Matt.21,Matt. xxi.
lactantius,institutes,Mal,old_testament_or_other,Bible:Mal.1.6,Mal. i. 6
lactantius,institutes,2Kgs,old_testament_or_other,Bible:2Kgs.25,2 Kings xxv.
lactantius,institutes,Jer,old_testament_or_other,Bible:Jer.39,Jer. xxxix.
lactantius,institutes,Prov,old_testament_or_other,Bible:Prov.8.22-Prov.8.31,Prov. viii. 22–31
lactantius,institutes,Lev,old_testament_or_other,Bible:Lev.8,Lev. viii.
lactantius,institutes,1Kgs,old_testament_or_other,Bible:1Kgs.19.16,1 Kings xix. 16
lactantius,institutes,Jer,old_testament_or_other,Bible:Jer.1.5,Jer. i. 5
lactantius,institutes,Isa,old_testament_or_other,Bible:Isa.53.8,Isa. liii. 8
lactantius,institutes,Heb,new_testament,Bible:Heb.1.7,Heb. i. 7
lactantius,institutes,Ps,old_testament_or_other,Bible:Ps.4.4,Ps. civ. 4
lactantius,institutes,Rom,new_testament,Bible:Rom.16.25,Rom. xvi. 25
lactantius,institutes,Ps,old_testament_or_other,Bible:Ps.33.6,Ps. xxxiii. 6
lactantius,institutes,Ps,old_testament_or_other,Bible:Ps.45.1,Ps. xlv. 1
lactantius,institutes,Sir,deuterocanonical,Bible:Sir.24.5-Sir.24.7,Ecclus. xxiv. 5–7
lactantius,institutes,John,new_testament,Bible:John.1.1-John.1.3,John i. 1–3
lactantius,institutes,Exod,old_testament_or_other,Bible:Exod.23.20,Ex. xxiii. 20
lactantius,institutes,Ps,old_testament_or_other,Bible:Ps.78.24,Ps. lxxviii. 24
lactantius,institutes,Num,old_testament_or_other,Bible:Num.11.31,Num. xi. 31
lactantius,institutes,Acts,new_testament,Bible:Acts.15.10,Acts xv. 10
lactantius,institutes,Gen,old_testament_or_other,Bible:Gen.14.13,Gen. xiv. 13
lactantius,institutes,Eph,new_testament,Bible:Eph.2.12,Eph. ii. 12
lactantius,institutes,Jer,old_testament_or_other,Bible:Jer.25.4-Jer.25.6,Jer. xxv. 4–6
lactantius,institutes,Neh,old_testament_or_other,Bible:Neh.9.26,Neh. ix. 26
lactantius,institutes,1Kings,old_testament_or_other,Bible:1Kings.19.10,1 Kings xix. 10
lactantius,institutes,Luke,new_testament,Bible:Luke.22.15,Luke xxii. 15
lactantius,institutes,John,new_testament,Bible:John.3.29,John iii. 29
lactantius,institutes,Col,new_testament,Bible:Col.1.18,Col. i. 18
lactantius,institutes,Mal,old_testament_or_other,Bible:Mal.1.10-Mal.1.11,"Mal. i. 10, 11"
lactantius,institutes,Ps,old_testament_or_other,Bible:Ps.18.43,Ps. xviii. 43
lactantius,institutes,Isa,old_testament_or_other,Bible:Isa.66.18-Isa.66.19,"Isa. lxvi. 18, 19"
lactantius,institutes,Ezek,old_testament_or_other,Bible:Ezek.41,Ezek. xli.
lactantius,institutes,Rev,new_testament,Bible:Rev.11,Rev. xi.
lactantius,institutes,Heb,new_testament,Bible:Heb.11.37,Heb. xi. 37
lactantius,institutes,Isa,old_testament_or_other,Bible:Isa.1.2-Isa.1.3,"Isa. i. 2, 3"
lactantius,institutes,Jer,old_testament_or_other,Bible:Jer.8.7-Jer.8.9,Jer. viii. 7–9
lactantius,institutes,Rom,new_testament,Bible:Rom.5.9-Rom.5.10,"Rom. v. 9, 10"
lactantius,institutes,Isa,old_testament_or_other,Bible:Isa.63.10,Isa. lxiii. 10
lactantius,institutes,Isa,old_testament_or_other,Bible:Isa.7.14,Isa. vii. 14
lactantius,institutes,Ps,old_testament_or_other,Bible:Ps.85.12,Ps. lxxxv. 12
lactantius,institutes,Isa,old_testament_or_other,Bible:Isa.45.8,Isa. xlv. 8
lactantius,institutes,Isa,old_testament_or_other,Bible:Isa.9.6,Isa. ix. 6
lactantius,institutes,Dan,old_testament_or_other,Bible:Dan.7.13-Dan.7.14,"Dan. vii. 13, 14"
lactantius,institutes,Acts,new_testament,Bible:Acts.1.9,Acts i. 9
lactantius,institutes,Ps,old_testament_or_other,Bible:Ps.90.2,Ps. xc. 2
lactantius,institutes,Ps,old_testament_or_other,Bible:Ps.10.1,Ps. cx. 1
lactantius,institutes,Isa,old_testament_or_other,Bible:Isa.45.1-Isa.45.3,Isa. xlv. 1–3
lactantius,institutes,Heb,new_testament,Bible:Heb.7.3,Heb. vii. 3
lactantius,institutes,Isa,old_testament_or_other,Bible:Isa.45.14-Isa.45.16,Isa. xlv. 14–16
lactantius,institutes,Bar,deuterocanonical,Bible:Bar.3.35-Bar.3.37,Baruch iii. 35–37
lactantius,institutes,Ps,old_testament_or_other,Bible:Ps.45.6-Ps.45.7,"Ps. xlv. 6, 7"
lactantius,institutes,Jer,old_testament_or_other,Bible:Jer.17.9,Jer. xvii. 9
lactantius,institutes,Isa,old_testament_or_other,Bible:Isa.19.20,Isa. xix. 20
lactantius,institutes,Num,old_testament_or_other,Bible:Num.24.17,Num. xxiv. 17
lactantius,institutes,Ps,old_testament_or_other,Bible:Ps.28.4-Ps.28.5,"Ps. xxviii. 4, 5"
lactantius,institutes,Isa,old_testament_or_other,Bible:Isa.11.10,Isa. xi. 10
lactantius,institutes,Isa,old_testament_or_other,Bible:Isa.11.1-Isa.11.2,"Isa. xi. 1, 2"
lactantius,institutes,2Sam,old_testament_or_other,Bible:2Sam.7.4-2Sam.7.5 Bible:2Sam.7.12,"2 Sam. vii. 4, 5, 12"
lactantius,institutes,Ps,old_testament_or_other,Bible:Ps.27.1,Ps. cxxvii. 1
lactantius,institutes,Ps,old_testament_or_other,Bible:Ps.10.3-Ps.10.4,"Ps. cx. 3, 4"
lactantius,institutes,Heb,new_testament,Bible:Heb.5,Heb. v.
lactantius,institutes,1Sam,old_testament_or_other,Bible:1Sam.2.35,1 Sam. ii. 35
lactantius,institutes,Zech,old_testament_or_other,Bible:Zech.3.1-Zech.3.8,Zech. iii. 1–8
lactantius,institutes,Heb,new_testament,Bible:Heb.4.8,Heb. iv. 8
lactantius,institutes,Ps,old_testament_or_other,Bible:Ps.9.6,Ps. cix. 6
lactantius,institutes,Ps,old_testament_or_other,Bible:Ps.72.1,Ps. lxxii. 1
lactantius,institutes,John,new_testament,Bible:John.5.22,John v. 22
lactantius,institutes,Matt,new_testament,Bible:Matt.3.15,Matt. iii. 15
lactantius,institutes,Matt,new_testament,Bible:Matt.3.17,Matt. iii. 17
lactantius,institutes,Ps,old_testament_or_other,Bible:Ps.2.7,Ps. ii. 7
lactantius,institutes,Ps,old_testament_or_other,Bible:Ps.68.13,Ps. lxviii. 13
lactantius,institutes,John,new_testament,Bible:John.9.9,John ix. 9
lactantius,institutes,Isa,old_testament_or_other,Bible:Isa.35.3-Isa.35.6,Isa. xxxv. 3–6
lactantius,institutes,Matt,new_testament,Bible:Matt.14,Matt. xiv.
lactantius,institutes,Mark,new_testament,Bible:Mark.6,Mark vi.
lactantius,institutes,Luke,new_testament,Bible:Luke.9,Luke ix.
lactantius,institutes,John,new_testament,Bible:John.6,John vi.
lactantius,institutes,Matt,new_testament,Bible:Matt.14.24,Matt. xiv. 24
lactantius,institutes,Matt,new_testament,Bible:Matt.8,Matt. viii.
lactantius,institutes,Mark,new_testament,Bible:Mark.4,Mark iv.
lactantius,institutes,Luke,new_testament,Bible:Luke.8,Luke viii.
lactantius,institutes,Ps,old_testament_or_other,Bible:Ps.1.1,Ps. i. 1
lactantius,institutes,Wis,deuterocanonical,Bible:Wis.2.12-Wis.2.22,Wisd. ii. 12–22
lactantius,institutes,Ps,old_testament_or_other,Bible:Ps.72.6-Ps.72.7,"Ps. lxxii. 6, 7"
lactantius,institutes,Isa,old_testament_or_other,Bible:Isa.53.1-Isa.53.6,Isa. liii. 1–6
lactantius,institutes,Mic,old_testament_or_other,Bible:Mic.4.2-Mic.4.3,"Mic. iv. 2, 3"
lactantius,institutes,Exod,old_testament_or_other,Bible:Exod.3,Ex. iii.
lactantius,institutes,Exod,old_testament_or_other,Bible:Exod.19,Ex. xix.
lactantius,institutes,Deut,old_testament_or_other,Bible:Deut.18.17-Deut.18.19,Deut. xviii. 17–19
lactantius,institutes,Jer,old_testament_or_other,Bible:Jer.4.3-Jer.4.4,"Jer. iv. 3, 4"
lactantius,institutes,Deut,old_testament_or_other,Bible:Deut.30.6,Deut. xxx. 6
lactantius,institutes,Josh,old_testament_or_other,Bible:Josh.5.2,Josh. v. 2
lactantius,institutes,Num,old_testament_or_other,Bible:Num.13.8,Num. xiii. 8
lactantius,institutes,Num,old_testament_or_other,Bible:Num.13.16,Num. xiii. 16
lactantius,institutes,Gen,old_testament_or_other,Bible:Gen.32.29,Gen. xxxii. 29
lactantius,institutes,Phil,new_testament,Bible:Phil.2.9-Phil.2.10,"Phil. ii. 9, 10"
lactantius,institutes,1Sam,old_testament_or_other,Bible:1Sam.16.7,1 Sam. xvi. 7
lactantius,institutes,John,new_testament,Bible:John.2.19-John.2.20,"John ii. 19, 20"
lactantius,institutes,Acts,new_testament,Bible:Acts.16.37-Acts.16.38,"Acts xvi. 37, 38"
lactantius,institutes,Isa,old_testament_or_other,Bible:Isa.50.5-Isa.50.6,"Isa. l. 5, 6"
lactantius,institutes,Ps,old_testament_or_other,Bible:Ps.35.15-Ps.35.16,"Ps. xxxv. 15, 16"
lactantius,institutes,Isa,old_testament_or_other,Bible:Isa.53.7,Isa. liii. 7
lactantius,institutes,Ps,old_testament_or_other,Bible:Ps.69.21,Ps. lxix. 21
lactantius,institutes,Isa,old_testament_or_other,Bible:Isa.53.8-Isa.53.10,Isa. liii. 8–10
lactantius,institutes,Ps,old_testament_or_other,Bible:Ps.94.21-Ps.94.22,"Ps. xciv. 21, 22"
lactantius,institutes,Jer,old_testament_or_other,Bible:Jer.11.18-Jer.11.19,"Jer. xi. 18, 19"
lactantius,institutes,Jer,old_testament_or_other,Bible:Jer.11.19,Jer xi. 19
lactantius,institutes,Deut,old_testament_or_other,Bible:Deut.28.66,Deut. xxviii. 66
lactantius,institutes,Zech,old_testament_or_other,Bible:Zech.12.10,Zech. xii. 10
lactantius,institutes,Ps,old_testament_or_other,Bible:Ps.22.16-Ps.22.18,Ps. xxii. 16–18
lactantius,institutes,1Kgs,old_testament_or_other,Bible:1Kgs.9.6-1Kgs.9.9,1 Kings ix. 6–9
lactantius,institutes,1Chr,old_testament_or_other,Bible:1Chr.7.19-1Chr.7.22,1 Chron. vii. 19–22
lactantius,institutes,Amos,old_testament_or_other,Bible:Amos.8.9-Amos.8.10,"Amos viii. 9, 10"
lactantius,institutes,Jer,old_testament_or_other,Bible:Jer.15.9,Jer. xv. 9
lactantius,institutes,Ps,old_testament_or_other,Bible:Ps.16.10,Ps. xvi. 10
lactantius,institutes,Ps,old_testament_or_other,Bible:Ps.3.5,Ps. iii. 5
lactantius,institutes,Hos,old_testament_or_other,Bible:Hos.13.13-Hos.13.14,"Hos. xiii. 13, 14"
lactantius,institutes,Hos,old_testament_or_other,Bible:Hos.6.2,Hos. vi. 2
lactantius,institutes,Luke,new_testament,Bible:Luke.19.42 Bible:Luke.19.44,"Luke xix. 42, 44"
lactantius,institutes,Jer,old_testament_or_other,Bible:Jer.31.31-Jer.31.32,"Jer. xxxi. 31, 32"
lactantius,institutes,Jer,old_testament_or_other,Bible:Jer.12.7-Jer.12.8,"Jer. xii. 7, 8"
lactantius,institutes,Heb,new_testament,Bible:Heb.8.13,Heb. viii. 13
lactantius,institutes,Isa,old_testament_or_other,Bible:Isa.42.6-Isa.42.7,"Isa. xlii. 6, 7"
lactantius,institutes,Dan,old_testament_or_other,Bible:Dan.7.13,Dan. vii. 13
lactantius,institutes,Rom,new_testament,Bible:Rom.7.15,Rom. vii. 15
lactantius,institutes,Heb,new_testament,Bible:Heb.8.2,Heb. viii. 2
lactantius,institutes,1Tim,new_testament,Bible:1Tim.2.5,1 Tim. ii. 5
lactantius,institutes,Gal,new_testament,Bible:Gal.3.20,Gal. iii. 20
lactantius,institutes,Matt,new_testament,Bible:Matt.9.33,Matt. ix. 33
lactantius,institutes,John,new_testament,Bible:John.19.36,John xix. 36
lactantius,institutes,Exod,old_testament_or_other,Bible:Exod.12,Ex. xii.
lactantius,institutes,1Pet,new_testament,Bible:1Pet.1.19,1 Pet. i. 19
lactantius,institutes,Isa,old_testament_or_other,Bible:Isa.1.18,Isa. i. 18
lactantius,institutes,Gal,new_testament,Bible:Gal.6.14,Gal. vi. 14
lactantius,institutes,John,new_testament,Bible:John.17.3,John xvii. 3
lactantius,institutes,Matt,new_testament,Bible:Matt.6.9,Matt. vi. 9
lactantius,institutes,1Cor,new_testament,Bible:1Cor.11.1-1Cor.11.2,"1 Cor. xi. 1, 2"
lactantius,institutes,Heb,new_testament,Bible:Heb.1.3,Heb. i. 3
lactantius,institutes,Isa,old_testament_or_other,Bible:Isa.45.14,Isa. xlv. 14
lactantius,institutes,Isa,old_testament_or_other,Bible:Isa.44.6,Isa. xliv. 6
lactantius,institutes,Hos,old_testament_or_other,Bible:Hos.13.14,Hos. xiii. 14
lactantius,institutes,John,new_testament,Bible:John.10.30,John x. 30
lactantius,institutes,Jer,old_testament_or_other,Bible:Jer.2.13,Jer. ii. 13
lactantius,institutes,Matt,new_testament,Bible:Matt.18.7,Matt. xviii. 7
lactantius,institutes,Luke,new_testament,Bible:Luke.17.1,Luke xvii. 1
lactantius,institutes,1Cor,new_testament,Bible:1Cor.11.19,1 Cor. xi. 19
lactantius,institutes,Mark,new_testament,Bible:Mark.4.33,Mark iv. 33
lactantius,institutes,Matt,new_testament,Bible:Matt.7.6,Matt. vii. 6
lactantius,institutes,Acts,new_testament,Bible:Acts.13.10,Acts xiii. 10
lactantius,institutes,Matt,new_testament,Bible:Matt.7.15,Matt. vii. 15.
lactantius,institutes,Acts,new_testament,Bible:Acts.17.28,Acts xvii. 28
lactantius,institutes,Luke,new_testament,Bible:Luke.22.25,Luke xxii. 25
lactantius,institutes,1Cor,new_testament,Bible:1Cor.7.2-1Cor.7.7,1 Cor. vii. 2–7
lactantius,institutes,Acts,new_testament,Bible:Acts.26.6,Acts xxvi. 6
lactantius,institutes,Dan,old_testament_or_other,Bible:Dan.7.7,Dan. vii. 7
lactantius,institutes,Jas,new_testament,Bible:Jas.2.1-Jas.2.8,ii. 1–8
lactantius,institutes,Luke,new_testament,Bible:Luke.14 Bible:Luke.2,Luke xiv. ii.
lactantius,institutes,Titus,new_testament,Bible:Titus.2.12,Tit. ii. 12
lactantius,institutes,1John,new_testament,Bible:1John.3.1-1John.3.8,1 John iii. 1–8
lactantius,institutes,Hag,old_testament_or_other,Bible:Hag.2.7,Haggai. ii. 7
lactantius,institutes,Rom,new_testament,Bible:Rom.2.14-Rom.2.15,"Rom. ii. 14, 15"
lactantius,institutes,Dan,old_testament_or_other,Bible:Dan.7.23,Dan vii. 23
lactantius,institutes,1Cor,new_testament,Bible:1Cor.3.11-1Cor.3.15,1 Cor. iii. 11–15
lactantius,institutes,1Cor,new_testament,Bible:1Cor.15.19,1 Cor. xv. 19
lactantius,institutes,Isa,old_testament_or_other,Bible:Isa.58.6-Isa.58.7,"Isa. lviii. 6, 7"
lactantius,institutes,Ezek,old_testament_or_other,Bible:Ezek.18.7,Ezek. xviii. 7
lactantius,institutes,Matt,new_testament,Bible:Matt.25.35,Matt. xxv. 35
lactantius,institutes,Gen,old_testament_or_other,Bible:Gen.10.32,Gen. x. 32
lactantius,institutes,Luke,new_testament,Bible:Luke.6.32-Luke.6.34,Luke vi. 32–34
lactantius,institutes,Gen,old_testament_or_other,Bible:Gen.49.29-Gen.49.31,Gen. xlix. 29–31
lactantius,institutes,Mark,new_testament,Bible:Mark.14.8-Mark.14.9,"Mark xiv. 8, 9"
lactantius,institutes,1Tim,new_testament,Bible:1Tim.6.8-1Tim.6.10,1 Tim. vi. 8–10
lactantius,institutes,Matt,new_testament,Bible:Matt.18.21-Matt.18.35,Matt. xviii. 21–35
lactantius,institutes,Jas,new_testament,Bible:Jas.3.2,Jas. iii. 2
lactantius,institutes,Matt,new_testament,Bible:Matt.5.44,Matt. v. 44
lactantius,institutes,Luke,new_testament,Bible:Luke.6.28,Luke vi. 28
lactantius,institutes,Rom,new_testament,Bible:Rom.12.14,Rom. xii. 14
lactantius,institutes,Rom,new_testament,Bible:Rom.12.19,Rom. xii. 19
lactantius,institutes,Heb,new_testament,Bible:Heb.10.30,Heb. x. 30
lactantius,institutes,Eph,new_testament,Bible:Eph.4.26,Eph. iv. 26
lactantius,institutes,Col,new_testament,Bible:Col.3.5,Col. iii. 5
lactantius,institutes,Gen,old_testament_or_other,Bible:Gen.9.6,Gen. ix. 6
lactantius,institutes,Gen,old_testament_or_other,Bible:Gen.6.11,Gen. vi. 11
lactantius,institutes,Exod,old_testament_or_other,Bible:Exod.25.2,Ex. xxv. 2
lactantius,institutes,Ps,old_testament_or_other,Bible:Ps.50.23,Ps. l. 23
lactantius,institutes,1Cor,new_testament,Bible:1Cor.4.4,1 Cor. iv. 4
lactantius,institutes,1Tim,new_testament,Bible:1Tim.6.11,1 Tim. vi. 11
lactantius,institutes,2Tim,new_testament,Bible:2Tim.2,2 Tim. ii.
lactantius,institutes,John,new_testament,Bible:John.12.25,John xii. 25
lactantius,institutes,Gen,old_testament_or_other,Bible:Gen.1,Gen. i.
lactantius,institutes,Ps,old_testament_or_other,Bible:Ps.33,Ps. xxxiii.
lactantius,institutes,Ps,old_testament_or_other,Bible:Ps.8,Ps. viii.
lactantius,institutes,Heb,new_testament,Bible:Heb.2,Heb. ii.
lactantius,institutes,Ps,old_testament_or_other,Bible:Ps.90.4,Ps. xc. 4
lactantius,institutes,2Thess,new_testament,Bible:2Thess.2.7,2 Thess. ii. 7
lactantius,institutes,Mal,old_testament_or_other,Bible:Mal.1.5,Mal. i. 5
lactantius,institutes,Rev,new_testament,Bible:Rev.13,Rev. xiii.
lactantius,institutes,2Thess,new_testament,Bible:2Thess.2,2 Thess. ii.
lactantius,institutes,Dan,old_testament_or_other,Bible:Dan.7,Dan. vii.
lactantius,institutes,Rev,new_testament,Bible:Rev.2,Rev. ii.
lactantius,institutes,Ps,old_testament_or_other,Bible:Ps.1.5,Ps. i. 5
lactantius,institutes,Dan,old_testament_or_other,Bible:Dan.12.2,Dan. xii. 2
lactantius,institutes,John,new_testament,Bible:John.5.28-John.5.29,"John v. 28, 29"
lactantius,institutes,Job,old_testament_or_other,Bible:Job.31.6,Job xxxi. 6
lactantius,institutes,1Cor,new_testament,Bible:1Cor.3.13-1Cor.3.15,1 Cor. iii. 13–15
lactantius,institutes,Phil,new_testament,Bible:Phil.3.11,Phil. iii. 11
lactantius,institutes,Heb,new_testament,Bible:Heb.5.14,Heb. v. 14
lactantius,institutes,Rev,new_testament,Bible:Rev.21.7,Rev. xxi. 7
lactantius,institutes,1Cor,new_testament,Bible:1Cor.1.21,1 Cor. i. 21
lactantius,institutes,Rev,new_testament,Bible:Rev.19.12,Rev. xix. 12
lactantius,institutes,Matt,new_testament,Bible:Matt.1.23,Matt. i. 23
lactantius,institutes,Isa,old_testament_or_other,Bible:Isa.50.5,Isa. l. 5
lactantius,institutes,Num,old_testament_or_other,Bible:Num.23.19,Num. xxiii. 19
lactantius,institutes,1Kgs,old_testament_or_other,Bible:1Kgs.9.7-1Kgs.9.9,1 Kings ix. 7–9
lactantius,institutes,Hos,old_testament_or_other,Bible:Hos.13.13,Hos. xiii. 13
lactantius,institutes,Isa,old_testament_or_other,Bible:Isa.66.18,Isa. lxvi. 18
lactantius,institutes,1John,new_testament,Bible:1John.4.15,1 John iv. 15
lactantius,institutes,John,new_testament,Bible:John.14.6 Bible:John.14.13,"John xiv. 6, 13"
lactantius,institutes,1John,new_testament,Bible:1John.1.22-1John.1.23,"1 John i. 22, 23"
lactantius,institutes,Dan,old_testament_or_other,Bible:Dan.2.47,Dan. ii. 47
lactantius,institutes,Dan,old_testament_or_other,Bible:Dan.6.25,Dan. vi. 25
lactantius,institutes,Ezra,old_testament_or_other,Bible:Ezra.1.2,Ezra i. 2
lactantius,institutes,Isa,old_testament_or_other,Bible:Isa.52.7,Isa. lii. 7
lactantius,institutes,Isa,old_testament_or_other,Bible:Isa.52.14,Isa. lii. 14
lactantius,institutes,Num,old_testament_or_other,Bible:Num.24.16-Num.24.19,Num. xxiv. 16–19
lactantius,institutes,John,new_testament,Bible:John.11.51-John.11.52,"John xi. 51, 52"
lactantius,institutes,Ps,old_testament_or_other,Bible:Ps.72.1-Ps.72.2,"Ps. lxxii. 1, 2"
lactantius,anger_of_god,John,new_testament,Bible:John.17.3,John xvii. 3
lactantius,anger_of_god,1Pet,new_testament,Bible:1Pet.2.5,1 Pet. ii. 5
lactantius,anger_of_god,Acts,new_testament,Bible:Acts.17.18,Acts xvii. 18
lactantius,anger_of_god,Ps,old_testament_or_other,Bible:Ps.7.11,Ps. vii. 11
lactantius,anger_of_god,Prov,old_testament_or_other,Bible:Prov.9.10,Prov. ix. 10
lactantius,anger_of_god,Ps,old_testament_or_other,Bible:Ps.4.4,Ps. iv. 4
lactantius,anger_of_god,Eph,new_testament,Bible:Eph.4.26,Eph. iv. 26
lactantius,workmanship,Acts,new_testament,Bible:Acts.28.22,Acts xxviii. 22
lactantius,workmanship,Phil,new_testament,Bible:Phil.3.20,Philipp. iii. 20
lactantius,workmanship,Wis,deuterocanonical,Bible:Wis.11.20,Wisd. xi. 20
lactantius,workmanship,2Chr,old_testament_or_other,Bible:2Chr.16.9,2 Chron. xvi. 9
lactantius,workmanship,Zech,old_testament_or_other,Bible:Zech.4.10,Zech. iv. 10
lactantius,workmanship,Phil,new_testament,Bible:Phil.3.21,Philipp. iii. 21
lactantius,persecutors,Jer,old_testament_or_other,Bible:Jer.22.19,Jer. xxii. 19
lactantius,persecutors,Acts,new_testament,Bible:Acts.12.23,Acts xii. 23
lactantius,persecutors,Matt,new_testament,Bible:Matt.10.16,Matt. x. 16
lactantius,persecutors,Luke,new_testament,Bible:Luke.10.3,Luke x. 3
lactantius,fragments,Deut,old_testament_or_other,Bible:Deut.4.17,Deut. iv. 17
venantius,easter,Rev,new_testament,Bible:Rev.1.10,Rev. i. 10.
venantius,easter,Prov,old_testament_or_other,Bible:Prov.30.4,Prov. xxx. 4
asterius,extant_writings,Num,old_testament_or_other,Bible:Num.16.41,Num. xvi. 41
asterius,extant_writings,Gen,old_testament_or_other,Bible:Gen.1.16-Gen.1.17,"Gen. i. 16, 17"
asterius,extant_writings,Rev,new_testament,Bible:Rev.4.6,Rev. iv. 6
asterius,extant_writings,Gen,old_testament_or_other,Bible:Gen.2.10,Gen. ii. 10
asterius,extant_writings,Isa,old_testament_or_other,Bible:Isa.1.13-Isa.1.14,"Isa. i. 13, 14"
asterius,extant_writings,John,new_testament,Bible:John.7.22,John vii. 22
asterius,extant_writings,Exod,old_testament_or_other,Bible:Exod.22.9 Bible:Exod.22.12,"Exod. xxii. 9, 12"
asterius,extant_writings,1Macc,deuterocanonical,Bible:1Macc.2.31-1Macc.2.41,1 Macc. ii. 31–41
asterius,extant_writings,Ps,old_testament_or_other,Bible:Ps.6.1,Ps. vi. 1
asterius,extant_writings,Ps,old_testament_or_other,Bible:Ps.12,Ps. xii
asterius,extant_writings,1Chr,old_testament_or_other,Bible:1Chr.15.21,1 Chron. xv. 21
asterius,extant_writings,Josh,old_testament_or_other,Bible:Josh.6.4,Josh. vi. 4
asterius,extant_writings,Matt,new_testament,Bible:Matt.12.5,Matt. xii. 5
asterius,extant_writings,Ps,old_testament_or_other,Bible:Ps.90.4,Ps. xc. 4
asterius,extant_writings,Zech,old_testament_or_other,Bible:Zech.4.10,Zech. iv. 10
asterius,extant_writings,Ps,old_testament_or_other,Bible:Ps.33.6,Ps. xxxiii. 6
asterius,extant_writings,Isa,old_testament_or_other,Bible:Isa.11.2-Isa.11.3,"Isa. xi. 2, 3"
asterius,extant_writings,Ps,old_testament_or_other,Bible:Ps.45.1,Ps. xlv. 1
asterius,extant_writings,John,new_testament,Bible:John.1.1-John.1.3,"John i. 1, 2, 3"
asterius,extant_writings,1Cor,new_testament,Bible:1Cor.15.45-1Cor.15.47,1 Cor. xv. 45–47
asterius,extant_writings,Rev,new_testament,Bible:Rev.5.6,Rev. v. 6
asterius,extant_writings,Rev,new_testament,Bible:Rev.4.5,Rev. iv. 5
asterius,extant_writings,Rev,new_testament,Bible:Rev.1.13,Rev. i. 13
asterius,extant_writings,Lev,old_testament_or_other,Bible:Lev.23.18,Lev. xxiii. 18
asterius,extant_writings,Isa,old_testament_or_other,Bible:Isa.4.1,Isa. iv. 1
asterius,extant_writings,Acts,new_testament,Bible:Acts.6.3,Acts vi. 3
asterius,extant_writings,Rev,new_testament,Bible:Rev.1.11,Rev. i. 11
asterius,extant_writings,Josh,old_testament_or_other,Bible:Josh.6,Josh. vi
asterius,extant_writings,Rev,new_testament,Bible:Rev.8,Rev. viii
asterius,extant_writings,Dan,old_testament_or_other,Bible:Dan.9.25,Dan. ix. 25
asterius,extant_writings,Dan,old_testament_or_other,Bible:Dan.9,Dan. ix.
asterius,extant_writings,Gen,old_testament_or_other,Bible:Gen.7.2,Gen. vii. 2
asterius,extant_writings,Gen,old_testament_or_other,Bible:Gen.4.15,Gen. iv. 15
asterius,extant_writings,Deut,old_testament_or_other,Bible:Deut.15.1,Deut. xv. 1
asterius,extant_writings,Zech,old_testament_or_other,Bible:Zech.4.2,Zech. iv. 2
asterius,extant_writings,Prov,old_testament_or_other,Bible:Prov.11.1,Prov. xi. 1
asterius,extant_writings,Mark,new_testament,Bible:Mark.4.38,Mark iv. 38
asterius,extant_writings,Rev,new_testament,Bible:Rev.4.4,Rev. iv. 4.
victorinus,apocalypse,Isa,old_testament_or_other,Bible:Isa.11.2,Isa. xi. 2
victorinus,apocalypse,Rom,new_testament,Bible:Rom.6.9,Rom. vi. 9
victorinus,apocalypse,1Pet,new_testament,Bible:1Pet.2.9,1 Pet. ii. 9
victorinus,apocalypse,Prov,old_testament_or_other,Bible:Prov.8.20,Prov. viii. 20
victorinus,apocalypse,1Cor,new_testament,Bible:1Cor.11.3,1 Cor. xi. 3
victorinus,apocalypse,Ps,old_testament_or_other,Bible:Ps.32.7,Ps. cxxxii. 7
victorinus,apocalypse,Matt,new_testament,Bible:Matt.10.34,Matt. x. 34
victorinus,apocalypse,Matt,new_testament,Bible:Matt.13.51-Matt.13.52,"Matt. xiii. 51, 52"
victorinus,apocalypse,Matt,new_testament,Bible:Matt.17.27,Matt. xvii. 27
victorinus,apocalypse,Ps,old_testament_or_other,Bible:Ps.62.11,Ps. lxii. 11
victorinus,apocalypse,John,new_testament,Bible:John.12.48,John xii. 48
victorinus,apocalypse,2Thess,new_testament,Bible:2Thess.2.8,2 Thess. ii. 8
victorinus,apocalypse,Isa,old_testament_or_other,Bible:Isa.11.4,Isa. xi. 4
victorinus,apocalypse,Matt,new_testament,Bible:Matt.28.19,Matt. xxviii. 19
victorinus,apocalypse,Acts,new_testament,Bible:Acts.2.33,Acts ii. 33
victorinus,apocalypse,John,new_testament,Bible:John.3.34-John.3.35,"John iii. 34, 35"
victorinus,apocalypse,1Tim,new_testament,Bible:1Tim.3.15,1 Tim. iii. 15
victorinus,apocalypse,Isa,old_testament_or_other,Bible:Isa.4.1,Isa. iv. 1
victorinus,apocalypse,1Cor,new_testament,Bible:1Cor.15.53,1 Cor. xv. 53
victorinus,apocalypse,Num,old_testament_or_other,Bible:Num.23,Num. xxiii
victorinus,apocalypse,Gen,old_testament_or_other,Bible:Gen.9,Gen. ix
victorinus,apocalypse,Mark,new_testament,Bible:Mark.1.3,Mark i. 3
victorinus,apocalypse,Isa,old_testament_or_other,Bible:Isa.40.3,Isa. xl. 3
victorinus,apocalypse,Matt,new_testament,Bible:Matt.1.1,Matt. i. 1
victorinus,apocalypse,Luke,new_testament,Bible:Luke.1.5,Luke i. 5
victorinus,apocalypse,John,new_testament,Bible:John.1.1,John i. 1.
victorinus,apocalypse,Matt,new_testament,Bible:Matt.19.27-Matt.19.28,"Matt. xix. 27, 28"
victorinus,apocalypse,Gen,old_testament_or_other,Bible:Gen.49.16,Gen. xlix. 16
victorinus,apocalypse,Gen,old_testament_or_other,Bible:Gen.49.8-Gen.49.9,"Gen. xlix. 8, 9"
victorinus,apocalypse,Exod,old_testament_or_other,Bible:Exod.24.7-Exod.24.8,"Ex. xxiv. 7, 8"
victorinus,apocalypse,Matt,new_testament,Bible:Matt.24,Matt. xxiv.
victorinus,apocalypse,Luke,new_testament,Bible:Luke.21.10-Luke.21.11,"Luke xxi. 10, 11"
victorinus,apocalypse,Matt,new_testament,Bible:Matt.5.23-Matt.5.24,"Matt. v. 23, 24"
victorinus,apocalypse,Mal,old_testament_or_other,Bible:Mal.4.5-Mal.4.6,"Mal. iv. 5, 6"
victorinus,apocalypse,Mark,new_testament,Bible:Mark.13.18-Mark.13.20,Mark xiii. 18–20
victorinus,apocalypse,Mark,new_testament,Bible:Mark.13.27,Mark xiii. 27
victorinus,apocalypse,Mic,old_testament_or_other,Bible:Mic.5.5-Mic.5.6,"Mic. v. 5, 6"
victorinus,apocalypse,Matt,new_testament,Bible:Matt.13.27-Matt.13.30,Matt. xiii. 27-30
victorinus,apocalypse,Deut,old_testament_or_other,Bible:Deut.32.8,Deut. xxxii. 8
victorinus,apocalypse,Rev,new_testament,Bible:Rev.1.3 Bible:Rev.1.22,"Rev. i. 3, xxii."
victorinus,apocalypse,1Cor,new_testament,Bible:1Cor.12.28,1 Cor. xii. 28
victorinus,apocalypse,1Cor,new_testament,Bible:1Cor.14.29,1 Cor. xiv. 29
victorinus,apocalypse,1Cor,new_testament,Bible:1Cor.11.5,1 Cor. xi. 5
victorinus,apocalypse,Jer,old_testament_or_other,Bible:Jer.1.5,Jer i. 5
victorinus,apocalypse,Zech,old_testament_or_other,Bible:Zech.4.14,Zech. iv. 14
victorinus,apocalypse,2Thess,new_testament,Bible:2Thess.2.7-2Thess.2.9,"2 Thess. ii. 7, 8, 9"
victorinus,apocalypse,2Thess,new_testament,Bible:2Thess.2.10,2 Thess. ii. 10
victorinus,apocalypse,2Thess,new_testament,Bible:2Thess.2.11,2 Thess. ii. 11
victorinus,apocalypse,Isa,old_testament_or_other,Bible:Isa.59.9,Isa. lix. 9
victorinus,apocalypse,John,new_testament,Bible:John.2.19-John.2.21,"John ii. 19, 20, 21"
victorinus,apocalypse,Luke,new_testament,Bible:Luke.21.21,Luke xxi. 21
victorinus,apocalypse,2Thess,new_testament,Bible:2Thess.2.3-2Thess.2.4,"2 Thess. ii. 3, 4"
victorinus,apocalypse,Dan,old_testament_or_other,Bible:Dan.11.45,Dan. xi. 45
victorinus,apocalypse,Matt,new_testament,Bible:Matt.24.15,Matt. xxiv. 15
victorinus,apocalypse,Dan,old_testament_or_other,Bible:Dan.9.27,Dan. ix. 27
victorinus,apocalypse,Ezek,old_testament_or_other,Bible:Ezek.35.6,Ezek. xxxv. 6
victorinus,apocalypse,Dan,old_testament_or_other,Bible:Dan.11.37,Dan. xi. 37
victorinus,apocalypse,Ps,old_testament_or_other,Bible:Ps.5.8,Ps. cv. 8
victorinus,apocalypse,Col,new_testament,Bible:Col.3.1,Col. iii. 1
victorinus,apocalypse,2Cor,new_testament,Bible:2Cor.3.17-2Cor.3.18,2 Cor. iii. 17-18
victorinus,apocalypse,Rev,new_testament,Bible:Rev.7.5-Rev.7.8,Rev. vii. 5-8
victorinus,apocalypse,Jer,old_testament_or_other,Bible:Jer.15.16,Jer. xv. 16
dionysius,sabellians,John,new_testament,Bible:John.14.11,John xiv. 11
dionysius,sabellians,Prov,old_testament_or_other,Bible:Prov.8.22,Prov. viii. 22
dionysius,sabellians,Deut,old_testament_or_other,Bible:Deut.32.6,Deut. xxxii. 6
dionysius,sabellians,Col,new_testament,Bible:Col.1.15,Col. i. 15
dionysius,sabellians,Prov,old_testament_or_other,Bible:Prov.8.25,Prov. viii. 25
dionysius,sabellians,John,new_testament,Bible:John.10.30,John x. 30
dionysius,sabellians,John,new_testament,Bible:John.14.10,John xiv. 10
dionysius,sabellians,Gal,new_testament,Bible:Gal.1.8-Gal.1.9,"Gal. i. 8, 9"
anonymous,teaching,Rev,new_testament,Bible:Rev.2.29,Rev. ii. 2 and 9.
anonymous,teaching,1Cor,new_testament,Bible:1Cor.4.16-1Cor.4.17,"1 Cor. iv. 16, 17"
anonymous,teaching,Gal,new_testament,Bible:Gal.4.9,Gal. iv. 9
anonymous,teaching,1John,new_testament,Bible:1John.4.1,1 John iv. 1
anonymous,teaching,Titus,new_testament,Bible:Titus.1.10,Titus i. 10.
anonymous,teaching,Acts,new_testament,Bible:Acts.2.42,Acts ii. 42
anonymous,teaching,Deut,old_testament_or_other,Bible:Deut.30.15 Bible:Deut.30.19,"Deut. xxx. 15, 19"
anonymous,teaching,Jer,old_testament_or_other,Bible:Jer.21.8,Jer. xxi. 8
anonymous,teaching,Matt,new_testament,Bible:Matt.7.13-Matt.7.14,"Matt. vii. 13, 14"
anonymous,teaching,Deut,old_testament_or_other,Bible:Deut.6.5,Deut. vi. 5
anonymous,teaching,Lev,old_testament_or_other,Bible:Lev.19.18,Lev. xix. 18
anonymous,teaching,Matt,new_testament,Bible:Matt.22.37 Bible:Matt.22.39,"Matt. xxii. 37, 39"
anonymous,teaching,Mark,new_testament,Bible:Mark.12.30-Mark.12.31,"Mark xii. 30, 31"
anonymous,teaching,Tob,deuterocanonical,Bible:Tob.4.15,Tobit iv. 15
anonymous,teaching,Matt,new_testament,Bible:Matt.7.12,Matt. vii. 12
anonymous,teaching,Luke,new_testament,Bible:Luke.6.31,Luke vi. 31
anonymous,teaching,Matt,new_testament,Bible:Matt.5.44,Matt. v. 44
anonymous,teaching,Matt,new_testament,Bible:Matt.5.46-Matt.5.47,"Matt. v. 46, 47"
anonymous,teaching,Luke,new_testament,Bible:Luke.6.32,Luke vi. 32
anonymous,teaching,1Pet,new_testament,Bible:1Pet.3.13,1 Pet. iii. 13
anonymous,teaching,1Pet,new_testament,Bible:1Pet.2.11,1 Pet. ii. 11
anonymous,teaching,Matt,new_testament,Bible:Matt.5.39,Matt. v. 39
anonymous,teaching,Luke,new_testament,Bible:Luke.6.29,Luke vi. 29.
anonymous,teaching,Matt,new_testament,Bible:Matt.5.41,Matt. v. 41
anonymous,teaching,Matt,new_testament,Bible:Matt.5.40,Matt. v. 40
anonymous,teaching,Luke,new_testament,Bible:Luke.6.29,Luke vi. 29
anonymous,teaching,Luke,new_testament,Bible:Luke.6.30,Luke vi. 30
anonymous,teaching,Matt,new_testament,Bible:Matt.5.45,Matt. v. 45
anonymous,teaching,Matt,new_testament,Bible:Matt.5.26,Matt. v. 26
anonymous,teaching,Exod,old_testament_or_other,Bible:Exod.20.13-Exod.20.14,"Ex. xx. 13, 14"
anonymous,teaching,Exod,old_testament_or_other,Bible:Exod.20.15,Ex. xx. 15
anonymous,teaching,Exod,old_testament_or_other,Bible:Exod.21.22-Exod.21.23,"Ex. xxi. 22, 23"
anonymous,teaching,Exod,old_testament_or_other,Bible:Exod.20.17,Ex. xx. 17
anonymous,teaching,Matt,new_testament,Bible:Matt.5.34,Matt. v. 34
anonymous,teaching,Exod,old_testament_or_other,Bible:Exod.20.16,Ex. xx. 16
anonymous,teaching,Lev,old_testament_or_other,Bible:Lev.19.17,Lev. xix. 17
anonymous,teaching,Matt,new_testament,Bible:Matt.5.5,Matt. v. 5
anonymous,teaching,Isa,old_testament_or_other,Bible:Isa.66.2 Bible:Isa.66.5,"Isa. lxvi. 2, 5"
anonymous,teaching,Luke,new_testament,Bible:Luke.18.14,Luke xviii. 14
anonymous,teaching,Sir,deuterocanonical,Bible:Sir.2.4,Ecclus. ii. 4
anonymous,teaching,Heb,new_testament,Bible:Heb.13.7,Heb. xiii. 7
anonymous,teaching,Sir,deuterocanonical,Bible:Sir.1.28,Ecclus. i. 28
anonymous,teaching,Sir,deuterocanonical,Bible:Sir.4.31,Ecclus. iv. 31
anonymous,teaching,Prov,old_testament_or_other,Bible:Prov.16.6,Prov. xvi. 6
anonymous,teaching,Acts,new_testament,Bible:Acts.4.32,Acts iv. 32
anonymous,teaching,Rom,new_testament,Bible:Rom.15.27,Rom. xv. 27
anonymous,teaching,Eph,new_testament,Bible:Eph.6.4,Eph. vi. 4
anonymous,teaching,Eph,new_testament,Bible:Eph.6.9,Eph. vi. 9
anonymous,teaching,Col,new_testament,Bible:Col.4.1,Col. iv. 1
anonymous,teaching,Eph,new_testament,Bible:Eph.6.5,Eph. vi. 5
anonymous,teaching,Col,new_testament,Bible:Col.3.22,Col. iii. 22
anonymous,teaching,Deut,old_testament_or_other,Bible:Deut.12.32,Deut. xii. 32
anonymous,teaching,Jas,new_testament,Bible:Jas.5.16,Jas. v. 16
anonymous,teaching,Acts,new_testament,Bible:Acts.15.20 Bible:Acts.15.29,"Acts xv. 20, 29"
anonymous,teaching,1Cor,new_testament,Bible:1Cor.8.4,1 Cor. viii. 4
anonymous,teaching,Rom,new_testament,Bible:Rom.14.20,Rom. xiv. 20
anonymous,teaching,Matt,new_testament,Bible:Matt.28.19,Matt. xxviii. 19
anonymous,teaching,Matt,new_testament,Bible:Matt.6.16,Matt. vi. 16
anonymous,teaching,Matt,new_testament,Bible:Matt.27.62,Matt. xxvii. 62
anonymous,teaching,Matt,new_testament,Bible:Matt.6.5 Bible:Matt.6.9,"Matt. vi. 5, 9"
anonymous,teaching,Matt,new_testament,Bible:Matt.6.11,Matt. vi. 11
anonymous,teaching,Luke,new_testament,Bible:Luke.11.3,Luke xi. 3
anonymous,teaching,Matt,new_testament,Bible:Matt.6.13,Matt. vi. 13
anonymous,teaching,Dan,old_testament_or_other,Bible:Dan.6.10,Dan. vi. 10
anonymous,teaching,Ps,old_testament_or_other,Bible:Ps.55.17,Ps. lv. 17
anonymous,teaching,Acts,new_testament,Bible:Acts.3.1,Acts iii. 1
anonymous,teaching,John,new_testament,Bible:John.15.1,John xv. 1
anonymous,teaching,Matt,new_testament,Bible:Matt.26.29,Matt. xxvi. 29
anonymous,teaching,Mark,new_testament,Bible:Mark.14.25,Mark xiv. 25
anonymous,teaching,Matt,new_testament,Bible:Matt.14.20,Matt. xiv. 20
anonymous,teaching,Matt,new_testament,Bible:Matt.7.6,Matt. vii. 6
anonymous,teaching,1Cor,new_testament,Bible:1Cor.11.20-1Cor.11.22,1 Cor. xi. 20–22
anonymous,teaching,Matt,new_testament,Bible:Matt.24.31,Matt. xxiv. 31
anonymous,teaching,1Cor,new_testament,Bible:1Cor.7.31,1 Cor. vii. 31
anonymous,teaching,Rev,new_testament,Bible:Rev.22.20,Rev. xxii. 20
anonymous,teaching,Matt,new_testament,Bible:Matt.10.40,Matt. x. 40
anonymous,teaching,Rom,new_testament,Bible:Rom.16.7,Rom. xvi. 7
anonymous,teaching,1Cor,new_testament,Bible:1Cor.15.5 Bible:1Cor.15.7,"1 Cor. xv. 5, 7"
anonymous,teaching,Gal,new_testament,Bible:Gal.1.19,Gal. i. 19
anonymous,teaching,1Thess,new_testament,Bible:1Thess.2.6,1 Thess. ii. 6
anonymous,teaching,Acts,new_testament,Bible:Acts.14.4 Bible:Acts.14.14,"Acts xiv. 4, 14"
anonymous,teaching,1Cor,new_testament,Bible:1Cor.12.3,1 Cor. xii. 3
anonymous,teaching,Matt,new_testament,Bible:Matt.12.31-Matt.12.32,"Matt. xii. 31, 32"
anonymous,teaching,Mark,new_testament,Bible:Mark.3.29-Mark.3.30,"Mark iii. 29, 30"
anonymous,teaching,2Thess,new_testament,Bible:2Thess.3.10,2 Thess. iii. 10
anonymous,teaching,Matt,new_testament,Bible:Matt.10.10,Matt. x. 10
anonymous,teaching,Luke,new_testament,Bible:Luke.10.7,Luke x. 7
anonymous,teaching,1Pet,new_testament,Bible:1Pet.2.9,1 Pet. ii. 9
anonymous,teaching,Rev,new_testament,Bible:Rev.1.10,Rev. i. 10
anonymous,teaching,Rom,new_testament,Bible:Rom.12.1,Rom. xii. 1
anonymous,teaching,Phil,new_testament,Bible:Phil.2.17,Phil. ii. 17
anonymous,teaching,Heb,new_testament,Bible:Heb.13.15,Heb. xiii. 15
anonymous,teaching,1Pet,new_testament,Bible:1Pet.2.5,1 Pet. ii. 5
anonymous,teaching,Matt,new_testament,Bible:Matt.5.23-Matt.5.24,"Matt. v. 23, 24"
anonymous,teaching,Mal,old_testament_or_other,Bible:Mal.1.11,Mal. i. 11
anonymous,teaching,Mal,old_testament_or_other,Bible:Mal.1.11 Bible:Mal.1.14,"Mal. i. 11, 14"
anonymous,teaching,1Pet,new_testament,Bible:1Pet.5.1,1 Pet. v. 1
anonymous,teaching,Acts,new_testament,Bible:Acts.14.23,Acts xiv. 23
anonymous,teaching,2Cor,new_testament,Bible:2Cor.8.19,2 Cor. viii. 19
anonymous,teaching,1Tim,new_testament,Bible:1Tim.3.4,1 Tim. iii. 4
anonymous,teaching,Matt,new_testament,Bible:Matt.18.15-Matt.18.17,Matt. xviii. 15–17
anonymous,teaching,1Tim,new_testament,Bible:1Tim.1.6,1 Tim. i. 6
anonymous,teaching,2Tim,new_testament,Bible:2Tim.2.18,2 Tim. ii. 18
anonymous,teaching,Matt,new_testament,Bible:Matt.5,Matt. v.
anonymous,teaching,Matt,new_testament,Bible:Matt.24,Matt. xxiv.
anonymous,teaching,Luke,new_testament,Bible:Luke.12.35,Luke xii. 35
anonymous,teaching,Matt,new_testament,Bible:Matt.24.42,Matt. xxiv. 42
anonymous,teaching,Matt,new_testament,Bible:Matt.24.11-Matt.24.12,"Matt. xxiv. 11, 12"
anonymous,teaching,Matt,new_testament,Bible:Matt.24.10,Matt. xxiv. 10
anonymous,teaching,2Thess,new_testament,Bible:2Thess.2.3-2Thess.2.4 Bible:2Thess.2.8,"2 Thess. ii. 3, 4, 8"
anonymous,teaching,Rev,new_testament,Bible:Rev.12.9,Rev. xii. 9
anonymous,teaching,Matt,new_testament,Bible:Matt.24.24,Matt. xxiv. 24
anonymous,teaching,1Pet,new_testament,Bible:1Pet.4.12,1 Pet. iv. 12
anonymous,teaching,Matt,new_testament,Bible:Matt.10.22,Matt x. 22
anonymous,teaching,Matt,new_testament,Bible:Matt.24.30-Matt.24.31,"Matt. xxiv. 30, 31"
anonymous,teaching,Matt,new_testament,Bible:Matt.24.30,Matt. xxiv. 30
anonymous,teaching,Zech,old_testament_or_other,Bible:Zech.14.5,Zech. xiv. 5
anonymous,teaching,1Thess,new_testament,Bible:1Thess.4.17,1 Thess. iv. 17
anonymous,teaching,1Cor,new_testament,Bible:1Cor.15.23,1 Cor. xv. 23
anonymous,teaching,Rev,new_testament,Bible:Rev.20.5,Rev. xx. 5
anonymous,teaching,Rev,new_testament,Bible:Rev.2.2,Rev. ii. 2
anonymous,teaching,2Cor,new_testament,Bible:2Cor.8.23,2 Cor. viii. 23
anonymous,teaching,Rev,new_testament,Bible:Rev.2.2,Rev ii. 2
anonymous,teaching,Luke,new_testament,Bible:Luke.6.13,Luke vi. 13
anonymous,teaching,2Pet,new_testament,Bible:2Pet.2.13,2 Pet. ii. 13
anonymous,constitutions,Isa,old_testament_or_other,Bible:Isa.5.7 Bible:Isa.5.2,"Isa. v. 7, 2"
anonymous,constitutions,Exod,old_testament_or_other,Bible:Exod.20.17,Ex. xx. 17
anonymous,constitutions,Matt,new_testament,Bible:Matt.5.28,Matt. v. 28
anonymous,constitutions,Isa,old_testament_or_other,Bible:Isa.5.8,Isa. v. 8
anonymous,constitutions,Deut,old_testament_or_other,Bible:Deut.27,Deut. xxvii.
anonymous,constitutions,Deut,old_testament_or_other,Bible:Deut.19.14,Deut. xix. 14
anonymous,constitutions,Tob,deuterocanonical,Bible:Tob.4.16,Tob. iv. 16
anonymous,constitutions,Num,old_testament_or_other,Bible:Num.24.9,Num. xxiv. 9
anonymous,constitutions,Luke,new_testament,Bible:Luke.6.28,Luke vi. 28
anonymous,constitutions,Prov,old_testament_or_other,Bible:Prov.20.22,Prov. xx. 22
anonymous,constitutions,Matt,new_testament,Bible:Matt.5.44-Matt.5.45,"Matt. v. 44, 45"
anonymous,constitutions,Exod,old_testament_or_other,Bible:Exod.20.14 Bible:Exod.20.17,"Ex. xx. 14, 17"
anonymous,constitutions,Matt,new_testament,Bible:Matt.18.7,Matt. xviii. 7
anonymous,constitutions,Lev,old_testament_or_other,Bible:Lev.19.27 Bible:Lev.21.5,"Lev. xix. 27, xxi. 5"
anonymous,constitutions,Josh,old_testament_or_other,Bible:Josh.1.8,Josh. i. 8
anonymous,constitutions,Deut,old_testament_or_other,Bible:Deut.6.7,Deut. vi. 7
anonymous,constitutions,Matt,new_testament,Bible:Matt.11.28,Matt. xi. 28
anonymous,constitutions,Prov,old_testament_or_other,Bible:Prov.7.1,Prov. vii. 1
anonymous,constitutions,Prov,old_testament_or_other,Bible:Prov.5.3-Prov.5.4,"Prov. v. 3, 4"
anonymous,constitutions,Prov,old_testament_or_other,Bible:Prov.7.25-Prov.7.26,"Prov. vii. 25, 26"
anonymous,constitutions,Prov,old_testament_or_other,Bible:Prov.5.11,Prov. v. 11
anonymous,constitutions,1Cor,new_testament,Bible:1Cor.11.3,1 Cor. xi. 3
anonymous,constitutions,Prov,old_testament_or_other,Bible:Prov.31.10,Prov. xxxi. 10
anonymous,constitutions,Prov,old_testament_or_other,Bible:Prov.12.4,Prov. xii. 4
anonymous,constitutions,Prov,old_testament_or_other,Bible:Prov.14.1,Prov. xiv. 1
anonymous,constitutions,Prov,old_testament_or_other,Bible:Prov.18.3,Prov. xviii. 3
anonymous,constitutions,Eccl,old_testament_or_other,Bible:Eccl.7.26,Eccles. vii. 26
anonymous,constitutions,Prov,old_testament_or_other,Bible:Prov.11.22,Prov. xi. 22
anonymous,constitutions,Prov,old_testament_or_other,Bible:Prov.21.9 Bible:Prov.21.19,"Prov. xxi. 9, 19"
anonymous,constitutions,Isa,old_testament_or_other,Bible:Isa.52.5,Isa. lii. 5
anonymous,constitutions,Prov,old_testament_or_other,Bible:Prov.21.19,Prov. xxi. 19
anonymous,constitutions,Matt,new_testament,Bible:Matt.12.36,Matt. xii. 36
anonymous,constitutions,Matt,new_testament,Bible:Matt.12.37,Matt. xii. 37
anonymous,constitutions,2Kgs,old_testament_or_other,Bible:2Kgs.22.1,2 Kings xxii. 1
anonymous,constitutions,2Chr,old_testament_or_other,Bible:2Chr.24.1,2 Chron. xxiv. 1
anonymous,constitutions,2Kgs,old_testament_or_other,Bible:2Kgs.11.3-2Kgs.11.4,"2 Kings xi. 3, 4"
anonymous,constitutions,Isa,old_testament_or_other,Bible:Isa.66.2,Isa. lxvi. 2
anonymous,constitutions,Matt,new_testament,Bible:Matt.5.5,Matt. v. 5
anonymous,constitutions,Matt,new_testament,Bible:Matt.5.7,Matt. v. 7
anonymous,constitutions,Matt,new_testament,Bible:Matt.5.9,Matt. v. 9
anonymous,constitutions,Matt,new_testament,Bible:Matt.5.8,Matt. v. 8
anonymous,constitutions,1Tim,new_testament,Bible:1Tim.3.6,1 Tim. iii. 6
anonymous,constitutions,Luke,new_testament,Bible:Luke.14.11,Luke xiv. 11
anonymous,constitutions,1Tim,new_testament,Bible:1Tim.3.2,1 Tim. iii. 2
anonymous,constitutions,1Tim,new_testament,Bible:1Tim.3.4,1 Tim. iii. 4
anonymous,constitutions,Eph,new_testament,Bible:Eph.6.4,Eph. vi. 4
anonymous,constitutions,Lev,old_testament_or_other,Bible:Lev.21.17,Lev. xxi. 17
anonymous,constitutions,John,new_testament,Bible:John.13.35,John xiii. 35
anonymous,constitutions,Prov,old_testament_or_other,Bible:Prov.19.24,Prov. xix. 24
anonymous,constitutions,Eccl,old_testament_or_other,Bible:Eccl.4.5,Eccles. iv. 5
anonymous,constitutions,Prov,old_testament_or_other,Bible:Prov.23.21,Prov. xxiii. 21
anonymous,constitutions,Lev,old_testament_or_other,Bible:Lev.19.15,Lev. xix. 15
anonymous,constitutions,Exod,old_testament_or_other,Bible:Exod.23.3,Ex. xxiii. 3
anonymous,constitutions,Deut,old_testament_or_other,Bible:Deut.1.17,Deut. i. 17
anonymous,constitutions,John,new_testament,Bible:John.5.39,John v. 39
anonymous,constitutions,John,new_testament,Bible:John.5.46,John v. 46
anonymous,constitutions,Hos,old_testament_or_other,Bible:Hos.10.12,Hos. x. 12
anonymous,constitutions,Lev,old_testament_or_other,Bible:Lev.15.31,Lev. xv. 31
anonymous,constitutions,Hos,old_testament_or_other,Bible:Hos.4.9,Hos. iv. 9
anonymous,constitutions,Acts,new_testament,Bible:Acts.1.1,Acts i. 1
anonymous,constitutions,Matt,new_testament,Bible:Matt.5.19,Matt. v. 19
anonymous,constitutions,Ezek,old_testament_or_other,Bible:Ezek.33.7,Ezek. xxxiii. 7
anonymous,constitutions,Ezek,old_testament_or_other,Bible:Ezek.33.2,Ezek. xxxiii. 2
anonymous,constitutions,Jer,old_testament_or_other,Bible:Jer.26,Jer. xxvi.
anonymous,constitutions,Ezek,old_testament_or_other,Bible:Ezek.2.7,Ezek. ii. 7
anonymous,constitutions,Exod,old_testament_or_other,Bible:Exod.15.26,Ex. xv. 26
anonymous,constitutions,Deut,old_testament_or_other,Bible:Deut.6.4,Deut. vi. 4
anonymous,constitutions,Mark,new_testament,Bible:Mark.12.29,Mark xii. 29
anonymous,constitutions,Prov,old_testament_or_other,Bible:Prov.1.8,Prov. i. 8
anonymous,constitutions,Matt,new_testament,Bible:Matt.5.11-Matt.5.12,"Matt. v. 11, 12"
anonymous,constitutions,Jas,new_testament,Bible:Jas.1.12,Jas. i. 12
anonymous,constitutions,Heb,new_testament,Bible:Heb.12.8,Heb. xii. 8
anonymous,constitutions,Matt,new_testament,Bible:Matt.23.3,Matt. xxiii. 3
anonymous,constitutions,Deut,old_testament_or_other,Bible:Deut.16.20,Deut. xvi. 20
anonymous,constitutions,Exod,old_testament_or_other,Bible:Exod.23.8,Ex. xxiii. 8
anonymous,constitutions,Deut,old_testament_or_other,Bible:Deut.27.25,Deut. xxvii. 25
anonymous,constitutions,Prov,old_testament_or_other,Bible:Prov.22.10,Prov. xxii. 10
anonymous,constitutions,1Sam,old_testament_or_other,Bible:1Sam.15,1 Sam. xv.
anonymous,constitutions,1Sam,old_testament_or_other,Bible:1Sam.2,1 Sam. ii.
anonymous,constitutions,Matt,new_testament,Bible:Matt.18.6-Matt.18.7,"Matt. xviii. 6, 7"
anonymous,constitutions,1Kgs,old_testament_or_other,Bible:1Kgs.12,1 Kings xii.
anonymous,constitutions,Num,old_testament_or_other,Bible:Num.16,Num. xvi.
anonymous,constitutions,2Sam,old_testament_or_other,Bible:2Sam.6,2 Sam. vi.
anonymous,constitutions,Josh,old_testament_or_other,Bible:Josh.7,Josh. vii.
anonymous,constitutions,2Kgs,old_testament_or_other,Bible:2Kgs.5,2 Kings v.
anonymous,constitutions,Matt,new_testament,Bible:Matt.18.18,Matt. xviii. 18
anonymous,constitutions,Ezek,old_testament_or_other,Bible:Ezek.33.11,Ezek. xxxiii. 11
anonymous,constitutions,Ps,old_testament_or_other,Bible:Ps.6.5,Ps. vi. 5
anonymous,constitutions,Prov,old_testament_or_other,Bible:Prov.24.27,Prov. xxiv. 27
anonymous,constitutions,Matt,new_testament,Bible:Matt.25,Matt. xxv.
anonymous,constitutions,Luke,new_testament,Bible:Luke.15.7,Luke xv. 7
anonymous,constitutions,Ps,old_testament_or_other,Bible:Ps.74.19,Ps. lxxiv. 19
anonymous,constitutions,Jer,old_testament_or_other,Bible:Jer.8.4-Jer.8.5,"Jer. viii. 4, 5"
anonymous,constitutions,Jer,old_testament_or_other,Bible:Jer.3.22,Jer. iii. 22
anonymous,constitutions,Ezek,old_testament_or_other,Bible:Ezek.18.20,Ezek. xviii. 20
anonymous,constitutions,Ezek,old_testament_or_other,Bible:Ezek.14.13-Ezek.14.14,"Ezek. xiv. 13, 14"
anonymous,constitutions,Matt,new_testament,Bible:Matt.5.45,Matt. v. 45
anonymous,constitutions,2Tim,new_testament,Bible:2Tim.2.5,2 Tim. ii. 5
anonymous,constitutions,Prov,old_testament_or_other,Bible:Prov.5.22,Prov. v. 22
anonymous,constitutions,Isa,old_testament_or_other,Bible:Isa.62.11,Isa. lxii. 11
anonymous,constitutions,Matt,new_testament,Bible:Matt.9.12,Matt. ix. 12
anonymous,constitutions,Matt,new_testament,Bible:Matt.18.14,Matt. xviii. 14
anonymous,constitutions,Ezek,old_testament_or_other,Bible:Ezek.18.2,Ezek. xviii. 2
anonymous,constitutions,Nah,old_testament_or_other,Bible:Nah.1.3,Nah. i. 3
anonymous,constitutions,Jer,old_testament_or_other,Bible:Jer.12.10,Jer. xii. 10
anonymous,constitutions,Zech,old_testament_or_other,Bible:Zech.10.3,Zech. x. 3
anonymous,constitutions,Mal,old_testament_or_other,Bible:Mal.1.6,Mal. i. 6
anonymous,constitutions,Luke,new_testament,Bible:Luke.23.34,Luke xxiii. 34
anonymous,constitutions,Ps,old_testament_or_other,Bible:Ps.30.3,Ps. cxxx. 3
anonymous,constitutions,Num,old_testament_or_other,Bible:Num.12.14,Num. xii. 14
anonymous,constitutions,Isa,old_testament_or_other,Bible:Isa.1.23,Isa. i. 23
anonymous,constitutions,Luke,new_testament,Bible:Luke.6.41,Luke vi. 41
anonymous,constitutions,Gal,new_testament,Bible:Gal.5.9,Gal. v. 9
anonymous,constitutions,Eccl,old_testament_or_other,Bible:Eccl.10.1,Eccles. x. 1
anonymous,constitutions,Prov,old_testament_or_other,Bible:Prov.29.12,Prov. xxix. 12
anonymous,constitutions,Matt,new_testament,Bible:Matt.21.13,Matt. xxi. 13
anonymous,constitutions,Matt,new_testament,Bible:Matt.18.10,Matt. xviii. 10
anonymous,constitutions,2Sam,old_testament_or_other,Bible:2Sam.12.13,2 Sam. xii. 13
anonymous,constitutions,Luke,new_testament,Bible:Luke.12.48,Luke xii. 48
anonymous,constitutions,Prov,old_testament_or_other,Bible:Prov.20.9,Prov. xx. 9
anonymous,constitutions,Num,old_testament_or_other,Bible:Num.18.1,Num. xviii. 1
anonymous,constitutions,Ezek,old_testament_or_other,Bible:Ezek.34.2,Ezek. xxxiv. 2
anonymous,constitutions,Luke,new_testament,Bible:Luke.10.16,Luke x. 16
anonymous,constitutions,John,new_testament,Bible:John.10.11-John.10.12,"John x. 11, 12"
anonymous,constitutions,Matt,new_testament,Bible:Matt.18.12,Matt. xviii. 12
anonymous,constitutions,Luke,new_testament,Bible:Luke.15.4,Luke xv. 4
anonymous,constitutions,Luke,new_testament,Bible:Luke.5.20,Luke v. 20
anonymous,constitutions,Matt,new_testament,Bible:Matt.9.2,Matt. ix. 2
anonymous,constitutions,Mark,new_testament,Bible:Mark.5.34,Mark v. 34
anonymous,constitutions,Luke,new_testament,Bible:Luke.19.10,Luke xix. 10
anonymous,constitutions,Ezek,old_testament_or_other,Bible:Ezek.34.4,Ezek. xxxiv. 4
anonymous,constitutions,Matt,new_testament,Bible:Matt.20.25,Matt. xx. 25
anonymous,constitutions,Isa,old_testament_or_other,Bible:Isa.40.11,Isa. xl. 11
anonymous,constitutions,John,new_testament,Bible:John.8.44,John viii. 44
anonymous,constitutions,Prov,old_testament_or_other,Bible:Prov.1.16,Prov. i. 16
anonymous,constitutions,Isa,old_testament_or_other,Bible:Isa.59.7-Isa.59.8,"Isa. lix. 7, 8"
anonymous,constitutions,Ps,old_testament_or_other,Bible:Ps.36.1,Ps. xxxvi. 1
anonymous,constitutions,Rom,new_testament,Bible:Rom.3.15,Rom. iii. 15
anonymous,constitutions,Luke,new_testament,Bible:Luke.6.37-Luke.6.38,"Luke vi. 37, 38"
anonymous,constitutions,Matt,new_testament,Bible:Matt.6.12,Matt. vi. 12
anonymous,constitutions,Gen,old_testament_or_other,Bible:Gen.4.10,Gen. iv. 10
anonymous,constitutions,Jonah,old_testament_or_other,Bible:Jonah.1.17,Jonah i. 17
anonymous,constitutions,Luke,new_testament,Bible:Luke.7.47,Luke vii. 47
anonymous,constitutions,John,new_testament,Bible:John.8.11,John viii. 11
anonymous,constitutions,Luke,new_testament,Bible:Luke.10.7,Luke x. 7
anonymous,constitutions,Ezek,old_testament_or_other,Bible:Ezek.34.3,Ezek. xxxiv. 3
anonymous,constitutions,Lev,old_testament_or_other,Bible:Lev.19.18,Lev. xix. 18
anonymous,constitutions,Deut,old_testament_or_other,Bible:Deut.25.4,Deut. xxv. 4
anonymous,constitutions,1Cor,new_testament,Bible:1Cor.9.9,1 Cor. ix. 9
anonymous,constitutions,Isa,old_testament_or_other,Bible:Isa.53.4,Isa. liii. 4
anonymous,constitutions,Isa,old_testament_or_other,Bible:Isa.53.12,Isa. liii. 12
anonymous,constitutions,Num,old_testament_or_other,Bible:Num.18.8,Num. xviii. 8
anonymous,constitutions,Num,old_testament_or_other,Bible:Num.18.12,Num. xviii. 12
anonymous,constitutions,Exod,old_testament_or_other,Bible:Exod.19.5-Exod.19.6,"Ex. xix. 5, 6"
anonymous,constitutions,Heb,new_testament,Bible:Heb.12.23,Heb. xii. 23
anonymous,constitutions,1Pet,new_testament,Bible:1Pet.2.9,1 Pet. ii. 9
anonymous,constitutions,Ps,old_testament_or_other,Bible:Ps.82.6,Ps. lxxxii. 6
anonymous,constitutions,Exod,old_testament_or_other,Bible:Exod.22.28,Ex. xxii. 28
anonymous,constitutions,Matt,new_testament,Bible:Matt.28.19,Matt. xxviii. 19
anonymous,constitutions,1Sam,old_testament_or_other,Bible:1Sam.13.13,1 Sam. xiii. 13
anonymous,constitutions,2Chr,old_testament_or_other,Bible:2Chr.26,2 Chron. xxvi.
anonymous,constitutions,Heb,new_testament,Bible:Heb.5.5,Heb. v. 5
anonymous,constitutions,Ps,old_testament_or_other,Bible:Ps.10.4,Ps. cx. 4
anonymous,constitutions,Luke,new_testament,Bible:Luke.14.13,Luke xiv. 13
anonymous,constitutions,Mal,old_testament_or_other,Bible:Mal.2.7,Mal. ii. 7
anonymous,constitutions,Exod,old_testament_or_other,Bible:Exod.7.1,Ex. vii. 1
anonymous,constitutions,Num,old_testament_or_other,Bible:Num.12.8,Num. xii. 8
anonymous,constitutions,Exod,old_testament_or_other,Bible:Exod.16.8,Ex. xvi. 8
anonymous,constitutions,Matt,new_testament,Bible:Matt.5.22,Matt. v. 22
anonymous,constitutions,Ps,old_testament_or_other,Bible:Ps.2.7,Ps. ii. 7
anonymous,constitutions,Exod,old_testament_or_other,Bible:Exod.20.12,Ex. xx. 12
anonymous,constitutions,Exod,old_testament_or_other,Bible:Exod.21.17,Ex. xxi. 17
anonymous,constitutions,1Sam,old_testament_or_other,Bible:1Sam.8,1 Sam. viii.
anonymous,constitutions,Prov,old_testament_or_other,Bible:Prov.11.26,Prov. xi. 26
anonymous,constitutions,Matt,new_testament,Bible:Matt.5.20,Matt. v. 20
anonymous,constitutions,Ps,old_testament_or_other,Bible:Ps.12.9,Ps. cxii. 9
anonymous,constitutions,Prov,old_testament_or_other,Bible:Prov.16.6,Prov. xvi. 6
anonymous,constitutions,Prov,old_testament_or_other,Bible:Prov.11.25,Prov. xi. 25
anonymous,constitutions,Prov,old_testament_or_other,Bible:Prov.3.9,Prov. iii. 9
anonymous,constitutions,Matt,new_testament,Bible:Matt.6.20,Matt. vi. 20
anonymous,constitutions,Deut,old_testament_or_other,Bible:Deut.1.16,Deut. i. 16
anonymous,constitutions,Zech,old_testament_or_other,Bible:Zech.7.9,Zech. vii. 9
anonymous,constitutions,Luke,new_testament,Bible:Luke.6.37,Luke vi. 37
anonymous,constitutions,John,new_testament,Bible:John.7.24,John vii. 24
anonymous,constitutions,Luke,new_testament,Bible:Luke.12.57,Luke xii. 57
anonymous,constitutions,Gen,old_testament_or_other,Bible:Gen.39,Gen. xxxix.
anonymous,constitutions,Matt,new_testament,Bible:Matt.18.15,Matt. xviii. 15
anonymous,constitutions,Prov,old_testament_or_other,Bible:Prov.14.32,Prov. xiv. 32
anonymous,constitutions,Matt,new_testament,Bible:Matt.18.17,Matt. xviii. 17
anonymous,constitutions,Luke,new_testament,Bible:Luke.3.13,Luke iii. 13
anonymous,constitutions,Isa,old_testament_or_other,Bible:Isa.35.3,Isa. xxxv. 3
anonymous,constitutions,Luke,new_testament,Bible:Luke.15.21,Luke xv. 21
anonymous,constitutions,Ps,old_testament_or_other,Bible:Ps.51,Ps. li.
anonymous,constitutions,Deut,old_testament_or_other,Bible:Deut.17.7,Deut. xvii. 7
anonymous,constitutions,Exod,old_testament_or_other,Bible:Exod.23.7-Exod.23.8,"Ex. xxiii. 7, 8"
anonymous,constitutions,Isa,old_testament_or_other,Bible:Isa.5.23,Isa. v. 23
anonymous,constitutions,Isa,old_testament_or_other,Bible:Isa.5.20,Isa. v. 20
anonymous,constitutions,Matt,new_testament,Bible:Matt.7.2,Matt. vii. 2
anonymous,constitutions,Deut,old_testament_or_other,Bible:Deut.19.19,Deut. xix. 19
anonymous,constitutions,Gen,old_testament_or_other,Bible:Gen.9.6,Gen. ix. 6
anonymous,constitutions,Deut,old_testament_or_other,Bible:Deut.19.13,Deut. xix. 13
anonymous,constitutions,2Tim,new_testament,Bible:2Tim.3.3-2Tim.3.4,"2 Tim. iii. 3, 4"
anonymous,constitutions,Lev,old_testament_or_other,Bible:Lev.26.27-Lev.26.28,"Lev. xxvi. 27, 28"
anonymous,constitutions,Ps,old_testament_or_other,Bible:Ps.18.26,Ps. xviii. 26
anonymous,constitutions,1Cor,new_testament,Bible:1Cor.1.10,1 Cor. i. 10
anonymous,constitutions,Eph,new_testament,Bible:Eph.4.4,Eph. iv. 4
anonymous,constitutions,Exod,old_testament_or_other,Bible:Exod.18,Ex. xviii.
anonymous,constitutions,1Cor,new_testament,Bible:1Cor.6.1,1 Cor. vi. 1
anonymous,constitutions,Matt,new_testament,Bible:Matt.22.21,Matt. xxii. 21
anonymous,constitutions,Matt,new_testament,Bible:Matt.17.24,Matt. xvii. 24
anonymous,constitutions,Matt,new_testament,Bible:Matt.18.21-Matt.18.22,"Matt. xviii. 21, 22"
anonymous,constitutions,Deut,old_testament_or_other,Bible:Deut.19.17,Deut. xix. 17
anonymous,constitutions,Deut,old_testament_or_other,Bible:Deut.19.15,Deut. xix. 15
anonymous,constitutions,Sus,deuterocanonical,Bible:Sus.1.28,Susanna 28
anonymous,constitutions,1Kgs,old_testament_or_other,Bible:1Kgs.21,1 Kings xxi.
anonymous,constitutions,Matt,new_testament,Bible:Matt.26,Matt. xxvi.
anonymous,constitutions,Acts,new_testament,Bible:Acts.6,Acts vi.
anonymous,constitutions,Exod,old_testament_or_other,Bible:Exod.23.2,Ex. xxiii. 2
anonymous,constitutions,Prov,old_testament_or_other,Bible:Prov.26.17,Prov. xxvi. 17
anonymous,constitutions,Sus,deuterocanonical,Bible:Sus.1.48,Susanna 48
anonymous,constitutions,Eph,new_testament,Bible:Eph.4.26,Eph. iv. 26
anonymous,constitutions,Ps,old_testament_or_other,Bible:Ps.4.4,Ps. iv. 4
anonymous,constitutions,Matt,new_testament,Bible:Matt.5.23-Matt.5.24,"Matt. v. 23, 24"
anonymous,constitutions,Lev,old_testament_or_other,Bible:Lev.19.17,Lev. xix. 17
anonymous,constitutions,Deut,old_testament_or_other,Bible:Deut.23.7,Deut. xxiii. 7
anonymous,constitutions,Ps,old_testament_or_other,Bible:Ps.7.4,Ps. vii. 4
anonymous,constitutions,Isa,old_testament_or_other,Bible:Isa.58.6,Isa. lviii. 6
anonymous,constitutions,Matt,new_testament,Bible:Matt.18.22,Matt. xviii. 22
anonymous,constitutions,Zech,old_testament_or_other,Bible:Zech.8.17,Zech. viii. 17
anonymous,constitutions,Matt,new_testament,Bible:Matt.10.12,Matt. x. 12
anonymous,constitutions,Isa,old_testament_or_other,Bible:Isa.57.19,Isa. lvii. 19
anonymous,constitutions,Eph,new_testament,Bible:Eph.2.17,Eph. ii. 17
anonymous,constitutions,2Tim,new_testament,Bible:2Tim.2.19,2 Tim. ii. 19
anonymous,constitutions,Matt,new_testament,Bible:Matt.3.2,Matt. iii. 2
anonymous,constitutions,Rom,new_testament,Bible:Rom.12.2,Rom. xii. 2
anonymous,constitutions,Matt,new_testament,Bible:Matt.6.10,Matt. vi. 10
anonymous,constitutions,Matt,new_testament,Bible:Matt.12.30,Matt. xii. 30
anonymous,constitutions,Jer,old_testament_or_other,Bible:Jer.15.19,Jer. xv. 19
anonymous,constitutions,Deut,old_testament_or_other,Bible:Deut.27.9,Deut. xxvii. 9
anonymous,constitutions,Deut,old_testament_or_other,Bible:Deut.5.31,Deut. v. 31
anonymous,constitutions,Deut,old_testament_or_other,Bible:Deut.23.1,Deut. xxiii. 1
anonymous,constitutions,Num,old_testament_or_other,Bible:Num.6.24,Num. vi. 24
anonymous,constitutions,Ps,old_testament_or_other,Bible:Ps.28.9,Ps. xxviii. 9
anonymous,constitutions,Acts,new_testament,Bible:Acts.20.28,Acts xx. 28
anonymous,constitutions,1Pet,new_testament,Bible:1Pet.1.19,1 Pet. i. 19
anonymous,constitutions,Luke,new_testament,Bible:Luke.4.24,Luke iv. 24
anonymous,constitutions,John,new_testament,Bible:John.4.44,John iv. 44
anonymous,constitutions,Matt,new_testament,Bible:Matt.28.20,Matt. xxviii. 20
anonymous,constitutions,Ezek,old_testament_or_other,Bible:Ezek.16.52,Ezek. xvi. 52
anonymous,constitutions,Ezek,old_testament_or_other,Bible:Ezek.5.7,Ezek. v. 7
anonymous,constitutions,Jer,old_testament_or_other,Bible:Jer.3.11,Jer. iii. 11
anonymous,constitutions,Jer,old_testament_or_other,Bible:Jer.2.11 Bible:Jer.2.10,"Jer. ii. 11, 10"
anonymous,constitutions,John,new_testament,Bible:John.6.27,John vi. 27
anonymous,constitutions,John,new_testament,Bible:John.6.29,John vi. 29
anonymous,constitutions,Ps,old_testament_or_other,Bible:Ps.26.5 Bible:Ps.26.4,"Ps. xxvi. 5, 4"
anonymous,constitutions,Ps,old_testament_or_other,Bible:Ps.1.1-Ps.1.2,"Ps. i. 1, 2"
anonymous,constitutions,Jer,old_testament_or_other,Bible:Jer.15.17,Jer. xv. 17
anonymous,constitutions,Job,old_testament_or_other,Bible:Job.31.5-Job.31.6,"Job xxxi. 5, 6"
anonymous,constitutions,Col,new_testament,Bible:Col.1.15,Col. i. 15
anonymous,constitutions,Eph,new_testament,Bible:Eph.5.27,Eph. v. 27
anonymous,constitutions,Num,old_testament_or_other,Bible:Num.23.23,Num. xxiii. 23
anonymous,constitutions,Lev,old_testament_or_other,Bible:Lev.19.26,Lev. xix. 26
anonymous,constitutions,Deut,old_testament_or_other,Bible:Deut.18.10,Deut. xviii. 10
anonymous,constitutions,Jer,old_testament_or_other,Bible:Jer.10.2,Jer. x. 2
anonymous,constitutions,Prov,old_testament_or_other,Bible:Prov.12.11,Prov. xii. 11
anonymous,constitutions,Eccl,old_testament_or_other,Bible:Eccl.10.18,Eccles. x. 18
anonymous,constitutions,2Thess,new_testament,Bible:2Thess.3.10,2 Thess. iii. 10
anonymous,constitutions,1Tim,new_testament,Bible:1Tim.5.9,1 Tim. v. 9
anonymous,constitutions,1Tim,new_testament,Bible:1Tim.5.11,1 Tim. v. 11
anonymous,constitutions,Eccl,old_testament_or_other,Bible:Eccl.5.5,Eccles. v. 5
anonymous,constitutions,1Kgs,old_testament_or_other,Bible:1Kgs.17.9,1 Kings xvii. 9
anonymous,constitutions,Luke,new_testament,Bible:Luke.2.36,"Luke ii. 36,"
anonymous,constitutions,Gen,old_testament_or_other,Bible:Gen.2.24,Gen. ii. 24
anonymous,constitutions,Luke,new_testament,Bible:Luke.6.30,Luke vi. 30
anonymous,constitutions,Isa,old_testament_or_other,Bible:Isa.58.7,Isa. lviii. 7
anonymous,constitutions,Dan,old_testament_or_other,Bible:Dan.4.27,Dan. iv. 27
anonymous,constitutions,Ps,old_testament_or_other,Bible:Ps.41.1,Ps. xli. 1
anonymous,constitutions,Ps,old_testament_or_other,Bible:Ps.12,Ps. cxii.
anonymous,constitutions,Prov,old_testament_or_other,Bible:Prov.19.17,Prov. xix. 17
anonymous,constitutions,Prov,old_testament_or_other,Bible:Prov.21.13,Prov. xxi. 13
anonymous,constitutions,Matt,new_testament,Bible:Matt.13.31,Matt. xiii. 31
anonymous,constitutions,Matt,new_testament,Bible:Matt.7.6,Matt. vii. 6
anonymous,constitutions,1Cor,new_testament,Bible:1Cor.14.34,1 Cor. xiv. 34
anonymous,constitutions,Isa,old_testament_or_other,Bible:Isa.6.9-Isa.6.10,"Isa. vi. 9, 10"
anonymous,constitutions,Isa,old_testament_or_other,Bible:Isa.22.13,Isa. xxii. 13
anonymous,constitutions,1Cor,new_testament,Bible:1Cor.15.32,1 Cor. xv. 32
anonymous,constitutions,Matt,new_testament,Bible:Matt.6.21,Matt. vi. 21
anonymous,constitutions,Jdt,deuterocanonical,Bible:Jdt.9.1,"Judith ix. 1,"
anonymous,constitutions,Isa,old_testament_or_other,Bible:Isa.58.9,Isa. lviii. 9
anonymous,constitutions,Mark,new_testament,Bible:Mark.12.42,Mark xii. 42
anonymous,constitutions,Luke,new_testament,Bible:Luke.21.3-Luke.21.4,"Luke xxi. 3, 4"
anonymous,constitutions,Deut,old_testament_or_other,Bible:Deut.23.18,Deut. xxiii. 18
anonymous,constitutions,Gen,old_testament_or_other,Bible:Gen.3.16,Gen. iii. 16
anonymous,constitutions,Heb,new_testament,Bible:Heb.5.4,Heb. v. 4
anonymous,constitutions,Num,old_testament_or_other,Bible:Num.16,Num. xvi
anonymous,constitutions,Matt,new_testament,Bible:Matt.6.3-Matt.6.4,"Matt. vi. 3, 4"
anonymous,constitutions,Gen,old_testament_or_other,Bible:Gen.27.29,Gen. xxvii. 29
anonymous,constitutions,Luke,new_testament,Bible:Luke.10.5-Luke.10.6,"Luke x. 5, 6"
anonymous,constitutions,Matt,new_testament,Bible:Matt.10.12-Matt.10.13,"Matt. x. 12, 13"
anonymous,constitutions,Prov,old_testament_or_other,Bible:Prov.26.2,Prov. xxvi. 2
anonymous,constitutions,Prov,old_testament_or_other,Bible:Prov.10.18,Prov. x. 18
anonymous,constitutions,Ps,old_testament_or_other,Bible:Ps.7.15,Ps. vii. 15
anonymous,constitutions,Prov,old_testament_or_other,Bible:Prov.26.27,Prov. xxvi. 27
anonymous,constitutions,Jas,new_testament,Bible:Jas.5.14,Jas. v. 14
anonymous,constitutions,1Tim,new_testament,Bible:1Tim.3.15,1 Tim. iii. 15
anonymous,constitutions,Isa,old_testament_or_other,Bible:Isa.62.2,Isa. lxii. 2
anonymous,constitutions,Rom,new_testament,Bible:Rom.6.3,Rom. vi. 3
anonymous,constitutions,Matt,new_testament,Bible:Matt.6.9,Matt. vi. 9
anonymous,constitutions,Matt,new_testament,Bible:Matt.20.28,Matt. xx. 28
anonymous,constitutions,John,new_testament,Bible:John.15.13,John xv. 13
anonymous,constitutions,Matt,new_testament,Bible:Matt.20.26-Matt.20.27,"Matt. xx. 26, 27"
anonymous,constitutions,Isa,old_testament_or_other,Bible:Isa.53.11,Isa. liii. 11
anonymous,constitutions,John,new_testament,Bible:John.13.4-John.13.5,"John xiii. 4, 5"
anonymous,constitutions,Isa,old_testament_or_other,Bible:Isa.1.7,Isa. i. 7
anonymous,constitutions,Acts,new_testament,Bible:Acts.20.35,Acts xx. 35
anonymous,constitutions,Prov,old_testament_or_other,Bible:Prov.11.4,Prov. xi. 4
anonymous,constitutions,Ps,old_testament_or_other,Bible:Ps.45.16,Ps. cxlv. 16
anonymous,constitutions,Ps,old_testament_or_other,Bible:Ps.4.14-Ps.4.15,"Ps. civ. 14, 15"
anonymous,constitutions,Matt,new_testament,Bible:Matt.6.26 Bible:Matt.6.31 Bible:Matt.6.32,"Matt. vi. 26, 31, 32"
anonymous,constitutions,Sir,deuterocanonical,Bible:Sir.26.29,Ecclus. xxvi. 29
anonymous,constitutions,Isa,old_testament_or_other,Bible:Isa.1.22,Isa. i. 22
anonymous,constitutions,Deut,old_testament_or_other,Bible:Deut.23,Deut. xxiii.
anonymous,constitutions,1Kgs,old_testament_or_other,Bible:1Kgs.13,1 Kings xiii
anonymous,constitutions,Ps,old_testament_or_other,Bible:Ps.37.16,Ps. xxxvii. 16
anonymous,constitutions,Jer,old_testament_or_other,Bible:Jer.15.1,Jer. xv. 1
anonymous,constitutions,Jer,old_testament_or_other,Bible:Jer.7.16,Jer. vii. 16
anonymous,constitutions,2Kgs,old_testament_or_other,Bible:2Kgs.8,2 Kings viii
anonymous,constitutions,1Kgs,old_testament_or_other,Bible:1Kgs.14,1 Kings xiv
anonymous,constitutions,Acts,new_testament,Bible:Acts.8,Acts viii
anonymous,constitutions,Isa,old_testament_or_other,Bible:Isa.54.14,Isa. liv. 14
anonymous,constitutions,Ps,old_testament_or_other,Bible:Ps.41.5,Ps. cxli. 5
anonymous,constitutions,Prov,old_testament_or_other,Bible:Prov.24.11,Prov. xxiv. 11
anonymous,constitutions,Lev,old_testament_or_other,Bible:Lev.19.6,Lev. xix. 6
anonymous,constitutions,Prov,old_testament_or_other,Bible:Prov.29.17 Bible:Prov.19.18 Bible:Prov.23.14,"Prov. xxix. 17, xix. 18, xxiii. 14"
anonymous,constitutions,Prov,old_testament_or_other,Bible:Prov.13.24,Prov. xiii. 24
anonymous,constitutions,Sir,deuterocanonical,Bible:Sir.30.12,Ecclus. xxx. 12
anonymous,constitutions,Sir,deuterocanonical,Bible:Sir.30.11,Ecclus. xxx. 11
anonymous,constitutions,Eph,new_testament,Bible:Eph.6.5,Eph. vi. 5
anonymous,constitutions,1Pet,new_testament,Bible:1Pet.2.18,1 Pet. ii. 18
anonymous,constitutions,Col,new_testament,Bible:Col.4.1,iv. 1
anonymous,constitutions,1Tim,new_testament,Bible:1Tim.6.2,1 Tim. vi. 2
anonymous,constitutions,Eph,new_testament,Bible:Eph.6.6,Eph. vi. 6
anonymous,constitutions,1Pet,new_testament,Bible:1Pet.2.13 Bible:Titus.3.1,1 Pet. ii. 13; Tit. iii. 1
anonymous,constitutions,Rom,new_testament,Bible:Rom.13.8,xiii. 8
anonymous,constitutions,1Cor,new_testament,Bible:1Cor.7.25,1 Cor. vii. 25
anonymous,constitutions,1Cor,new_testament,Bible:1Cor.7.34,1 Cor. vii. 34
anonymous,constitutions,Matt,new_testament,Bible:Matt.10.32,Matt. x. 32
anonymous,constitutions,Matt,new_testament,Bible:Matt.25.34,Matt. xxv. 34
anonymous,constitutions,Matt,new_testament,Bible:Matt.25.46,ver. 46
anonymous,constitutions,Acts,new_testament,Bible:Acts.4.6 Bible:Acts.5.40-Acts.5.41,"Acts iv. 6; v. 40, 41"
anonymous,constitutions,Luke,new_testament,Bible:Luke.6.22-Luke.6.23,"Luke vi. 22, 23"
anonymous,constitutions,Matt,new_testament,Bible:Matt.10.23,Matt. x. 23
anonymous,constitutions,John,new_testament,Bible:John.15.20,John xv. 20
anonymous,constitutions,Matt,new_testament,Bible:Matt.10.23 Bible:Matt.10.17,"Matt. x. 23, 17"
anonymous,constitutions,John,new_testament,Bible:John.16.33,John xvi. 33
anonymous,constitutions,Matt,new_testament,Bible:Matt.10.22,Matt. x. 22
anonymous,constitutions,Matt,new_testament,Bible:Matt.10.33,Matt. x. 33
anonymous,constitutions,Luke,new_testament,Bible:Luke.9.26,Luke ix. 26
anonymous,constitutions,Matt,new_testament,Bible:Matt.10.37,Matt. x. 37
anonymous,constitutions,Matt,new_testament,Bible:Matt.16.26,xvi. 26
anonymous,constitutions,Matt,new_testament,Bible:Matt.10.28,Matt. x. 28
anonymous,constitutions,Job,old_testament_or_other,Bible:Job.35.7-Job.35.8,"Job xxxv. 7, 8"
anonymous,constitutions,John,new_testament,Bible:John.12.43,John xii. 43
anonymous,constitutions,Matt,new_testament,Bible:Matt.26.41,Matt. xxvi. 41
anonymous,constitutions,Matt,new_testament,Bible:Matt.8.12,Matt. viii. 12
anonymous,constitutions,Luke,new_testament,Bible:Luke.6.40,Luke vi. 40
anonymous,constitutions,Luke,new_testament,Bible:Luke.23.46,Luke xxiii. 46
anonymous,constitutions,Dan,old_testament_or_other,Bible:Dan.3,Dan. iii
anonymous,constitutions,Luke,new_testament,Bible:Luke.21.18,Luke xxi. 18
anonymous,constitutions,Luke,new_testament,Bible:Luke.21.19,Luke xxi. 19
anonymous,constitutions,Dan,old_testament_or_other,Bible:Dan.12.2-Dan.12.3,"Dan. xii. 2, 3"
anonymous,constitutions,Eccl,old_testament_or_other,Bible:Eccl.12.14,Eccles. xii. 14
anonymous,constitutions,Ezek,old_testament_or_other,Bible:Ezek.37.11,"Ezek. xxxvii. 11,"
anonymous,constitutions,Isa,old_testament_or_other,Bible:Isa.26,Isa. xxvi.
anonymous,constitutions,Isa,old_testament_or_other,Bible:Isa.66.24,Isa. lxvi. 24
anonymous,constitutions,1Kgs,old_testament_or_other,Bible:1Kgs.17,1 Kings xvii
anonymous,constitutions,2Kgs,old_testament_or_other,Bible:2Kgs.4,2 Kings iv
anonymous,constitutions,Gen,old_testament_or_other,Bible:Gen.2.7,Gen. ii. 7
anonymous,constitutions,Gen,old_testament_or_other,Bible:Gen.3.19,Gen. iii. 19
anonymous,constitutions,John,new_testament,Bible:John.5.25,John v. 25
anonymous,constitutions,John,new_testament,Bible:John.11,John xi
anonymous,constitutions,Mark,new_testament,Bible:Mark.5,Mark v
anonymous,constitutions,Luke,new_testament,Bible:Luke.7,Luke vii
anonymous,constitutions,John,new_testament,Bible:John.11.25,John xi. 25
anonymous,constitutions,Jonah,old_testament_or_other,Bible:Jonah.2,Jonah ii
anonymous,constitutions,Gen,old_testament_or_other,Bible:Gen.1.1,Gen. i. 1
anonymous,constitutions,Jer,old_testament_or_other,Bible:Jer.1.5,Jer. i. 5
anonymous,constitutions,Zech,old_testament_or_other,Bible:Zech.12.1,Zech. xii. 1
anonymous,constitutions,Gen,old_testament_or_other,Bible:Gen.1.26-Gen.1.27,"Gen. i. 26, 27"
anonymous,constitutions,Job,old_testament_or_other,Bible:Job.10.10,Job x. 10
anonymous,constitutions,Luke,new_testament,Bible:Luke.18.27,Luke xviii. 27
anonymous,constitutions,Ps,old_testament_or_other,Bible:Ps.19.73,Ps. cxix. 73
anonymous,constitutions,Ps,old_testament_or_other,Bible:Ps.3.14,Ps. ciii. 14
anonymous,constitutions,Ps,old_testament_or_other,Bible:Ps.39.5-Ps.39.6,"Ps. cxxxix. 5, 6"
anonymous,constitutions,Ps,old_testament_or_other,Bible:Ps.39.16,Ps. cxxxix. 16
anonymous,constitutions,Isa,old_testament_or_other,Bible:Isa.64.8,Isa. lxiv. 8
anonymous,constitutions,Dan,old_testament_or_other,Bible:Dan.12.3,Dan. xii. 3
anonymous,constitutions,Ps,old_testament_or_other,Bible:Ps.45.17,Ps. cxlv. 17
anonymous,constitutions,Num,old_testament_or_other,Bible:Num.17,Num. xvii.
anonymous,constitutions,Matt,new_testament,Bible:Matt.9.2,"Matt. ix. 2,"
anonymous,constitutions,Mark,new_testament,Bible:Mark.3.1,"Mark iii. 1,"
anonymous,constitutions,John,new_testament,Bible:John.9.1,"John ix. 1,"
anonymous,constitutions,Matt,new_testament,Bible:Matt.14.17,"Matt. xiv. 17,"
anonymous,constitutions,John,new_testament,Bible:John.2.3,John ii. 3
anonymous,constitutions,Acts,new_testament,Bible:Acts.1.3,Acts i. 3
anonymous,constitutions,Acts,new_testament,Bible:Acts.1.9,Acts i. 9
anonymous,constitutions,Ps,old_testament_or_other,Bible:Ps.16.15,Ps. cxvi. 15
anonymous,constitutions,Prov,old_testament_or_other,Bible:Prov.10.7,Prov. x. 7
anonymous,constitutions,Isa,old_testament_or_other,Bible:Isa.57.1,Isa. lvii. 1
anonymous,constitutions,Prov,old_testament_or_other,Bible:Prov.14.5,Prov. xiv. 5
anonymous,constitutions,Ps,old_testament_or_other,Bible:Ps.2.11,Ps. ii. 11
anonymous,constitutions,Jer,old_testament_or_other,Bible:Jer.5.7,Jer. v. 7
anonymous,constitutions,Zech,old_testament_or_other,Bible:Zech.13.2,Zech. xiii. 2
anonymous,constitutions,Deut,old_testament_or_other,Bible:Deut.32,Deut. xxxii.
anonymous,constitutions,Deut,old_testament_or_other,Bible:Deut.4.19,Deut. iv. 19
anonymous,constitutions,Rom,new_testament,Bible:Rom.1.25,Rom. i. 25
anonymous,constitutions,Exod,old_testament_or_other,Bible:Exod.32.4,Ex. xxxii. 4
anonymous,constitutions,Num,old_testament_or_other,Bible:Num.25.3,Num. xxv. 3
anonymous,constitutions,Judg,old_testament_or_other,Bible:Judg.2.13,Judg. ii. 13
anonymous,constitutions,Ezek,old_testament_or_other,Bible:Ezek.8,Ezek. viii.
anonymous,constitutions,1Kgs,old_testament_or_other,Bible:1Kgs.11.5,1 Kings xi. 5
anonymous,constitutions,1Kgs,old_testament_or_other,Bible:1Kgs.11.7,1 Kings xi. 7
anonymous,constitutions,Ezek,old_testament_or_other,Bible:Ezek.8.16,Ezek. viii. 16
anonymous,constitutions,Ezek,old_testament_or_other,Bible:Ezek.8.17-Ezek.8.18,"Ezek. viii. 17, 18"
anonymous,constitutions,Matt,new_testament,Bible:Matt.5.34 Bible:Matt.23.16,"Matt. v. 34, xxiii. 16"
anonymous,constitutions,Rom,new_testament,Bible:Rom.1.28,Rom. i. 28
anonymous,constitutions,John,new_testament,Bible:John.12.6,John xii. 6
anonymous,constitutions,Matt,new_testament,Bible:Matt.26.21-Matt.26.22,"Matt. xxvi. 21, 22"
anonymous,constitutions,John,new_testament,Bible:John.13.21,"John xiii. 21,"
anonymous,constitutions,Matt,new_testament,Bible:Matt.26.15,Matt. xxvi. 15
anonymous,constitutions,Matt,new_testament,Bible:Matt.27.9-Matt.27.10,"Matt. xxvii. 9, 10"
anonymous,constitutions,John,new_testament,Bible:John.16.32,John xvi. 32
anonymous,constitutions,Matt,new_testament,Bible:Matt.26.31,Matt. xxvi. 31
anonymous,constitutions,Luke,new_testament,Bible:Luke.22.34,Luke xxii. 34
anonymous,constitutions,John,new_testament,Bible:John.18.1,John xviii. 1
anonymous,constitutions,Matt,new_testament,Bible:Matt.26.30,Matt. xxvi. 30
anonymous,constitutions,Matt,new_testament,Bible:Matt.26.39 Bible:Matt.26.42,"Matt. xxvi. 39, 42"
anonymous,constitutions,Luke,new_testament,Bible:Luke.22.47,Luke xxii. 47
anonymous,constitutions,Matt,new_testament,Bible:Matt.26.47,Matt. xxvi. 47
anonymous,constitutions,Ps,old_testament_or_other,Bible:Ps.22.12 Bible:Ps.22.16,"Ps. xxii. 12, 16"
anonymous,constitutions,Luke,new_testament,Bible:Luke.23.14,Luke xxiii. 14
anonymous,constitutions,John,new_testament,Bible:John.18.38,John xviii. 38
anonymous,constitutions,Luke,new_testament,Bible:Luke.23.2,Luke xxiii. 2
anonymous,constitutions,Luke,new_testament,Bible:Luke.23.21,Luke xxiii. 21
anonymous,constitutions,Ps,old_testament_or_other,Bible:Ps.27.12,Ps. xxvii. 12
anonymous,constitutions,Ps,old_testament_or_other,Bible:Ps.22.16,Ps. xxii. 16
anonymous,constitutions,Jer,old_testament_or_other,Bible:Jer.12.8,Jer. xii. 8
anonymous,constitutions,Ps,old_testament_or_other,Bible:Ps.69.21,Ps. lxix. 21
anonymous,constitutions,Ps,old_testament_or_other,Bible:Ps.22.18,Ps. xxii. 18
anonymous,constitutions,Zech,old_testament_or_other,Bible:Zech.14.7,Zech. xiv. 7
anonymous,constitutions,Luke,new_testament,Bible:Luke.23.39,"Luke xxiii. 39,"
anonymous,constitutions,Matt,new_testament,Bible:Matt.27.46,Matt. xxvii. 46
anonymous,constitutions,Matt,new_testament,Bible:Matt.12.40,Matt. xii. 40
anonymous,constitutions,Mark,new_testament,Bible:Mark.16.9,Mark xvi. 9
anonymous,constitutions,John,new_testament,Bible:John.20.11,"John xx. 11,"
anonymous,constitutions,Luke,new_testament,Bible:Luke.24.18,Luke xxiv. 18
anonymous,constitutions,Mark,new_testament,Bible:Mark.16.14,Mark xvi. 14
anonymous,constitutions,Luke,new_testament,Bible:Luke.19.44,Luke xix. 44
anonymous,constitutions,Ps,old_testament_or_other,Bible:Ps.74.4,Ps. lxxiv. 4
anonymous,constitutions,Isa,old_testament_or_other,Bible:Isa.65.1,Isa. lxv. 1
anonymous,constitutions,Dan,old_testament_or_other,Bible:Dan.7.10,Dan. vii. 10
anonymous,constitutions,Ps,old_testament_or_other,Bible:Ps.91.7,Ps. xci. 7
anonymous,constitutions,Ps,old_testament_or_other,Bible:Ps.68.17,Ps. lxviii. 17
anonymous,constitutions,Isa,old_testament_or_other,Bible:Isa.65.2,Isa. lxv. 2
anonymous,constitutions,Isa,old_testament_or_other,Bible:Isa.63.10,Isa. lxiii. 10
anonymous,constitutions,Isa,old_testament_or_other,Bible:Isa.7.14,Isa. vii. 14
anonymous,constitutions,Matt,new_testament,Bible:Matt.1.23,Matt. i. 23
anonymous,constitutions,Isa,old_testament_or_other,Bible:Isa.9.6,Isa. ix. 6
anonymous,constitutions,Isa,old_testament_or_other,Bible:Isa.53.1,Isa. liii. 1
anonymous,constitutions,Gal,new_testament,Bible:Gal.4.9,Gal. iv. 9
anonymous,constitutions,John,new_testament,Bible:John.1.9,John i. 9
anonymous,constitutions,John,new_testament,Bible:John.17.3,John xvii. 3
anonymous,constitutions,1Pet,new_testament,Bible:1Pet.2.2,1 Pet. ii. 2
anonymous,constitutions,1Cor,new_testament,Bible:1Cor.6.19-1Cor.6.20,"1 Cor. vi. 19, 20"
anonymous,constitutions,Matt,new_testament,Bible:Matt.21.43,Matt. xxi. 43
anonymous,constitutions,Matt,new_testament,Bible:Matt.21.28,"Matt. xxi. 28,"
anonymous,constitutions,Matt,new_testament,Bible:Matt.21.35,Matt. xxi. 35
anonymous,constitutions,Heb,new_testament,Bible:Heb.11.37,Heb. xi. 37
anonymous,constitutions,Matt,new_testament,Bible:Matt.23.35,Matt xxiii. 35
anonymous,constitutions,Matt,new_testament,Bible:Matt.21.39,Matt. xxi. 39
anonymous,constitutions,Matt,new_testament,Bible:Matt.21.42,Matt. xxi. 42
anonymous,constitutions,Ps,old_testament_or_other,Bible:Ps.18.43-Ps.18.44,"Ps. xviii. 43, 44"
anonymous,constitutions,Matt,new_testament,Bible:Matt.9.15,Matt. ix. 15
anonymous,constitutions,Mark,new_testament,Bible:Mark.2.20,Mark ii. 20
anonymous,constitutions,Luke,new_testament,Bible:Luke.5.35,Luke v. 35
anonymous,constitutions,Matt,new_testament,Bible:Matt.27.24-Matt.27.25,"Matt. xxvii. 24, 25"
anonymous,constitutions,John,new_testament,Bible:John.19.15 Bible:John.19.6 Bible:John.19.12,"John xix. 15, 6, 12"
anonymous,constitutions,Ps,old_testament_or_other,Bible:Ps.2.1-Ps.2.2,"Ps. ii. 1, 2"
anonymous,constitutions,Isa,old_testament_or_other,Bible:Isa.14.19,Isa. xiv. 19
anonymous,constitutions,Ps,old_testament_or_other,Bible:Ps.82.8,Ps. lxxxii. 8
anonymous,constitutions,Ps,old_testament_or_other,Bible:Ps.12.5,Ps. xii. 5
anonymous,constitutions,Ps,old_testament_or_other,Bible:Ps.41.10,Ps. xli. 10
anonymous,constitutions,Luke,new_testament,Bible:Luke.22.19,Luke xxii. 19
anonymous,constitutions,John,new_testament,Bible:John.20.25,John xx. 25
anonymous,constitutions,Zech,old_testament_or_other,Bible:Zech.12.10,Zech. xii. 10
anonymous,constitutions,John,new_testament,Bible:John.19.37,John xix. 37
anonymous,constitutions,Lam,old_testament_or_other,Bible:Lam.4.20,Lam. iv. 20
anonymous,constitutions,Bar,deuterocanonical,Bible:Bar.3.35-Bar.3.37,Bar. iii. 35–37
anonymous,constitutions,Acts,new_testament,Bible:Acts.2.4,Acts ii. 4
anonymous,constitutions,Acts,new_testament,Bible:Acts.10.42,Acts x. 42
anonymous,constitutions,Gen,old_testament_or_other,Bible:Gen.19.24,Gen. xix. 24
anonymous,constitutions,Gen,old_testament_or_other,Bible:Gen.32,Gen. xxxii.
anonymous,constitutions,Gen,old_testament_or_other,Bible:Gen.18.25 Bible:Gen.18.27,"Gen. xviii. 25, 27"
anonymous,constitutions,Exod,old_testament_or_other,Bible:Exod.3.2,Ex. iii. 2
anonymous,constitutions,Deut,old_testament_or_other,Bible:Deut.18,Deut. xviii.
anonymous,constitutions,Josh,old_testament_or_other,Bible:Josh.5.14,Josh. v. 14
anonymous,constitutions,1Sam,old_testament_or_other,Bible:1Sam.12.3,1 Sam. xii. 3
anonymous,constitutions,Ps,old_testament_or_other,Bible:Ps.45,Ps. xlv
anonymous,constitutions,Prov,old_testament_or_other,Bible:Prov.8.22-Prov.8.25,Prov. viii. 22–25
anonymous,constitutions,Prov,old_testament_or_other,Bible:Prov.9.1,Prov. ix. 1
anonymous,constitutions,Isa,old_testament_or_other,Bible:Isa.11.1 Bible:Isa.11.10,"Isa. xi. 1, 10"
anonymous,constitutions,Zech,old_testament_or_other,Bible:Zech.9.9,Zech ix. 9
anonymous,constitutions,Dan,old_testament_or_other,Bible:Dan.7.13,Dan. vii. 13
anonymous,constitutions,Dan,old_testament_or_other,Bible:Dan.2.34,Dan. ii. 34
anonymous,constitutions,John,new_testament,Bible:John.3.36,John iii. 36
anonymous,constitutions,Exod,old_testament_or_other,Bible:Exod.34.28,Ex. xxxiv. 28
anonymous,constitutions,1Kgs,old_testament_or_other,Bible:1Kgs.19.8,1 Kings xix. 8
anonymous,constitutions,Dan,old_testament_or_other,Bible:Dan.10.2-Dan.10.3,"Dan. x. 2, 3"
anonymous,constitutions,1Sam,old_testament_or_other,Bible:1Sam.1.15,1 Sam. i. 15
anonymous,constitutions,Jonah,old_testament_or_other,Bible:Jonah.3.5,Jonah iii. 5
anonymous,constitutions,Esth,old_testament_or_other,Bible:Esth.4.16,Esth. iv. 16
anonymous,constitutions,Jdt,deuterocanonical,Bible:Jdt.8,Judith viii.
anonymous,constitutions,Ps,old_testament_or_other,Bible:Ps.9.24,Ps. cix. 24
anonymous,constitutions,Num,old_testament_or_other,Bible:Num.12.1,Num. xii. 1
anonymous,constitutions,2Chr,old_testament_or_other,Bible:2Chr.26,2 Chron. xxvi
anonymous,constitutions,2Sam,old_testament_or_other,Bible:2Sam.18,2 Sam. xviii.-xx
anonymous,constitutions,2Sam,old_testament_or_other,Bible:2Sam.15.3,2 Sam. xv. 3
anonymous,constitutions,2Sam,old_testament_or_other,Bible:2Sam.20.1,2 Sam. xx. 1
anonymous,constitutions,Acts,new_testament,Bible:Acts.13.22,Acts xiii. 22
anonymous,constitutions,Num,old_testament_or_other,Bible:Num.16.13 Bible:Num.12.2 Bible:Num.16.3,"Num. xvi. 13, xii. 2, xvi. 3"
anonymous,constitutions,Exod,old_testament_or_other,Bible:Exod.2.14,Ex. ii. 14
anonymous,constitutions,Num,old_testament_or_other,Bible:Num.12.3,Num. xii. 3
anonymous,constitutions,Exod,old_testament_or_other,Bible:Exod.7,Ex. vii
anonymous,constitutions,Exod,old_testament_or_other,Bible:Exod.14.28,Ex. xiv. 28
anonymous,constitutions,Exod,old_testament_or_other,Bible:Exod.17.6,Ex. xvii. 6
anonymous,constitutions,Exod,old_testament_or_other,Bible:Exod.16,Ex. xvi
anonymous,constitutions,Exod,old_testament_or_other,Bible:Exod.13.21,Ex. xiii. 21
anonymous,constitutions,Exod,old_testament_or_other,Bible:Exod.31,Ex. xxxi
anonymous,constitutions,Exod,old_testament_or_other,Bible:Exod.33.11,Ex. xxxiii. 11
anonymous,constitutions,Deut,old_testament_or_other,Bible:Deut.34.10,Deut. xxxiv. 10
anonymous,constitutions,Num,old_testament_or_other,Bible:Num.14.10,Num. xiv. 10
anonymous,constitutions,Num,old_testament_or_other,Bible:Num.16.15,Num. xvi. 15
anonymous,constitutions,Num,old_testament_or_other,Bible:Num.14.5,Num. xiv. 5
anonymous,constitutions,Num,old_testament_or_other,Bible:Num.16.21,Num. xvi. 21
anonymous,constitutions,2Cor,new_testament,Bible:2Cor.6.17,2 Cor. vi. 17
anonymous,constitutions,Jer,old_testament_or_other,Bible:Jer.23.15,Jer. xxiii. 15
anonymous,constitutions,Jer,old_testament_or_other,Bible:Jer.12.7,Jer. xii. 7
anonymous,constitutions,Isa,old_testament_or_other,Bible:Isa.5.6,Isa. v. 6
anonymous,constitutions,Isa,old_testament_or_other,Bible:Isa.1.8,Isa. i. 8
anonymous,constitutions,Sir,deuterocanonical,Bible:Sir.24.25,Ecclus. xxiv. 25
anonymous,constitutions,Ps,old_testament_or_other,Bible:Ps.68.16,Ps. lxviii. 16
anonymous,constitutions,Jer,old_testament_or_other,Bible:Jer.17.12,Jer. xvii. 12
anonymous,constitutions,Isa,old_testament_or_other,Bible:Isa.2.2,Isa. ii. 2
anonymous,constitutions,Matt,new_testament,Bible:Matt.23.38,Matt. xxiii. 38
anonymous,constitutions,Joel,old_testament_or_other,Bible:Joel.2.28,Joel ii. 28
anonymous,constitutions,Job,old_testament_or_other,Bible:Job.1,Job i.
anonymous,constitutions,Zech,old_testament_or_other,Bible:Zech.3.1,Zech. iii. 1
anonymous,constitutions,Luke,new_testament,Bible:Luke.22.31,Luke xxii. 31
anonymous,constitutions,Zech,old_testament_or_other,Bible:Zech.3.2,Zech. iii. 2
anonymous,constitutions,Luke,new_testament,Bible:Luke.22.32,Luke xxii. 32
anonymous,constitutions,Acts,new_testament,Bible:Acts.8.14,Acts viii. 14
anonymous,constitutions,Acts,new_testament,Bible:Acts.8.19,Acts viii. 19
anonymous,constitutions,Acts,new_testament,Bible:Acts.8.20,Acts viii. 20
anonymous,constitutions,Acts,new_testament,Bible:Acts.8,Acts viii.
anonymous,constitutions,2Cor,new_testament,Bible:2Cor.11.13,2 Cor. xi. 13
anonymous,constitutions,Gen,old_testament_or_other,Bible:Gen.1.31,Gen. i. 31
anonymous,constitutions,Gen,old_testament_or_other,Bible:Gen.49.10,Gen xlix. 10
anonymous,constitutions,Gen,old_testament_or_other,Bible:Gen.49,Gen. xlix.
anonymous,constitutions,Isa,old_testament_or_other,Bible:Isa.11.1 Bible:Isa.9.6,"Isa. xi. 1, ix. 6"
anonymous,constitutions,Acts,new_testament,Bible:Acts.15,Acts xv
anonymous,constitutions,Ps,old_testament_or_other,Bible:Ps.9.8,Ps. cix. 8
anonymous,constitutions,Acts,new_testament,Bible:Acts.1.20,Acts i. 20
anonymous,constitutions,Acts,new_testament,Bible:Acts.15.1,Acts xv. 1
anonymous,constitutions,Acts,new_testament,Bible:Acts.15.7-Acts.15.8,"Acts. xv. 7, 8"
anonymous,constitutions,Acts,new_testament,Bible:Acts.10,Acts x
anonymous,constitutions,Acts,new_testament,Bible:Acts.10.13,Acts x. 13
anonymous,constitutions,Joel,old_testament_or_other,Bible:Joel.2.32,Joel ii. 32
anonymous,constitutions,Ps,old_testament_or_other,Bible:Ps.22.27-Ps.22.28,"Ps. xxii. 27, 28"
anonymous,constitutions,Acts,new_testament,Bible:Acts.11.15 Bible:Acts.10.34-Acts.10.35 Bible:Acts.10.45 Bible:Acts.15.9-Acts.15.10,"Acts xi. 15, x. 34, 35, 45, xv. 9, 10"
anonymous,constitutions,Amos,old_testament_or_other,Bible:Amos.9.11,Amos ix. 11
anonymous,constitutions,Acts,new_testament,Bible:Acts.15.13,Acts xv. 13
anonymous,constitutions,Acts,new_testament,Bible:Acts.15.23,Acts xv. 23
anonymous,constitutions,Matt,new_testament,Bible:Matt.24.12-Matt.24.13,"Matt. xxiv. 12, 13"
anonymous,constitutions,Matt,new_testament,Bible:Matt.7.15 Bible:Matt.24.24,"Matt. vii. 15, xxiv. 24"
anonymous,constitutions,Matt,new_testament,Bible:Matt.10.2,Matt. x. 2
anonymous,constitutions,Prov,old_testament_or_other,Bible:Prov.19.14,Prov. xix. 14
anonymous,constitutions,Matt,new_testament,Bible:Matt.19.4-Matt.19.5,"Matt. xix. 4, 5"
anonymous,constitutions,Mal,old_testament_or_other,Bible:Mal.2.15 Bible:Mal.2.14,"Mal. ii. 15, 14"
anonymous,constitutions,Matt,new_testament,Bible:Matt.19.6,Matt. xix. 6
anonymous,constitutions,Prov,old_testament_or_other,Bible:Prov.18.22,Prov. xviii. 22
anonymous,constitutions,Sir,deuterocanonical,Bible:Sir.25.26,Ecclus. xxv. 26
anonymous,constitutions,Jer,old_testament_or_other,Bible:Jer.4.4,Jer. iv. 4
anonymous,constitutions,Matt,new_testament,Bible:Matt.28,Matt. xxviii.
anonymous,constitutions,Hos,old_testament_or_other,Bible:Hos.4.6,Hos. iv. 6
anonymous,constitutions,John,new_testament,Bible:John.3.5,John iii. 5
anonymous,constitutions,Mark,new_testament,Bible:Mark.16.16,Mark xvi. 16
anonymous,constitutions,Sir,deuterocanonical,Bible:Sir.5.7,Ecclus. v. 7
anonymous,constitutions,Prov,old_testament_or_other,Bible:Prov.27.1 Bible:Prov.3.28,"Prov. xxvii. 1, iii. 28"
anonymous,constitutions,Matt,new_testament,Bible:Matt.19.14,Matt. xix. 14
anonymous,constitutions,1Tim,new_testament,Bible:1Tim.3.2 Bible:1Tim.3.12,"1 Tim. iii. 2, 12"
anonymous,constitutions,Titus,new_testament,Bible:Titus.1.6,Tit. i. 6
anonymous,constitutions,Lev,old_testament_or_other,Bible:Lev.21.7 Bible:Lev.21.14,"Lev. xxi. 7, 14"
anonymous,constitutions,Prov,old_testament_or_other,Bible:Prov.14.12,Prov. xiv. 12
anonymous,constitutions,Matt,new_testament,Bible:Matt.24.24,Matt. xxiv. 24
anonymous,constitutions,Matt,new_testament,Bible:Matt.12.32,Matt. xii. 32
anonymous,constitutions,Song,old_testament_or_other,Bible:Song.2.15,Cant. ii. 15
anonymous,constitutions,Prov,old_testament_or_other,Bible:Prov.13.20,Prov. xiii. 20
anonymous,constitutions,Ps,old_testament_or_other,Bible:Ps.39.21-Ps.39.22,"Ps. cxxxix. 21, 22"
anonymous,constitutions,2Chr,old_testament_or_other,Bible:2Chr.19.2,2 Chron. xix. 2
anonymous,constitutions,2Chr,old_testament_or_other,Bible:2Chr.20.37,2 Chron. xx. 37
anonymous,constitutions,Isa,old_testament_or_other,Bible:Isa.57.21,Isa. lvii. 21
anonymous,constitutions,Luke,new_testament,Bible:Luke.18,Luke xviii.
anonymous,constitutions,Matt,new_testament,Bible:Matt.24.12 Bible:Matt.24.24,"Matt. xxiv. 12, 24"
anonymous,constitutions,Rom,new_testament,Bible:Rom.16.21,Rom. xvi. 21
anonymous,constitutions,2Cor,new_testament,Bible:2Cor.5.17,2 Cor. v. 17
anonymous,constitutions,Deut,old_testament_or_other,Bible:Deut.12.5,Deut. xii. 5
anonymous,constitutions,Ps,old_testament_or_other,Bible:Ps.19.7,Ps. xix. 7
anonymous,constitutions,Mal,old_testament_or_other,Bible:Mal.4.4,Mal. iv. 4
anonymous,constitutions,Matt,new_testament,Bible:Matt.8,Matt. viii.
anonymous,constitutions,Mark,new_testament,Bible:Mark.1.44,Mark i. 44
anonymous,constitutions,Luke,new_testament,Bible:Luke.17.14,Luke xvii. 14
anonymous,constitutions,Matt,new_testament,Bible:Matt.5.18 Bible:Matt.5.17,"Matt. v. 18, 17"
anonymous,constitutions,Luke,new_testament,Bible:Luke.9.30,Luke ix. 30
anonymous,constitutions,Exod,old_testament_or_other,Bible:Exod.20,Ex. xx
anonymous,constitutions,Exod,old_testament_or_other,Bible:Exod.32,Ex. xxxii.
anonymous,constitutions,Exod,old_testament_or_other,Bible:Exod.20.24,Ex. xx. 24
anonymous,constitutions,Ps,old_testament_or_other,Bible:Ps.50.12,Ps. l. 12
anonymous,constitutions,Exod,old_testament_or_other,Bible:Exod.4,Ex. iv
anonymous,constitutions,Num,old_testament_or_other,Bible:Num.11.31,Num. xi. 31
anonymous,constitutions,Exod,old_testament_or_other,Bible:Exod.32.1,Ex. xxxii. 1
anonymous,constitutions,Matt,new_testament,Bible:Matt.13.16,Matt. xiii. 16
anonymous,constitutions,John,new_testament,Bible:John.15.15,John xv. 15
anonymous,constitutions,Ezek,old_testament_or_other,Bible:Ezek.20.25,Ezek. xx. 25
anonymous,constitutions,Matt,new_testament,Bible:Matt.16.24,Matt. xvi. 24
anonymous,constitutions,John,new_testament,Bible:John.6.67,John vi. 67
anonymous,constitutions,Jer,old_testament_or_other,Bible:Jer.6.20,Jer. vi. 20
anonymous,constitutions,Jer,old_testament_or_other,Bible:Jer.7.21-Jer.7.22,"Jer. vii. 21, 22"
anonymous,constitutions,Isa,old_testament_or_other,Bible:Isa.1.11,Isa. i. 11
anonymous,constitutions,Amos,old_testament_or_other,Bible:Amos.5.23,Amos v. 23
anonymous,constitutions,1Sam,old_testament_or_other,Bible:1Sam.15.22,1 Sam. xv. 22
anonymous,constitutions,Ps,old_testament_or_other,Bible:Ps.50.9 Bible:Ps.50.12,"Ps. l. 9, 12"
anonymous,constitutions,Prov,old_testament_or_other,Bible:Prov.21.27,Prov. xxi. 27
anonymous,constitutions,Hos,old_testament_or_other,Bible:Hos.9.4,Hos. ix. 4
anonymous,constitutions,Ps,old_testament_or_other,Bible:Ps.51.10 Bible:Ps.51.17,"Ps. li. 10, 17"
anonymous,constitutions,John,new_testament,Bible:John.13.34,John xiii. 34
anonymous,constitutions,Matt,new_testament,Bible:Matt.5.43,Matt. v. 43
anonymous,constitutions,Matt,new_testament,Bible:Matt.5.38,Matt. v. 38
anonymous,constitutions,Luke,new_testament,Bible:Luke.2.51,Luke ii. 51
anonymous,constitutions,Gen,old_testament_or_other,Bible:Gen.49.10,Gen. xlix. 10
anonymous,constitutions,Matt,new_testament,Bible:Matt.5.33,Matt. v. 33
anonymous,constitutions,Ps,old_testament_or_other,Bible:Ps.13,Ps. cxiii.
anonymous,constitutions,Mal,old_testament_or_other,Bible:Mal.1.11,Mal. i. 11
anonymous,constitutions,Deut,old_testament_or_other,Bible:Deut.6.6,Deut. vi. 6
anonymous,constitutions,Ps,old_testament_or_other,Bible:Ps.1.2,Ps. i. 2
anonymous,constitutions,Ps,old_testament_or_other,Bible:Ps.19.1-Ps.19.2,"Ps. cxix. 1, 2"
anonymous,constitutions,Bar,deuterocanonical,Bible:Bar.4.4,Bar. iv. 4
anonymous,constitutions,John,new_testament,Bible:John.13.17,John xiii. 17
anonymous,constitutions,John,new_testament,Bible:John.19.15,John xix. 15
anonymous,constitutions,John,new_testament,Bible:John.11.48,John xi. 48
anonymous,constitutions,Gal,new_testament,Bible:Gal.3.10,Gal. iii. 10
anonymous,constitutions,Deut,old_testament_or_other,Bible:Deut.12,Deut. xii
anonymous,constitutions,Lev,old_testament_or_other,Bible:Lev.15,Lev. xv
anonymous,constitutions,Prov,old_testament_or_other,Bible:Prov.6.22,Prov. vi. 22
anonymous,constitutions,Matt,new_testament,Bible:Matt.19.4,Matt. xix. 4
anonymous,constitutions,Gen,old_testament_or_other,Bible:Gen.1.28,Gen. i. 28
anonymous,constitutions,Lev,old_testament_or_other,Bible:Lev.18.22,Lev. xviii. 22
anonymous,constitutions,Lev,old_testament_or_other,Bible:Lev.20.13,Lev. xx. 13
anonymous,constitutions,Exod,old_testament_or_other,Bible:Exod.22.19,Ex. xxii. 19
anonymous,constitutions,Lev,old_testament_or_other,Bible:Lev.20.10,Lev. xx. 10
anonymous,constitutions,Deut,old_testament_or_other,Bible:Deut.22.22,Deut. xxii. 22
anonymous,constitutions,Deut,old_testament_or_other,Bible:Deut.23.17-Deut.23.18,"Deut. xxiii. 17, 18"
anonymous,constitutions,Ps,old_testament_or_other,Bible:Ps.28.3-Ps.28.4,"Ps. cxxviii. 3, 4"
anonymous,constitutions,Heb,new_testament,Bible:Heb.13.4,Heb. xiii. 4
anonymous,constitutions,Matt,new_testament,Bible:Matt.9.22,Matt ix. 22
anonymous,constitutions,Lev,old_testament_or_other,Bible:Lev.18.19,Lev. xviii. 19
anonymous,constitutions,Ezek,old_testament_or_other,Bible:Ezek.18.6,Ezek. xviii. 6
anonymous,constitutions,1Pet,new_testament,Bible:1Pet.3.6,1 Pet. iii. 6
anonymous,constitutions,Prov,old_testament_or_other,Bible:Prov.5.18,Prov. v. 18
anonymous,constitutions,Mal,old_testament_or_other,Bible:Mal.2.14-Mal.2.16,"Mal. ii. 14, 15, 16"
anonymous,constitutions,Ps,old_testament_or_other,Bible:Ps.16.7,Ps. cxvi. 7
anonymous,constitutions,Wis,deuterocanonical,Bible:Wis.3.1,Wisd. iii. 1
anonymous,constitutions,Exod,old_testament_or_other,Bible:Exod.3.6,Ex. iii. 6
anonymous,constitutions,Luke,new_testament,Bible:Luke.20.38,Luke xx. 38
anonymous,constitutions,2Kgs,old_testament_or_other,Bible:2Kgs.13,2 Kings xiii.
anonymous,constitutions,Gen,old_testament_or_other,Bible:Gen.50.1,Gen. l. 1
anonymous,constitutions,Exod,old_testament_or_other,Bible:Exod.13.19,Ex. xiii. 19
anonymous,constitutions,Josh,old_testament_or_other,Bible:Josh.24,Josh. xxiv.
anonymous,constitutions,Ps,old_testament_or_other,Bible:Ps.10.1,Ps. cx. 1
anonymous,constitutions,Acts,new_testament,Bible:Acts.7.56,Acts vii. 56
anonymous,constitutions,Deut,old_testament_or_other,Bible:Deut.30.15,Deut. xxx. 15
anonymous,constitutions,Deut,old_testament_or_other,Bible:Deut.30.19,Deut. xxx. 19
anonymous,constitutions,1Kgs,old_testament_or_other,Bible:1Kgs.18,1 Kings xviii.
anonymous,constitutions,Matt,new_testament,Bible:Matt.6.24,Matt. vi. 24
anonymous,constitutions,1Tim,new_testament,Bible:1Tim.4.10,1 Tim. iv. 10
anonymous,constitutions,Deut,old_testament_or_other,Bible:Deut.6.5,Deut. vi. 5
anonymous,constitutions,Mark,new_testament,Bible:Mark.12.32,Mark xii. 32
anonymous,constitutions,Tob,deuterocanonical,Bible:Tob.4.15,Tob. iv. 15
anonymous,constitutions,Matt,new_testament,Bible:Matt.5.44,Matt. v. 44
anonymous,constitutions,Luke,new_testament,Bible:Luke.6.32,Luke vi. 32
anonymous,constitutions,Matt,new_testament,Bible:Matt.5.46-Matt.5.47,"Matt. v. 46, 47"
anonymous,constitutions,1Pet,new_testament,Bible:1Pet.2.11,1 Pet. ii. 11
anonymous,constitutions,Matt,new_testament,Bible:Matt.5.39,Matt. v. 39
anonymous,constitutions,Luke,new_testament,Bible:Luke.6.29,Luke vi. 29
anonymous,constitutions,Matt,new_testament,Bible:Matt.5.41,Matt. v. 41
anonymous,constitutions,Matt,new_testament,Bible:Matt.5.40,Matt. v. 40
anonymous,constitutions,Matt,new_testament,Bible:Matt.5.42,Matt. v. 42
anonymous,constitutions,Ps,old_testament_or_other,Bible:Ps.12.5,Ps. cxii. 5
anonymous,constitutions,Gal,new_testament,Bible:Gal.6.10,Gal. vi. 10
anonymous,constitutions,Exod,old_testament_or_other,Bible:Exod.20.13,Ex. xx. 13
anonymous,constitutions,Gen,old_testament_or_other,Bible:Gen.19,Gen. xix
anonymous,constitutions,Deut,old_testament_or_other,Bible:Deut.27,Deut. xxvii
anonymous,constitutions,Deut,old_testament_or_other,Bible:Deut.23.17,Deut. xxiii. 17
anonymous,constitutions,Josh,old_testament_or_other,Bible:Josh.7,Josh. vii
anonymous,constitutions,2Kgs,old_testament_or_other,Bible:2Kgs.5,2 Kings v
anonymous,constitutions,Matt,new_testament,Bible:Matt.27.5,Matt. xxvii. 5
anonymous,constitutions,Acts,new_testament,Bible:Acts.1.18,Acts i. 18
anonymous,constitutions,Acts,new_testament,Bible:Acts.5,Acts v
anonymous,constitutions,Exod,old_testament_or_other,Bible:Exod.22.18,Ex. xxii. 18
anonymous,constitutions,Matt,new_testament,Bible:Matt.5.34,Matt. v. 34
anonymous,constitutions,Ps,old_testament_or_other,Bible:Ps.63.11,Ps. lxiii. 11
anonymous,constitutions,Prov,old_testament_or_other,Bible:Prov.14.31,Prov. xiv. 31
anonymous,constitutions,Prov,old_testament_or_other,Bible:Prov.6.2,Prov. vi. 2
anonymous,constitutions,Ps,old_testament_or_other,Bible:Ps.40.11,Ps. cxl. 11
anonymous,constitutions,Lev,old_testament_or_other,Bible:Lev.19.11,Lev. xix. 11
anonymous,constitutions,Ps,old_testament_or_other,Bible:Ps.5.6,Ps. v. 6
anonymous,constitutions,Hab,old_testament_or_other,Bible:Hab.2.9,Hab. ii. 9
anonymous,constitutions,Matt,new_testament,Bible:Matt.24.51,Matt. xxiv. 51
anonymous,constitutions,1Pet,new_testament,Bible:1Pet.5.5,1 Pet. v. 5
anonymous,constitutions,Prov,old_testament_or_other,Bible:Prov.9.8,Prov. ix. 8
anonymous,constitutions,Gen,old_testament_or_other,Bible:Gen.4,Gen. iv
anonymous,constitutions,1Sam,old_testament_or_other,Bible:1Sam.15.23,1 Sam. xv. 23
anonymous,constitutions,Lev,old_testament_or_other,Bible:Lev.19.26 Bible:Lev.19.31,"Lev. xix. 26, 31"
anonymous,constitutions,Deut,old_testament_or_other,Bible:Deut.18.10-Deut.18.11,"Deut. xviii. 10, 11"
anonymous,constitutions,Ps,old_testament_or_other,Bible:Ps.31.1,Ps. cxxxi. 1
anonymous,constitutions,Luke,new_testament,Bible:Luke.18.14,Luke xviii. 14
anonymous,constitutions,Luke,new_testament,Bible:Luke.16.15,Luke xvi. 15
anonymous,constitutions,Job,old_testament_or_other,Bible:Job.42,Job xlii
anonymous,constitutions,Luke,new_testament,Bible:Luke.16,Luke xvi
anonymous,constitutions,Exod,old_testament_or_other,Bible:Exod.2.13,Ex. ii. 13
anonymous,constitutions,2Sam,old_testament_or_other,Bible:2Sam.12,2 Sam. xii
anonymous,constitutions,Matt,new_testament,Bible:Matt.14,Matt. xiv
anonymous,constitutions,Matt,new_testament,Bible:Matt.14.31,Matt. xiv. 31
anonymous,constitutions,Sir,deuterocanonical,Bible:Sir.4.31,Ecclus. iv. 31
anonymous,constitutions,Prov,old_testament_or_other,Bible:Prov.19.18,Prov. xix. 18
anonymous,constitutions,Eph,new_testament,Bible:Eph.6.5,Eph vi. 5
anonymous,constitutions,Eph,new_testament,Bible:Eph.6.7,Eph. vi. 7
anonymous,constitutions,Prov,old_testament_or_other,Bible:Prov.30.6,Prov. xxx. 6
anonymous,constitutions,Deut,old_testament_or_other,Bible:Deut.5.32,Deut. v. 32
anonymous,constitutions,Isa,old_testament_or_other,Bible:Isa.1.19,Isa. i. 19
anonymous,constitutions,Gen,old_testament_or_other,Bible:Gen.9.3,Gen. ix. 3
anonymous,constitutions,Deut,old_testament_or_other,Bible:Deut.15.23,Deut. xv. 23
anonymous,constitutions,Matt,new_testament,Bible:Matt.15.11,Matt. xv. 11
anonymous,constitutions,Mark,new_testament,Bible:Mark.7.22,Mark vii. 22
anonymous,constitutions,Zech,old_testament_or_other,Bible:Zech.9.17,Zech. ix. 17
anonymous,constitutions,Neh,old_testament_or_other,Bible:Neh.8.10,Neh. viii. 10
anonymous,constitutions,1Cor,new_testament,Bible:1Cor.10.20,1 Cor. x. 20
anonymous,constitutions,Matt,new_testament,Bible:Matt.6.5,Matt. vi. 5
anonymous,constitutions,Matt,new_testament,Bible:Matt.6.9,"Matt. vi. 9,"
anonymous,constitutions,1Cor,new_testament,Bible:1Cor.11.26,1 Cor. xi. 26
anonymous,constitutions,1Cor,new_testament,Bible:1Cor.11.59,1 Cor. xi. 59
anonymous,constitutions,1Cor,new_testament,Bible:1Cor.16.22,1 Cor. xvi. 22
anonymous,constitutions,Matt,new_testament,Bible:Matt.21.9,Matt. xxi. 9
anonymous,constitutions,Mark,new_testament,Bible:Mark.11.10,Mark xi. 10
anonymous,constitutions,John,new_testament,Bible:John.12.13,John xii. 13
anonymous,constitutions,Matt,new_testament,Bible:Matt.10.41,Matt. x. 41
anonymous,constitutions,Num,old_testament_or_other,Bible:Num.18,Num. xviii
anonymous,constitutions,Mal,old_testament_or_other,Bible:Mal.1.11 Bible:Mal.1.14,"Mal. i. 11, 14"
anonymous,constitutions,2Tim,new_testament,Bible:2Tim.2.15,2 Tim. ii. 15
anonymous,constitutions,Luke,new_testament,Bible:Luke.12.35 Bible:Luke.12.37,"Luke xii. 35, 37"
anonymous,constitutions,Mark,new_testament,Bible:Mark.13.35,Mark xiii. 35
anonymous,constitutions,2Thess,new_testament,Bible:2Thess.2,2 Thess. ii
anonymous,constitutions,Isa,old_testament_or_other,Bible:Isa.11.4,Isa. xi. 4
anonymous,constitutions,Matt,new_testament,Bible:Matt.24,Matt. xxiv
anonymous,constitutions,1Thess,new_testament,Bible:1Thess.4.16,1 Thess. iv. 16
anonymous,constitutions,Zech,old_testament_or_other,Bible:Zech.14.5,Zech. xiv. 5
anonymous,constitutions,Matt,new_testament,Bible:Matt.16.27,Matt. xvi. 27
anonymous,constitutions,Matt,new_testament,Bible:Matt.25.46,Matt. xxv. 46
anonymous,constitutions,1Cor,new_testament,Bible:1Cor.2.9,1 Cor. ii. 9
anonymous,constitutions,Gen,old_testament_or_other,Bible:Gen.13.16 Bible:Gen.22.17,"Gen. xiii. 16, xxii. 17"
anonymous,constitutions,Gen,old_testament_or_other,Bible:Gen.26.3,Gen. xxvi. 3
anonymous,constitutions,Gen,old_testament_or_other,Bible:Gen.17.7 Bible:Gen.28.15 Bible:Gen.48.4,"Gen. xvii. 7, xxviii. 15, xlviii. 4"
anonymous,constitutions,Exod,old_testament_or_other,Bible:Exod.3.14-Exod.3.15,"Ex. iii. 14, 15"
anonymous,constitutions,Job,old_testament_or_other,Bible:Job.38.11,Job xxxviii. 11
anonymous,constitutions,Gen,old_testament_or_other,Bible:Gen.1.26,Gen. i. 26
anonymous,constitutions,Ps,old_testament_or_other,Bible:Ps.4.24,Ps. civ. 24
anonymous,constitutions,Dan,old_testament_or_other,Bible:Dan.8.13,Dan. viii. 13
anonymous,constitutions,Isa,old_testament_or_other,Bible:Isa.6.3,Isa. vi. 3
anonymous,constitutions,Ezek,old_testament_or_other,Bible:Ezek.3.12,Ezek. iii. 12
anonymous,constitutions,Ps,old_testament_or_other,Bible:Ps.67.17,Ps. lxvii. 17
anonymous,constitutions,Deut,old_testament_or_other,Bible:Deut.4.39,Deut. iv. 39
anonymous,constitutions,Gen,old_testament_or_other,Bible:Gen.8,Gen. viii
anonymous,constitutions,Gen,old_testament_or_other,Bible:Gen.12,Gen. xii
anonymous,constitutions,Gen,old_testament_or_other,Bible:Gen.26,Gen. xxvi
anonymous,constitutions,Gen,old_testament_or_other,Bible:Gen.35,Gen. xxxv
anonymous,constitutions,Exod,old_testament_or_other,Bible:Exod.3,Ex. iii
anonymous,constitutions,Josh,old_testament_or_other,Bible:Josh.5,Josh. v
anonymous,constitutions,1Sam,old_testament_or_other,Bible:1Sam.7,1 Sam. vii
anonymous,constitutions,1Chr,old_testament_or_other,Bible:1Chr.21,1 Chron. xxi
anonymous,constitutions,1Kgs,old_testament_or_other,Bible:1Kgs.18,1 Kings xviii
anonymous,constitutions,2Kgs,old_testament_or_other,Bible:2Kgs.2,2 Kings ii
anonymous,constitutions,2Chr,old_testament_or_other,Bible:2Chr.18,2 Chron. xviii
anonymous,constitutions,2Kgs,old_testament_or_other,Bible:2Kgs.20,2 Kings xx
anonymous,constitutions,2Chr,old_testament_or_other,Bible:2Chr.33,2 Chron. xxxiii
anonymous,constitutions,2Chr,old_testament_or_other,Bible:2Chr.35,2 Chron. xxxv
anonymous,constitutions,Ezra,old_testament_or_other,Bible:Ezra.8,Ezra viii
anonymous,constitutions,Dan,old_testament_or_other,Bible:Dan.6.16,Dan. vi. 16
anonymous,constitutions,1Sam,old_testament_or_other,Bible:1Sam.1,1 Sam. i
anonymous,constitutions,Neh,old_testament_or_other,Bible:Neh.3,Neh. iii
anonymous,constitutions,1Macc,deuterocanonical,Bible:1Macc.1,"1 Macc. i.,"
anonymous,constitutions,Rom,new_testament,Bible:Rom.8.21,Rom. viii. 21
anonymous,constitutions,2Cor,new_testament,Bible:2Cor.7.1,2 Cor. vii. 1
anonymous,constitutions,Rom,new_testament,Bible:Rom.6.5,Rom. vi. 5
anonymous,constitutions,John,new_testament,Bible:John.1.18,John i. 18
anonymous,constitutions,2Chr,old_testament_or_other,Bible:2Chr.5.13,2 Chron. v. 13
anonymous,constitutions,2Tim,new_testament,Bible:2Tim.4.21,2 Tim. iv. 21
anonymous,constitutions,2Tim,new_testament,Bible:2Tim.1.5,2 Tim. i. 5
anonymous,constitutions,Col,new_testament,Bible:Col.4.16-Col.4.17,"Col. iv. 16, 17"
anonymous,constitutions,Phlm,new_testament,Bible:Phlm.1.1,Philem. 1
anonymous,constitutions,Phlm,new_testament,Bible:Phlm.1.10,Philem. 10
anonymous,constitutions,2Tim,new_testament,Bible:2Tim.4.10,2 Tim. iv. 10
anonymous,constitutions,Luke,new_testament,Bible:Luke.2.14,Luke ii. 14
anonymous,constitutions,Ps,old_testament_or_other,Bible:Ps.13.1,Ps. cxiii. 1
anonymous,constitutions,Luke,new_testament,Bible:Luke.2.29,Luke ii. 29
anonymous,constitutions,John,new_testament,Bible:John.17.6 Bible:John.17.4,"John xvii. 6, 4"
anonymous,constitutions,John,new_testament,Bible:John.17.11 Bible:John.17.25,"John xvii. 11, 25"
anonymous,constitutions,Mark,new_testament,Bible:Mark.16.17-Mark.16.18,"Mark xvi. 17, 18"
anonymous,constitutions,Luke,new_testament,Bible:Luke.10.20,Luke x. 20
anonymous,constitutions,Isa,old_testament_or_other,Bible:Isa.28.11,Isa. xxviii. 11
anonymous,constitutions,1Cor,new_testament,Bible:1Cor.14.21,1 Cor. xiv. 21
anonymous,constitutions,Exod,old_testament_or_other,Bible:Exod.7,Ex. vii.
anonymous,constitutions,Exod,old_testament_or_other,Bible:Exod.4,iv.
anonymous,constitutions,Deut,old_testament_or_other,Bible:Deut.18.15,Deut. xviii. 15
anonymous,constitutions,Matt,new_testament,Bible:Matt.11.5,Matt. xi. 5
anonymous,constitutions,2Tim,new_testament,Bible:2Tim.3.8,2 Tim. iii. 8
anonymous,constitutions,1Cor,new_testament,Bible:1Cor.12.8,1 Cor. xii. 8
anonymous,constitutions,Josh,old_testament_or_other,Bible:Josh.10,Josh. x
anonymous,constitutions,1Kgs,old_testament_or_other,Bible:1Kgs.19.18,1 Kings xix. 18
anonymous,constitutions,Rom,new_testament,Bible:Rom.11.4,Rom. xi. 4
anonymous,constitutions,2Kgs,old_testament_or_other,Bible:2Kgs.6,2 Kings vi
anonymous,constitutions,Dan,old_testament_or_other,Bible:Dan.6.16 Bible:Dan.6.3,"Dan vi. 16, iii"
anonymous,constitutions,Num,old_testament_or_other,Bible:Num.23 Bible:Num.24,Num. xxiii; xxiv
anonymous,constitutions,John,new_testament,Bible:John.11.51,John xi. 51
anonymous,constitutions,Jer,old_testament_or_other,Bible:Jer.28 Bible:Jer.29,Jer. xxviii; xxix
anonymous,constitutions,Num,old_testament_or_other,Bible:Num.25 Bible:Num.31,Num. xxv; xxxi
anonymous,constitutions,Acts,new_testament,Bible:Acts.19.14,Acts xix. 14
anonymous,constitutions,Jer,old_testament_or_other,Bible:Jer.29.22,Jer. xxix. 22
anonymous,constitutions,Acts,new_testament,Bible:Acts.11.28,Acts [xi. 28;]
anonymous,constitutions,Acts,new_testament,Bible:Acts.15.32,xv. 32
anonymous,constitutions,Acts,new_testament,Bible:Acts.21.10,xxi. 10
anonymous,constitutions,Exod,old_testament_or_other,Bible:Exod.15.20,Ex. xv. 20
anonymous,constitutions,Judg,old_testament_or_other,Bible:Judg.4.4,Judg. iv. 4
anonymous,constitutions,2Kgs,old_testament_or_other,Bible:2Kgs.22.14,2 Kings xxii. 14
anonymous,constitutions,Luke,new_testament,Bible:Luke.1,Luke i.
anonymous,constitutions,Luke,new_testament,Bible:Luke.2,ii.
anonymous,constitutions,Acts,new_testament,Bible:Acts.21.9,Acts xxi. 9
anonymous,constitutions,Matt,new_testament,Bible:Matt.18.16,Matt. xviii. 16
anonymous,constitutions,2Cor,new_testament,Bible:2Cor.1.3,2 Cor. i. 3
anonymous,constitutions,Ps,old_testament_or_other,Bible:Ps.13.5,Ps. cxiii. 5
anonymous,constitutions,2Cor,new_testament,Bible:2Cor.6.16,vi. 6
anonymous,constitutions,Ps,old_testament_or_other,Bible:Ps.21.8,Ps. cxxi. 8
anonymous,constitutions,Ps,old_testament_or_other,Bible:Ps.51.10,Ps. li. 10
anonymous,constitutions,Mark,new_testament,Bible:Mark.5.9,Mark v. 9
anonymous,constitutions,Matt,new_testament,Bible:Matt.12.29,Matt. xii. 29
anonymous,constitutions,Luke,new_testament,Bible:Luke.10.19,Luke x. 19
anonymous,constitutions,Luke,new_testament,Bible:Luke.10.18,Luke x. 18
anonymous,constitutions,Ps,old_testament_or_other,Bible:Ps.6.9,Ps. cvi. 9
anonymous,constitutions,Isa,old_testament_or_other,Bible:Isa.51.10,Isa. li. 10
anonymous,constitutions,Ps,old_testament_or_other,Bible:Ps.97.5 Bible:Isa.64.1 Bible:Ps.17.2 Bible:Ps.17.8,"Ps. xcvii. 5; Isa. lxiv. 1, Ps. cxvii. 2, viii."
anonymous,constitutions,Isa,old_testament_or_other,Bible:Isa.1.16,Isa. i. 16
anonymous,constitutions,Rom,new_testament,Bible:Rom.16.20,Rom. xvi. 20
anonymous,constitutions,Col,new_testament,Bible:Col.2.13-Col.2.14,"Col. ii. 13, 14"
anonymous,constitutions,Phil,new_testament,Bible:Phil.4.3,Phil. iv. 3
anonymous,constitutions,Ps,old_testament_or_other,Bible:Ps.51.12,Ps. li. 12
anonymous,constitutions,Ezek,old_testament_or_other,Bible:Ezek.18,Ezek. xviii
anonymous,constitutions,Ezek,old_testament_or_other,Bible:Ezek.33,xxxiii
anonymous,constitutions,Jonah,old_testament_or_other,Bible:Jonah.3,Jonah iii.
anonymous,constitutions,1Tim,new_testament,Bible:1Tim.2.4,1 Tim. ii. 4
anonymous,constitutions,Luke,new_testament,Bible:Luke.15,Luke xv
anonymous,constitutions,Ps,old_testament_or_other,Bible:Ps.30.3-Ps.30.4,"Ps. cxxx. 3, 4"
anonymous,constitutions,Gal,new_testament,Bible:Gal.1.19,Gal. i. 19
anonymous,constitutions,Matt,new_testament,Bible:Matt.19.29,Matt. xix. 29
anonymous,constitutions,John,new_testament,Bible:John.10.29,John x. 29
anonymous,constitutions,John,new_testament,Bible:John.17.17,John xvii. 17
anonymous,constitutions,Ps,old_testament_or_other,Bible:Ps.64.1 Bible:Ps.91.5-Ps.91.6,"Ps. lxiv. 1; xci. 5, 6"
anonymous,constitutions,Eph,new_testament,Bible:Eph.3.15,Eph. iii. 15
anonymous,constitutions,Gen,old_testament_or_other,Bible:Gen.1,Gen. i
anonymous,constitutions,Ps,old_testament_or_other,Bible:Ps.4.2,Ps. civ. 2
anonymous,constitutions,Job,old_testament_or_other,Bible:Job.38,Job xxxviii
anonymous,constitutions,Jer,old_testament_or_other,Bible:Jer.5.22,Jer. v. 22
anonymous,constitutions,Gen,old_testament_or_other,Bible:Gen.2.8,Gen. ii. 8
anonymous,constitutions,Sir,deuterocanonical,Bible:Sir.49.16,Ecclus. xlix. 16
anonymous,constitutions,Gen,old_testament_or_other,Bible:Gen.5,v
anonymous,constitutions,Gen,old_testament_or_other,Bible:Gen.6,Gen. vi
anonymous,constitutions,Gen,old_testament_or_other,Bible:Gen.7,vii
anonymous,constitutions,1Pet,new_testament,Bible:1Pet.3.20,1 Pet. iii. 20
anonymous,constitutions,Gen,old_testament_or_other,Bible:Gen.19,Gen. xix.
anonymous,constitutions,Wis,deuterocanonical,Bible:Wis.10.6,Wisd. x. 6
anonymous,constitutions,Ps,old_testament_or_other,Bible:Ps.7,Ps. cvii.
anonymous,constitutions,Gen,old_testament_or_other,Bible:Gen.12,Gen. xii.
anonymous,constitutions,Exod,old_testament_or_other,Bible:Exod.1,Ex. 1
anonymous,constitutions,Josh,old_testament_or_other,Bible:Josh.3.10,Josh. iii. 10
anonymous,constitutions,Ps,old_testament_or_other,Bible:Ps.74.15,Ps. lxxiv. 15
anonymous,constitutions,Josh,old_testament_or_other,Bible:Josh.6,Josh. vi
anonymous,constitutions,Isa,old_testament_or_other,Bible:Isa.6.2,Isa. vi. 2
anonymous,constitutions,Ps,old_testament_or_other,Bible:Ps.5.16,Ps. cv. 16
anonymous,constitutions,1Cor,new_testament,Bible:1Cor.11.23,1 Cor. xi. 23
anonymous,constitutions,Mark,new_testament,Bible:Mark.14,Mark xiv
anonymous,constitutions,Luke,new_testament,Bible:Luke.22,Luke xxii
anonymous,constitutions,1Tim,new_testament,Bible:1Tim.2.2,1 Tim. ii. 2
anonymous,constitutions,Ps,old_testament_or_other,Bible:Ps.36.25,Ps. cxxxvi. 25
anonymous,constitutions,1Tim,new_testament,Bible:1Tim.6.16,1 Tim. vi. 16
anonymous,constitutions,Exod,old_testament_or_other,Bible:Exod.18,Ex. xviii
anonymous,constitutions,Exod,old_testament_or_other,Bible:Exod.24,", xxviii"
anonymous,constitutions,Acts,new_testament,Bible:Acts.6,Acts vi
anonymous,constitutions,Acts,new_testament,Bible:Acts.7,vii
anonymous,constitutions,Luke,new_testament,Bible:Luke.2.36,Luke ii. 36
anonymous,constitutions,Num,old_testament_or_other,Bible:Num.3,Num. iii
anonymous,constitutions,1Chr,old_testament_or_other,Bible:1Chr.6,1 Chron. vi
anonymous,constitutions,Neh,old_testament_or_other,Bible:Neh.8,Neh. viii
anonymous,constitutions,1Tim,new_testament,Bible:1Tim.5.8,1 Tim. v. 8
anonymous,constitutions,Jdt,deuterocanonical,Bible:Jdt.16.21 Bible:Jdt.16.23,"Judith xvi. 21, 23"
anonymous,constitutions,Ps,old_testament_or_other,Bible:Ps.4.15,Ps. civ. 15
anonymous,constitutions,Luke,new_testament,Bible:Luke.3.14,Luke iii. 14
anonymous,constitutions,John,new_testament,Bible:John.6.45,John vi. 45
anonymous,constitutions,Eph,new_testament,Bible:Eph.6,Eph. vi.
anonymous,constitutions,Col,new_testament,Bible:Col.4,Col. iv
anonymous,constitutions,Matt,new_testament,Bible:Matt.18.20,Matt. xviii. 20
anonymous,constitutions,2Cor,new_testament,Bible:2Cor.6.14,2 Cor. vi. 14
anonymous,constitutions,Ps,old_testament_or_other,Bible:Ps.74.16,Ps. lxxiv. 16
anonymous,constitutions,Ps,old_testament_or_other,Bible:Ps.44.20,Ps. xliv. 20
anonymous,constitutions,Exod,old_testament_or_other,Bible:Exod.34,Ex. xxxiv
anonymous,constitutions,Exod,old_testament_or_other,Bible:Exod.20,xx
anonymous,constitutions,Ps,old_testament_or_other,Bible:Ps.17.8,Ps. xvii. 8
anonymous,constitutions,Matt,new_testament,Bible:Matt.22.32,Matt. xxii. 32
anonymous,constitutions,2Tim,new_testament,Bible:2Tim.4.7,2 Tim. iv. 7
anonymous,constitutions,Deut,old_testament_or_other,Bible:Deut.34.8,Deut. xxxiv. 8
anonymous,constitutions,Ps,old_testament_or_other,Bible:Ps.11.7,Ps. xi. 7
anonymous,constitutions,Prov,old_testament_or_other,Bible:Prov.23,Prov. xxiii
anonymous,constitutions,Sir,deuterocanonical,Bible:Sir.31.25-Sir.31.31,Ecclus. xxxi. 25–31
anonymous,constitutions,Eph,new_testament,Bible:Eph.5.18,Eph. v. 18
anonymous,constitutions,Prov,old_testament_or_other,Bible:Prov.26.9,Prov. xxvi. 9
anonymous,constitutions,Prov,old_testament_or_other,Bible:Prov.23.29-Prov.23.30,"Prov. xxiii. 29, 30"
anonymous,constitutions,Matt,new_testament,Bible:Matt.10.40,Matt. x. 40
anonymous,constitutions,John,new_testament,Bible:John.13.20,John xiii. 20
anonymous,constitutions,Ps,old_testament_or_other,Bible:Ps.4.9,Ps. civ. 9
anonymous,constitutions,Job,old_testament_or_other,Bible:Job.38.10-Job.38.11,"Job xxxviii. 10, 11"
anonymous,constitutions,Num,old_testament_or_other,Bible:Num.12.7-Num.12.8,"Num. xii. 7, 8"
anonymous,constitutions,Exod,old_testament_or_other,Bible:Exod.33.11 Bible:Exod.33.17,"Ex. xxxiii. 11, 17"
anonymous,constitutions,1Sam,old_testament_or_other,Bible:1Sam.13,1 Sam. xiii
anonymous,constitutions,1Kgs,old_testament_or_other,Bible:1Kgs.13.33,1 Kings xiii. 33
anonymous,constitutions,1Cor,new_testament,Bible:1Cor.14.33,1 Cor. xiv. 33
anonymous,constitutions,Acts,new_testament,Bible:Acts.9.5,Acts ix. 5
anonymous,constitutions,Acts,new_testament,Bible:Acts.26.14,Acts xxvi. 14
anonymous,constitutions,Acts,new_testament,Bible:Acts.9.5,ix. 5
anonymous,constitutions,Exod,old_testament_or_other,Bible:Exod.28,Ex. xxviii
anonymous,constitutions,Exod,old_testament_or_other,Bible:Exod.29,xxix
anonymous,constitutions,Acts,new_testament,Bible:Acts.9,ix
anonymous,constitutions,Nah,old_testament_or_other,Bible:Nah.1.9,Nah. i. 9
anonymous,constitutions,1Pet,new_testament,Bible:1Pet.2.23,1 Pet. ii. 23
anonymous,constitutions,2Cor,new_testament,Bible:2Cor.6.5,2 Cor. vi. 5
anonymous,constitutions,1Tim,new_testament,Bible:1Tim.4.2,1 Tim. iv. 2
anonymous,constitutions,Gen,old_testament_or_other,Bible:Gen.9,Gen. ix
anonymous,constitutions,Lev,old_testament_or_other,Bible:Lev.17,Lev. xvii
anonymous,constitutions,Lev,old_testament_or_other,Bible:Lev.5.16,Lev. v. 16
anonymous,constitutions,Deut,old_testament_or_other,Bible:Deut.19.15,Deut xix. 15
anonymous,constitutions,1Tim,new_testament,Bible:1Tim.2.1,1 Tim. II. 1
anonymous,constitutions,Exod,old_testament_or_other,Bible:Exod.10.25,Ex. x. 25
anonymous,constitutions,Eph,new_testament,Bible:Eph.5.19,Eph. v. 19
anonymous,constitutions,Col,new_testament,Bible:Col.3.16,Col. iii. 16
anonymous,constitutions,1Cor,new_testament,Bible:1Cor.16.20,1 Cor. xvi. 20
anonymous,constitutions,2Cor,new_testament,Bible:2Cor.11.5,2 Cor. xi. 5
anonymous,constitutions,1Pet,new_testament,Bible:1Pet.2.5,1 Pet. ii. 5
anonymous,constitutions,1Cor,new_testament,Bible:1Cor.7.17,1 Cor. vii. 17
anonymous,constitutions,1Cor,new_testament,Bible:1Cor.7.17,ver. 17
anonymous,constitutions,1Cor,new_testament,Bible:1Cor.7.2,ver. 2
anonymous,constitutions,1Cor,new_testament,Bible:1Cor.14.40,xiv. at ver. 40
anonymous,constitutions,1Cor,new_testament,Bible:1Cor.11.5-1Cor.11.6,"1 Cor. xi. 5, 6"
anonymous,constitutions,Eph,new_testament,Bible:Eph.5.14,Eph. v. 14
anonymous,constitutions,Eph,new_testament,Bible:Eph.3.14-Eph.3.21,Eph. iii. 14–21
clement_rome,homily,2Pet,new_testament,Bible:2Pet.3.9,2 Pet. iii. 9
clement_rome,homily,Ps,old_testament_or_other,Bible:Ps.16.12,Ps. cxvi. 12
clement_rome,homily,Hos,old_testament_or_other,Bible:Hos.2.23,Hos. ii. 23
clement_rome,homily,Rom,new_testament,Bible:Rom.4.17,Rom. iv. 17
clement_rome,homily,Isa,old_testament_or_other,Bible:Isa.54.1,Isa. liv. 1
clement_rome,homily,Gal,new_testament,Bible:Gal.4.27,Gal. iv. 27
clement_rome,homily,Luke,new_testament,Bible:Luke.5.32,Luke v. 32
clement_rome,homily,Matt,new_testament,Bible:Matt.18.11,Matt. xviii. 11
clement_rome,homily,Luke,new_testament,Bible:Luke.19.10,Luke xix. 10
clement_rome,homily,Rev,new_testament,Bible:Rev.3.2,Rev. iii. 2
clement_rome,homily,Matt,new_testament,Bible:Matt.10.32,Matt. x. 32
clement_rome,homily,Matt,new_testament,Bible:Matt.22.37,Matt. xxii. 37
clement_rome,homily,Isa,old_testament_or_other,Bible:Isa.29.13,Isa. xxix. 13
clement_rome,homily,Matt,new_testament,Bible:Matt.7.21,Matt. vii. 21
clement_rome,homily,Matt,new_testament,Bible:Matt.7.23,Matt. vii. 23
clement_rome,homily,Luke,new_testament,Bible:Luke.13.27,Luke xiii. 27
clement_rome,homily,Matt,new_testament,Bible:Matt.10.16,Matt. x. 16
clement_rome,homily,Matt,new_testament,Bible:Matt.10.28,Matt. x. 28
clement_rome,homily,Luke,new_testament,Bible:Luke.12.4-Luke.12.5,"Luke xii. 4, 5"
clement_rome,homily,Matt,new_testament,Bible:Matt.6.24,Matt. vi. 24
clement_rome,homily,Luke,new_testament,Bible:Luke.16.13,Luke xvi. 13
clement_rome,homily,Matt,new_testament,Bible:Matt.16.26,Matt. xvi. 26
clement_rome,homily,Ezek,old_testament_or_other,Bible:Ezek.14.14 Bible:Ezek.14.20,"Ezek. xiv. 14, 20"
clement_rome,homily,Eph,new_testament,Bible:Eph.1.13,Eph. i. 13
clement_rome,homily,Acts,new_testament,Bible:Acts.19.6,Acts xix. 6
clement_rome,homily,Isa,old_testament_or_other,Bible:Isa.66.24,Isa. lxvi. 24
clement_rome,homily,Luke,new_testament,Bible:Luke.16.10-Luke.16.12,Luke xvi. 10–12
clement_rome,homily,Matt,new_testament,Bible:Matt.12.50,Matt. xii. 50
clement_rome,homily,1Cor,new_testament,Bible:1Cor.2.9,1 Cor. ii. 9
clement_rome,homily,Acts,new_testament,Bible:Acts.5.41,Acts v. 41
clement_rome,homily,Isa,old_testament_or_other,Bible:Isa.52.5,Isa. lii. 5
clement_rome,homily,Ezek,old_testament_or_other,Bible:Ezek.36.20-Ezek.36.23,Ezek. xxxvi. 20–23
clement_rome,homily,Luke,new_testament,Bible:Luke.6.27 Bible:Luke.6.32,"Luke vi. 27, 32"
clement_rome,homily,Matt,new_testament,Bible:Matt.5.44 Bible:Matt.5.46,"Matt. v. 44, 46"
clement_rome,homily,Ps,old_testament_or_other,Bible:Ps.72,Ps. lxxii.
clement_rome,homily,Jer,old_testament_or_other,Bible:Jer.7.11,Jer. vii. 11
clement_rome,homily,Matt,new_testament,Bible:Matt.12.13,Matt. xii. 13
clement_rome,homily,Mark,new_testament,Bible:Mark.11.17,Mark xi. 17
clement_rome,homily,Luke,new_testament,Bible:Luke.19.46,Luke xix. 46
clement_rome,homily,Eph,new_testament,Bible:Eph.1.23,Eph. i. 23
clement_rome,homily,Gen,old_testament_or_other,Bible:Gen.1.27,Gen. i. 27
clement_rome,homily,Eph,new_testament,Bible:Eph.5.31-Eph.5.33,Eph. v. 31-33
clement_rome,homily,Heb,new_testament,Bible:Heb.9.24,Heb. ix. 24
clement_rome,homily,1Pet,new_testament,Bible:1Pet.3.21,1 Pet. iii. 21
clement_rome,homily,Jas,new_testament,Bible:Jas.5.19-Jas.5.20,"Jas. v. 19, 20"
clement_rome,homily,Isa,old_testament_or_other,Bible:Isa.58.9,Isa. lviii. 9
clement_rome,homily,Rom,new_testament,Bible:Rom.7.8 Bible:Rom.7.11,"Rom. vii. 8, 11"
clement_rome,homily,Mal,old_testament_or_other,Bible:Mal.4.1,Mal. iv. 1
clement_rome,homily,Isa,old_testament_or_other,Bible:Isa.34.4,Isa. xxxiv. 4
clement_rome,homily,Tob,deuterocanonical,Bible:Tob.12.8-Tob.12.9,"Tobit xii. 8, 9"
clement_rome,homily,1Pet,new_testament,Bible:1Pet.4.8,1 Pet. iv. 8
clement_rome,homily,Prov,old_testament_or_other,Bible:Prov.10.12,Prov. x. 12
clement_rome,homily,Jas,new_testament,Bible:Jas.5.20,Jas. v. 20
clement_rome,homily,Sir,deuterocanonical,Bible:Sir.3.30,Ecclus. iii. 30
clement_rome,homily,Heb,new_testament,Bible:Heb.10.1 Bible:Heb.10.22,"Heb. x. 1, 22"
clement_rome,homily,2Cor,new_testament,Bible:2Cor.13.11,2 Cor. xiii. 11
clement_rome,homily,Phil,new_testament,Bible:Phil.2.2,Phil. ii. 2
clement_rome,homily,Isa,old_testament_or_other,Bible:Isa.66.18,Isa. lxvi. 18
clement_rome,homily,Dan,old_testament_or_other,Bible:Dan.3.7,Dan. iii. 7
clement_rome,homily,1Pet,new_testament,Bible:1Pet.4.4 Bible:1Pet.4.12,"1 Pet. iv. 4, 12"
clement_rome,homily,John,new_testament,Bible:John.8.24,John viii. 24
clement_rome,homily,1Tim,new_testament,Bible:1Tim.2.1,1 Tim. ii. 1
clement_rome,homily,Eph,new_testament,Bible:Eph.4.18,Eph. iv. 18
clement_rome,homily,1Tim,new_testament,Bible:1Tim.1.17,1 Tim. i. 17
clement_rome,homily,Acts,new_testament,Bible:Acts.3.15,Acts iii. 15
clement_rome,homily,Heb,new_testament,Bible:Heb.2.10,Heb. ii. 10
anonymous,liturgies,Ps,old_testament_or_other,Bible:Ps.45.13,Ps. xlv. 13
anonymous,liturgies,Deut,old_testament_or_other,Bible:Deut.12.6,Deut. xii. 6
anonymous,liturgies,Deut,old_testament_or_other,Bible:Deut.12.24,Deut. xii. 24
anonymous,liturgies,Deut,old_testament_or_other,Bible:Deut.12.21,Deut. xii. 21
anonymous,liturgies,Exod,old_testament_or_other,Bible:Exod.23.17,Exod. xxiii. 17
anonymous,liturgies,Deut,old_testament_or_other,Bible:Deut.16.16,Deut. xvi. 16
anonymous,liturgies,Gen,old_testament_or_other,Bible:Gen.22.14,Gen. xxii. 14
anonymous,liturgies,Heb,new_testament,Bible:Heb.11.19,Heb. xi. 19
anonymous,liturgies,Ps,old_testament_or_other,Bible:Ps.78.67-Ps.78.69,Ps. lxxviii. 67–69
anonymous,liturgies,Heb,new_testament,Bible:Heb.9.22,Heb. ix. 22
anonymous,liturgies,Ps,old_testament_or_other,Bible:Ps.83.12,Ps. lxxxiii. 12
anonymous,liturgies,John,new_testament,Bible:John.4.21-John.4.23,John iv. 21–23
anonymous,liturgies,Mal,old_testament_or_other,Bible:Mal.1.11,Mal. i. 11
anonymous,liturgies,Acts,new_testament,Bible:Acts.3.24,Acts iii. 24
anonymous,liturgies,1Sam,old_testament_or_other,Bible:1Sam.10.5,1 Sam. x. 5
anonymous,liturgies,1Chr,old_testament_or_other,Bible:1Chr.9.22,1 Chron. ix. 22
anonymous,liturgies,Acts,new_testament,Bible:Acts.1.4,Acts i. 4
anonymous,liturgies,1Cor,new_testament,Bible:1Cor.7.17,1 Cor. vii. 17
anonymous,liturgies,Heb,new_testament,Bible:Heb.1.6,Heb. i. 6
anonymous,liturgies,1Pet,new_testament,Bible:1Pet.5.14,1 Pet. v. 14
anonymous,liturgies,Heb,new_testament,Bible:Heb.5.1-Heb.5.3,Heb. v. 1–3
anonymous,liturgies,Luke,new_testament,Bible:Luke.18.13,Luke xviii. 13
anonymous,liturgies,Ps,old_testament_or_other,Bible:Ps.23,Ps. xxiii
anonymous,liturgies,Ps,old_testament_or_other,Bible:Ps.34,Ps. xxxiv
anonymous,liturgies,Ps,old_testament_or_other,Bible:Ps.45,Ps. cxlv
anonymous,liturgies,Ps,old_testament_or_other,Bible:Ps.17,Ps. cxvii
anonymous,liturgies,1Tim,new_testament,Bible:1Tim.2.2,1 Tim. ii. 2
anonymous,liturgies,John,new_testament,Bible:John.10.16,John x. 16
anonymous,liturgies,Phil,new_testament,Bible:Phil.2.10,Phil. ii. 10
anonymous,liturgies,Ps,old_testament_or_other,Bible:Ps.42,Ps. xlii.
anonymous,liturgies,Ps,old_testament_or_other,Bible:Ps.42.1,Ps. xlii. 1
anonymous,liturgies,Rev,new_testament,Bible:Rev.5.6,Rev. v. 6
anonymous,liturgies,2Cor,new_testament,Bible:2Cor.5.19-2Cor.5.20,"2 Cor. v. 19, 20"
anonymous,liturgies,Ps,old_testament_or_other,Bible:Ps.51,Psalm li.
anonymous,liturgies,Ps,old_testament_or_other,Bible:Ps.23,Ps. cxxiii.
anonymous,liturgies,Ps,old_testament_or_other,Bible:Ps.38.7-Ps.38.8,"Ps. cxxxviii. 7, 8"
anonymous,liturgies,John,new_testament,Bible:John.6.32-John.6.40,John vi. 32–40
anonymous,liturgies,Col,new_testament,Bible:Col.4.10,Col. iv. 10
anonymous,liturgies,Acts,new_testament,Bible:Acts.12.12,Acts xii. 12
anonymous,liturgies,Exod,old_testament_or_other,Bible:Exod.34.5,Exod. xxxiv. 5
anonymous,liturgies,Ps,old_testament_or_other,Bible:Ps.19.108,Ps. cxix. 108
anonymous,liturgies,Acts,new_testament,Bible:Acts.16.19 Bible:Acts.19.27,"Acts xvi. 19, xix. 27"
