author_id,work_id,book,testament_group,osis_ref,passage
hippolytus,refutation,1Kgs,old_testament_or_other,Bible:1Kgs.12.14,1 Kings xii. 14
hippolytus,refutation,Rom,new_testament,Bible:Rom.11.17-Rom.11.21,Rom. xi. 17–21
hippolytus,refutation,John,new_testament,Bible:John.1.9,John i. 9
hippolytus,refutation,Gen,old_testament_or_other,Bible:Gen.1.3,Gen. i. 3
hippolytus,refutation,Acts,new_testament,Bible:Acts.13.28,Acts xiii. 28
hippolytus,refutation,Job,old_testament_or_other,Bible:Job.1.7,Job i. 7
hippolytus,refutation,Matt,new_testament,Bible:Matt.7.14,"Matt. vii.
14"
hippolytus,refutation,Isa,old_testament_or_other,Bible:Isa.53.8,Isa. liii. 8
hippolytus,refutation,Gal,new_testament,Bible:Gal.3.28,Gal. iii. 28
hippolytus,refutation,2Cor,new_testament,Bible:2Cor.5.17 Bible:Gal.6.15,"2 Cor. v. 17; Gal. vi
15"
hippolytus,refutation,Rom,new_testament,Bible:Rom.1.20-Rom.1.27,"Rom. i.
20–27"
hippolytus,refutation,Luke,new_testament,Bible:Luke.17.21,Luke xvii. 21
hippolytus,refutation,Prov,old_testament_or_other,Bible:Prov.24.16 Bible:Luke.17.4,"Prov. xxiv. 16; Luke xvii.
4"
hippolytus,refutation,Matt,new_testament,Bible:Matt.19.17 Bible:Mark.10.18 Bible:Luke.18.19,"Matt. xix. 17; Mark x. 18;
Luke xviii. 19"
hippolytus,refutation,Matt,new_testament,Bible:Matt.5.45,Matt. v. 45
hippolytus,refutation,Matt,new_testament,Bible:Matt.5.15 Bible:Matt.10.27,Matt. v. 15; x. 27
hippolytus,refutation,Ps,old_testament_or_other,Bible:Ps.2.9,Ps. ii. 9
hippolytus,refutation,Eph,new_testament,Bible:Eph.5.14,Eph. v. 14
hippolytus,refutation,Rom,new_testament,Bible:Rom.10.18,Rom. x. 18
hippolytus,refutation,Ps,old_testament_or_other,Bible:Ps.118.22 Bible:Isa.28.16,"Ps. cxviii. 22; Isa. xxviii.
16"
hippolytus,refutation,Eph,new_testament,Bible:Eph.3.15,Eph. iii. 15
hippolytus,refutation,Dan,old_testament_or_other,Bible:Dan.2.45,Dan. ii. 45
hippolytus,refutation,Ps,old_testament_or_other,Bible:Ps.82.6 Bible:Luke.6.35 Bible:John.10.34,"Ps. lxxxii. 6; Luke vi. 35;
John x. 34"
hippolytus,refutation,Gal,new_testament,Bible:Gal.4.26,Gal. iv. 26
hippolytus,refutation,John,new_testament,Bible:John.3.6,John iii. 6
hippolytus,refutation,Josh,old_testament_or_other,Bible:Josh.3.7-Josh.3.17,"Josh. iii.
7–17"
hippolytus,refutation,Matt,new_testament,Bible:Matt.13.13,Matt. xiii. 13
hippolytus,refutation,Isa,old_testament_or_other,Bible:Isa.28.10,"Isa.
xxviii. 10"
hippolytus,refutation,John,new_testament,Bible:John.1.3-John.1.4,"John i. 3, 4"
hippolytus,refutation,Gen,old_testament_or_other,Bible:Gen.44.2-Gen.44.5,"Gen. xliv.
2–5"
hippolytus,refutation,John,new_testament,Bible:John.2.1-John.2.11,"John ii.
1–11"
hippolytus,refutation,Matt,new_testament,Bible:Matt.13.33-Matt.13.34 Bible:Luke.17.21,"Matt. xiii. 33, 34; Luke xvii.
21"
hippolytus,refutation,John,new_testament,Bible:John.6.53 Bible:Mark.10.38,"John vi. 53; Mark x.
38"
hippolytus,refutation,John,new_testament,Bible:John.5.37,John v. 37
hippolytus,refutation,Ps,old_testament_or_other,Bible:Ps.29.3 Bible:Ps.29.10,"Ps. xxix. 3, 10"
hippolytus,refutation,Ps,old_testament_or_other,Bible:Ps.22.20-Ps.22.21 Bible:Ps.35.17,"Ps. xxii. 20, 21; xxxv.
17"
hippolytus,refutation,Isa,old_testament_or_other,Bible:Isa.41.8 Bible:Isa.43.1-Isa.43.2,"Isa. xli. 8; xliii. 1,
2"
hippolytus,refutation,Isa,old_testament_or_other,Bible:Isa.49.15,Isa. xlix. 15
hippolytus,refutation,Ps,old_testament_or_other,Bible:Ps.24.7-Ps.24.9,"Ps. xxiv.
7–9"
hippolytus,refutation,Ps,old_testament_or_other,Bible:Ps.22.6 Bible:Ps.24.8,"Ps. xxii. 6; xxiv.
8"
hippolytus,refutation,Job,old_testament_or_other,Bible:Job.41.8,Job xl. 27
hippolytus,refutation,Gen,old_testament_or_other,Bible:Gen.28.7 Bible:Gen.28.17,"Gen. xxviii.
7, 17"
hippolytus,refutation,John,new_testament,Bible:John.10.9 Bible:Matt.7.13,"John x. 9; Matt. vii.
13"
hippolytus,refutation,Eph,new_testament,Bible:Eph.2.17,Eph. ii. 17
hippolytus,refutation,Matt,new_testament,Bible:Matt.23.27,Matt. xxiii. 27
hippolytus,refutation,Matt,new_testament,Bible:Matt.27.52-Matt.27.53,"Matt. xxvii. 52,
53"
hippolytus,refutation,2Cor,new_testament,Bible:2Cor.12.2,2 Cor. xii. 2
hippolytus,refutation,1Cor,new_testament,Bible:1Cor.2.13-1Cor.2.14,"1 Cor. ii. 13, 14"
hippolytus,refutation,John,new_testament,Bible:John.6.44,John vi. 44
hippolytus,refutation,Matt,new_testament,Bible:Matt.7.21,Matt. vii. 21
hippolytus,refutation,Matt,new_testament,Bible:Matt.21.31,Matt. xxi. 31
hippolytus,refutation,1Cor,new_testament,Bible:1Cor.10.11,1 Cor. x. 11
hippolytus,refutation,Matt,new_testament,Bible:Matt.13.3-Matt.13.9 Bible:Mark.4.3-Mark.4.9 Bible:Luke.8.5-Luke.8.8,"Matt. xiii. 3–9; Mark
iv. 3–9; Luke viii. 5–8"
hippolytus,refutation,Deut,old_testament_or_other,Bible:Deut.31.20,Deut. xxxi. 20
hippolytus,refutation,Matt,new_testament,Bible:Matt.3.10 Bible:Luke.3.9,"Matt. iii. 10; Luke iii.
9"
hippolytus,refutation,Matt,new_testament,Bible:Matt.7.6,Matt. vii. 6
hippolytus,refutation,Isa,old_testament_or_other,Bible:Isa.54.1 Bible:Gal.4.27,"Isa. liv. 1; Gal. iv.
27"
hippolytus,refutation,Jer,old_testament_or_other,Bible:Jer.31.15 Bible:Matt.2.18,"Jer. xxxi. 15; Matt. ii.
18"
hippolytus,refutation,Jer,old_testament_or_other,Bible:Jer.17.9,Jer. xvii. 9
hippolytus,refutation,Isa,old_testament_or_other,Bible:Isa.7.14,Isa. vii. 14
hippolytus,refutation,Matt,new_testament,Bible:Matt.7.13-Matt.7.14,"Matt. vii. 13, 14"
hippolytus,refutation,John,new_testament,Bible:John.1.3,John i. 3
hippolytus,refutation,John,new_testament,Bible:John.4.21,John iv. 21
hippolytus,refutation,Matt,new_testament,Bible:Matt.13.31-Matt.13.32 Bible:Mark.4.31-Mark.4.32 Bible:Luke.13.19,"Matt. xiii. 31, 32; Mark iv.
31, 32; Luke xiii. 19"
hippolytus,refutation,Ps,old_testament_or_other,Bible:Ps.19.3,Ps. xix. 3
hippolytus,refutation,Deut,old_testament_or_other,Bible:Deut.33.17,Deut. xxxiii. 17
hippolytus,refutation,Gen,old_testament_or_other,Bible:Gen.2.10,Gen. ii. 10
hippolytus,refutation,Gen,old_testament_or_other,Bible:Gen.2.11-Gen.2.14,"Gen. ii.
11–14"
hippolytus,refutation,Gen,old_testament_or_other,Bible:Gen.1.7,Gen. i. 7
hippolytus,refutation,John,new_testament,Bible:John.4.10,John iv. 10
hippolytus,refutation,John,new_testament,Bible:John.1.9 Bible:John.9.1,John i. 9; ix. 1
hippolytus,refutation,Isa,old_testament_or_other,Bible:Isa.40.15,Isa. xl. 15
hippolytus,refutation,1Sam,old_testament_or_other,Bible:1Sam.10.1 Bible:1Sam.16.13,"1 Sam. x. 1; xvi.
13"
hippolytus,refutation,1Sam,old_testament_or_other,Bible:1Sam.16.14,1 Sam. xvi. 14
hippolytus,refutation,Col,new_testament,Bible:Col.1.19 Bible:Col.2.9,Col. i. 19; ii. 9
hippolytus,refutation,Exod,old_testament_or_other,Bible:Exod.15.27,Ex. xv. 27
hippolytus,refutation,Job,old_testament_or_other,Bible:Job.9.7,Job ix. 7
hippolytus,refutation,Exod,old_testament_or_other,Bible:Exod.4.2-Exod.4.4 Bible:Exod.4.17 Bible:Exod.7.9-Exod.7.13,"Ex. iv. 2–4, 17; vii.
9–13"
hippolytus,refutation,Gen,old_testament_or_other,Bible:Gen.4.15,Gen. iv. 15
hippolytus,refutation,Gen,old_testament_or_other,Bible:Gen.4.5,Gen. iv. 5
hippolytus,refutation,Gen,old_testament_or_other,Bible:Gen.27.1,Gen. xxvii. 1
hippolytus,refutation,Gen,old_testament_or_other,Bible:Gen.33.10,Gen. xxxiii. 10
hippolytus,refutation,Gen,old_testament_or_other,Bible:Gen.10.9,Gen. x. 9
hippolytus,refutation,John,new_testament,Bible:John.3.14-John.3.15,"John iii. 14, 15"
hippolytus,refutation,John,new_testament,Bible:John.1.1-John.1.4,John i. 1–4
hippolytus,refutation,Gen,old_testament_or_other,Bible:Gen.30.37-Gen.30.39,"Gen. xxx.
37–39"
hippolytus,refutation,Matt,new_testament,Bible:Matt.7.11,Matt. vii. 11
hippolytus,refutation,John,new_testament,Bible:John.8.44,John viii. 44
hippolytus,refutation,John,new_testament,Bible:John.10.7,John x. 7
hippolytus,refutation,Isa,old_testament_or_other,Bible:Isa.6.10,Isa. vi. 10
hippolytus,refutation,Ps,old_testament_or_other,Bible:Ps.29.3,Ps. xxix. 3
hippolytus,refutation,Phil,new_testament,Bible:Phil.2.7,Phil. ii. 7
hippolytus,refutation,Acts,new_testament,Bible:Acts.2.24,Acts ii. 24
hippolytus,refutation,John,new_testament,Bible:John.4.7-John.4.14,"John iv.
7–14"
hippolytus,refutation,Gen,old_testament_or_other,Bible:Gen.2.16-Gen.2.17,"Gen. ii. 16, 17"
hippolytus,refutation,Gen,old_testament_or_other,Bible:Gen.12.1,Gen. xii. 1
hippolytus,refutation,Exod,old_testament_or_other,Bible:Exod.20.13-Exod.20.15 Bible:Deut.5.17-Deut.5.19,"Ex. xx. 13–15; Deut. v.
17–19"
hippolytus,refutation,Matt,new_testament,Bible:Matt.10.34,Matt. x. 34
hippolytus,refutation,Matt,new_testament,Bible:Matt.10.5,Matt. x. 5
hippolytus,refutation,Isa,old_testament_or_other,Bible:Isa.64.4 Bible:1Cor.2.9,"Isa. lxiv. 4; 1 Cor. ii.
9"
hippolytus,refutation,Ps,old_testament_or_other,Bible:Ps.110.4 Bible:Heb.7.21,"Ps. cx. 4; Heb. vii.
21"
hippolytus,refutation,Rev,new_testament,Bible:Rev.3.14,Rev. iii. 14
hippolytus,refutation,Gen,old_testament_or_other,Bible:Gen.2.8,Gen. ii. 8
hippolytus,refutation,Gen,old_testament_or_other,Bible:Gen.1.28,Gen. i. 28
hippolytus,refutation,Ps,old_testament_or_other,Bible:Ps.117.19,Ps. cxvii. 19
hippolytus,refutation,Ps,old_testament_or_other,Bible:Ps.118.20,Ps. cxviii. 20
hippolytus,refutation,Ps,old_testament_or_other,Bible:Ps.110.1,Ps. cx. 1
hippolytus,refutation,Gal,new_testament,Bible:Gal.5.17,Gal. v. 17
hippolytus,refutation,John,new_testament,Bible:John.19.26,John xix. 26
hippolytus,refutation,1Cor,new_testament,Bible:1Cor.2.9,1 Cor. ii. 9
hippolytus,refutation,John,new_testament,Bible:John.4.14,John iv. 14
hippolytus,refutation,Gen,old_testament_or_other,Bible:Gen.1.6-Gen.1.7,"Gen. i. 6, 7"
hippolytus,refutation,Hos,old_testament_or_other,Bible:Hos.1.2,Hos. i. 2
hippolytus,refutation,Acts,new_testament,Bible:Acts.8.9-Acts.8.24,"Acts viii.
9–24"
hippolytus,refutation,Deut,old_testament_or_other,Bible:Deut.4.24,Deut. iv. 24
hippolytus,refutation,Dan,old_testament_or_other,Bible:Dan.4.10-Dan.4.12,"Dan. iv.
10–12"
hippolytus,refutation,Matt,new_testament,Bible:Matt.3.12 Bible:Luke.3.17,"Matt. iii. 12; Luke iii.
17"
hippolytus,refutation,1Pet,new_testament,Bible:1Pet.1.24,1 Pet. i. 24
hippolytus,refutation,Gen,old_testament_or_other,Bible:Gen.2.2,Gen. ii. 2
hippolytus,refutation,Prov,old_testament_or_other,Bible:Prov.8.22-Prov.8.24,"Prov. viii.
22–24"
hippolytus,refutation,Gen,old_testament_or_other,Bible:Gen.1.2,Gen. i. 2
hippolytus,refutation,Gen,old_testament_or_other,Bible:Gen.2.7,Gen. ii. 7
hippolytus,refutation,1Cor,new_testament,Bible:1Cor.11.32,1 Cor. xi. 32
hippolytus,refutation,Jer,old_testament_or_other,Bible:Jer.1.5,Jer. i. 5
hippolytus,refutation,Isa,old_testament_or_other,Bible:Isa.2.4,Isa. ii. 4
hippolytus,refutation,Rev,new_testament,Bible:Rev.1.8,Rev. i. 8
hippolytus,refutation,Gen,old_testament_or_other,Bible:Gen.3.24,Gen. iii. 24
hippolytus,refutation,Matt,new_testament,Bible:Matt.5.18,Matt. v. 18
hippolytus,refutation,Rev,new_testament,Bible:Rev.2.24,Rev. ii. 24
hippolytus,refutation,2Cor,new_testament,Bible:2Cor.2.11,"2 Cor.
ii. 11"
hippolytus,refutation,Prov,old_testament_or_other,Bible:Prov.8,Prov. viii.
hippolytus,refutation,Ps,old_testament_or_other,Bible:Ps.111.10 Bible:Prov.1.7 Bible:Prov.9.10,"Ps. cxi. 10; Prov. i. 7; ix.
10"
hippolytus,refutation,Dan,old_testament_or_other,Bible:Dan.7.9 Bible:Dan.7.13 Bible:Dan.7.22,"Dan. vii. 9, 13,
22"
hippolytus,refutation,Deut,old_testament_or_other,Bible:Deut.9.3 Bible:Ps.50.3 Bible:Heb.12.29,"Deut. ix. 3; Ps. l. 3; Heb.
xii. 29"
hippolytus,refutation,Deut,old_testament_or_other,Bible:Deut.4.35 Bible:Isa.45.5 Bible:Isa.45.14 Bible:Isa.45.18 Bible:Isa.45.21 Bible:Isa.45.22,"Deut. iv. 35; Isa. xlv. 5, 14,
18, 21, 22"
hippolytus,refutation,Eph,new_testament,Bible:Eph.3.14-Eph.3.18,"Eph. iii.
14–18"
hippolytus,refutation,1Cor,new_testament,Bible:1Cor.2.14,1 Cor. ii. 14
hippolytus,refutation,John,new_testament,Bible:John.10.8,John x. 8
hippolytus,refutation,Col,new_testament,Bible:Col.1.26,Col. i. 26
hippolytus,refutation,Luke,new_testament,Bible:Luke.1.35,Luke i. 35
hippolytus,refutation,Rom,new_testament,Bible:Rom.8.11-Rom.8.12,"Rom. viii. 11, 12"
hippolytus,refutation,Gen,old_testament_or_other,Bible:Gen.3.19,Gen. iii. 19
hippolytus,refutation,Exod,old_testament_or_other,Bible:Exod.6.2-Exod.6.3,"Ex. vi. 2, 3"
hippolytus,refutation,Gen,old_testament_or_other,Bible:Gen.49.18,"Gen. xlix.
18"
hippolytus,refutation,Matt,new_testament,Bible:Matt.17.1 Bible:Mark.9.2,"Matt. xvii. 1; Mark ix.
2"
hippolytus,refutation,Ps,old_testament_or_other,Bible:Ps.8.2,Ps. viii. 2
hippolytus,refutation,Ps,old_testament_or_other,Bible:Ps.19.1,Ps. xix. 1
hippolytus,refutation,Luke,new_testament,Bible:Luke.1.26-Luke.1.38,"Luke i.
26–38"
hippolytus,refutation,Luke,new_testament,Bible:Luke.15.4-Luke.15.10,"Luke xv.
4–10"
hippolytus,refutation,Ps,old_testament_or_other,Bible:Ps.133.2,Ps. cxxxiii. 2
hippolytus,refutation,Rom,new_testament,Bible:Rom.8.19 Bible:Rom.8.22,"Rom. viii. 19, 22"
hippolytus,refutation,Rom,new_testament,Bible:Rom.5.14,Rom. v. 14
hippolytus,refutation,Eph,new_testament,Bible:Eph.1.21,Eph. i. 21
hippolytus,refutation,Prov,old_testament_or_other,Bible:Prov.1.7,Prov. i. 7
hippolytus,refutation,1Cor,new_testament,Bible:1Cor.2.13,1 Cor. ii. 13
hippolytus,refutation,Ps,old_testament_or_other,Bible:Ps.32.5 Bible:Ps.51.3,"Ps. xxxii. 5; li.
3"
hippolytus,refutation,Eph,new_testament,Bible:Eph.3.3-Eph.3.5,"Eph. iii.
3–5"
hippolytus,refutation,2Cor,new_testament,Bible:2Cor.12.4,2 Cor. xii. 4
hippolytus,refutation,Rom,new_testament,Bible:Rom.8.19-Rom.8.22,"Rom. viii.
19–22"
hippolytus,refutation,John,new_testament,Bible:John.2.4,John ii. 4
hippolytus,refutation,Matt,new_testament,Bible:Matt.2.1-Matt.2.2,"Matt. ii. 1, 2"
hippolytus,refutation,Gen,old_testament_or_other,Bible:Gen.1.26,Gen. i. 26
hippolytus,refutation,1Tim,new_testament,Bible:1Tim.4.3,1 Tim. iv. 3
hippolytus,refutation,Gal,new_testament,Bible:Gal.3.19,Gal. iii. 19
hippolytus,refutation,Acts,new_testament,Bible:Acts.17.23,Acts xvii. 23
hippolytus,refutation,Acts,new_testament,Bible:Acts.6.5,Acts vi. 5
hippolytus,refutation,Rev,new_testament,Bible:Rev.2.6,Rev. ii. 6
hippolytus,refutation,Matt,new_testament,Bible:Matt.7.3-Matt.7.4 Bible:Luke.6.41-Luke.6.42,"Matt. vii. 3, 4; Luke vi. 41,
42"
hippolytus,refutation,Luke,new_testament,Bible:Luke.13.7,Luke xiii. 7
hippolytus,refutation,Matt,new_testament,Bible:Matt.21.19-Matt.21.20 Bible:Mark.11.13-Mark.11.14 Bible:Mark.11.20 Bible:Mark.11.21,"Matt. xxi. 19, 20; Mark xi.
13, 14, 20, 21"
hippolytus,refutation,Deut,old_testament_or_other,Bible:Deut.5.22,Deut. v. 22
hippolytus,refutation,Matt,new_testament,Bible:Matt.13.3-Matt.13.8 Bible:Mark.4.3-Mark.4.8 Bible:Luke.8.5-Luke.8.8,"Matt. xiii. 3–8; Mark
iv. 3–8; Luke viii. 5–8"
hippolytus,refutation,Gen,old_testament_or_other,Bible:Gen.1.4-Gen.1.5 Bible:Gen.1.7,"Gen. i. 4, 5, 7"
hippolytus,refutation,Gen,old_testament_or_other,Bible:Gen.1.1,Gen. i. 1
hippolytus,refutation,Exod,old_testament_or_other,Bible:Exod.3.2,Ex. iii. 2
hippolytus,refutation,Matt,new_testament,Bible:Matt.11.14-Matt.11.15,"Matt. xi. 14, 15"
hippolytus,refutation,Col,new_testament,Bible:Col.2.11 Bible:Col.2.14 Bible:Col.2.15,"Col. ii. 11, 14,
15"
hippolytus,refutation,John,new_testament,Bible:John.3.5-John.3.6,"John iii. 5, 6"
hippolytus,refutation,Col,new_testament,Bible:Col.1.19,Col. i. 19
hippolytus,refutation,Exod,old_testament_or_other,Bible:Exod.7 Bible:Exod.8,Ex. vii.; viii
hippolytus,refutation,Exod,old_testament_or_other,Bible:Exod.12.17 Bible:1Cor.5.7 Bible:1Cor.5.8,"Exod. xii. 17. Comp. 1 Cor. v. 7,
8"
hippolytus,refutation,Isa,old_testament_or_other,Bible:Isa.40.6,Isa. xl. 6
hippolytus,refutation,Ps,old_testament_or_other,Bible:Ps.19.4-Ps.19.5,"Ps. xix. 4, 5"
hippolytus,refutation,Gal,new_testament,Bible:Gal.5.3,Gal. v. 3
hippolytus,refutation,1Cor,new_testament,Bible:1Cor.5.7-1Cor.5.8,"1 Cor. v. 7, 8"
hippolytus,refutation,1Tim,new_testament,Bible:1Tim.4.1-1Tim.4.5,"1 Tim. iv.
1–5"
hippolytus,refutation,1Cor,new_testament,Bible:1Cor.11.19,1 Cor. xi. 19
hippolytus,refutation,Acts,new_testament,Bible:Acts.20.28-Acts.20.31,Acts xx. 28–31
hippolytus,refutation,Col,new_testament,Bible:Col.2.8 Bible:1Tim.6.20 Bible:Gal.4.3 Bible:Gal.4.9 Bible:Col.2.20,"Col. ii. 8; 1 Tim. vi. 20; Gal. iv. 3, 9;
Col. ii. 20"
hippolytus,refutation,2Pet,new_testament,Bible:2Pet.2.22,2 Pet. ii. 22
hippolytus,refutation,2Kgs,old_testament_or_other,Bible:2Kgs.6.5,2 Kings vi. 5
hippolytus,refutation,John,new_testament,Bible:John.4.19,John iv. 19
hippolytus,refutation,John,new_testament,Bible:John.14.11,John xiv. 11
hippolytus,refutation,1John,new_testament,Bible:1John.5.16,1 John v. 16
hippolytus,refutation,Rom,new_testament,Bible:Rom.14.4,Rom. xiv. 4
hippolytus,refutation,Matt,new_testament,Bible:Matt.13.30,Matt. xiii. 30
hippolytus,refutation,Matt,new_testament,Bible:Matt.14.19 Bible:1Tim.4.3-1Tim.4.5,"Matt. xiv. 19; 1 Tim. iv.
3–5"
hippolytus,refutation,Deut,old_testament_or_other,Bible:Deut.23.13,Deut. xxiii. 13
hippolytus,refutation,Matt,new_testament,Bible:Matt.22.20,Matt. xxii. 20
hippolytus,refutation,Col,new_testament,Bible:Col.2.9,Col. ii. 9
hippolytus,refutation,Ps,old_testament_or_other,Bible:Ps.29.3,"Ps.
xxix. 3"
hippolytus,refutation,Phil,new_testament,Bible:Phil.2.6-Phil.2.7,"Phil. ii. 6, 7"
hippolytus,refutation,Matt,new_testament,Bible:Matt.7.18,Matt. vii. 18
hippolytus,refutation,John,new_testament,Bible:John.10.17-John.10.18,"John x. 17, 18"
hippolytus,refutation,Gen,old_testament_or_other,Bible:Gen.46.11,"Gen. xlvi.
11"
hippolytus,refutation,Gen,old_testament_or_other,Bible:Gen.11.26,"Gen. xi.
26"
hippolytus,refutation,Gen,old_testament_or_other,Bible:Gen.11.16,Gen. xi. 16
hippolytus,refutation,Gen,old_testament_or_other,Bible:Gen.10.25 Bible:1Chr.1.19,"Gen. x. 25, and 1 Chron. i.
19"
hippolytus,refutation,Matt,new_testament,Bible:Matt.25.21 Bible:Matt.25.23 Bible:Luke.16.10-Luke.16.12,"Matt. xxv. 21, 23; Luke xvi.
10, 11, 12"
hippolytus,refutation,2Pet,new_testament,Bible:2Pet.1.4,2 Pet. i. 4
hippolytus,refutation,Ps,old_testament_or_other,Bible:Ps.32.9,Ps. xxxii. 9
hippolytus,refutation,Ps,old_testament_or_other,Bible:Ps.110.3 Bible:2Pet.1.18-2Pet.1.19,"Ps. cx. 3; 2 Pet. i. 18,
19"
hippolytus,refutation,1Cor,new_testament,Bible:1Cor.5.7 Bible:2Cor.5.17 Bible:Gal.6.15,"1 Cor. v.
7; 2 Cor. v. 17; Gal. vi. 15"
hippolytus,refutation,2Pet,new_testament,Bible:2Pet.2.4,2 Pet. ii. 4
hippolytus,refutation,2Pet,new_testament,Bible:2Pet.1.4 Bible:John.17.22-John.17.23 Bible:Rev.3.21,"2 Pet. i. 4 compared with John xvii. 22, 23, and
Rev. iii. 21"
hippolytus,refutation,Gen,old_testament_or_other,Bible:Gen.3.5,Gen. iii. 5
hippolytus,refutation,John,new_testament,Bible:John.10.34 Bible:Rev.5.10,John x. 34 with Rev. v. 10
hippolytus,refutation,Isa,old_testament_or_other,Bible:Isa.28.13,xxviii. 13
hippolytus,refutation,1Pet,new_testament,Bible:1Pet.5.3,"1 Pet.
v. 3"
hippolytus,refutation,1Cor,new_testament,Bible:1Cor.4.15,"1
Cor. iv. 15"
hippolytus,refutation,Matt,new_testament,Bible:Matt.23,Matt. xxiii
hippolytus,refutation,1Pet,new_testament,Bible:1Pet.5.1-1Pet.5.3,"1
Pet. v. 1–3"
hippolytus,refutation,Acts,new_testament,Bible:Acts.5.13,"Acts v.
13"
hippolytus,refutation,Ps,old_testament_or_other,Bible:Ps.106.30-Ps.106.31,"Ps. cvi.
30–31"
hippolytus,refutation,2Thess,new_testament,Bible:2Thess.2.8,2 Thess. ii. 8
hippolytus,refutation,2Pet,new_testament,Bible:2Pet.2.4,ii. 4
hippolytus,fragments,Gen,old_testament_or_other,Bible:Gen.1.5,Gen. i. 5
hippolytus,fragments,Gen,old_testament_or_other,Bible:Gen.1.6,Gen. i. 6
hippolytus,fragments,Gen,old_testament_or_other,Bible:Gen.1.6-Gen.1.7,"Gen. i. 6, 7"
hippolytus,fragments,Gen,old_testament_or_other,Bible:Gen.3.8,Gen. iii. 8
hippolytus,fragments,Gen,old_testament_or_other,Bible:Gen.49.3,Gen. xlix. 3
hippolytus,fragments,Gen,old_testament_or_other,Bible:Gen.49.4,Gen. xlix. 4
hippolytus,fragments,Gen,old_testament_or_other,Bible:Gen.49.5,Gen. xlix. 5
hippolytus,fragments,Ps,old_testament_or_other,Bible:Ps.2.2,Ps. ii. 2
hippolytus,fragments,Gen,old_testament_or_other,Bible:Gen.49.7,Gen. xlix. 7
hippolytus,fragments,Matt,new_testament,Bible:Matt.27.25,Matt. xxvii. 25
hippolytus,fragments,Deut,old_testament_or_other,Bible:Deut.33.8,Deut. xxxiii. 8
hippolytus,fragments,Acts,new_testament,Bible:Acts.4.36 Bible:Acts.6.7,"Acts iv. 36 and vi.
7"
hippolytus,fragments,Luke,new_testament,Bible:Luke.2.25,Luke ii. 25
hippolytus,fragments,Gen,old_testament_or_other,Bible:Gen.49.11,Gen. xlix. 11
hippolytus,fragments,Gen,old_testament_or_other,Bible:Gen.49.12-Gen.49.15,Gen. xlix. 12–15
hippolytus,fragments,Matt,new_testament,Bible:Matt.4.15-Matt.4.16,"Matt. iv. 15, 16"
hippolytus,fragments,Deut,old_testament_or_other,Bible:Deut.33.18,Deut. xxxiii. 18
hippolytus,fragments,Matt,new_testament,Bible:Matt.11.28,Matt. xi. 28
hippolytus,fragments,Matt,new_testament,Bible:Matt.5.17,Matt. v. 17
hippolytus,fragments,Gen,old_testament_or_other,Bible:Gen.49.16-Gen.49.20,Gen. xlix. 16–20
hippolytus,fragments,Luke,new_testament,Bible:Luke.2.34,Luke ii. 34
hippolytus,fragments,Gen,old_testament_or_other,Bible:Gen.3.15,Gen. iii. 15
hippolytus,fragments,Ps,old_testament_or_other,Bible:Ps.45.16,"Ps.
xliv. 17 (English, xlv. 16)"
hippolytus,fragments,Gen,old_testament_or_other,Bible:Gen.3.15,Gen. iii 15
hippolytus,fragments,Matt,new_testament,Bible:Matt.25.34,Matt. xxv. 34
hippolytus,fragments,2Cor,new_testament,Bible:2Cor.13.4,2 Cor. xiii. 4
hippolytus,fragments,John,new_testament,Bible:John.6.35,John vi. 35
hippolytus,fragments,Gen,old_testament_or_other,Bible:Gen.49.21-Gen.49.26,Gen. xlix. 21–26
hippolytus,fragments,Ps,old_testament_or_other,Bible:Ps.110.1,Ps. cx. 1
hippolytus,fragments,Matt,new_testament,Bible:Matt.4.15,Matt. iv. 15
hippolytus,fragments,Matt,new_testament,Bible:Matt.4.17,Matt. iv. 17
hippolytus,fragments,Phil,new_testament,Bible:Phil.3.15,Phil. iii. 15
hippolytus,fragments,Ps,old_testament_or_other,Bible:Ps.45.11,Ps. xlv. 11
hippolytus,fragments,Phil,new_testament,Bible:Phil.2.7-Phil.2.9,"Phil. ii.
7–9"
hippolytus,fragments,John,new_testament,Bible:John.17.5,John xvii. 5
hippolytus,fragments,1Cor,new_testament,Bible:1Cor.15.47,1 Cor. xv. 47
hippolytus,fragments,Matt,new_testament,Bible:Matt.21.31,Matt. xxi. 31
hippolytus,fragments,Matt,new_testament,Bible:Matt.20.16,Matt. xx. 16
hippolytus,fragments,John,new_testament,Bible:John.1.16,John i. 16
hippolytus,fragments,Gen,old_testament_or_other,Bible:Gen.48.3-Gen.48.4,"Gen. xlviii. 3, 4"
hippolytus,fragments,Gen,old_testament_or_other,Bible:Gen.49.27,Gen. xlix. 27
hippolytus,fragments,Gen,old_testament_or_other,Bible:Gen.2.7,Gen. ii. 7
hippolytus,fragments,Num,old_testament_or_other,Bible:Num.18,Num. xviii.
hippolytus,fragments,Gen,old_testament_or_other,Bible:Gen.27,Gen. xxvii.
hippolytus,fragments,Gen,old_testament_or_other,Bible:Gen.25.23,Gen. xxv. 23
hippolytus,fragments,Gen,old_testament_or_other,Bible:Gen.27.9,Gen. xxvii. 9
hippolytus,fragments,Gen,old_testament_or_other,Bible:Gen.27.20,Gen. xxvii. 20
hippolytus,fragments,Gen,old_testament_or_other,Bible:Gen.27.41,Gen. xxvii. 41
hippolytus,fragments,1Tim,new_testament,Bible:1Tim.2.5,1 Tim. ii. 5
hippolytus,fragments,Gal,new_testament,Bible:Gal.3.20,Gal. iii. 20
hippolytus,fragments,1Sam,old_testament_or_other,Bible:1Sam.28,"1 Sam.
xxviii."
hippolytus,fragments,Acts,new_testament,Bible:Acts.3.24,Acts iii. 24
hippolytus,fragments,Ps,old_testament_or_other,Bible:Ps.3,Psalm II
hippolytus,fragments,Ps,old_testament_or_other,Bible:Ps.23,"Psalm XXII. Or
XXIII"
hippolytus,fragments,Ps,old_testament_or_other,Bible:Ps.38.6,Ps. xxxviii. 6
hippolytus,fragments,Ps,old_testament_or_other,Bible:Ps.24,Psalm XXIII. Or XXIV
hippolytus,fragments,Ps,old_testament_or_other,Bible:Ps.23,Ps. xxiii.
hippolytus,fragments,Ps,old_testament_or_other,Bible:Ps.24.7,Ps. xxiv. 7
hippolytus,fragments,Ps,old_testament_or_other,Bible:Ps.110,Psalm CIX. Or CX
hippolytus,fragments,Ps,old_testament_or_other,Bible:Ps.78,"Psalm LXXVII. Or
LXXVIII"
hippolytus,fragments,Deut,old_testament_or_other,Bible:Deut.32.33,Deut. xxxii. 33
hippolytus,fragments,Gal,new_testament,Bible:Gal.5.22,Gal. v. 22
hippolytus,fragments,Ps,old_testament_or_other,Bible:Ps.36.6,Ps. xxxvi. 6
hippolytus,fragments,Ps,old_testament_or_other,Bible:Ps.78.54,Ps. lxxviii. 54
hippolytus,fragments,Jer,old_testament_or_other,Bible:Jer.49.14,"Jer. xlix.
14"
hippolytus,fragments,Isa,old_testament_or_other,Bible:Isa.45.7,Isa. xlv. 7
hippolytus,fragments,1Kgs,old_testament_or_other,Bible:1Kgs.3.12,1 Kings iii. 12
hippolytus,fragments,Prov,old_testament_or_other,Bible:Prov.1.3,Prov. i. 3
hippolytus,fragments,Prov,old_testament_or_other,Bible:Prov.1.11,"Ch.
i. 11"
hippolytus,fragments,Prov,old_testament_or_other,Bible:Prov.3.35,"Ch.
iii. 35"
hippolytus,fragments,Prov,old_testament_or_other,Bible:Prov.4.2,Prov. iv. 2
hippolytus,fragments,Prov,old_testament_or_other,Bible:Prov.4.8,"Ch.
iv. 8"
hippolytus,fragments,Prov,old_testament_or_other,Bible:Prov.4.14,"Ch.
iv. 14"
hippolytus,fragments,Prov,old_testament_or_other,Bible:Prov.4.25,"Ch.
iv. 25"
hippolytus,fragments,Prov,old_testament_or_other,Bible:Prov.4.27,"Ch.
iv. 27"
hippolytus,fragments,Prov,old_testament_or_other,Bible:Prov.27.16,ch. xxvii. 16
hippolytus,fragments,Prov,old_testament_or_other,Bible:Prov.5.19,Prov. v. 19
hippolytus,fragments,Prov,old_testament_or_other,Bible:Prov.6.27,"Ch.
vi. 27"
hippolytus,fragments,Job,old_testament_or_other,Bible:Job.31.1,Job xxxi. 1
hippolytus,fragments,Prov,old_testament_or_other,Bible:Prov.7.22,Prov. vii. 22
hippolytus,fragments,1Kgs,old_testament_or_other,Bible:1Kgs.10.22,"1
Kings x. 22"
hippolytus,fragments,Prov,old_testament_or_other,Bible:Prov.7.26,Prov. vii. 26
hippolytus,fragments,Prov,old_testament_or_other,Bible:Prov.9.1,"Ch.
ix. 1"
hippolytus,fragments,Prov,old_testament_or_other,Bible:Prov.9.12,"Ch. ix.
12"
hippolytus,fragments,Prov,old_testament_or_other,Bible:Prov.11.30,Ch. xi. 30
hippolytus,fragments,Prov,old_testament_or_other,Bible:Prov.12.2,"Ch.
xii. 2"
hippolytus,fragments,Prov,old_testament_or_other,Bible:Prov.17.27,Ch. xvii. 27
hippolytus,fragments,Prov,old_testament_or_other,Bible:Prov.30.15,Ch. xxx. 15
hippolytus,fragments,2Pet,new_testament,Bible:2Pet.2.4,"2 Pet. ii.
4"
hippolytus,fragments,Prov,old_testament_or_other,Bible:Prov.30.19,Prov. xxx. 19
hippolytus,fragments,John,new_testament,Bible:John.14.30,John xiv. 30
hippolytus,fragments,Prov,old_testament_or_other,Bible:Prov.30.17,Ch. xxx. 17
hippolytus,fragments,Prov,old_testament_or_other,Bible:Prov.30.18-Prov.30.19,"Prov. xxx. 18, 19"
hippolytus,fragments,Zech,old_testament_or_other,Bible:Zech.6.12,"Zech.
vi. 12"
hippolytus,fragments,Prov,old_testament_or_other,Bible:Prov.30.20,Ch. xxx. 20
hippolytus,fragments,Prov,old_testament_or_other,Bible:Prov.30.21-Prov.30.23,Ch. xxx. 21–23
hippolytus,fragments,Prov,old_testament_or_other,Bible:Prov.30.24-Prov.30.28,Ch. xxx. 24–28
hippolytus,fragments,Prov,old_testament_or_other,Bible:Prov.30.29,Prov. xxx. 29
hippolytus,fragments,Prov,old_testament_or_other,Bible:Prov.27.22,xxvii. 22
hippolytus,fragments,1Tim,new_testament,Bible:1Tim.5.30,1 Tim. v. 30
hippolytus,fragments,Prov,old_testament_or_other,Bible:Prov.30.21,Ch. xxx. 21
hippolytus,fragments,Prov,old_testament_or_other,Bible:Prov.9.1,"Prov. ix.
1"
hippolytus,fragments,John,new_testament,Bible:John.1.14,John i. 14
hippolytus,fragments,Isa,old_testament_or_other,Bible:Isa.11.2,Isa. xi. 2
hippolytus,fragments,Ps,old_testament_or_other,Bible:Ps.44.2 Bible:Rom.8.36,"Ps. xliv. 2; Rom. viii.
36"
hippolytus,fragments,Song,old_testament_or_other,Bible:Song.4.16,Canticles iv. 16
hippolytus,fragments,1Kgs,old_testament_or_other,Bible:1Kgs.4.32,1 Kings iv. 32
hippolytus,fragments,Prov,old_testament_or_other,Bible:Prov.25.1,Prov. xxv. 1
hippolytus,fragments,Num,old_testament_or_other,Bible:Num.193,Num. 193
hippolytus,fragments,Isa,old_testament_or_other,Bible:Isa.38.5 Bible:Isa.38.7 Bible:Isa.38.8,"Isa. xxxviii. 5, 7,
8"
hippolytus,fragments,Josh,old_testament_or_other,Bible:Josh.10.12,Josh. x. 12
hippolytus,fragments,Isa,old_testament_or_other,Bible:Isa.19.1,ch. xix. 1
hippolytus,fragments,Jer,old_testament_or_other,Bible:Jer.17.11,Jer. xvii. 11
hippolytus,fragments,2Chr,old_testament_or_other,Bible:2Chr.3.1 Bible:2Chr.3.3 Bible:2Chr.3.4,"2 Chron. iii. 1, 3,
4"
hippolytus,fragments,1Chr,old_testament_or_other,Bible:1Chr.3.15,"1 Chron.
iii. 15"
hippolytus,fragments,2Kgs,old_testament_or_other,Bible:2Kgs.24.10,2 Kings xxiv. 10
hippolytus,fragments,2Kgs,old_testament_or_other,Bible:2Kgs.25.27,2 Kings xxv. 27
hippolytus,fragments,Jer,old_testament_or_other,Bible:Jer.22.24,Jer. xxii. 24
hippolytus,fragments,Jer,old_testament_or_other,Bible:Jer.25.11,Jer. xxv. 11
hippolytus,fragments,Dan,old_testament_or_other,Bible:Dan.7.4,Dan. vii. 4
hippolytus,fragments,Dan,old_testament_or_other,Bible:Dan.7,Dan. vii
hippolytus,fragments,Ps,old_testament_or_other,Bible:Ps.90.4,Ps. xc. 4
hippolytus,fragments,Rev,new_testament,Bible:Rev.17.10,Apoc. xvii. 10
hippolytus,fragments,Exod,old_testament_or_other,Bible:Exod.25.10,Ex. xxv. 10
hippolytus,fragments,John,new_testament,Bible:John.19.14,John xix. 14
hippolytus,fragments,Dan,old_testament_or_other,Bible:Dan.9.24,Dan. ix. 24
hippolytus,fragments,1Sam,old_testament_or_other,Bible:1Sam.2.35,1 Sam. ii. 35
hippolytus,fragments,John,new_testament,Bible:John.1.29,John i. 29
hippolytus,fragments,Eph,new_testament,Bible:Eph.2.14,Eph. ii. 14
hippolytus,fragments,Col,new_testament,Bible:Col.2.14,Col. ii. 14
hippolytus,fragments,Isa,old_testament_or_other,Bible:Isa.61.1 Bible:Luke.4.18,"Isa. lxi. 1; Luke iv.
18"
hippolytus,fragments,Luke,new_testament,Bible:Luke.13.15-Luke.13.16,"Luke xiii. 15, 16"
hippolytus,fragments,Isa,old_testament_or_other,Bible:Isa.49.9,Isa. xlix. 9
hippolytus,fragments,Isa,old_testament_or_other,Bible:Isa.29.11,Isa. xxix. 11
hippolytus,fragments,Rev,new_testament,Bible:Rev.3.7,"Apoc.
iii. 7"
hippolytus,fragments,Rev,new_testament,Bible:Rev.5,"Apoc.
v"
hippolytus,fragments,Matt,new_testament,Bible:Matt.10.27,Matt. x. 27
hippolytus,fragments,Dan,old_testament_or_other,Bible:Dan.10.6,Dan. x. 6
hippolytus,fragments,Isa,old_testament_or_other,Bible:Isa.1.26,Isa. i. 26
hippolytus,fragments,Rev,new_testament,Bible:Rev.19.6,Apoc. xix. 6
hippolytus,fragments,Exod,old_testament_or_other,Bible:Exod.32.4 Bible:Exod.33.3,"Ex. xxxii. 4; xxxiii.
3"
hippolytus,fragments,1Macc,deuterocanonical,Bible:1Macc.2.33,1 Macc. ii. 33
hippolytus,fragments,Dan,old_testament_or_other,Bible:Dan.11.33,Dan. xi. 33
hippolytus,fragments,1Macc,deuterocanonical,Bible:1Macc.10,1 Macc. x
hippolytus,fragments,Rev,new_testament,Bible:Rev.11.3,Apoc. xi. 3
hippolytus,fragments,Isa,old_testament_or_other,Bible:Isa.11.14,Isa. xi. 14
hippolytus,fragments,Matt,new_testament,Bible:Matt.24.12,Matt. xxiv. 12
hippolytus,fragments,Dan,old_testament_or_other,Bible:Dan.1.1,Chap. i. 1
hippolytus,fragments,Dan,old_testament_or_other,Bible:Dan.2.3,Chap. ii. 3
hippolytus,fragments,Hos,old_testament_or_other,Bible:Hos.14.9,Hos. xiv. 9
hippolytus,fragments,Exod,old_testament_or_other,Bible:Exod.7.1,Ex. vii. 1
hippolytus,fragments,Dan,old_testament_or_other,Bible:Dan.3.1,Chap. iii. 1
hippolytus,fragments,Dan,old_testament_or_other,Bible:Dan.7.1,Chap. vii. 1
hippolytus,fragments,Dan,old_testament_or_other,Bible:Dan.9.21,Chap. ix. 21
hippolytus,fragments,Dan,old_testament_or_other,Bible:Dan.10.6,Chap. x. 6
hippolytus,fragments,Dan,old_testament_or_other,Bible:Dan.12.1,Chap. xii. 1
hippolytus,fragments,Matt,new_testament,Bible:Matt.13.43,Matt. xiii. 43
hippolytus,fragments,Dan,old_testament_or_other,Bible:Dan.7.13,Dan. vii. 13
hippolytus,fragments,2Kgs,old_testament_or_other,Bible:2Kgs.22.8,2 Kings xxii. 8
hippolytus,fragments,Jer,old_testament_or_other,Bible:Jer.43.8,Jer. xliii. 8
hippolytus,fragments,Gal,new_testament,Bible:Gal.2.4,Gal. ii. 4
hippolytus,fragments,Prov,old_testament_or_other,Bible:Prov.1.32,Prov. i. 32
hippolytus,fragments,1Cor,new_testament,Bible:1Cor.10.11,1 Cor. x. 11
hippolytus,fragments,Matt,new_testament,Bible:Matt.7.13-Matt.7.14,"Matt. vii. 13, 14"
hippolytus,fragments,Isa,old_testament_or_other,Bible:Isa.58.9,Isa. lviii. 9
hippolytus,fragments,Tob,deuterocanonical,Bible:Tob.3.17,Tobit iii. 17
hippolytus,fragments,Prov,old_testament_or_other,Bible:Prov.26.27,Prov. xxvi. 27
hippolytus,fragments,Matt,new_testament,Bible:Matt.6.11,Matt. vi. 11
hippolytus,fragments,Luke,new_testament,Bible:Luke.2.7,Chap. ii. 7
hippolytus,fragments,Luke,new_testament,Bible:Luke.23,Chap. xxiii
hippolytus,fragments,Song,old_testament_or_other,Bible:Song.4.6,Cant. iv. 6
hippolytus,fragments,Gen,old_testament_or_other,Bible:Gen.7.6,"Gen. vii.
6"
hippolytus,fragments,Gen,old_testament_or_other,Bible:Gen.1.9,Gen. i. 9
hippolytus,fragments,Gen,old_testament_or_other,Bible:Gen.8,Gen. viii.
hippolytus,fragments,Deut,old_testament_or_other,Bible:Deut.33,Deut. xxxiii.
hippolytus,fragments,Luke,new_testament,Bible:Luke.7.41,Luke vii. 41
hippolytus,fragments,Dan,old_testament_or_other,Bible:Dan.8.13,Dan. viii. 13
hippolytus,fragments,Gen,old_testament_or_other,Bible:Gen.6.3,Gen. vi. 3
hippolytus,fragments,Isa,old_testament_or_other,Bible:Isa.53.9,Isa. liii. 9
hippolytus,fragments,John,new_testament,Bible:John.3.31,John iii. 31
hippolytus,fragments,Sir,deuterocanonical,Bible:Sir.1.26,Ecclus. i. 26
hippolytus,fragments,Ps,old_testament_or_other,Bible:Ps.1,Ps. i.
hippolytus,fragments,Ps,old_testament_or_other,Bible:Ps.31.22,"Psalm xxxi.
22"
hippolytus,fragments,Ps,old_testament_or_other,Bible:Ps.55.15,"Psalm lv.
15"
hippolytus,fragments,Ps,old_testament_or_other,Bible:Ps.58.11,"Psalm lviii.
11"
hippolytus,fragments,Ps,old_testament_or_other,Bible:Ps.59.11,"Psalm lix.
11"
hippolytus,fragments,Ps,old_testament_or_other,Bible:Ps.62.6,"Psalm lxii.
6"
hippolytus,fragments,Ps,old_testament_or_other,Bible:Ps.68.18,"Psalm lxviii.
18"
hippolytus,fragments,Ps,old_testament_or_other,Bible:Ps.89.4,"Psalm lxxxix.
4"
hippolytus,fragments,Ps,old_testament_or_other,Bible:Ps.96.11,"Psalm xcvi.
11"
hippolytus,fragments,Ps,old_testament_or_other,Bible:Ps.119.30-Ps.119.32,"Psalm cxix.
30–32"
hippolytus,fragments,Ps,old_testament_or_other,Bible:Ps.127.7,"Psalm cxxvii.
7"
hippolytus,fragments,Ps,old_testament_or_other,Bible:Ps.139.15,"Psalm cxxxix.
15"
hippolytus,fragments,Eccl,old_testament_or_other,Bible:Eccl.11.5,Eccles. xi. 5
hippolytus,fragments,1Tim,new_testament,Bible:1Tim.6.20-1Tim.6.21,"1 Tim. vi. 20, 21"
hippolytus,fragments,2Tim,new_testament,Bible:2Tim.2.1-2Tim.2.2,"2 Tim. ii. 1, 2"
hippolytus,fragments,2Thess,new_testament,Bible:2Thess.3.2,2 Thess. iii. 2
hippolytus,fragments,2Pet,new_testament,Bible:2Pet.1.21,2 Pet. i. 21
hippolytus,fragments,1Sam,old_testament_or_other,Bible:1Sam.9.9,1 Sam. ix. 9
hippolytus,fragments,Isa,old_testament_or_other,Bible:Isa.42.1 Bible:Matt.12.18,"Isa. xlii. 1; Matt. xii.
18"
hippolytus,fragments,Isa,old_testament_or_other,Bible:Isa.56.3-Isa.56.4,"Isa. lvi. 3, 4"
hippolytus,fragments,Eph,new_testament,Bible:Eph.4.13,Eph. iv. 13
hippolytus,fragments,Rev,new_testament,Bible:Rev.5.5,Rev. v. 5
hippolytus,fragments,Gen,old_testament_or_other,Bible:Gen.49.8,Gen. xlix. 8
hippolytus,fragments,John,new_testament,Bible:John.18.37,John xviii. 37
hippolytus,fragments,John,new_testament,Bible:John.11.52,John xi. 52
hippolytus,fragments,John,new_testament,Bible:John.2.19,John ii. 19
hippolytus,fragments,Gen,old_testament_or_other,Bible:Gen.49.8-Gen.49.12,"Gen. xlix.
8–12"
hippolytus,fragments,Isa,old_testament_or_other,Bible:Isa.11.1,Isa. xi. 1
hippolytus,fragments,Isa,old_testament_or_other,Bible:Isa.1.21,Isa. i. 21
hippolytus,fragments,Ps,old_testament_or_other,Bible:Ps.3.5,Ps. iii. 5
hippolytus,fragments,Gal,new_testament,Bible:Gal.1.1,Gal. i. 1
hippolytus,fragments,John,new_testament,Bible:John.15.1,John xv. 1
hippolytus,fragments,Deut,old_testament_or_other,Bible:Deut.33.22,Deut. xxxiii. 22
hippolytus,fragments,Rev,new_testament,Bible:Rev.7,Rev. vii
hippolytus,fragments,Judg,old_testament_or_other,Bible:Judg.18,Judg. xviii
hippolytus,fragments,Gen,old_testament_or_other,Bible:Gen.49.17,Gen. xlix. 17
hippolytus,fragments,Gen,old_testament_or_other,Bible:Gen.3.1,Gen. iii. 1
hippolytus,fragments,Gen,old_testament_or_other,Bible:Gen.49.16,Gen. xlix. 16
hippolytus,fragments,Jer,old_testament_or_other,Bible:Jer.8.16,Jer. viii. 16
hippolytus,fragments,Isa,old_testament_or_other,Bible:Isa.10.12-Isa.10.17,"Isa. x.
12–17"
hippolytus,fragments,Isa,old_testament_or_other,Bible:Isa.14.4-Isa.14.21,"Isa. xiv.
4–21"
hippolytus,fragments,Ezek,old_testament_or_other,Bible:Ezek.28.2-Ezek.28.10,"Ezek. xxviii.
2–10"
hippolytus,fragments,Dan,old_testament_or_other,Bible:Dan.2.31-Dan.2.35,"Dan. ii.
31–35"
hippolytus,fragments,Dan,old_testament_or_other,Bible:Dan.7.2-Dan.7.8,"Dan. vii.
2–8"
hippolytus,fragments,Dan,old_testament_or_other,Bible:Dan.7.9-Dan.7.12,"Dan. vii.
9–12"
hippolytus,fragments,Dan,old_testament_or_other,Bible:Dan.7.13-Dan.7.14,"Dan. vii. 13, 14"
hippolytus,fragments,Dan,old_testament_or_other,Bible:Dan.7.21 Bible:Dan.7.11,"Dan. vii. 21, 11"
hippolytus,fragments,Dan,old_testament_or_other,Bible:Dan.2.34 Bible:Dan.2.45,"Dan. ii. 34, 45"
hippolytus,fragments,Matt,new_testament,Bible:Matt.28.18,Matt. xxviii. 18
hippolytus,fragments,Phil,new_testament,Bible:Phil.2.10,Phil. ii. 10
hippolytus,fragments,1Pet,new_testament,Bible:1Pet.3.19,1 Pet. iii. 19
hippolytus,fragments,2Tim,new_testament,Bible:2Tim.3.1-2Tim.3.3,"2 Tim.
iii. 1–3"
hippolytus,fragments,Rev,new_testament,Bible:Rev.17.9,Rev. xvii. 9
hippolytus,fragments,Isa,old_testament_or_other,Bible:Isa.1.7-Isa.1.8,"Isa. i. 7, 8"
hippolytus,fragments,2Tim,new_testament,Bible:2Tim.4.8,2 Tim. iv. 8
hippolytus,fragments,Jer,old_testament_or_other,Bible:Jer.1.5,Jer. i. 5
hippolytus,fragments,Dan,old_testament_or_other,Bible:Dan.8.2-Dan.8.8,"Dan. viii.
2–8"
hippolytus,fragments,Dan,old_testament_or_other,Bible:Dan.7.6,Dan. vii. 6
hippolytus,fragments,Isa,old_testament_or_other,Bible:Isa.47.1-Isa.47.15,"Isa. xlvii.
1–15"
hippolytus,fragments,Rev,new_testament,Bible:Rev.17 Bible:Rev.18,Rev. xvii.; xviii
hippolytus,fragments,Dan,old_testament_or_other,Bible:Dan.9.27,Dan. ix. 27
hippolytus,fragments,Isa,old_testament_or_other,Bible:Isa.53.2-Isa.53.5,"Isa. liii.
2–5"
hippolytus,fragments,Isa,old_testament_or_other,Bible:Isa.33.17,Isa. xxxiii. 17
hippolytus,fragments,Luke,new_testament,Bible:Luke.1.17,"Luke i.
17"
hippolytus,fragments,Mal,old_testament_or_other,Bible:Mal.4.5-Mal.4.6,"Mal. iv. 5, 6"
hippolytus,fragments,Rev,new_testament,Bible:Rev.11.3,Rev. xi. 3
hippolytus,fragments,Rev,new_testament,Bible:Rev.11.4-Rev.11.6,Rev. xi. 4–6
hippolytus,fragments,Dan,old_testament_or_other,Bible:Dan.7.8-Dan.7.9,"Dan. vii. 8, 9"
hippolytus,fragments,Rev,new_testament,Bible:Rev.13.11-Rev.13.18,"Rev. xiii.
11–18"
hippolytus,fragments,Dan,old_testament_or_other,Bible:Dan.11.41,Dan. xi. 41
hippolytus,fragments,Gen,old_testament_or_other,Bible:Gen.19.37-Gen.19.38,"Gen. xix. 37, 38"
hippolytus,fragments,Isa,old_testament_or_other,Bible:Isa.23.4-Isa.23.5,"Isa. xxiii. 4, 5"
hippolytus,fragments,Ezek,old_testament_or_other,Bible:Ezek.28.2,Ezek. xxviii. 2
hippolytus,fragments,Isa,old_testament_or_other,Bible:Isa.14.13-Isa.14.15,"Isa. xiv.
13–15"
hippolytus,fragments,Ezek,old_testament_or_other,Bible:Ezek.28.9,Ezek. xxviii. 9
hippolytus,fragments,Luke,new_testament,Bible:Luke.18.2-Luke.18.5,"Luke xviii.
2–5"
hippolytus,fragments,Jer,old_testament_or_other,Bible:Jer.4.11,Jer. iv. 11
hippolytus,fragments,Isa,old_testament_or_other,Bible:Isa.8.6-Isa.8.7,"Isa. viii. 6, 7"
hippolytus,fragments,Mic,old_testament_or_other,Bible:Mic.5.5,Mic. v. 5
hippolytus,fragments,Deut,old_testament_or_other,Bible:Deut.32.34-Deut.32.35,"Deut. xxxii. 34,
35"
hippolytus,fragments,Isa,old_testament_or_other,Bible:Isa.18.1-Isa.18.2,"Isa. xviii. 1, 2"
hippolytus,fragments,Acts,new_testament,Bible:Acts.27.40,Acts xxvii. 40
hippolytus,fragments,Rev,new_testament,Bible:Rev.12.1-Rev.12.6,"Rev. xii.
1–6"
hippolytus,fragments,Mal,old_testament_or_other,Bible:Mal.4.2,Mal. iv. 2
hippolytus,fragments,Matt,new_testament,Bible:Matt.24.15-Matt.24.22 Bible:Mark.13.14-Mark.13.20 Bible:Luke.21.20-Luke.21.23,"Matt. xxiv. 15–22; Mark
xiii. 14–20; Luke xxi. 20–23"
hippolytus,fragments,Dan,old_testament_or_other,Bible:Dan.11.31 Bible:Dan.12.11-Dan.12.12,"Dan. xi. 31; xii. 11,
12"
hippolytus,fragments,2Thess,new_testament,Bible:2Thess.2.1-2Thess.2.11,"2 Thess. ii.
1–11"
hippolytus,fragments,Isa,old_testament_or_other,Bible:Isa.26.10,Isa. xxvi. 10
hippolytus,fragments,Luke,new_testament,Bible:Luke.21.28,Luke xxi. 28
hippolytus,fragments,Luke,new_testament,Bible:Luke.21.18,Luke xxi. 18
hippolytus,fragments,Matt,new_testament,Bible:Matt.24.27-Matt.24.28,"Matt. xxiv. 27, 28"
hippolytus,fragments,Matt,new_testament,Bible:Matt.24.31,Matt. xxiv. 31
hippolytus,fragments,Ps,old_testament_or_other,Bible:Ps.19.6,Ps. xix. 6
hippolytus,fragments,Isa,old_testament_or_other,Bible:Isa.26.20,Isa. xxvi. 20
hippolytus,fragments,Rom,new_testament,Bible:Rom.1.17,Rom. i. 17
hippolytus,fragments,Dan,old_testament_or_other,Bible:Dan.12.2,Dan. xii. 2
hippolytus,fragments,Isa,old_testament_or_other,Bible:Isa.26.19,Isa. xxvi. 19
hippolytus,fragments,John,new_testament,Bible:John.5.25,John v. 25
hippolytus,fragments,Eph,new_testament,Bible:Eph.5.14,Eph. v. 14
hippolytus,fragments,Isa,old_testament_or_other,Bible:Isa.60.1,Isa. lx. 1
hippolytus,fragments,Rev,new_testament,Bible:Rev.20.6,Rev. xx. 6
hippolytus,fragments,Rev,new_testament,Bible:Rev.22.15,Rev. xxii. 15
hippolytus,fragments,Isa,old_testament_or_other,Bible:Isa.66.24,Isa. lxvi. 24
hippolytus,fragments,1Thess,new_testament,Bible:1Thess.4.12,1 Thess. iv. 12
hippolytus,fragments,Titus,new_testament,Bible:Titus.2.13,Tit. ii. 13
hippolytus,fragments,Ps,old_testament_or_other,Bible:Ps.69.1,Ps. lxix. 1
hippolytus,fragments,Ps,old_testament_or_other,Bible:Ps.16.10,Ps. xvi. 10
hippolytus,fragments,Phil,new_testament,Bible:Phil.2.7,Phil. ii. 7
hippolytus,fragments,John,new_testament,Bible:John.14.6,John xiv. 6
hippolytus,fragments,Matt,new_testament,Bible:Matt.23.38,Matt. xxiii. 38
hippolytus,fragments,Wis,deuterocanonical,Bible:Wis.2.1 Bible:Wis.2.12 Bible:Wis.2.13,"Wisd. ii. 1, 12,
13"
hippolytus,fragments,Wis,deuterocanonical,Bible:Wis.2.15-Wis.2.16,"Wisd. ii. 15, 16"
hippolytus,fragments,Wis,deuterocanonical,Bible:Wis.2.14 Bible:Wis.2.16 Bible:Wis.2.17 Bible:Wis.2.20,"Wisd. ii. 14, 16, 17,
20"
hippolytus,fragments,Acts,new_testament,Bible:Acts.3.14 Bible:Acts.7.52 Bible:Acts.22.14,"Acts iii. 14;
vii. 52; and xxii. 14"
hippolytus,fragments,Ps,old_testament_or_other,Bible:Ps.2.5,Ps. ii. 5
hippolytus,fragments,Wis,deuterocanonical,Bible:Wis.5.1-Wis.5.9,Wisd. v. 1–9
hippolytus,fragments,Eccl,old_testament_or_other,Bible:Eccl.11.3,Eccles. xi. 3
hippolytus,fragments,Ps,old_testament_or_other,Bible:Ps.119.137,Ps. cxix. 137
hippolytus,fragments,Luke,new_testament,Bible:Luke.16.24,Luke xvi. 24
hippolytus,fragments,1Cor,new_testament,Bible:1Cor.2.9,1 Cor. ii. 9
hippolytus,fragments,Exod,old_testament_or_other,Bible:Exod.3.6 Bible:Exod.20.3,"Ex. iii. 6 and xx.
3"
hippolytus,fragments,Isa,old_testament_or_other,Bible:Isa.44.6,Isa. xliv. 6
hippolytus,fragments,Bar,deuterocanonical,Bible:Bar.3.35-Bar.3.38,"Baruch iii.
35–38"
hippolytus,fragments,Prov,old_testament_or_other,Bible:Prov.8,Prov. viii
hippolytus,fragments,Isa,old_testament_or_other,Bible:Isa.45.14,Isa. xlv. 14
hippolytus,fragments,Rom,new_testament,Bible:Rom.9.5,Rom. ix. 5
hippolytus,fragments,Eph,new_testament,Bible:Eph.3.15,Eph. iii. 15
hippolytus,fragments,1Cor,new_testament,Bible:1Cor.8.6,1 Cor. viii. 6
hippolytus,fragments,Isa,old_testament_or_other,Bible:Isa.45.11-Isa.45.15,"Isa. xlv.
11–15"
hippolytus,fragments,Rom,new_testament,Bible:Rom.8.11,Rom. viii. 11
hippolytus,fragments,John,new_testament,Bible:John.3.13,John iii. 13
hippolytus,fragments,Bar,deuterocanonical,Bible:Bar.3.36,Baruch iii. 36
hippolytus,fragments,Matt,new_testament,Bible:Matt.17.5,Matt. xvii. 5
hippolytus,fragments,John,new_testament,Bible:John.1.18,John i. 18
hippolytus,fragments,John,new_testament,Bible:John.3.11 Bible:John.3.13,"John iii. 11, 13"
hippolytus,fragments,Matt,new_testament,Bible:Matt.11.27,Matt. xi. 27
hippolytus,fragments,Rev,new_testament,Bible:Rev.1.8,"Apoc.
i. 8"
hippolytus,fragments,John,new_testament,Bible:John.5.22,John v. 22
hippolytus,fragments,Heb,new_testament,Bible:Heb.1.9,Heb. i. 9
hippolytus,fragments,1Cor,new_testament,Bible:1Cor.15.23-1Cor.15.28,"1 Cor. xv.
23–28"
hippolytus,fragments,John,new_testament,Bible:John.20.17,John xx. 17
hippolytus,fragments,Acts,new_testament,Bible:Acts.5.29 Bible:Acts.4.19,Acts v. 29; iv. 19
hippolytus,fragments,John,new_testament,Bible:John.10.30,John x. 30
hippolytus,fragments,John,new_testament,Bible:John.17.22-John.17.23,"John xvii. 22, 23"
hippolytus,fragments,John,new_testament,Bible:John.14.8-John.14.9,"John xiv. 8, 9"
hippolytus,fragments,Rom,new_testament,Bible:Rom.3.25,Rom. iii. 25
hippolytus,fragments,John,new_testament,Bible:John.5.30 Bible:John.6.29 Bible:John.8.16 Bible:John.8.18,"John v. 30; vi. 29; viii. 16,
18"
hippolytus,fragments,John,new_testament,Bible:John.13.1 Bible:John.14.12,"John xiii. 1; xiv.
12"
hippolytus,fragments,Isa,old_testament_or_other,Bible:Isa.65.1,Isa. lxv. 1
hippolytus,fragments,John,new_testament,Bible:John.1.1-John.1.3,John i. 1–3
hippolytus,fragments,John,new_testament,Bible:John.1.10-John.1.11,"John i. 10, 11"
hippolytus,fragments,Ps,old_testament_or_other,Bible:Ps.33.6,Ps. xxxiii. 6
hippolytus,fragments,Jer,old_testament_or_other,Bible:Jer.23.18,Jer. xxiii. 18
hippolytus,fragments,Acts,new_testament,Bible:Acts.10.36,Acts x. 36
hippolytus,fragments,Eph,new_testament,Bible:Eph.4.6,"Eph. iv.
6"
hippolytus,fragments,Matt,new_testament,Bible:Matt.28.19,Matt. xxviii. 19
hippolytus,fragments,Rev,new_testament,Bible:Rev.19.11-Rev.19.13,Apoc. xix. 11–13
hippolytus,fragments,Mic,old_testament_or_other,Bible:Mic.2.7-Mic.2.8,"Mic. ii. 7, 8"
hippolytus,fragments,John,new_testament,Bible:John.16.28,John xvi. 28
hippolytus,fragments,Mark,new_testament,Bible:Mark.2.8,Mark ii. 8
hippolytus,fragments,John,new_testament,Bible:John.3.6,John iii. 6
hippolytus,fragments,Ps,old_testament_or_other,Bible:Ps.110.3,Ps. cx. 3
hippolytus,fragments,Isa,old_testament_or_other,Bible:Isa.53.1,Isa. liii. 1
hippolytus,fragments,John,new_testament,Bible:John.11.51-John.11.52,"John xi. 51,
52"
hippolytus,fragments,John,new_testament,Bible:John.10.18,John x. 18
hippolytus,fragments,Isa,old_testament_or_other,Bible:Isa.53.4,Isa. liii. 4
hippolytus,fragments,Matt,new_testament,Bible:Matt.27.29,Matt. xxvii. 29
hippolytus,fragments,Matt,new_testament,Bible:Matt.26.41,Matt. xxvi. 41
hippolytus,fragments,Eph,new_testament,Bible:Eph.1.10,"Eph. i.
10"
hippolytus,fragments,Ps,old_testament_or_other,Bible:Ps.148.4,Ps. cxlviii. 4
hippolytus,fragments,Hos,old_testament_or_other,Bible:Hos.6.3,Hos. vi. 3
hippolytus,fragments,John,new_testament,Bible:John.4.14,John iv. 14
hippolytus,fragments,John,new_testament,Bible:John.7.38,John vii. 38
hippolytus,fragments,Matt,new_testament,Bible:Matt.3.13,Matt. iii. 13
hippolytus,fragments,Ps,old_testament_or_other,Bible:Ps.46.4,Ps. xlvi. 4
hippolytus,fragments,Ps,old_testament_or_other,Bible:Ps.77.16,Ps. lxxvii. 16
hippolytus,fragments,Ps,old_testament_or_other,Bible:Ps.114.5,Ps. cxiv. 5
hippolytus,fragments,Matt,new_testament,Bible:Matt.3.7,Matt. iii. 7
hippolytus,fragments,John,new_testament,Bible:John.1.20,John i. 20
hippolytus,fragments,Luke,new_testament,Bible:Luke.1.20,Luke i. 20
hippolytus,fragments,Matt,new_testament,Bible:Matt.2.9,Matt. ii. 9
hippolytus,fragments,John,new_testament,Bible:John.1.27,John i. 27
hippolytus,fragments,Matt,new_testament,Bible:Matt.3.11,Matt. iii. 11
hippolytus,fragments,Matt,new_testament,Bible:Matt.4.3 Bible:1Cor.2.8,"Matt. iv. 3, 1 Cor. ii.
8"
hippolytus,fragments,Matt,new_testament,Bible:Matt.3.14,Matt. iii. 14
hippolytus,fragments,Matt,new_testament,Bible:Matt.3.15,Matt. iii. 15
hippolytus,fragments,Rom,new_testament,Bible:Rom.10.4,Rom. x. 4
hippolytus,fragments,Matt,new_testament,Bible:Matt.3.16-Matt.3.17,"Matt. iii. 16, 17"
hippolytus,fragments,1Tim,new_testament,Bible:1Tim.6.16,"1 Tim. vi.
16"
hippolytus,fragments,Ps,old_testament_or_other,Bible:Ps.29.3,Ps. xxix. 3
hippolytus,fragments,Luke,new_testament,Bible:Luke.9.5,Luke ix. 5
hippolytus,fragments,Heb,new_testament,Bible:Heb.1.3,Heb. i. 3
hippolytus,fragments,Matt,new_testament,Bible:Matt.26.67,Matt. xxvi. 67
hippolytus,fragments,2Pet,new_testament,Bible:2Pet.1.4,2 Pet. i. 4
hippolytus,fragments,Eph,new_testament,Bible:Eph.2.6 Bible:Rev.3.21,"Eph. ii. 6;
Rev. iii. 21"
hippolytus,fragments,Rom,new_testament,Bible:Rom.8.17,Rom. viii. 17
hippolytus,fragments,Gen,old_testament_or_other,Bible:Gen.1.2,Gen. i. 2
hippolytus,fragments,Acts,new_testament,Bible:Acts.28.25,Acts xxviii. 25
hippolytus,fragments,Matt,new_testament,Bible:Matt.3.16,Matt. iii. 16
hippolytus,fragments,Acts,new_testament,Bible:Acts.2.3,Acts ii. 3
hippolytus,fragments,Ps,old_testament_or_other,Bible:Ps.51.10,Ps. li. 10
hippolytus,fragments,Luke,new_testament,Bible:Luke.1.35,Luke i. 35
hippolytus,fragments,Matt,new_testament,Bible:Matt.16.16,Matt. xvi. 16
hippolytus,fragments,Matt,new_testament,Bible:Matt.16.18,Matt. xvi. 18
hippolytus,fragments,John,new_testament,Bible:John.16.26,John xvi. 26
hippolytus,fragments,Isa,old_testament_or_other,Bible:Isa.1.16-Isa.1.19,"Isa. i.
16–19"
hippolytus,fragments,Matt,new_testament,Bible:Matt.22.30,Matt. xxii. 30
hippolytus,fragments,Luke,new_testament,Bible:Luke.22.42,Luke xxii. 42
hippolytus,fragments,1Cor,new_testament,Bible:1Cor.5.7,1 Cor. v. 7
hippolytus,fragments,John,new_testament,Bible:John.3.13 Bible:Acts.2.34,John iii. 13; Acts ii. 34
hippolytus,fragments,Ps,old_testament_or_other,Bible:Ps.38.5,Ps. xxxviii. 5
hippolytus,fragments,Ps,old_testament_or_other,Bible:Ps.90,Ps. xc
hippolytus,fragments,Ps,old_testament_or_other,Bible:Ps.119,"Ps.
cxix"
hippolytus,fragments,Matt,new_testament,Bible:Matt.26,Matt. xxvi.
hippolytus,fragments,Luke,new_testament,Bible:Luke.22.16,Luke xxii. 16
hippolytus,fragments,1Cor,new_testament,Bible:1Cor.15.20,1 Cor. xv. 20
hippolytus,fragments,Col,new_testament,Bible:Col.1.18,Col. i. 18
hippolytus,fragments,John,new_testament,Bible:John.20.27 Bible:Luke.24.39,"John xx. 27; Luke xxiv.
39"
hippolytus,fragments,Gen,old_testament_or_other,Bible:Gen.26.7,Gen. xxvi. 7
hippolytus,fragments,Gen,old_testament_or_other,Bible:Gen.26.10,"Gen. xxvi.
10"
hippolytus,fragments,Matt,new_testament,Bible:Matt.5.18,Matt. v. 18
hippolytus,fragments,Isa,old_testament_or_other,Bible:Isa.1.7,Isa. i. 7
hippolytus,fragments,Hos,old_testament_or_other,Bible:Hos.13.15,Hos. xiii. 15
hippolytus,fragments,Amos,old_testament_or_other,Bible:Amos.5.11-Amos.5.13,"Amos v. 11, 12, 13"
hippolytus,fragments,Mic,old_testament_or_other,Bible:Mic.3.5-Mic.3.7,"Mic. iii.
5–7"
hippolytus,fragments,Luke,new_testament,Bible:Luke.21.8-Luke.21.9,"Luke xxi. 8, 9"
hippolytus,fragments,2Pet,new_testament,Bible:2Pet.3.3,2 Pet. iii. 3
hippolytus,fragments,2Pet,new_testament,Bible:2Pet.2.1,2 Pet. ii. 1
hippolytus,fragments,1John,new_testament,Bible:1John.3.10,1 John iii. 10
hippolytus,fragments,1John,new_testament,Bible:1John.2.18,1 John ii. 18
hippolytus,fragments,Luke,new_testament,Bible:Luke.21.8,Luke xxi. 8
hippolytus,fragments,1John,new_testament,Bible:1John.4.1,1 John iv. 1
hippolytus,fragments,Jude,new_testament,Bible:Jude.1.18 Bible:Jude.1.19,"Jude 18, 19"
hippolytus,fragments,Phil,new_testament,Bible:Phil.3.2,Phil. iii. 2
hippolytus,fragments,Col,new_testament,Bible:Col.2.8,Col. ii. 8
hippolytus,fragments,Eph,new_testament,Bible:Eph.5.15-Eph.5.16,"Eph. v. 15, 16"
hippolytus,fragments,Gen,old_testament_or_other,Bible:Gen.49.8-Gen.49.10,"Gen. xlix.
8–10"
hippolytus,fragments,Rev,new_testament,Bible:Rev.11.3,xi. 3
hippolytus,fragments,John,new_testament,Bible:John.21.22,John xxi. 22
hippolytus,fragments,Heb,new_testament,Bible:Heb.9.27,Heb. ix. 27
hippolytus,fragments,Ezek,old_testament_or_other,Bible:Ezek.4.6,Ezek. iv. 6
hippolytus,fragments,Rev,new_testament,Bible:Rev.11.6 Bible:1Kgs.17.1 Bible:Sir.48.3,"Rev. xi. 6; [1 Kings xvii. 1;
Ecclus. xlviii. 3]"
hippolytus,fragments,Exod,old_testament_or_other,Bible:Exod.34.19 Bible:Num.8.16 Bible:Luke.2.23,"Ex. xxxiv. 19; Num. viii. 16;
Luke ii. 23"
hippolytus,fragments,Matt,new_testament,Bible:Matt.24.24,Matt. xxiv. 24
hippolytus,fragments,Eph,new_testament,Bible:Eph.4.26,Eph. iv. 26
hippolytus,fragments,Rev,new_testament,Bible:Rev.13.18,Rev. xiii. 18
hippolytus,fragments,Deut,old_testament_or_other,Bible:Deut.28.66-Deut.28.67,"Deut. xxviii. 66,
67"
hippolytus,fragments,Mal,old_testament_or_other,Bible:Mal.1.11,"Mal. i.
11"
hippolytus,fragments,Isa,old_testament_or_other,Bible:Isa.1.8,Isa. i. 8
hippolytus,fragments,Acts,new_testament,Bible:Acts.15.21,Acts xv. 21
hippolytus,fragments,1Thess,new_testament,Bible:1Thess.4.16,1 Thess. iv. 16
hippolytus,fragments,1Cor,new_testament,Bible:1Cor.15.52,1 Cor. xv. 52
hippolytus,fragments,2Pet,new_testament,Bible:2Pet.3.12,2 Pet. iii. 12
hippolytus,fragments,Matt,new_testament,Bible:Matt.24.29,Matt. xxiv. 29
hippolytus,fragments,Acts,new_testament,Bible:Acts.2.20,Acts ii. 20
hippolytus,fragments,Rev,new_testament,Bible:Rev.6.14,Rev. vi. 14
hippolytus,fragments,Rev,new_testament,Bible:Rev.21.1,Rev. xxi. 1
hippolytus,fragments,Luke,new_testament,Bible:Luke.3.14,Luke iii. 14
hippolytus,fragments,Matt,new_testament,Bible:Matt.24.29,Matt. xxiv.  29
hippolytus,fragments,Phil,new_testament,Bible:Phil.2.11,Phil. ii. 11
hippolytus,fragments,Col,new_testament,Bible:Col.1.16,Col. i.  16
hippolytus,fragments,Isa,old_testament_or_other,Bible:Isa.6.3,Isa. vi.  3
hippolytus,fragments,Zech,old_testament_or_other,Bible:Zech.12.10 Bible:John.19.37,"Zech. xii. 10; John xix.
37"
hippolytus,fragments,Matt,new_testament,Bible:Matt.25.31-Matt.25.34,"Matt. xxv.
31–34"
hippolytus,fragments,Matt,new_testament,Bible:Matt.25.37,Matt. xxv. 37
hippolytus,fragments,Ps,old_testament_or_other,Bible:Ps.104.2,Ps. civ. 2
hippolytus,fragments,Col,new_testament,Bible:Col.1.16,Col. i. 16
hippolytus,fragments,Rev,new_testament,Bible:Rev.20.11,Rev. xx. 11
hippolytus,fragments,Isa,old_testament_or_other,Bible:Isa.64.4 Bible:1Cor.2.9,"Isa. lxiv. 4; 1 Cor. ii.
9"
hippolytus,fragments,Jas,new_testament,Bible:Jas.2.13,Jas. ii. 13
hippolytus,fragments,Matt,new_testament,Bible:Matt.7.23,Matt. vii. 23
hippolytus,fragments,Matt,new_testament,Bible:Matt.25.46,Matt. xxv. 46
hippolytus,fragments,Luke,new_testament,Bible:Luke.7.50,Luke vii. 50
hippolytus,fragments,Matt,new_testament,Bible:Matt.25.23,Matt. xxv. 23
hippolytus,fragments,Rev,new_testament,Bible:Rev.2.10,Apoc. ii. 10
hippolytus,fragments,John,new_testament,Bible:John.6.53 Bible:John.6.66,"John vi. 53, 66"
hippolytus,fragments,Rom,new_testament,Bible:Rom.16.14,Rom. xvi. 14
hippolytus,fragments,Luke,new_testament,Bible:Luke.1.43,Luke i. 43
hippolytus,fragments,1Cor,new_testament,Bible:1Cor.11.29-1Cor.11.34,"1 Cor. xi.
29–34"
hippolytus,fragments,Acts,new_testament,Bible:Acts.13.2,Acts xiii. 2
cyprian,epistles,Eph,new_testament,Bible:Eph.4.15-Eph.4.16 Bible:1Cor.12.12-1Cor.12.30,"Eph. iv. 15, 16; 1 Cor. xii.
12–30"
cyprian,epistles,1Cor,new_testament,Bible:1Cor.12.28,1 Cor. xii. 28
cyprian,epistles,Luke,new_testament,Bible:Luke.20.35,Luke xx. 35
cyprian,epistles,Matt,new_testament,Bible:Matt.25.21,Matt. xxv. 21
cyprian,epistles,1Tim,new_testament,Bible:1Tim.3.6,1 Tim. iii. 6
cyprian,epistles,Acts,new_testament,Bible:Acts.8.37,Acts viii. 37
cyprian,epistles,John,new_testament,Bible:John.3,"John
iii"
cyprian,epistles,Rom,new_testament,Bible:Rom.1.26-Rom.1.27,"Rom. i. 26, 27"
cyprian,epistles,Ezek,old_testament_or_other,Bible:Ezek.34.3-Ezek.34.4,"Ezek. xxxiv. 3, 4"
cyprian,epistles,John,new_testament,Bible:John.10.11-John.10.12,"John x. 11, 12"
cyprian,epistles,John,new_testament,Bible:John.21.17,John xxi. 17
cyprian,epistles,Luke,new_testament,Bible:Luke.22.32,Luke xxii. 32
cyprian,epistles,Phil,new_testament,Bible:Phil.2.25,Philip. ii. 25
cyprian,epistles,Rom,new_testament,Bible:Rom.15.16,Rom. xv. 16
cyprian,epistles,Acts,new_testament,Bible:Acts.4.6,Acts iv. 6
cyprian,epistles,Sir,deuterocanonical,Bible:Sir.11.28,Ecclus. xi. 28
cyprian,epistles,Rev,new_testament,Bible:Rev.2.10,Apoc. ii. 10
cyprian,epistles,Matt,new_testament,Bible:Matt.10.22,Matt. x. 22
cyprian,epistles,John,new_testament,Bible:John.13.14-John.13.15,"John xiii. 14, 15"
cyprian,epistles,2Thess,new_testament,Bible:2Thess.3.8,2 Thess. iii. 8
cyprian,epistles,Luke,new_testament,Bible:Luke.14.11,Luke xiv. 11
cyprian,epistles,Matt,new_testament,Bible:Matt.13.27 Bible:Acts.20.29-Acts.20.31,"Matt. xiii. 27; Acts xx.
29–31"
cyprian,epistles,John,new_testament,Bible:John.5.14,John v. 14
cyprian,epistles,Isa,old_testament_or_other,Bible:Isa.66.2,Isa. lxvi. 2
cyprian,epistles,Rom,new_testament,Bible:Rom.2.24,Rom. ii. 24
cyprian,epistles,Matt,new_testament,Bible:Matt.5.16,Matt. v. 16
cyprian,epistles,Phil,new_testament,Bible:Phil.2.15,Phil. ii. 15
cyprian,epistles,1Pet,new_testament,Bible:1Pet.2.11-1Pet.2.12,"1 Pet. ii. 11, 12"
cyprian,epistles,1Tim,new_testament,Bible:1Tim.5.22,1 Tim. v. 22
cyprian,epistles,1Pet,new_testament,Bible:1Pet.4.15,"1 Pet.
iv. 15"
cyprian,epistles,Rom,new_testament,Bible:Rom.11.20-Rom.11.21,"Rom. xi. 20, 21"
cyprian,epistles,Isa,old_testament_or_other,Bible:Isa.53.7,Isa. liii. 7
cyprian,epistles,Isa,old_testament_or_other,Bible:Isa.50.5-Isa.50.6,"Isa. l. 5, 6"
cyprian,epistles,John,new_testament,Bible:John.13.16,John xiii. 16
cyprian,epistles,Luke,new_testament,Bible:Luke.9.48,Luke ix. 48
cyprian,epistles,Lev,old_testament_or_other,Bible:Lev.19.18,Lev. xix. 18
cyprian,epistles,Matt,new_testament,Bible:Matt.22.39,Matt. xxii. 39
cyprian,epistles,Gal,new_testament,Bible:Gal.5.15,Gal. v. 15
cyprian,epistles,2Pet,new_testament,Bible:2Pet.2.13-2Pet.2.15,"2 Peter ii.
13, 14, 15"
cyprian,epistles,Luke,new_testament,Bible:Luke.12.47,Luke xii. 47
cyprian,epistles,Ps,old_testament_or_other,Bible:Ps.89.30-Ps.89.32,"Ps. lxxxix.
30–32"
cyprian,epistles,Ps,old_testament_or_other,Bible:Ps.89.33,Ps. lxxxix. 33
cyprian,epistles,Luke,new_testament,Bible:Luke.11.10,Luke xi. 10
cyprian,epistles,Luke,new_testament,Bible:Luke.18.3 Bible:Matt.18.19,"Luke xviii. 3, compared with Matt. xviii.
19"
cyprian,epistles,Ps,old_testament_or_other,Bible:Ps.68.6,Ps. lxviii. 6
cyprian,epistles,Acts,new_testament,Bible:Acts.4.32,Acts iv. 32
cyprian,epistles,John,new_testament,Bible:John.15.12,John xv. 12
cyprian,epistles,Matt,new_testament,Bible:Matt.18.19,Matt. xviii. 19
cyprian,epistles,Heb,new_testament,Bible:Heb.12.6,Heb. xii. 6
cyprian,epistles,Col,new_testament,Bible:Col.4.2,Col. iv. 2
cyprian,epistles,Luke,new_testament,Bible:Luke.6.12,Luke vi. 12
cyprian,epistles,Luke,new_testament,Bible:Luke.22.31-Luke.22.32,"Luke xxii. 31, 32"
cyprian,epistles,Rom,new_testament,Bible:Rom.8.35,Rom. viii. 35
cyprian,epistles,Ps,old_testament_or_other,Bible:Ps.89.19,"Ps. lxxxix.
19"
cyprian,epistles,Luke,new_testament,Bible:Luke.9.62,Luke ix. 62
cyprian,epistles,Gen,old_testament_or_other,Bible:Gen.19.26,Gen. xix. 26
cyprian,epistles,1John,new_testament,Bible:1John.4.4,1 John iv. 4
cyprian,epistles,Ps,old_testament_or_other,Bible:Ps.116.15,Ps. cxvi. 15
cyprian,epistles,Matt,new_testament,Bible:Matt.10.19-Matt.10.20,"Matt. x. 19, 20"
cyprian,epistles,Isa,old_testament_or_other,Bible:Isa.7.13,Isa. vii. 13
cyprian,epistles,Lam,old_testament_or_other,Bible:Lam.3.26,Lam. iii. 26
cyprian,epistles,Isa,old_testament_or_other,Bible:Isa.7.14,Isa. vii. 14
cyprian,epistles,1Cor,new_testament,Bible:1Cor.9.24-1Cor.9.25,"1 Cor. ix. 24, 25"
cyprian,epistles,2Tim,new_testament,Bible:2Tim.4.6-2Tim.4.8,"2 Tim. iv.
6–8"
cyprian,epistles,Heb,new_testament,Bible:Heb.11.36-Heb.11.37,"Heb. xi. 36, 37"
cyprian,epistles,Rev,new_testament,Bible:Rev.2.23,Rev. ii. 23
cyprian,epistles,Matt,new_testament,Bible:Matt.10.32-Matt.10.33,"Matt. x. 32, 33"
cyprian,epistles,Mark,new_testament,Bible:Mark.3.28-Mark.3.29,"Mark iii. 28, 29"
cyprian,epistles,1Cor,new_testament,Bible:1Cor.10.21,1 Cor. x. 21
cyprian,epistles,1Cor,new_testament,Bible:1Cor.11.27,1 Cor. xi. 27
cyprian,epistles,Matt,new_testament,Bible:Matt.21.15-Matt.21.16 Bible:Luke.19.40,"Matt. xxi. 15, 16; Luke xix.
40"
cyprian,epistles,Rom,new_testament,Bible:Rom.15.16 Bible:Mal.1.11,"Rom. xv. 16 (Greek)
compared with Mal. i. 11"
cyprian,epistles,2Cor,new_testament,Bible:2Cor.11.29,2 Cor. xi. 29
cyprian,epistles,1Cor,new_testament,Bible:1Cor.12.26,1 Cor. xii. 26
cyprian,epistles,1Cor,new_testament,Bible:1Cor.5.4,"1 Cor. v.
4"
cyprian,epistles,2Cor,new_testament,Bible:2Cor.2.10,2 Cor. ii. 10
cyprian,epistles,Rev,new_testament,Bible:Rev.2.5,Rev. ii. 5
cyprian,epistles,1Pet,new_testament,Bible:1Pet.5.5,1 Pet. v. 5
cyprian,epistles,Ps,old_testament_or_other,Bible:Ps.20.4,Ps. xx. 4
cyprian,epistles,Rev,new_testament,Bible:Rev.1.6 Bible:Rev.5.10,"Rev. i. 6 and v.
10"
cyprian,epistles,Gal,new_testament,Bible:Gal.1.6-Gal.1.9,Gal. i. 6–9
cyprian,epistles,1Tim,new_testament,Bible:1Tim.4.17,1 Tim. iv. 17
cyprian,epistles,Matt,new_testament,Bible:Matt.28.18-Matt.28.20,"Matt. xxviii.
18–20"
cyprian,epistles,1John,new_testament,Bible:1John.2.3-1John.2.4,"1 John ii. 3, 4"
cyprian,epistles,Matt,new_testament,Bible:Matt.10.37-Matt.10.38,"Matt. x. 37, 38"
cyprian,epistles,Matt,new_testament,Bible:Matt.5.10-Matt.5.12,"Matt. v.
10–12"
cyprian,epistles,Matt,new_testament,Bible:Matt.10.18 Bible:Matt.21.22,"Matt. x. 18; xxi.
22"
cyprian,epistles,Rev,new_testament,Bible:Rev.3.21,Rev. iii. 21
cyprian,epistles,Phil,new_testament,Bible:Phil.1.24,"Phil. i.
24"
cyprian,epistles,Matt,new_testament,Bible:Matt.16.18-Matt.16.19,"Matt. xvi. 18, 19"
cyprian,epistles,Matt,new_testament,Bible:Matt.22.32,Matt. xxii. 32
cyprian,epistles,Luke,new_testament,Bible:Luke.17.10,Luke xvii. 10
cyprian,epistles,Matt,new_testament,Bible:Matt.5.23-Matt.5.24,"Matt. v. 23, 24"
cyprian,epistles,Isa,old_testament_or_other,Bible:Isa.30.15,Isa. xxx. 15
cyprian,epistles,Isa,old_testament_or_other,Bible:Isa.3.12,Isa. iii. 12
cyprian,epistles,1Cor,new_testament,Bible:1Cor.11.16,"1 Cor. xi.
16"
cyprian,epistles,Rom,new_testament,Bible:Rom.1.8,Rom. i. 8
cyprian,epistles,Matt,new_testament,Bible:Matt.18.32,Matt. xviii. 32
cyprian,epistles,Matt,new_testament,Bible:Matt.10.33 Bible:Luke.12.9,"Matt. x. 33; Luke xii.
9"
cyprian,epistles,Acts,new_testament,Bible:Acts.15.22 Bible:Matt.18.17,"Acts xv. 22;
Matt. xviii. 17"
cyprian,epistles,Phil,new_testament,Bible:Phil.1.26,Phil. i. 26
cyprian,epistles,Gal,new_testament,Bible:Gal.6.17,Gal. vi. 17
cyprian,epistles,1Pet,new_testament,Bible:1Pet.5.1,"1 Pet. v.
1"
cyprian,epistles,Matt,new_testament,Bible:Matt.10.32,Matt. x. 32
cyprian,epistles,Rev,new_testament,Bible:Rev.2.10,Rev. ii. 10
cyprian,epistles,Exod,old_testament_or_other,Bible:Exod.3.16,Exod. iii. 16
cyprian,epistles,Jer,old_testament_or_other,Bible:Jer.23.16-Jer.23.17,"Jer. xxiii. 16, 17"
cyprian,epistles,Matt,new_testament,Bible:Matt.15.14,Matt. xv. 14
cyprian,epistles,Deut,old_testament_or_other,Bible:Deut.13.5,Deut. xiii. 5
cyprian,epistles,Mark,new_testament,Bible:Mark.7.9,Mark vii. 9
cyprian,epistles,1Tim,new_testament,Bible:1Tim.6.3-1Tim.6.5,"1 Tim. vi.
3–5"
cyprian,epistles,Eph,new_testament,Bible:Eph.5.6-Eph.5.7,"Eph. v. 6, 7"
cyprian,epistles,Deut,old_testament_or_other,Bible:Deut.17.12,Deut. xvii. 12
cyprian,epistles,Ps,old_testament_or_other,Bible:Ps.34.13,Ps. xxxiv. 13
cyprian,epistles,Ps,old_testament_or_other,Bible:Ps.50.19-Ps.50.20,"Ps. l. 19, 20"
cyprian,epistles,Eph,new_testament,Bible:Eph.4.29,Eph. iv. 29
cyprian,epistles,Matt,new_testament,Bible:Matt.5.8,Matt. v. 8
cyprian,epistles,Luke,new_testament,Bible:Luke.15.7,Luke xv. 7
cyprian,epistles,Eph,new_testament,Bible:Eph.5.31-Eph.5.32,"Eph. v. 31, 32"
cyprian,epistles,Matt,new_testament,Bible:Matt.15.13,Matt. xv. 13
cyprian,epistles,2Tim,new_testament,Bible:2Tim.2.20,2 Tim. ii. 20
cyprian,epistles,Jude,new_testament,Bible:Jude.1.22,Jude 22
cyprian,epistles,Ezek,old_testament_or_other,Bible:Ezek.34.4,Ezek. xxxiv. 4
cyprian,epistles,1Cor,new_testament,Bible:1Cor.10.33 Bible:1Cor.11.1,"1 Cor. x. 33; xi.
1"
cyprian,epistles,1Cor,new_testament,Bible:1Cor.9.22,1 Cor. ix. 22
cyprian,epistles,Col,new_testament,Bible:Col.2.8,Col. ii. 8
cyprian,epistles,Num,old_testament_or_other,Bible:Num.12.3,Num. xii. 3
cyprian,epistles,Luke,new_testament,Bible:Luke.6.36,Luke vi. 36
cyprian,epistles,Matt,new_testament,Bible:Matt.9.12,Matt. ix. 12
cyprian,epistles,Ps,old_testament_or_other,Bible:Ps.6.5,Ps. vi. 5
cyprian,epistles,Prov,old_testament_or_other,Bible:Prov.18.19,Prov. xviii. 19
cyprian,epistles,Gal,new_testament,Bible:Gal.6.1-Gal.6.2,"Gal. vi. 1, 2"
cyprian,epistles,1Cor,new_testament,Bible:1Cor.10.12,1 Cor. x. 12
cyprian,epistles,Rom,new_testament,Bible:Rom.14.4,Rom. xiv. 4
cyprian,epistles,1John,new_testament,Bible:1John.2.1-1John.2.2,"1 John ii. 1, 2"
cyprian,epistles,Rom,new_testament,Bible:Rom.5.8-Rom.5.9,"Rom. v. 8, 9"
cyprian,epistles,1Cor,new_testament,Bible:1Cor.3.13,1 Cor. iii. 13
cyprian,epistles,Rev,new_testament,Bible:Rev.2.5,"Apoc.
ii. 5"
cyprian,epistles,Tob,deuterocanonical,Bible:Tob.4.10,Tob. iv. 10
cyprian,epistles,Rev,new_testament,Bible:Rev.2.20-Rev.2.22,Apoc. ii. 20–22
cyprian,epistles,Wis,deuterocanonical,Bible:Wis.1.13,Wisd. i. 13
cyprian,epistles,Joel,old_testament_or_other,Bible:Joel.2.12-Joel.2.13,"Joel ii. 12, 13"
cyprian,epistles,Ps,old_testament_or_other,Bible:Ps.89.32-Ps.89.33,"Ps. lxxxix. 32, 33"
cyprian,epistles,Matt,new_testament,Bible:Matt.7.9-Matt.7.11,"Matt. vii.
9–11"
cyprian,epistles,Matt,new_testament,Bible:Matt.5.4,Matt. v. 4
cyprian,epistles,Eph,new_testament,Bible:Eph.4.2-Eph.4.3,"Eph. iv. 2, 3"
cyprian,epistles,1Cor,new_testament,Bible:1Cor.6.18,1 Cor. vi. 18
cyprian,epistles,2Cor,new_testament,Bible:2Cor.12.21,2 Cor. xii. 21
cyprian,epistles,Eph,new_testament,Bible:Eph.5.5,Eph. v. 5
cyprian,epistles,Col,new_testament,Bible:Col.3.5-Col.3.6,"Col. iii. 5, 6"
cyprian,epistles,Ezek,old_testament_or_other,Bible:Ezek.18.20,Ezek. xviii. 20
cyprian,epistles,Deut,old_testament_or_other,Bible:Deut.24.26,Deut. xxiv. 26
cyprian,epistles,Luke,new_testament,Bible:Luke.22.15 Bible:Luke.22.42 Bible:Ps.116.13,"Luke xxii. 15, 42 and
Ps. cxvi. 13"
cyprian,epistles,Ezek,old_testament_or_other,Bible:Ezek.34.3-Ezek.34.6 Bible:Ezek.34.10-Ezek.34.16,"Ezek. xxxiv. 3–6,
10–16"
cyprian,epistles,Hab,old_testament_or_other,Bible:Hab.2.5,Hab. ii. 5
cyprian,epistles,1Macc,deuterocanonical,Bible:1Macc.2.62-1Macc.2.63,"1 Mac. ii. 62, 63"
cyprian,epistles,Ps,old_testament_or_other,Bible:Ps.38.35-Ps.38.36,"Ps. xxxviii. 35,
36"
cyprian,epistles,Isa,old_testament_or_other,Bible:Isa.14.13-Isa.14.14,"Isa. xiv. 13, 14"
cyprian,epistles,Isa,old_testament_or_other,Bible:Isa.14.15-Isa.14.16,"Isa. xiv. 15, 16"
cyprian,epistles,Isa,old_testament_or_other,Bible:Isa.2.12,Isa. ii. 12
cyprian,epistles,Matt,new_testament,Bible:Matt.12.34-Matt.12.35,"Matt. xii. 34, 35"
cyprian,epistles,1Cor,new_testament,Bible:1Cor.6.10,1 Cor. vi. 10
cyprian,epistles,Matt,new_testament,Bible:Matt.5.22,Matt. v. 22
cyprian,epistles,Deut,old_testament_or_other,Bible:Deut.17.12-Deut.17.13,"Deut. xvii. 12, 13"
cyprian,epistles,1Sam,old_testament_or_other,Bible:1Sam.8.7,1 Sam. viii. 7
cyprian,epistles,Luke,new_testament,Bible:Luke.10.16,Luke x. 16
cyprian,epistles,Matt,new_testament,Bible:Matt.8.4,Matt. viii. 4
cyprian,epistles,John,new_testament,Bible:John.18.22,John xviii. 22
cyprian,epistles,John,new_testament,Bible:John.18.23,John xviii. 23
cyprian,epistles,Acts,new_testament,Bible:Acts.23.4,Acts xxiii. 4
cyprian,epistles,Acts,new_testament,Bible:Acts.23.5,Acts xxiii. 5
cyprian,epistles,Matt,new_testament,Bible:Matt.10.29,Matt. x. 29
cyprian,epistles,Hos,old_testament_or_other,Bible:Hos.8.4,Hos. viii. 4
cyprian,epistles,Hos,old_testament_or_other,Bible:Hos.9.4,Hos. ix. 4
cyprian,epistles,Isa,old_testament_or_other,Bible:Isa.30.1,Isa. xxx. 1
cyprian,epistles,John,new_testament,Bible:John.6.67,John vi. 67
cyprian,epistles,1John,new_testament,Bible:1John.2.19,1 John ii. 19
cyprian,epistles,Rom,new_testament,Bible:Rom.3.3-Rom.3.4,"Rom. iii. 3, 4"
cyprian,epistles,Gal,new_testament,Bible:Gal.1.10,Gal. i. 10
cyprian,epistles,Exod,old_testament_or_other,Bible:Exod.22.20,Ex. xxii. 20
cyprian,epistles,Matt,new_testament,Bible:Matt.10.33,Matt. x. 33
cyprian,epistles,Isa,old_testament_or_other,Bible:Isa.57.6,Isa. lvii. 6
cyprian,epistles,Isa,old_testament_or_other,Bible:Isa.29.10,Isa. xxix. 10
cyprian,epistles,2Thess,new_testament,Bible:2Thess.2.10-2Thess.2.12,"2 Thess. ii.
10–12"
cyprian,epistles,Mal,old_testament_or_other,Bible:Mal.2.1-Mal.2.2,"Mal. ii. 1, 2"
cyprian,epistles,Matt,new_testament,Bible:Matt.5.37,Matt. v. 37
cyprian,epistles,Exod,old_testament_or_other,Bible:Exod.23.2,Exod. xxiii. 2
cyprian,epistles,Sir,deuterocanonical,Bible:Sir.16.1-Sir.16.2,"Ecclus. xvi. 1, 2"
cyprian,epistles,2Cor,new_testament,Bible:2Cor.2.10,"2
Cor. ii. 10"
cyprian,epistles,2Chr,old_testament_or_other,Bible:2Chr.24.20,2 Chron. xxiv. 20
cyprian,epistles,Phil,new_testament,Bible:Phil.3.2,Phil. iii. 2
cyprian,epistles,Joel,old_testament_or_other,Bible:Joel.3.14,Joel iii. 14
cyprian,epistles,1Cor,new_testament,Bible:1Cor.15.33,1 Cor. xv. 33
cyprian,epistles,Titus,new_testament,Bible:Titus.3.10-Titus.3.11,"Tit. iii. 10, 11"
cyprian,epistles,Prov,old_testament_or_other,Bible:Prov.16.27,Prov. xvi. 27
cyprian,epistles,Sir,deuterocanonical,Bible:Sir.28.24,Ecclus. xxviii. 24
cyprian,epistles,Prov,old_testament_or_other,Bible:Prov.17.4,Prov. xvii. 4
cyprian,epistles,Matt,new_testament,Bible:Matt.18.17,Matt. xviii. 17
cyprian,epistles,2Thess,new_testament,Bible:2Thess.3.6,2 Thess. iii. 6
cyprian,epistles,1John,new_testament,Bible:1John.2.6,1 John ii. 6
cyprian,epistles,Rom,new_testament,Bible:Rom.8.16-Rom.8.17,"Rom. viii. 16, 17"
cyprian,epistles,John,new_testament,Bible:John.16.2-John.16.4,"John xvi.
2–4"
cyprian,epistles,1Pet,new_testament,Bible:1Pet.4.12-1Pet.4.14,"1 Pet. iv.
12–14"
cyprian,epistles,Luke,new_testament,Bible:Luke.18.29-Luke.18.30,"Luke xviii. 29, 30"
cyprian,epistles,Luke,new_testament,Bible:Luke.6.22-Luke.6.23,"Luke vi. 22, 23"
cyprian,epistles,Dan,old_testament_or_other,Bible:Dan.3.16-Dan.3.18,"Dan. iii.
16–18"
cyprian,epistles,Heb,new_testament,Bible:Heb.11.35,"Heb.
xi. 35"
cyprian,epistles,John,new_testament,Bible:John.15.18-John.15.20,"John xv.
18–20"
cyprian,epistles,Matt,new_testament,Bible:Matt.10.28,Matt. x. 28
cyprian,epistles,John,new_testament,Bible:John.12.25,John xii. 25
cyprian,epistles,Rev,new_testament,Bible:Rev.14.9-Rev.14.11,Apoc. xiv. 9–11
cyprian,epistles,Eph,new_testament,Bible:Eph.6.12-Eph.6.17,"Eph. vi.
12–17"
cyprian,epistles,Rom,new_testament,Bible:Rom.8.18,Rom. viii. 18
cyprian,epistles,Luke,new_testament,Bible:Luke.9.56,Luke ix. 56
cyprian,epistles,Titus,new_testament,Bible:Titus.1.15,Tit. i. 15
cyprian,epistles,Acts,new_testament,Bible:Acts.10.28,Acts x. 28
cyprian,epistles,1Cor,new_testament,Bible:1Cor.3.16,1 Cor. iii. 16
cyprian,epistles,Gal,new_testament,Bible:Gal.3.27,Gal. iii. 27
cyprian,epistles,Matt,new_testament,Bible:Matt.25.36,Matt. xxv. 36
cyprian,epistles,Rom,new_testament,Bible:Rom.12.13,"Rom. xii.
13"
cyprian,epistles,Jer,old_testament_or_other,Bible:Jer.3.15,Jer. iii. 15
cyprian,epistles,Wis,deuterocanonical,Bible:Wis.3.11,Wisd. iii. 11
cyprian,epistles,Ps,old_testament_or_other,Bible:Ps.2.12,Ps. ii. 12
cyprian,epistles,Eph,new_testament,Bible:Eph.4.27,Eph. iv. 27
cyprian,epistles,1Cor,new_testament,Bible:1Cor.8.13,1 Cor. viii. 13
cyprian,epistles,Ezek,old_testament_or_other,Bible:Ezek.8.13-Ezek.8.14,"Ezek. viii. 13, 14"
cyprian,epistles,Prov,old_testament_or_other,Bible:Prov.15.12 Bible:Prov.15.10,"Prov. xv. 12, 10"
cyprian,epistles,Matt,new_testament,Bible:Matt.19.11,Matt. xix. 11
cyprian,epistles,Gal,new_testament,Bible:Gal.4.16,Gal. iv. 16
cyprian,epistles,1Cor,new_testament,Bible:1Cor.11.2,1 Cor. xi. 2
cyprian,epistles,John,new_testament,Bible:John.15.1,John xv. 1
cyprian,epistles,Gen,old_testament_or_other,Bible:Gen.14.18,Gen. xiv. 18
cyprian,epistles,Ps,old_testament_or_other,Bible:Ps.110.4,Ps. cx. 4
cyprian,epistles,Gal,new_testament,Bible:Gal.3.6-Gal.3.9,"Gal. iii.
6–9"
cyprian,epistles,Matt,new_testament,Bible:Matt.3.9,Matt. iii. 9
cyprian,epistles,Luke,new_testament,Bible:Luke.19.9,Luke xix. 9
cyprian,epistles,Prov,old_testament_or_other,Bible:Prov.9.1-Prov.9.5,"Prov. ix.
1–5"
cyprian,epistles,Gen,old_testament_or_other,Bible:Gen.49.11,Gen. xlix. 11
cyprian,epistles,Isa,old_testament_or_other,Bible:Isa.63.2,Isa. lxiii. 2
cyprian,epistles,Isa,old_testament_or_other,Bible:Isa.43.18-Isa.43.21,"Isa. xliii.
18–21"
cyprian,epistles,Isa,old_testament_or_other,Bible:Isa.48.21,Isa. xlviii. 21
cyprian,epistles,John,new_testament,Bible:John.7.37-John.7.39,"John vii.
37–39"
cyprian,epistles,Matt,new_testament,Bible:Matt.5.6,Matt. v. 6
cyprian,epistles,John,new_testament,Bible:John.4.13-John.4.14,"John iv. 13, 14"
cyprian,epistles,Matt,new_testament,Bible:Matt.26.28-Matt.26.29,"Matt. xxvi. 28, 29"
cyprian,epistles,1Cor,new_testament,Bible:1Cor.11.23-1Cor.11.26,"1 Cor. xi.
23–26"
cyprian,epistles,Ps,old_testament_or_other,Bible:Ps.23.5,Ps. xxiii. 5
cyprian,epistles,Ps,old_testament_or_other,Bible:Ps.22.5,Ps. xxii. 5
cyprian,epistles,Rev,new_testament,Bible:Rev.17.15,Apoc. xvii. 15
cyprian,epistles,John,new_testament,Bible:John.15.14-John.15.15,"John xv. 14, 15"
cyprian,epistles,Matt,new_testament,Bible:Matt.17.5,Matt. xvii. 5
cyprian,epistles,Isa,old_testament_or_other,Bible:Isa.29.13,Isa. xxix. 13
cyprian,epistles,Mark,new_testament,Bible:Mark.7.13,Mark vii. 13
cyprian,epistles,Matt,new_testament,Bible:Matt.5.19,Matt. v. 19
cyprian,epistles,Mark,new_testament,Bible:Mark.8.38,Mark viii. 38
cyprian,epistles,Exod,old_testament_or_other,Bible:Exod.12.6,Ex. xii. 6
cyprian,epistles,Ps,old_testament_or_other,Bible:Ps.141.2,Ps. cxli. 2
cyprian,epistles,1Cor,new_testament,Bible:1Cor.11.26,1 Cor. xi. 26
cyprian,epistles,Ps,old_testament_or_other,Bible:Ps.50.16-Ps.50.18,Ps. l. 16–18
cyprian,epistles,Jer,old_testament_or_other,Bible:Jer.23.28 Bible:Jer.23.30 Bible:Jer.23.32,"Jer. xxiii. 28, 30,
32"
cyprian,epistles,Jer,old_testament_or_other,Bible:Jer.3.9-Jer.3.10,"Jer. iii. 9, 10"
cyprian,epistles,John,new_testament,Bible:John.8.12,John viii. 12
cyprian,epistles,Phil,new_testament,Bible:Phil.3.15,Phil. iii. 15
cyprian,epistles,Isa,old_testament_or_other,Bible:Isa.2.8-Isa.2.9,"Isa. ii. 8, 9"
cyprian,epistles,Lev,old_testament_or_other,Bible:Lev.21.17,Lev. xxi. 17
cyprian,epistles,Exod,old_testament_or_other,Bible:Exod.19.22,Ex. xix. 22
cyprian,epistles,Exod,old_testament_or_other,Bible:Exod.28.43,Ex. xxviii. 43
cyprian,epistles,John,new_testament,Bible:John.9.31,John ix. 31
cyprian,epistles,2Thess,new_testament,Bible:2Thess.2.11,2 Thess. ii. 11
cyprian,epistles,Num,old_testament_or_other,Bible:Num.16.9-Num.16.10,"Num. xvi. 9, 10"
cyprian,epistles,Jude,new_testament,Bible:Jude.1.11,Jude 11
cyprian,epistles,Sir,deuterocanonical,Bible:Sir.7.29,Ecclus. vii. 29
cyprian,epistles,Sir,deuterocanonical,Bible:Sir.7.31,Ecclus. vii. 31
cyprian,epistles,Acts,new_testament,Bible:Acts.23.4-Acts.23.5,"Acts xxiii. 4, 5"
cyprian,epistles,1Tim,new_testament,Bible:1Tim.4.12,1 Tim. iv. 12
cyprian,epistles,2Tim,new_testament,Bible:2Tim.2.4,2 Tim. ii. 4
cyprian,epistles,Ezek,old_testament_or_other,Bible:Ezek.34.4-Ezek.34.6 Bible:Ezek.34.10 Bible:Ezek.34.16,"Ezek. xxxiv. 4–6, 10,
16"
cyprian,epistles,Heb,new_testament,Bible:Heb.2.5,Heb. ii. 5
cyprian,epistles,Luke,new_testament,Bible:Luke.16.15,Luke xvi. 15
cyprian,epistles,Num,old_testament_or_other,Bible:Num.16.26,Num. xvi. 26
cyprian,epistles,Num,old_testament_or_other,Bible:Num.20.25-Num.20.26,"Num. xx. 25, 26"
cyprian,epistles,Acts,new_testament,Bible:Acts.1.15,Acts i. 15
cyprian,epistles,Acts,new_testament,Bible:Acts.4.2,Acts iv. 2
cyprian,epistles,Gal,new_testament,Bible:Gal.6.7,Gal. vi. 7
cyprian,epistles,Titus,new_testament,Bible:Titus.1.7,Tit. i. 7
cyprian,epistles,Ps,old_testament_or_other,Bible:Ps.50.17-Ps.50.18,"Ps. l. 17, 18"
cyprian,epistles,Rom,new_testament,Bible:Rom.1.30-Rom.1.32,"Rom. i.
30–32"
cyprian,epistles,John,new_testament,Bible:John.5.31-John.5.32,"John v. 31, 32"
cyprian,epistles,John,new_testament,Bible:John.6.67-John.6.69,"John vi.
67–69"
cyprian,epistles,Eph,new_testament,Bible:Eph.2.20,"Eph. ii.
20"
cyprian,epistles,Rev,new_testament,Bible:Rev.21.14,Rev. xxi. 14
cyprian,epistles,Gen,old_testament_or_other,Bible:Gen.37.19-Gen.37.20,"Gen. xxxvii. 19,
20"
cyprian,epistles,Matt,new_testament,Bible:Matt.2.20 Bible:Matt.2.23,"Matt. ii. 20, 23"
cyprian,epistles,Jer,old_testament_or_other,Bible:Jer.2.13,Jer. ii. 13
cyprian,epistles,Prov,old_testament_or_other,Bible:Prov.9.19,Prov. ix. 19
cyprian,epistles,Ezek,old_testament_or_other,Bible:Ezek.36.25-Ezek.36.26,"Ezek. xxxvi. 25,
26"
cyprian,epistles,Num,old_testament_or_other,Bible:Num.19.2,Num. xix. 2
cyprian,epistles,1John,new_testament,Bible:1John.2.27,"1 John ii.
27"
cyprian,epistles,Mark,new_testament,Bible:Mark.6.13 Bible:Jas.5.14,"Mark vi. 13; Jas. v.
14"
cyprian,epistles,Ps,old_testament_or_other,Bible:Ps.141.5,Ps. cxli. 5
cyprian,epistles,Lev,old_testament_or_other,Bible:Lev.19.2,Lev. xix. 2
cyprian,epistles,Luke,new_testament,Bible:Luke.11.23,Luke xi. 23
cyprian,epistles,1John,new_testament,Bible:1John.2.18-1John.2.19,"1 John ii. 18, 19"
cyprian,epistles,Sir,deuterocanonical,Bible:Sir.34.25,Ecclus. xxxiv. 25
cyprian,epistles,Gal,new_testament,Bible:Gal.2.5,"Gal.
ii. 5"
cyprian,epistles,1Cor,new_testament,Bible:1Cor.14.29-1Cor.14.30,"1 Cor. xiv. 29, 30"
cyprian,epistles,Acts,new_testament,Bible:Acts.8.17,"Acts viii.
17"
cyprian,epistles,John,new_testament,Bible:John.3.5,John iii. 5
cyprian,epistles,Acts,new_testament,Bible:Acts.10.47,"Acts x.
47"
cyprian,epistles,Matt,new_testament,Bible:Matt.3.15,Matt. iii. 15
cyprian,epistles,Lev,old_testament_or_other,Bible:Lev.21.21,Lev. xxi. 21
cyprian,epistles,Matt,new_testament,Bible:Matt.28.18-Matt.28.19,"Matt. xxviii. 18,
19"
cyprian,epistles,Jer,old_testament_or_other,Bible:Jer.15.18,Jer. xv. 18
cyprian,epistles,John,new_testament,Bible:John.20.21-John.20.23,"John xx.
21–23"
cyprian,epistles,Deut,old_testament_or_other,Bible:Deut.4.24,Deut. iv. 24
cyprian,epistles,John,new_testament,Bible:John.6.37-John.6.38,"John vi. 37, 38"
cyprian,epistles,1Cor,new_testament,Bible:1Cor.11.16,1 Cor. xi. 16
cyprian,epistles,1Tim,new_testament,Bible:1Tim.1.13,1 Tim. i. 13
cyprian,epistles,Phil,new_testament,Bible:Phil.1.18,Phil. i. 18
cyprian,epistles,2Tim,new_testament,Bible:2Tim.2.17,2 Tim. ii. 17
cyprian,epistles,2Cor,new_testament,Bible:2Cor.6.14,2 Cor. vi. 14
cyprian,epistles,1John,new_testament,Bible:1John.4.3,1 John iv. 3
cyprian,epistles,Matt,new_testament,Bible:Matt.7.21,Matt. vii. 21
cyprian,epistles,Matt,new_testament,Bible:Matt.24.5 Bible:Matt.24.25,"Matt. xxiv. 5, 25"
cyprian,epistles,John,new_testament,Bible:John.14.6,John xiv. 6
cyprian,epistles,John,new_testament,Bible:John.17.3,John xvii. 3
cyprian,epistles,Acts,new_testament,Bible:Acts.2.38-Acts.2.39,"Acts ii. 38, 39"
cyprian,epistles,John,new_testament,Bible:John.6.65,John vi. 65
cyprian,epistles,Luke,new_testament,Bible:Luke.16.8,Luke xvi. 8
cyprian,epistles,Exod,old_testament_or_other,Bible:Exod.20.12,Ex. xx. 12
cyprian,epistles,Matt,new_testament,Bible:Matt.15.4,Matt. xv. 4
cyprian,epistles,1Cor,new_testament,Bible:1Cor.13.3,1 Cor. xiii. 3
cyprian,epistles,Luke,new_testament,Bible:Luke.12.50,Luke xii. 50
cyprian,epistles,Matt,new_testament,Bible:Matt.9.13 Bible:Matt.12.7,"Matt.
ix. 13; xii. 7"
cyprian,epistles,Jas,new_testament,Bible:Jas.2.13,Jas. ii. 13
cyprian,epistles,Heb,new_testament,Bible:Heb.6.2,Heb. vi. 2
cyprian,epistles,Josh,old_testament_or_other,Bible:Josh.1.8,Josh. i. 8
cyprian,epistles,Titus,new_testament,Bible:Titus.3.11,Tit. iii. 11
cyprian,epistles,Titus,new_testament,Bible:Titus.3.5,Tit. iii. 5
cyprian,epistles,Eph,new_testament,Bible:Eph.5.25-Eph.5.26,"Eph. v. 25, 26"
cyprian,epistles,Rom,new_testament,Bible:Rom.14.1,"Rom. xiv.
1"
cyprian,epistles,Luke,new_testament,Bible:Luke.18.8,Luke xviii. 8
cyprian,epistles,2Tim,new_testament,Bible:2Tim.2.24,2 Tim. ii. 24
cyprian,epistles,1Cor,new_testament,Bible:1Cor.14.30,1 Cor. xiv. 30
cyprian,epistles,Song,old_testament_or_other,Bible:Song.4.12-Song.4.13,"Cant. iv. 12, 13"
cyprian,epistles,1Pet,new_testament,Bible:1Pet.3.20-1Pet.3.21,"1 Pet. iii. 20, 21"
cyprian,epistles,Isa,old_testament_or_other,Bible:Isa.2.2,Isa. ii. 2
cyprian,epistles,Ps,old_testament_or_other,Bible:Ps.133.1,Ps. cxxxiii. 1
cyprian,epistles,Ps,old_testament_or_other,Bible:Ps.73.27,Ps. lxxiii. 27
cyprian,epistles,John,new_testament,Bible:John.17.21,John xvii. 21
cyprian,epistles,Mark,new_testament,Bible:Mark.13.6,Mark xiii. 6
cyprian,epistles,2Cor,new_testament,Bible:2Cor.11.2,2 Cor. xi. 2
cyprian,epistles,Ps,old_testament_or_other,Bible:Ps.45.11,Ps. xlv. 11
cyprian,epistles,Song,old_testament_or_other,Bible:Song.4.8,Cant. iv. 8
cyprian,epistles,Song,old_testament_or_other,Bible:Song.5.1,Cant. v. 1
cyprian,epistles,1Pet,new_testament,Bible:1Pet.3.21,1 Pet. iii. 21
cyprian,epistles,Matt,new_testament,Bible:Matt.16.19,Matt. xvi. 19
cyprian,epistles,John,new_testament,Bible:John.20.22-John.20.23,"John xx. 22, 23"
cyprian,epistles,Prov,old_testament_or_other,Bible:Prov.19.5,Prov. xix. 5
cyprian,epistles,Prov,old_testament_or_other,Bible:Prov.29.22,Prov. xxix. 22
cyprian,epistles,Eph,new_testament,Bible:Eph.4.1 Bible:Eph.4.6,"Eph. iv. 1, 6"
cyprian,epistles,Eph,new_testament,Bible:Eph.4.5-Eph.4.6,"Eph. iv. 5, 6"
cyprian,epistles,Luke,new_testament,Bible:Luke.9.50,Luke ix. 50
cyprian,epistles,Song,old_testament_or_other,Bible:Song.6.9,Cant. vi. 9
cyprian,epistles,Song,old_testament_or_other,Bible:Song.4.12,Cant. iv. 12
cyprian,epistles,Exod,old_testament_or_other,Bible:Exod.12.46,Ex. xii. 46
cyprian,epistles,Josh,old_testament_or_other,Bible:Josh.2.18-Josh.2.19,"Josh. ii. 18, 19"
cyprian,epistles,John,new_testament,Bible:John.10.30,John x. 30
cyprian,epistles,John,new_testament,Bible:John.10.16,John x. 16
cyprian,epistles,2Kgs,old_testament_or_other,Bible:2Kgs.17.20-2Kgs.17.21,"2 Kings xvii. 20,
21"
cyprian,epistles,Matt,new_testament,Bible:Matt.10.5,Matt. x. 5
cyprian,epistles,Num,old_testament_or_other,Bible:Num.17.5 Bible:Jude.1.11,Num. xvii. 5 [and Jude 11
cyprian,epistles,Num,old_testament_or_other,Bible:Num.19.8 Bible:Num.19.12 Bible:Num.19.13,"Num. xix. 8, 12,
13"
cyprian,epistles,Num,old_testament_or_other,Bible:Num.8.5-Num.8.7,"Num. viii.
5–7"
cyprian,epistles,Num,old_testament_or_other,Bible:Num.19.9,Num. xix. 9
cyprian,epistles,Gal,new_testament,Bible:Gal.4.21,Gal. iv. 21
cyprian,epistles,1Cor,new_testament,Bible:1Cor.10.1-1Cor.10.2 Bible:1Cor.10.6,"1 Cor. x. 1, 2, 6"
cyprian,epistles,Acts,new_testament,Bible:Acts.16.16 Bible:Acts.19.15,"Acts xvi. 16 and xix.
15"
cyprian,epistles,Rom,new_testament,Bible:Rom.14.12-Rom.14.13,"Rom. xiv. 12, 13"
cyprian,epistles,Phil,new_testament,Bible:Phil.3.21,Phil. iii. 21
cyprian,epistles,Ps,old_testament_or_other,Bible:Ps.51.18,Ps. li. 18
cyprian,epistles,Rom,new_testament,Bible:Rom.12.1-Rom.12.2,"Rom. xii. 1, 2"
cyprian,epistles,Ps,old_testament_or_other,Bible:Ps.116.12-Ps.116.13 Bible:Ps.116.15,"Ps. cxvi. 12, 13,
15"
cyprian,epistles,Luke,new_testament,Bible:Luke.21.14-Luke.21.15,"Luke xxi. 14, 15"
cyprian,epistles,Phil,new_testament,Bible:Phil.1.21,Phil. i. 21
cyprian,epistles,Rom,new_testament,Bible:Rom.16.20,Rom. xvi. 20
cyprian,epistles,Luke,new_testament,Bible:Luke.20.35 Bible:Luke.21.36 Bible:1Thess.2.12,"Luke xx. 35; xxi. 36; 1
Thess. ii. 12"
cyprian,epistles,Matt,new_testament,Bible:Matt.28.20,Matt. xxviii. 20
cyprian,epistles,Ps,old_testament_or_other,Bible:Ps.51.19,Ps. li. 19
cyprian,epistles,Wis,deuterocanonical,Bible:Wis.3.4-Wis.3.8,"Wisd. iii.
4–8"
cyprian,epistles,Matt,new_testament,Bible:Matt.10.19,Matt. x. 19
cyprian,epistles,1Pet,new_testament,Bible:1Pet.2.5,1 Pet. ii. 5
cyprian,epistles,Isa,old_testament_or_other,Bible:Isa.66.21,"Isa.
lxvi. 21"
cyprian,epistles,Mal,old_testament_or_other,Bible:Mal.1.11,"Mal.
i. 11"
cyprian,epistles,Heb,new_testament,Bible:Heb.5.1,"Heb.
v. 1"
cyprian,epistles,Acts,new_testament,Bible:Acts.15.4-Acts.15.6 Bible:Acts.15.22 Bible:Acts.15.23,"Acts xv. 4–6, 22,
23"
cyprian,epistles,Gal,new_testament,Bible:Gal.5.12,Gal. v. 12
cyprian,epistles,Exod,old_testament_or_other,Bible:Exod.4.24-Exod.4.26,"Exod.
iv. 24–26"
cyprian,epistles,Gal,new_testament,Bible:Gal.2.5,Gal. ii. 5
cyprian,epistles,1John,new_testament,Bible:1John.5.7,"1 John v.
7"
cyprian,epistles,Matt,new_testament,Bible:Matt.16.19 Bible:John.20.22-John.20.23,"Matthew xvi. 19 and John xx. 22,
23"
cyprian,epistles,Acts,new_testament,Bible:Acts.15.7,Acts xv. 7
cyprian,epistles,1Cor,new_testament,Bible:1Cor.1.26,"1 Cor. i.
26"
cyprian,epistles,Matt,new_testament,Bible:Matt.10.10 Bible:Mark.13.11,Matt. x. 10; Mark xiii. 11
cyprian,epistles,1John,new_testament,Bible:1John.2.17,"1 John ii.
17"
cyprian,treatises,Matt,new_testament,Bible:Matt.18,Matthew xviii.
cyprian,treatises,Matt,new_testament,Bible:Matt.5.13,Matt. v. 13
cyprian,treatises,Matt,new_testament,Bible:Matt.19.17,Matt. xix. 17
cyprian,treatises,John,new_testament,Bible:John.14.15,John xiv. 15
cyprian,treatises,Matt,new_testament,Bible:Matt.7.24,Matt. vii. 24
cyprian,treatises,Matt,new_testament,Bible:Matt.16.18-Matt.16.19,"Matt. xvi. 18, 19"
cyprian,treatises,John,new_testament,Bible:John.21.15,John xxi. 15
cyprian,treatises,John,new_testament,Bible:John.20.21,John xx. 21
cyprian,treatises,Song,old_testament_or_other,Bible:Song.6.9,Cant. vi. 9
cyprian,treatises,Eph,new_testament,Bible:Eph.4.4,Eph. iv. 4
cyprian,treatises,Matt,new_testament,Bible:Matt.12.30,Matt. xii. 30
cyprian,treatises,John,new_testament,Bible:John.10.30,John x. 30
cyprian,treatises,1John,new_testament,Bible:1John.5.7,1 John v. 7
cyprian,treatises,John,new_testament,Bible:John.19.23-John.19.24,"John xix. 23, 24"
cyprian,treatises,1Kgs,old_testament_or_other,Bible:1Kgs.11.31,1 Kings xi. 31
cyprian,treatises,John,new_testament,Bible:John.10.16,John x. 16
cyprian,treatises,1Cor,new_testament,Bible:1Cor.1.10,1 Cor. i. 10
cyprian,treatises,Eph,new_testament,Bible:Eph.4.3,Eph. iv. 3
cyprian,treatises,Josh,old_testament_or_other,Bible:Josh.2.19,Josh. ii. 19
cyprian,treatises,Exod,old_testament_or_other,Bible:Exod.12.46,Ex. xii. 46
cyprian,treatises,Ps,old_testament_or_other,Bible:Ps.68.6,Ps. lxviii. 6
cyprian,treatises,1John,new_testament,Bible:1John.2.19,1 John ii. 19
cyprian,treatises,1Cor,new_testament,Bible:1Cor.11.19,1 Cor. xi. 19
cyprian,treatises,Jer,old_testament_or_other,Bible:Jer.23.16-Jer.23.21,"Jer. xxiii.
16–21"
cyprian,treatises,Jer,old_testament_or_other,Bible:Jer.2.13,Jer. ii. 13
cyprian,treatises,Matt,new_testament,Bible:Matt.18.20,Matt. xviii. 20
cyprian,treatises,Matt,new_testament,Bible:Matt.18.19-Matt.18.20,"Matt. xviii. 19,
20"
cyprian,treatises,John,new_testament,Bible:John.20.26-John.20.29,"John xx.
26–29"
cyprian,treatises,Mark,new_testament,Bible:Mark.11.25,Mark xi. 25
cyprian,treatises,1Cor,new_testament,Bible:1Cor.13.2-1Cor.13.5 Bible:1Cor.13.7 Bible:1Cor.13.8,"1 Cor. xiii. 2–5, 7,
8"
cyprian,treatises,John,new_testament,Bible:John.15.12,John xv. 12
cyprian,treatises,1John,new_testament,Bible:1John.4.16,1 John iv. 16
cyprian,treatises,Mark,new_testament,Bible:Mark.13.6,Mark xiii. 6
cyprian,treatises,Matt,new_testament,Bible:Matt.7.22,Matt. vii. 22
cyprian,treatises,Mark,new_testament,Bible:Mark.12.29-Mark.12.31,"Mark xii.
29–31"
cyprian,treatises,2Tim,new_testament,Bible:2Tim.3.1-2Tim.3.9,"2 Tim. iii.
1–9"
cyprian,treatises,Mark,new_testament,Bible:Mark.13.23,Mark xiii. 23
cyprian,treatises,Sir,deuterocanonical,Bible:Sir.28.24,Ecclus. xxviii. 24
cyprian,treatises,1Cor,new_testament,Bible:1Cor.15.33,1 Cor. xv. 33
cyprian,treatises,Matt,new_testament,Bible:Matt.15.14,Matt. xv. 14
cyprian,treatises,Mark,new_testament,Bible:Mark.7.9,Mark vii. 9
cyprian,treatises,Rev,new_testament,Bible:Rev.3.11,Apoc. iii. 11
cyprian,treatises,Matt,new_testament,Bible:Matt.10.22,Matt. x. 22
cyprian,treatises,Luke,new_testament,Bible:Luke.12.48,Luke xii. 48
cyprian,treatises,Luke,new_testament,Bible:Luke.18.14,Luke xviii. 14
cyprian,treatises,Rom,new_testament,Bible:Rom.3.3,Rom. iii. 3
cyprian,treatises,2Thess,new_testament,Bible:2Thess.3.6,2 Thess. iii. 6
cyprian,treatises,Eph,new_testament,Bible:Eph.5.6,Eph. v. 6
cyprian,treatises,Ps,old_testament_or_other,Bible:Ps.34.12-Ps.34.13,"Ps. xxxiv. 12, 13"
cyprian,treatises,John,new_testament,Bible:John.14.27,John xiv. 27
cyprian,treatises,Matt,new_testament,Bible:Matt.5.9,Matt. v. 9
cyprian,treatises,Acts,new_testament,Bible:Acts.4.32,Acts iv. 32
cyprian,treatises,Acts,new_testament,Bible:Acts.1.14,Acts i. 14
cyprian,treatises,Luke,new_testament,Bible:Luke.18.8,Luke xviii. 8
cyprian,treatises,Luke,new_testament,Bible:Luke.12.35,Luke xii. 35
cyprian,treatises,Ps,old_testament_or_other,Bible:Ps.2.12,Ps. ii. 12
cyprian,treatises,Ps,old_testament_or_other,Bible:Ps.50.17,Ps. l. 17
cyprian,treatises,Wis,deuterocanonical,Bible:Wis.3.11,Wisd. iii. 11
cyprian,treatises,Prov,old_testament_or_other,Bible:Prov.3.11,Prov. iii. 11
cyprian,treatises,Jer,old_testament_or_other,Bible:Jer.3.15,Jer. iii. 15
cyprian,treatises,1Cor,new_testament,Bible:1Cor.6.19,1 Cor. vi. 19
cyprian,treatises,John,new_testament,Bible:John.5.14,John v. 14
cyprian,treatises,Matt,new_testament,Bible:Matt.19.11,Matt. xix. 11
cyprian,treatises,Rev,new_testament,Bible:Rev.14.4,Apoc. xiv. 4
cyprian,treatises,Ps,old_testament_or_other,Bible:Ps.53.5,Ps. liii. 5
cyprian,treatises,Gal,new_testament,Bible:Gal.1.10,Gal. i. 10
cyprian,treatises,1Cor,new_testament,Bible:1Cor.7.32,1 Cor. vii. 32
cyprian,treatises,Gal,new_testament,Bible:Gal.6.14,Gal. vi. 14
cyprian,treatises,Gal,new_testament,Bible:Gal.5.24,Gal. v. 24
cyprian,treatises,Isa,old_testament_or_other,Bible:Isa.40.6,Isa. xl. 6
cyprian,treatises,1John,new_testament,Bible:1John.2.15-1John.2.17,"1 John ii.
15–17"
cyprian,treatises,John,new_testament,Bible:John.6.38,John vi. 38
cyprian,treatises,1John,new_testament,Bible:1John.2.6,1 John ii. 6
cyprian,treatises,1Tim,new_testament,Bible:1Tim.2.9-1Tim.2.10,"1 Tim. ii. 9, 10"
cyprian,treatises,1Pet,new_testament,Bible:1Pet.3.3-1Pet.3.4,"1 Pet. iii. 3, 4"
cyprian,treatises,1Cor,new_testament,Bible:1Cor.10.23,1 Cor. x. 23
cyprian,treatises,Wis,deuterocanonical,Bible:Wis.5.8,Wisd. v. 8
cyprian,treatises,1Cor,new_testament,Bible:1Cor.7.30-1Cor.7.31,"1 Cor. vii. 30, 31"
cyprian,treatises,Luke,new_testament,Bible:Luke.16.9,"Luke xvi.
9"
cyprian,treatises,Rev,new_testament,Bible:Rev.17.1,Apoc. xvii. 1
cyprian,treatises,Isa,old_testament_or_other,Bible:Isa.3.16,Isa. iii. 16
cyprian,treatises,Gen,old_testament_or_other,Bible:Gen.1.26,Gen. i. 26
cyprian,treatises,1Cor,new_testament,Bible:1Cor.5.7,1 Cor. v. 7
cyprian,treatises,Matt,new_testament,Bible:Matt.5.36,Matt. v. 36
cyprian,treatises,Rev,new_testament,Bible:Rev.1.14,Apoc. i. 14
cyprian,treatises,Gen,old_testament_or_other,Bible:Gen.3.16,Gen. iii. 16
cyprian,treatises,Luke,new_testament,Bible:Luke.20.35-Luke.20.36,"Luke xx. 35, 36"
cyprian,treatises,1Cor,new_testament,Bible:1Cor.15.47,1 Cor. xv. 47
cyprian,treatises,1Cor,new_testament,Bible:1Cor.11.4,1 Cor. xi. 4
cyprian,treatises,Ps,old_testament_or_other,Bible:Ps.89.30,Ps. lxxxix. 30
cyprian,treatises,Deut,old_testament_or_other,Bible:Deut.6.13,Deut. vi. 13
cyprian,treatises,Isa,old_testament_or_other,Bible:Isa.2.8-Isa.2.9,"Isa. ii. 8, 9"
cyprian,treatises,Exod,old_testament_or_other,Bible:Exod.22.20,Ex. xxii. 20
cyprian,treatises,Mark,new_testament,Bible:Mark.8.36,Mark viii. 36
cyprian,treatises,Isa,old_testament_or_other,Bible:Isa.52.11,Isa. lii. 11
cyprian,treatises,Rev,new_testament,Bible:Rev.18.4,Apoc. xviii. 4
cyprian,treatises,Matt,new_testament,Bible:Matt.19.21,Matt. xix. 21
cyprian,treatises,1Tim,new_testament,Bible:1Tim.6.9,1 Tim. vi. 9
cyprian,treatises,Mark,new_testament,Bible:Mark.10.29,Mark x. 29
cyprian,treatises,Luke,new_testament,Bible:Luke.6.22,Luke vi. 22
cyprian,treatises,Isa,old_testament_or_other,Bible:Isa.3.12,Isa. iii. 12
cyprian,treatises,Rev,new_testament,Bible:Rev.3.19,Apoc. iii. 19
cyprian,treatises,Lev,old_testament_or_other,Bible:Lev.7.20,Lev. vii. 20
cyprian,treatises,1Cor,new_testament,Bible:1Cor.10.21,1 Cor. x. 21
cyprian,treatises,1Cor,new_testament,Bible:1Cor.11.27,1 Cor. xi. 27
cyprian,treatises,Rev,new_testament,Bible:Rev.2.5,"Apoc.
ii. 5"
cyprian,treatises,Jer,old_testament_or_other,Bible:Jer.17.5,Jer. xvii. 5
cyprian,treatises,Rev,new_testament,Bible:Rev.6.10,Apoc. vi. 10
cyprian,treatises,Exod,old_testament_or_other,Bible:Exod.32.31,Ex. xxxii. 31
cyprian,treatises,Jer,old_testament_or_other,Bible:Jer.1.5,Jer. i. 5
cyprian,treatises,Jer,old_testament_or_other,Bible:Jer.7.16,Jer. vii. 16
cyprian,treatises,Ezek,old_testament_or_other,Bible:Ezek.14.13,Ezek. xiv. 13
cyprian,treatises,Luke,new_testament,Bible:Luke.12.8,Luke xii. 8
cyprian,treatises,Isa,old_testament_or_other,Bible:Isa.42.24,Isa. xlii. 24
cyprian,treatises,Isa,old_testament_or_other,Bible:Isa.59.1,Isa. lix. 1
cyprian,treatises,Luke,new_testament,Bible:Luke.11.20,Luke xi. 20
cyprian,treatises,Matt,new_testament,Bible:Matt.6.24,Matt. vi. 24
cyprian,treatises,Ps,old_testament_or_other,Bible:Ps.139.16,Ps. cxxxix. 16
cyprian,treatises,1Sam,old_testament_or_other,Bible:1Sam.16.7,1 Sam. xvi. 7
cyprian,treatises,Rev,new_testament,Bible:Rev.2.23,Apoc. ii. 23
cyprian,treatises,Jer,old_testament_or_other,Bible:Jer.23.23,Jer. xxiii. 23
cyprian,treatises,Gal,new_testament,Bible:Gal.6.7,Gal. vi. 7
cyprian,treatises,Mark,new_testament,Bible:Mark.8.83,Mark viii. 83
cyprian,treatises,Joel,old_testament_or_other,Bible:Joel.2.12,Joel ii. 12
cyprian,treatises,Lev,old_testament_or_other,Bible:Lev.19.27,Lev. xix. 27
cyprian,treatises,Dan,old_testament_or_other,Bible:Dan.9.4,Dan. ix. 4
cyprian,treatises,Isa,old_testament_or_other,Bible:Isa.29.10,Isa. xxix. 10
cyprian,treatises,2Thess,new_testament,Bible:2Thess.2.10,2 Thess. ii. 10
cyprian,treatises,2Tim,new_testament,Bible:2Tim.2.17,2 Tim. ii. 17
cyprian,treatises,Matt,new_testament,Bible:Matt.25.36,"Matt. xxv.
36"
cyprian,treatises,Isa,old_testament_or_other,Bible:Isa.30.51,Isa. xxx. 51
cyprian,treatises,Ezek,old_testament_or_other,Bible:Ezek.33.11,Ezek. xxxiii. 11
cyprian,treatises,Joel,old_testament_or_other,Bible:Joel.2.13,Joel ii. 13
cyprian,treatises,John,new_testament,Bible:John.4.23,John iv. 23
cyprian,treatises,John,new_testament,Bible:John.16.23,John xvi. 23
cyprian,treatises,John,new_testament,Bible:John.14.6,"John xiv.
6"
cyprian,treatises,Jer,old_testament_or_other,Bible:Jer.23.23-Jer.23.24,"Jer. xxiii. 23, 24"
cyprian,treatises,Prov,old_testament_or_other,Bible:Prov.15.3,Prov. xv. 3
cyprian,treatises,Matt,new_testament,Bible:Matt.9.4,Matt. ix. 4
cyprian,treatises,1Sam,old_testament_or_other,Bible:1Sam.1.13,1 Sam. i. 13
cyprian,treatises,Ps,old_testament_or_other,Bible:Ps.4.4,Ps. iv. 4
cyprian,treatises,Bar,deuterocanonical,Bible:Bar.6.6,Baruch vi. 6
cyprian,treatises,Luke,new_testament,Bible:Luke.18.10-Luke.18.14,"Luke xviii.
10–14"
cyprian,treatises,Matt,new_testament,Bible:Matt.6.9,Matt. vi. 9
cyprian,treatises,John,new_testament,Bible:John.1.11,John i. 11
cyprian,treatises,Deut,old_testament_or_other,Bible:Deut.33.9,Deut. xxxiii. 9
cyprian,treatises,Matt,new_testament,Bible:Matt.23.9,Matt. xxiii. 9
cyprian,treatises,Matt,new_testament,Bible:Matt.8.22,Matt. viii. 22
cyprian,treatises,John,new_testament,Bible:John.8.44,John viii. 44
cyprian,treatises,Isa,old_testament_or_other,Bible:Isa.1.3,Isa. i. 3
cyprian,treatises,John,new_testament,Bible:John.8.34,John viii. 34
cyprian,treatises,1Sam,old_testament_or_other,Bible:1Sam.2.30,1 Sam. ii. 30
cyprian,treatises,1Cor,new_testament,Bible:1Cor.6.20,1 Cor. vi. 20
cyprian,treatises,Lev,old_testament_or_other,Bible:Lev.20.7,Lev. xx. 7
cyprian,treatises,1Cor,new_testament,Bible:1Cor.6.9,1 Cor. vi. 9
cyprian,treatises,Matt,new_testament,Bible:Matt.25.34,Matt. xxv. 34
cyprian,treatises,Matt,new_testament,Bible:Matt.8.11,Matt. viii. 11
cyprian,treatises,Matt,new_testament,Bible:Matt.26.39,Matt. xxvi. 39
cyprian,treatises,Gal,new_testament,Bible:Gal.5.17-Gal.5.22,"Gal. v.
17–22"
cyprian,treatises,John,new_testament,Bible:John.6.58,John vi. 58
cyprian,treatises,John,new_testament,Bible:John.6.53,John vi. 53
cyprian,treatises,1Kgs,old_testament_or_other,Bible:1Kgs.19.7-1Kgs.19.8,"1 Kings xix. 7, 8"
cyprian,treatises,Luke,new_testament,Bible:Luke.14.33,Luke xiv. 33
cyprian,treatises,Matt,new_testament,Bible:Matt.6.34,Matt. vi. 34
cyprian,treatises,1Tim,new_testament,Bible:1Tim.6.7,1 Tim. vi. 7
cyprian,treatises,Luke,new_testament,Bible:Luke.12.20,Luke xii. 20
cyprian,treatises,Prov,old_testament_or_other,Bible:Prov.10.3,Prov. x. 3
cyprian,treatises,Ps,old_testament_or_other,Bible:Ps.37.25,Ps. xxxvii. 25
cyprian,treatises,Matt,new_testament,Bible:Matt.6.31,Matt. vi. 31
cyprian,treatises,John,new_testament,Bible:John.6.27,John vi. 27
cyprian,treatises,Matt,new_testament,Bible:Matt.6.8,Matt. vi. 8
cyprian,treatises,Matt,new_testament,Bible:Matt.18.32,Matt. xviii. 32
cyprian,treatises,1John,new_testament,Bible:1John.1.8,1 John i. 8
cyprian,treatises,Matt,new_testament,Bible:Matt.6.15,Matt. vi. 15
cyprian,treatises,Matt,new_testament,Bible:Matt.7.2,Matt. vii. 2
cyprian,treatises,1John,new_testament,Bible:1John.3.15,1 John iii. 15
cyprian,treatises,2Kgs,old_testament_or_other,Bible:2Kgs.24.11,2 Kings xxiv. 11
cyprian,treatises,1Kgs,old_testament_or_other,Bible:1Kgs.11.14,1 Kings xi. 14
cyprian,treatises,Job,old_testament_or_other,Bible:Job.1.12,Job i. 12
cyprian,treatises,John,new_testament,Bible:John.19.11,John xix. 11
cyprian,treatises,Mark,new_testament,Bible:Mark.14.38,Mark xiv. 38
cyprian,treatises,Isa,old_testament_or_other,Bible:Isa.10.22,Isa. x. 22
cyprian,treatises,John,new_testament,Bible:John.17.3,John xvii. 3
cyprian,treatises,Matt,new_testament,Bible:Matt.12.29-Matt.12.31,"Matt. xii.
29–31"
cyprian,treatises,Matt,new_testament,Bible:Matt.22.40,Matt. xxii. 40
cyprian,treatises,Matt,new_testament,Bible:Matt.7.12,Matt. vii. 12
cyprian,treatises,Luke,new_testament,Bible:Luke.5.16,Luke v. 16
cyprian,treatises,Luke,new_testament,Bible:Luke.6.12,Luke vi. 12
cyprian,treatises,Luke,new_testament,Bible:Luke.22.31,Luke xxii. 31
cyprian,treatises,John,new_testament,Bible:John.17.20,John xvii. 20
cyprian,treatises,Song,old_testament_or_other,Bible:Song.5.2,Cant. v. 2
cyprian,treatises,Col,new_testament,Bible:Col.1.2,Col. i. 2
cyprian,treatises,Tob,deuterocanonical,Bible:Tob.20.8,Tob. xx. 8
cyprian,treatises,Acts,new_testament,Bible:Acts.10.2 Bible:Acts.10.4,"Acts x. 2, 4"
cyprian,treatises,Tob,deuterocanonical,Bible:Tob.12.12-Tob.12.15,"Tob. xii.
12–15"
cyprian,treatises,Isa,old_testament_or_other,Bible:Isa.58.6-Isa.58.9,"Isa. lviii.
6–9"
cyprian,treatises,Phil,new_testament,Bible:Phil.4.18,Phil. iv. 18
cyprian,treatises,Acts,new_testament,Bible:Acts.3.1,Acts iii. 1
cyprian,treatises,Ps,old_testament_or_other,Bible:Ps.5.2,Ps. v. 2
cyprian,treatises,Hos,old_testament_or_other,Bible:Hos.6.1,Hos. vi. 1
cyprian,treatises,Ps,old_testament_or_other,Bible:Ps.118.22,Ps. cxviii. 22
cyprian,treatises,Mal,old_testament_or_other,Bible:Mal.4.2,Mal. iv. 2
cyprian,treatises,Luke,new_testament,Bible:Luke.2.37,Luke ii. 37
cyprian,treatises,Prov,old_testament_or_other,Bible:Prov.23.9,Prov. xxiii. 9
cyprian,treatises,Prov,old_testament_or_other,Bible:Prov.26.4,Prov. xxvi. 4
cyprian,treatises,Matt,new_testament,Bible:Matt.7.6,Matt. vii. 6
cyprian,treatises,Wis,deuterocanonical,Bible:Wis.5.13,Wisd. v. 13
cyprian,treatises,Exod,old_testament_or_other,Bible:Exod.29.3,Ex. xxix. 3
cyprian,treatises,Jer,old_testament_or_other,Bible:Jer.25.6,Jer. xxv. 6
cyprian,treatises,Hag,old_testament_or_other,Bible:Hag.1.9,Hag. i. 9
cyprian,treatises,Amos,old_testament_or_other,Bible:Amos.4.7,Amos iv. 7
cyprian,treatises,Jer,old_testament_or_other,Bible:Jer.2.30,Jer. ii. 30
cyprian,treatises,Jer,old_testament_or_other,Bible:Jer.5.3,Jer. v. 3
cyprian,treatises,Hos,old_testament_or_other,Bible:Hos.4.1-Hos.4.4,Hos. iv. 1–4
cyprian,treatises,Isa,old_testament_or_other,Bible:Isa.2.8,Isa. ii. 8
cyprian,treatises,Rom,new_testament,Bible:Rom.12.19,Rom. xii. 19
cyprian,treatises,Prov,old_testament_or_other,Bible:Prov.20.22,Prov. xx. 22
cyprian,treatises,Hab,old_testament_or_other,Bible:Hab.3.17,Hab. iii. 17
cyprian,treatises,Isa,old_testament_or_other,Bible:Isa.13.6-Isa.13.9,"Isa. xiii.
6–9"
cyprian,treatises,Mal,old_testament_or_other,Bible:Mal.4.1,Mal. iv. 1
cyprian,treatises,Ezek,old_testament_or_other,Bible:Ezek.9.5,Ezek. ix. 5
cyprian,treatises,Ezek,old_testament_or_other,Bible:Ezek.9.4,Ezek. ix. 4
cyprian,treatises,Exod,old_testament_or_other,Bible:Exod.12.13,Ex. xii. 13
cyprian,treatises,Ezek,old_testament_or_other,Bible:Ezek.9.4 Bible:Rev.7.3 Bible:Rev.9.4,"Ezek. ix. 4; Rev. vii. 3; ix.
4"
cyprian,treatises,Amos,old_testament_or_other,Bible:Amos.5.6,Amos v. 6
cyprian,treatises,Isa,old_testament_or_other,Bible:Isa.66.24,Isa. lxvi. 24
cyprian,treatises,Wis,deuterocanonical,Bible:Wis.5.1-Wis.5.9,Wisd. v. 1–9
cyprian,treatises,Dan,old_testament_or_other,Bible:Dan.12.4,Dan. xii. 4
cyprian,treatises,2Tim,new_testament,Bible:2Tim.3.13,2 Tim. iii. 13
cyprian,treatises,Ps,old_testament_or_other,Bible:Ps.59.11,Ps. lix. 11
cyprian,treatises,John,new_testament,Bible:John.10.18,John x. 18
cyprian,treatises,Luke,new_testament,Bible:Luke.21.31,Luke xxi. 31
cyprian,treatises,Luke,new_testament,Bible:Luke.2.29,Luke ii. 29
cyprian,treatises,John,new_testament,Bible:John.16.20,John xvi. 20
cyprian,treatises,John,new_testament,Bible:John.16.22,John xvi. 22
cyprian,treatises,John,new_testament,Bible:John.16.28,John xvi. 28
cyprian,treatises,Phil,new_testament,Bible:Phil.1.21,Phil. i. 21
cyprian,treatises,1Tim,new_testament,Bible:1Tim.6.6,1 Tim. vi. 6
cyprian,treatises,2Tim,new_testament,Bible:2Tim.3.12,2 Tim. iii. 12
cyprian,treatises,Sir,deuterocanonical,Bible:Sir.2.1 Bible:Sir.2.4,"Ecclus. ii. 1, 4"
cyprian,treatises,Sir,deuterocanonical,Bible:Sir.2.5,Ecclus. ii. 5
cyprian,treatises,Job,old_testament_or_other,Bible:Job.1.21,Job i. 21
cyprian,treatises,John,new_testament,Bible:John.16.33,John xvi. 33
cyprian,treatises,Job,old_testament_or_other,Bible:Job.2.10,Job ii. 10
cyprian,treatises,Job,old_testament_or_other,Bible:Job.1.8,Job i. 8
cyprian,treatises,Tob,deuterocanonical,Bible:Tob.2.14,Tob. ii. 14
cyprian,treatises,Tob,deuterocanonical,Bible:Tob.12.11-Tob.12.15,"Tob. xii.
11–15"
cyprian,treatises,Num,old_testament_or_other,Bible:Num.17.10,Num. xvii. 10
cyprian,treatises,Ps,old_testament_or_other,Bible:Ps.51.17,Ps. li. 17
cyprian,treatises,Deut,old_testament_or_other,Bible:Deut.8.2,Deut. viii. 2
cyprian,treatises,Deut,old_testament_or_other,Bible:Deut.13.3,Deut. xiii. 3
cyprian,treatises,2Cor,new_testament,Bible:2Cor.12.7-2Cor.12.9,"2 Cor. xii.
7–9"
cyprian,treatises,Sir,deuterocanonical,Bible:Sir.27.5,Ecclus. xxvii. 5
cyprian,treatises,1Thess,new_testament,Bible:1Thess.4.13,1 Thess. iv. 13
cyprian,treatises,John,new_testament,Bible:John.11.25,John xi. 25
cyprian,treatises,Phil,new_testament,Bible:Phil.3.21,Phil. iii. 21
cyprian,treatises,John,new_testament,Bible:John.17.24,John xvii. 24
cyprian,treatises,Gen,old_testament_or_other,Bible:Gen.5.24,Gen. v. 24
cyprian,treatises,Wis,deuterocanonical,Bible:Wis.4.11,Wisd. iv. 11
cyprian,treatises,Ps,old_testament_or_other,Bible:Ps.84.1,Ps. lxxxiv. 1
cyprian,treatises,1John,new_testament,Bible:1John.2.15,1 John ii. 15
cyprian,treatises,Prov,old_testament_or_other,Bible:Prov.16.6,Prov. xvi. 6
cyprian,treatises,Sir,deuterocanonical,Bible:Sir.3.30,Ecclus. iii. 30
cyprian,treatises,Luke,new_testament,Bible:Luke.11.41,Luke xi. 41
cyprian,treatises,Prov,old_testament_or_other,Bible:Prov.20.9,Prov. xx. 9
cyprian,treatises,1John,new_testament,Bible:1John.1.8-1John.1.9,"1 John i. 8, 9"
cyprian,treatises,Isa,old_testament_or_other,Bible:Isa.58.1,Isa. lviii. 1
cyprian,treatises,Isa,old_testament_or_other,Bible:Isa.58.1-Isa.58.9,"Isa. lviii.
1–9"
cyprian,treatises,Sir,deuterocanonical,Bible:Sir.29.12,Ecclus. xxix. 12
cyprian,treatises,Prov,old_testament_or_other,Bible:Prov.21.13,Prov. xxi. 13
cyprian,treatises,Ps,old_testament_or_other,Bible:Ps.41.1,Ps. xli. 1
cyprian,treatises,Dan,old_testament_or_other,Bible:Dan.4.27,Dan. iv. 27
cyprian,treatises,Tob,deuterocanonical,Bible:Tob.12.8-Tob.12.9,"Tob. xii. 8, 9"
cyprian,treatises,Acts,new_testament,Bible:Acts.9.40,Acts ix. 40
cyprian,treatises,Luke,new_testament,Bible:Luke.12.33,Luke xii. 33
cyprian,treatises,Matt,new_testament,Bible:Matt.6.19-Matt.6.21,"Matt. vi.
19–21"
cyprian,treatises,Matt,new_testament,Bible:Matt.13.45-Matt.13.46,"Matt. xiii. 45, 46"
cyprian,treatises,Luke,new_testament,Bible:Luke.19.8-Luke.19.9,"Luke xix. 8, 9"
cyprian,treatises,Luke,new_testament,Bible:Luke.16.11-Luke.16.12,"Luke xvi. 11, 12"
cyprian,treatises,Prov,old_testament_or_other,Bible:Prov.28.27,Prov. xxviii. 27
cyprian,treatises,2Cor,new_testament,Bible:2Cor.9.10,2 Cor. ix. 10
cyprian,treatises,2Cor,new_testament,Bible:2Cor.9.12,2 Cor. ix. 12
cyprian,treatises,Matt,new_testament,Bible:Matt.6.31-Matt.6.33,"Matt. vi.
31–33"
cyprian,treatises,1Tim,new_testament,Bible:1Tim.6.7-1Tim.6.10,"1 Tim. vi.
7–10"
cyprian,treatises,Matt,new_testament,Bible:Matt.5.26,Matt. v. 26
cyprian,treatises,Luke,new_testament,Bible:Luke.16.14,Luke xvi. 14
cyprian,treatises,Prov,old_testament_or_other,Bible:Prov.1.19,Prov. i. 19
cyprian,treatises,Rev,new_testament,Bible:Rev.3.17-Rev.3.18,"Rev. iii. 17, 18"
cyprian,treatises,Luke,new_testament,Bible:Luke.21.3-Luke.21.4,"Luke xxi. 3, 4"
cyprian,treatises,Matt,new_testament,Bible:Matt.10.37,Matt. x. 37
cyprian,treatises,1John,new_testament,Bible:1John.3.17,1 John iii. 17
cyprian,treatises,1Kgs,old_testament_or_other,Bible:1Kgs.17.14,1 Kings xvii. 14
cyprian,treatises,Prov,old_testament_or_other,Bible:Prov.11.24,Prov. xi. 24
cyprian,treatises,Job,old_testament_or_other,Bible:Job.1.5,Job i. 5
cyprian,treatises,Ps,old_testament_or_other,Bible:Ps.37.25-Ps.37.26,"Ps. xxxvii. 25, 26"
cyprian,treatises,Prov,old_testament_or_other,Bible:Prov.20.7,Prov. xx. 7
cyprian,treatises,Tob,deuterocanonical,Bible:Tob.14.10-Tob.14.11,"Tob. xiv. 10, 11"
cyprian,treatises,Tob,deuterocanonical,Bible:Tob.4.5-Tob.4.11,"Tob. iv.
5–11"
cyprian,treatises,Matt,new_testament,Bible:Matt.25.31-Matt.25.46,"Matt. xxv.
31–46"
cyprian,treatises,Gal,new_testament,Bible:Gal.6.10 Bible:Gal.6.9,"Gal. vi. 10, 9"
cyprian,treatises,Isa,old_testament_or_other,Bible:Isa.29.14,Isa. xxix. 14
cyprian,treatises,Col,new_testament,Bible:Col.2.8 Bible:Col.2.10,"Col. ii. 8, 10"
cyprian,treatises,1Cor,new_testament,Bible:1Cor.3.18-1Cor.3.20,"1 Cor. iii.
18–20"
cyprian,treatises,Ezek,old_testament_or_other,Bible:Ezek.18.32,Ezek. xviii. 32
cyprian,treatises,Mal,old_testament_or_other,Bible:Mal.3.7,Mal. iii. 7
cyprian,treatises,Rom,new_testament,Bible:Rom.2.4-Rom.2.6,Rom. ii. 4–6
cyprian,treatises,Matt,new_testament,Bible:Matt.5.43-Matt.5.48,"Matt. v.
43–48"
cyprian,treatises,1Tim,new_testament,Bible:1Tim.1.3,1 Tim. i. 3
cyprian,treatises,Matt,new_testament,Bible:Matt.16.18,Matt. xvi. 18
cyprian,treatises,1Pet,new_testament,Bible:1Pet.2.21-1Pet.2.23,"1 Pet. ii.
21–23"
cyprian,treatises,Gen,old_testament_or_other,Bible:Gen.3.17-Gen.3.19,"Gen. iii.
17–19"
cyprian,treatises,John,new_testament,Bible:John.8.31-John.8.32,"John viii. 31, 32"
cyprian,treatises,Rom,new_testament,Bible:Rom.8.24-Rom.8.25,"Rom. viii. 24, 25"
cyprian,treatises,Ezek,old_testament_or_other,Bible:Ezek.33.12,Ezek. xxxiii. 12
cyprian,treatises,Rev,new_testament,Bible:Rev.3.11,Rev. iii. 11
cyprian,treatises,1Cor,new_testament,Bible:1Cor.13.4-1Cor.13.7,"1 Cor. xiii.
4–7"
cyprian,treatises,Eph,new_testament,Bible:Eph.4.2-Eph.4.3,"Eph. iv. 2, 3"
cyprian,treatises,Acts,new_testament,Bible:Acts.7.60,Acts vii. 60
cyprian,treatises,Eph,new_testament,Bible:Eph.4.30-Eph.4.31,"Eph. iv. 30, 31"
cyprian,treatises,Sir,deuterocanonical,Bible:Sir.2.4-Sir.2.5,"Ecclus. ii. 4, 5"
cyprian,treatises,Zeph,old_testament_or_other,Bible:Zeph.3.8,Zeph. iii. 8
cyprian,treatises,Rev,new_testament,Bible:Rev.22.10-Rev.22.12,"Rev. xxii.
10–12"
cyprian,treatises,Rev,new_testament,Bible:Rev.6.9-Rev.6.11,"Rev. vi.
9–11"
cyprian,treatises,Ps,old_testament_or_other,Bible:Ps.50.3-Ps.50.6,Ps. l. 3–6
cyprian,treatises,Isa,old_testament_or_other,Bible:Isa.66.15-Isa.66.16,"Isa. lxvi. 15, 16"
cyprian,treatises,Isa,old_testament_or_other,Bible:Isa.42.13-Isa.42.14,"Isa. xlii. 13, 14"
cyprian,treatises,Ps,old_testament_or_other,Bible:Ps.50.3,Ps. l. 3
cyprian,treatises,Phil,new_testament,Bible:Phil.2.9-Phil.2.10,"Phil. ii. 9, 10"
cyprian,treatises,Rev,new_testament,Bible:Rev.22.9 Bible:Rev.19.10 Bible:Acts.10.26 Bible:Acts.14.14-Acts.14.15 Bible:Col.2.18,"Rev. xxii. 9; [also xix. 10. 
And compare Acts x. 26, and xiv. 14, 15; also Col. ii. 18"
cyprian,treatises,1Pet,new_testament,Bible:1Pet.5.8,1 Pet. v. 8
cyprian,treatises,Wis,deuterocanonical,Bible:Wis.2.24,Wisd. ii. 24
cyprian,treatises,Matt,new_testament,Bible:Matt.26.18,Matt. xxvi. 18
cyprian,treatises,Ps,old_testament_or_other,Bible:Ps.37.7,Ps. xxxvii. 7
cyprian,treatises,Ps,old_testament_or_other,Bible:Ps.37.12-Ps.37.13,"Ps. xxxvii. 12, 13"
cyprian,treatises,Rom,new_testament,Bible:Rom.3.13-Rom.3.18,"Rom. iii.
13–18"
cyprian,treatises,Luke,new_testament,Bible:Luke.9.48,Luke ix. 48
cyprian,treatises,Rom,new_testament,Bible:Rom.13.12-Rom.13.13,"Rom. xiii. 12, 13"
cyprian,treatises,1John,new_testament,Bible:1John.2.9-1John.2.11,"1 John ii.
9–11"
cyprian,treatises,John,new_testament,Bible:John.8.12,John viii. 12
cyprian,treatises,1Pet,new_testament,Bible:1Pet.2.21,1 Pet. ii. 21
cyprian,treatises,Matt,new_testament,Bible:Matt.5.19,Matt. v. 19
cyprian,treatises,1Cor,new_testament,Bible:1Cor.13.4,1 Cor. xiii. 4
cyprian,treatises,1Cor,new_testament,Bible:1Cor.3.1-1Cor.3.3,"1 Cor. iii.
1–3"
cyprian,treatises,Rom,new_testament,Bible:Rom.8.12-Rom.8.14,"Rom. viii.
12–14"
cyprian,treatises,Col,new_testament,Bible:Col.3.1-Col.3.4,"Col. iii.
1–4"
cyprian,treatises,1Cor,new_testament,Bible:1Cor.15.47-1Cor.15.49,"1 Cor. xv.
47–49"
cyprian,treatises,Matt,new_testament,Bible:Matt.5.43-Matt.5.45,"Matt. v.
43–45"
cyprian,treatises,Isa,old_testament_or_other,Bible:Isa.1.2,Isa. i. 2
cyprian,treatises,Prov,old_testament_or_other,Bible:Prov.15.1,Prov. xv. 1
cyprian,treatises,Rev,new_testament,Bible:Rev.7.14,"Rev.
vii. 14"
cyprian,treatises,Job,old_testament_or_other,Bible:Job.31.27,Job xxxi. 27
cyprian,treatises,Rom,new_testament,Bible:Rom.1.21 Bible:Rom.1.23,"Rom. i. 21, 23"
cyprian,treatises,Ps,old_testament_or_other,Bible:Ps.135.15-Ps.135.18 Bible:Ps.115.4-Ps.115.8,"Ps. cxxxv. 15–18; cxv.
4–8"
cyprian,treatises,Wis,deuterocanonical,Bible:Wis.15.15-Wis.15.17,"Wisd. xv.
15–17"
cyprian,treatises,Exod,old_testament_or_other,Bible:Exod.20.4,Ex. xx. 4
cyprian,treatises,Wis,deuterocanonical,Bible:Wis.13.1-Wis.13.4,"Wisd. xiii.
1–4"
cyprian,treatises,Deut,old_testament_or_other,Bible:Deut.6.13 Bible:Deut.10.20,"Deut. vi. 13; x.
20"
cyprian,treatises,Exod,old_testament_or_other,Bible:Exod.20.3,Ex. xx. 3
cyprian,treatises,Deut,old_testament_or_other,Bible:Deut.32.39,Deut. xxxii. 39
cyprian,treatises,Rev,new_testament,Bible:Rev.14.6-Rev.14.7,"Rev. xiv. 6, 7"
cyprian,treatises,Matt,new_testament,Bible:Matt.22.37-Matt.22.40,"Matt. xxii.
37–40"
cyprian,treatises,Deut,old_testament_or_other,Bible:Deut.32.17,Deut. xxxii. 17
cyprian,treatises,Isa,old_testament_or_other,Bible:Isa.57.6,Isa. lvii. 6
cyprian,treatises,Jer,old_testament_or_other,Bible:Jer.7.6,Jer. vii. 6
cyprian,treatises,Rev,new_testament,Bible:Rev.14.9-Rev.14.11,"Rev. xiv.
9–11"
cyprian,treatises,Exod,old_testament_or_other,Bible:Exod.32.31-Exod.32.33,"Ex. xxxii.
31–33"
cyprian,treatises,Ezek,old_testament_or_other,Bible:Ezek.14.12-Ezek.14.14,"Ezek. xiv.
12–14"
cyprian,treatises,1Sam,old_testament_or_other,Bible:1Sam.2.25,1 Sam. ii. 25
cyprian,treatises,Deut,old_testament_or_other,Bible:Deut.13.6-Deut.13.10,"Deut. xiii.
6–10"
cyprian,treatises,Deut,old_testament_or_other,Bible:Deut.13.12-Deut.13.18,"Deut. xiii.
12–18"
cyprian,treatises,Matt,new_testament,Bible:Matt.10.32-Matt.10.33,"Matt. x. 32, 33"
cyprian,treatises,2Tim,new_testament,Bible:2Tim.2.11-2Tim.2.12,"2 Tim. ii. 11, 12"
cyprian,treatises,1John,new_testament,Bible:1John.2.23,1 John ii. 23
cyprian,treatises,Matt,new_testament,Bible:Matt.10.28,Matt. x. 28
cyprian,treatises,John,new_testament,Bible:John.12.25,John xii. 25
cyprian,treatises,Matt,new_testament,Bible:Matt.10.37-Matt.10.38,"Matt. x. 37, 38"
cyprian,treatises,Rom,new_testament,Bible:Rom.8.35-Rom.8.37,"Rom. viii.
35–37"
cyprian,treatises,2Cor,new_testament,Bible:2Cor.5.15,2 Cor. v. 15
cyprian,treatises,Exod,old_testament_or_other,Bible:Exod.14.11-Exod.14.14,"Ex. xiv.
11–14"
cyprian,treatises,Luke,new_testament,Bible:Luke.9.62,Luke ix. 62
cyprian,treatises,Luke,new_testament,Bible:Luke.17.31-Luke.17.32,"Luke xvii. 31, 32"
cyprian,treatises,2Chr,old_testament_or_other,Bible:2Chr.15.2,2 Chron. xv. 2
cyprian,treatises,Luke,new_testament,Bible:Luke.12.35-Luke.12.37,"Luke xii.
35–37"
cyprian,treatises,1Cor,new_testament,Bible:1Cor.9.24-1Cor.9.25,"1 Cor. ix. 24, 25"
cyprian,treatises,2Tim,new_testament,Bible:2Tim.2.4-2Tim.2.5,"2 Tim. ii. 4, 5"
cyprian,treatises,Rom,new_testament,Bible:Rom.12.1-Rom.12.2,"Rom. xii. 1, 2"
cyprian,treatises,Rom,new_testament,Bible:Rom.8.16-Rom.8.17,"Rom. viii. 16, 17"
cyprian,treatises,Exod,old_testament_or_other,Bible:Exod.17.11-Exod.17.14,"Ex. xvii.
11–14"
cyprian,treatises,Rom,new_testament,Bible:Rom.5.2-Rom.5.5,Rom. v. 2–5
cyprian,treatises,1Pet,new_testament,Bible:1Pet.4.12-1Pet.4.14,"1 Pet. iv.
12–14"
cyprian,treatises,1John,new_testament,Bible:1John.4.4,1 John iv. 4
cyprian,treatises,Ps,old_testament_or_other,Bible:Ps.118.6,Ps. cxviii. 6
cyprian,treatises,Ps,old_testament_or_other,Bible:Ps.20.7-Ps.20.8,"Ps. xx. 7, 8"
cyprian,treatises,Ps,old_testament_or_other,Bible:Ps.27.3-Ps.27.4,"Ps. xxvii. 3, 4"
cyprian,treatises,Exod,old_testament_or_other,Bible:Exod.1.12,Ex. i. 12
cyprian,treatises,Rev,new_testament,Bible:Rev.2.10,Rev. ii. 10
cyprian,treatises,Isa,old_testament_or_other,Bible:Isa.43.1-Isa.43.3,"Isa. xliii.
1–3"
cyprian,treatises,Matt,new_testament,Bible:Matt.10.19-Matt.10.20,"Matt. x. 19, 20"
cyprian,treatises,Luke,new_testament,Bible:Luke.21.14-Luke.21.15,"Luke xxi. 14, 15"
cyprian,treatises,Exod,old_testament_or_other,Bible:Exod.6.11-Exod.6.12,"Ex. vi. 11, 12"
cyprian,treatises,2Pet,new_testament,Bible:2Pet.2.16,2 Pet. ii. 16
cyprian,treatises,John,new_testament,Bible:John.15.18-John.15.20,"John xv.
18–20"
cyprian,treatises,John,new_testament,Bible:John.16.2-John.16.4,"John xvi.
2–4"
cyprian,treatises,Matt,new_testament,Bible:Matt.24.4-Matt.24.31,"Matt. xxiv.
4–31"
cyprian,treatises,Dan,old_testament_or_other,Bible:Dan.3.16-Dan.3.18,"Dan. iii.
16–18"
cyprian,treatises,Tob,deuterocanonical,Bible:Tob.13.6,Tob. xiii. 6
cyprian,treatises,2Macc,deuterocanonical,Bible:2Macc.7.9,2 Macc. vii. 9
cyprian,treatises,Heb,new_testament,Bible:Heb.11.35,Heb. xi. 35
cyprian,treatises,2Macc,deuterocanonical,Bible:2Macc.7.14,2 Macc. vii. 14
cyprian,treatises,2Macc,deuterocanonical,Bible:2Macc.7.16,2 Macc. vii. 16
cyprian,treatises,2Macc,deuterocanonical,Bible:2Macc.7.18,2 Macc. vii. 18
cyprian,treatises,2Macc,deuterocanonical,Bible:2Macc.7.27,2 Macc. vii. 27
cyprian,treatises,2Macc,deuterocanonical,Bible:2Macc.6.30,2 Macc. vi. 30
cyprian,treatises,Rev,new_testament,Bible:Rev.7.9-Rev.7.15,"Rev. vii.
9–15"
cyprian,treatises,Wis,deuterocanonical,Bible:Wis.3.4-Wis.3.8,"Wisd. iii.
4–8"
cyprian,treatises,Ps,old_testament_or_other,Bible:Ps.116.15,Ps. cxvi. 15
cyprian,treatises,Ps,old_testament_or_other,Bible:Ps.126.5-Ps.126.6,"Ps. cxxvi. 5, 6"
cyprian,treatises,Ps,old_testament_or_other,Bible:Ps.119.1-Ps.119.2,"Ps. cxix. 1, 2"
cyprian,treatises,Matt,new_testament,Bible:Matt.5.10,Matt. v. 10
cyprian,treatises,Luke,new_testament,Bible:Luke.6.22-Luke.6.23,"Luke vi. 22, 23"
cyprian,treatises,Luke,new_testament,Bible:Luke.9.24,Luke ix. 24
cyprian,treatises,Luke,new_testament,Bible:Luke.18.29-Luke.18.30,"Luke xviii. 29, 30"
cyprian,treatises,Rev,new_testament,Bible:Rev.20.4-Rev.20.5,"Rev. xx. 4, 5"
cyprian,treatises,Rom,new_testament,Bible:Rom.8.18,Rom. viii. 18
cyprian,treatises,1Cor,new_testament,Bible:1Cor.15.31 Bible:1Pet.4.12,"1 Cor. xv.
31; 1 Pet. iv. 12"
cyprian,treatises,Acts,new_testament,Bible:Acts.17.11,Acts xvii. 11
cyprian,treatises,Exod,old_testament_or_other,Bible:Exod.32.1,Ex. xxxii. 1
cyprian,treatises,Judg,old_testament_or_other,Bible:Judg.2.11-Judg.2.13,"Judg. ii.
11–13"
cyprian,treatises,Judg,old_testament_or_other,Bible:Judg.4.1,Judg. iv. 1
cyprian,treatises,Mal,old_testament_or_other,Bible:Mal.2.11,Mal. ii. 11
cyprian,treatises,Jer,old_testament_or_other,Bible:Jer.7.25 Bible:Jer.25.4,"Jer. vii. 25; xxv.
4"
cyprian,treatises,Jer,old_testament_or_other,Bible:Jer.25.6-Jer.25.7,"Jer. xxv. 6, 7"
cyprian,treatises,1Kgs,old_testament_or_other,Bible:1Kgs.19.10,1 Kings xix. 10
cyprian,treatises,Neh,old_testament_or_other,Bible:Neh.9.26,Neh. ix. 26
cyprian,treatises,Isa,old_testament_or_other,Bible:Isa.1.2-Isa.1.4,Isa. i. 2–4
cyprian,treatises,Isa,old_testament_or_other,Bible:Isa.6.9-Isa.6.10,"Isa. vi. 9, 10"
cyprian,treatises,Jer,old_testament_or_other,Bible:Jer.6.10,Jer. vi. 10
cyprian,treatises,Jer,old_testament_or_other,Bible:Jer.8.7-Jer.8.9,"Jer. viii.
7–9"
cyprian,treatises,Prov,old_testament_or_other,Bible:Prov.1.28-Prov.1.29,"Prov. i. 28, 29"
cyprian,treatises,Ps,old_testament_or_other,Bible:Ps.28.4-Ps.28.5,"Ps. xxviii. 4, 5"
cyprian,treatises,Ps,old_testament_or_other,Bible:Ps.82.5,Ps. lxxxii. 5
cyprian,treatises,John,new_testament,Bible:John.1.11-John.1.12,"John i. 11, 12"
cyprian,treatises,Isa,old_testament_or_other,Bible:Isa.29.11-Isa.29.18,"Isa. xxix.
11–18"
cyprian,treatises,Jer,old_testament_or_other,Bible:Jer.23.20,Jer. xxiii. 20
cyprian,treatises,Dan,old_testament_or_other,Bible:Dan.12.4-Dan.12.7,"Dan. xii.
4–7"
cyprian,treatises,1Cor,new_testament,Bible:1Cor.10.1,1 Cor. x. 1
cyprian,treatises,2Cor,new_testament,Bible:2Cor.3.14-2Cor.3.16,"2 Cor. iii.
14–16"
cyprian,treatises,Luke,new_testament,Bible:Luke.24.44-Luke.24.47,"Luke xxiv.
44–47"
cyprian,treatises,Isa,old_testament_or_other,Bible:Isa.7.9,Isa. vii. 9
cyprian,treatises,John,new_testament,Bible:John.8.24,John viii. 24
cyprian,treatises,Hab,old_testament_or_other,Bible:Hab.2.4,Hab. ii. 4
cyprian,treatises,Gen,old_testament_or_other,Bible:Gen.15.6,Gen. xv. 6
cyprian,treatises,Gal,new_testament,Bible:Gal.3.6-Gal.3.9,"Gal. iii.
6–9"
cyprian,treatises,Isa,old_testament_or_other,Bible:Isa.1.7-Isa.1.9,Isa. i. 7–9
cyprian,treatises,Matt,new_testament,Bible:Matt.23.37-Matt.23.38,"Matt. xxiii. 37,
38"
cyprian,treatises,Isa,old_testament_or_other,Bible:Isa.2.5-Isa.2.6,"Isa. ii. 5, 6"
cyprian,treatises,John,new_testament,Bible:John.1.9-John.1.10,"John i. 9, 10"
cyprian,treatises,John,new_testament,Bible:John.3.18-John.3.19,"John iii. 18, 19"
cyprian,treatises,Jer,old_testament_or_other,Bible:Jer.4.3-Jer.4.4,"Jer. iv. 3, 4"
cyprian,treatises,Deut,old_testament_or_other,Bible:Deut.30.6,Deut. xxx. 6
cyprian,treatises,Josh,old_testament_or_other,Bible:Josh.5.2,Josh. v. 2
cyprian,treatises,Col,new_testament,Bible:Col.2.11,Col. ii. 11
cyprian,treatises,Isa,old_testament_or_other,Bible:Isa.8.16-Isa.8.17,"Isa. viii. 16, 17"
cyprian,treatises,Matt,new_testament,Bible:Matt.11.13,Matt. xi. 13
cyprian,treatises,Mic,old_testament_or_other,Bible:Mic.4.2-Mic.4.3,"Mic. iv. 2, 3"
cyprian,treatises,Isa,old_testament_or_other,Bible:Isa.2.3-Isa.2.4,"Isa. ii. 3, 4"
cyprian,treatises,Matt,new_testament,Bible:Matt.17.5,Matt. xvii. 5
cyprian,treatises,Jer,old_testament_or_other,Bible:Jer.31.31-Jer.31.34,"Jer. xxxi.
31–34"
cyprian,treatises,Isa,old_testament_or_other,Bible:Isa.43.18-Isa.43.21,"Isa. xliii.
18–21"
cyprian,treatises,Isa,old_testament_or_other,Bible:Isa.48.21,Isa. xlviii. 21
cyprian,treatises,Matt,new_testament,Bible:Matt.3.11,Matt. iii. 11
cyprian,treatises,John,new_testament,Bible:John.3.5-John.3.6,"John iii. 5, 6"
cyprian,treatises,Ps,old_testament_or_other,Bible:Ps.2.1-Ps.2.3,Ps. ii. 1–3
cyprian,treatises,Matt,new_testament,Bible:Matt.11.28-Matt.11.30,"Matt. xi.
28–30"
cyprian,treatises,Jer,old_testament_or_other,Bible:Jer.30.8-Jer.30.9,"Jer. xxx. 8, 9"
cyprian,treatises,Ezek,old_testament_or_other,Bible:Ezek.34.10-Ezek.34.16,"Ezek. xxxiv.
10–16"
cyprian,treatises,Jer,old_testament_or_other,Bible:Jer.31.10-Jer.31.11,"Jer. xxxi. 10, 11"
cyprian,treatises,2Sam,old_testament_or_other,Bible:2Sam.7.4-2Sam.7.5 Bible:2Sam.7.12-2Sam.7.16,"2 Sam. vii. 4, 5,
12–16"
cyprian,treatises,Matt,new_testament,Bible:Matt.24.2,Matt. xxiv. 2
cyprian,treatises,John,new_testament,Bible:John.2.19 Bible:Mark.14.58,"John ii. 19; Mark xiv.
58"
cyprian,treatises,Isa,old_testament_or_other,Bible:Isa.1.11-Isa.1.12,"Isa. i. 11, 12"
cyprian,treatises,Ps,old_testament_or_other,Bible:Ps.50.13-Ps.50.15,Ps. l. 13–15
cyprian,treatises,Ps,old_testament_or_other,Bible:Ps.50.23,Ps. l. 23
cyprian,treatises,Ps,old_testament_or_other,Bible:Ps.4.5,Ps. iv. 5
cyprian,treatises,Mal,old_testament_or_other,Bible:Mal.1.10-Mal.1.11,"Mal. i. 10, 11"
cyprian,treatises,Gen,old_testament_or_other,Bible:Gen.14.18,"Gen. xiv.
18"
cyprian,treatises,Ps,old_testament_or_other,Bible:Ps.110.3,Ps. cx. 3
cyprian,treatises,1Sam,old_testament_or_other,Bible:1Sam.2.35-1Sam.2.36,"1 Sam. ii. 35, 36"
cyprian,treatises,Deut,old_testament_or_other,Bible:Deut.18.18-Deut.18.19,"Deut. xviii. 18, 19"
cyprian,treatises,John,new_testament,Bible:John.5.39-John.5.40 Bible:John.5.45-John.5.47,"John v. 39, 40, 45–47"
cyprian,treatises,Gen,old_testament_or_other,Bible:Gen.25.23,Gen. xxv. 23
cyprian,treatises,Hos,old_testament_or_other,Bible:Hos.2.23 Bible:Hos.1.10,Hos. ii. 23; i. 10
cyprian,treatises,Isa,old_testament_or_other,Bible:Isa.54.1-Isa.54.4,"Isa. liv.
1–4"
cyprian,treatises,1Sam,old_testament_or_other,Bible:1Sam.2.5,1 Sam. ii. 5
cyprian,treatises,Gen,old_testament_or_other,Bible:Gen.11.1-Gen.11.3,Gen. xi. 1–3
cyprian,treatises,Gen,old_testament_or_other,Bible:Gen.27.27-Gen.27.29,"Gen. xxvii.
27–29"
cyprian,treatises,Gen,old_testament_or_other,Bible:Gen.48.17-Gen.48.19,"Gen. xlviii.
17–19"
cyprian,treatises,Gen,old_testament_or_other,Bible:Gen.49.8-Gen.49.12,"Gen. xlix.
8–12"
cyprian,treatises,Num,old_testament_or_other,Bible:Num.23.14,Num. xxiii. 14
cyprian,treatises,Deut,old_testament_or_other,Bible:Deut.28.44,Deut. xxviii. 44
cyprian,treatises,Jer,old_testament_or_other,Bible:Jer.6.18,Jer. vi. 18
cyprian,treatises,Ps,old_testament_or_other,Bible:Ps.18.43-Ps.18.44,"Ps. xviii. 43, 44"
cyprian,treatises,Isa,old_testament_or_other,Bible:Isa.55.4,Isa. lv. 4
cyprian,treatises,Isa,old_testament_or_other,Bible:Isa.55.5,Isa. lv. 5
cyprian,treatises,Isa,old_testament_or_other,Bible:Isa.11.10,Isa. xi. 10
cyprian,treatises,Isa,old_testament_or_other,Bible:Isa.9.1-Isa.9.2,"Isa. ix. 1, 2"
cyprian,treatises,Isa,old_testament_or_other,Bible:Isa.45.1,Isa. xlv. 1
cyprian,treatises,Isa,old_testament_or_other,Bible:Isa.66.18-Isa.66.19,"Isa. lxvi. 18, 19"
cyprian,treatises,Isa,old_testament_or_other,Bible:Isa.5.25-Isa.5.26,"Isa. v. 25, 26"
cyprian,treatises,Isa,old_testament_or_other,Bible:Isa.52.15,Isa. lii. 15
cyprian,treatises,Isa,old_testament_or_other,Bible:Isa.65.1,Isa. lxv. 1
cyprian,treatises,Acts,new_testament,Bible:Acts.13.46-Acts.13.47,"Acts xiii. 46, 47"
cyprian,treatises,Isa,old_testament_or_other,Bible:Isa.65.13-Isa.65.15,"Isa. lxv.
13–15"
cyprian,treatises,Isa,old_testament_or_other,Bible:Isa.5.26-Isa.5.27,"Isa. v. 26, 27"
cyprian,treatises,Isa,old_testament_or_other,Bible:Isa.3.1-Isa.3.2,"Isa. iii. 1, 2"
cyprian,treatises,Ps,old_testament_or_other,Bible:Ps.34.8-Ps.34.10,"Ps. xxxiv.
8–10"
cyprian,treatises,John,new_testament,Bible:John.6.35,John vi. 35
cyprian,treatises,John,new_testament,Bible:John.7.37-John.7.38,"John vii. 37, 38"
cyprian,treatises,Matt,new_testament,Bible:Matt.8.11-Matt.8.12,"Matt. viii. 11, 12"
cyprian,treatises,Isa,old_testament_or_other,Bible:Isa.1.15-Isa.1.20,"Isa. i.
15–20"
cyprian,treatises,Prov,old_testament_or_other,Bible:Prov.8.22-Prov.8.31,"Prov. viii.
22–31"
cyprian,treatises,Sir,deuterocanonical,Bible:Sir.24.3-Sir.24.7,Ecclus. xxiv. 3–7
cyprian,treatises,Ps,old_testament_or_other,Bible:Ps.89.27-Ps.89.33,"Ps. lxxxix.
27–33"
cyprian,treatises,John,new_testament,Bible:John.17.3-John.17.5,"John xvii.
3–5"
cyprian,treatises,Col,new_testament,Bible:Col.1.15,Col. i. 15
cyprian,treatises,Col,new_testament,Bible:Col.1.18,Col. i. 18
cyprian,treatises,Rev,new_testament,Bible:Rev.21.6,Rev. xxi. 6
cyprian,treatises,1Cor,new_testament,Bible:1Cor.1.22-1Cor.1.24,"1 Cor. i.
22–24"
cyprian,treatises,Isa,old_testament_or_other,Bible:Isa.11.2-Isa.11.3,"Isa. xi. 2, 3"
cyprian,treatises,Prov,old_testament_or_other,Bible:Prov.9.1-Prov.9.6,"Prov. ix.
1–6"
cyprian,treatises,Ps,old_testament_or_other,Bible:Ps.45.1,Ps. xlv. 1
cyprian,treatises,Ps,old_testament_or_other,Bible:Ps.33.6,Ps. xxxiii. 6
cyprian,treatises,Isa,old_testament_or_other,Bible:Isa.10.23,Isa. x. 23
cyprian,treatises,Ps,old_testament_or_other,Bible:Ps.107.20,Ps. cvii. 20
cyprian,treatises,John,new_testament,Bible:John.1.1-John.1.5,John i. 1–5
cyprian,treatises,Rev,new_testament,Bible:Rev.19.11-Rev.19.13,"Rev. xix.
11–13"
cyprian,treatises,Isa,old_testament_or_other,Bible:Isa.59.1-Isa.59.4,"Isa. lix.
1–4"
cyprian,treatises,Isa,old_testament_or_other,Bible:Isa.53.1,Isa. liii. 1
cyprian,treatises,Isa,old_testament_or_other,Bible:Isa.66.1-Isa.66.2,"Isa. lxvi. 1, 2"
cyprian,treatises,Isa,old_testament_or_other,Bible:Isa.26.11,Isa. xxvi. 11
cyprian,treatises,Isa,old_testament_or_other,Bible:Isa.52.10,Isa. lii. 10
cyprian,treatises,Isa,old_testament_or_other,Bible:Isa.41.15-Isa.41.20,"Isa. xli.
15–20"
cyprian,treatises,Gen,old_testament_or_other,Bible:Gen.22.11-Gen.22.12,"Gen. xxii. 11, 12"
cyprian,treatises,Gen,old_testament_or_other,Bible:Gen.31.13,Gen. xxxi. 13
cyprian,treatises,Exod,old_testament_or_other,Bible:Exod.13.21,Ex. xiii. 21
cyprian,treatises,Exod,old_testament_or_other,Bible:Exod.14.19,Ex. xiv. 19
cyprian,treatises,Exod,old_testament_or_other,Bible:Exod.23.20-Exod.23.21,"Ex. xxiii. 20, 21"
cyprian,treatises,John,new_testament,Bible:John.5.43,John v. 43
cyprian,treatises,Ps,old_testament_or_other,Bible:Ps.118.26,Ps. cxviii. 26
cyprian,treatises,Mal,old_testament_or_other,Bible:Mal.2.5-Mal.2.7,Mal. ii. 5–7
cyprian,treatises,Gen,old_testament_or_other,Bible:Gen.35.1,Gen. xxxv. 1
cyprian,treatises,Isa,old_testament_or_other,Bible:Isa.45.14-Isa.45.16,"Isa. xlv.
14–16"
cyprian,treatises,Isa,old_testament_or_other,Bible:Isa.40.3-Isa.40.5,Isa. xl. 3–5
cyprian,treatises,Bar,deuterocanonical,Bible:Bar.3.35-Bar.3.37,"Baruch iii.
35–37"
cyprian,treatises,Zech,old_testament_or_other,Bible:Zech.10.11-Zech.10.12,"Zech. x. 11, 12"
cyprian,treatises,Hos,old_testament_or_other,Bible:Hos.11.9-Hos.11.10,"Hos. xi. 9, 10"
cyprian,treatises,Ps,old_testament_or_other,Bible:Ps.45.6-Ps.45.7,"Ps. xlv. 6, 7"
cyprian,treatises,Ps,old_testament_or_other,Bible:Ps.45.10,Ps. xlv. 10
cyprian,treatises,Ps,old_testament_or_other,Bible:Ps.68.4,Ps. lxviii. 4
cyprian,treatises,John,new_testament,Bible:John.1.1,John i. 1
cyprian,treatises,John,new_testament,Bible:John.20.27-John.20.29,"John xx.
27–29"
cyprian,treatises,Rom,new_testament,Bible:Rom.9.3-Rom.9.5,Rom. ix. 3–5
cyprian,treatises,Rev,new_testament,Bible:Rev.21.6-Rev.21.7,"Rev. xxi. 6, 7"
cyprian,treatises,Ps,old_testament_or_other,Bible:Ps.82.1,Ps. lxxxii. 1
cyprian,treatises,Ps,old_testament_or_other,Bible:Ps.82.6-Ps.82.7,"Ps. lxxxii. 6, 7"
cyprian,treatises,John,new_testament,Bible:John.10.34-John.10.38,"John x.
34–38"
cyprian,treatises,Matt,new_testament,Bible:Matt.1.23,Matt. i. 23
cyprian,treatises,Isa,old_testament_or_other,Bible:Isa.35.3-Isa.35.6,"Isa. xxxv.
3–6"
cyprian,treatises,Isa,old_testament_or_other,Bible:Isa.63.9,Isa. lxiii. 9
cyprian,treatises,Isa,old_testament_or_other,Bible:Isa.42.6-Isa.42.8,"Isa. xlii.
6–8"
cyprian,treatises,Ps,old_testament_or_other,Bible:Ps.25.4-Ps.25.5,"Ps. xxv. 4, 5"
cyprian,treatises,Matt,new_testament,Bible:Matt.1.20-Matt.1.21,"Matt. i. 20, 21"
cyprian,treatises,Luke,new_testament,Bible:Luke.1.67-Luke.1.69,"Luke i.
67–69"
cyprian,treatises,Luke,new_testament,Bible:Luke.2.10-Luke.2.11,"Luke ii. 10, 11"
cyprian,treatises,Ps,old_testament_or_other,Bible:Ps.2.7-Ps.2.8,"Ps. ii. 7, 8"
cyprian,treatises,Luke,new_testament,Bible:Luke.1.41-Luke.1.43,"Luke i.
41–43"
cyprian,treatises,Gal,new_testament,Bible:Gal.4.4,Gal. iv. 4
cyprian,treatises,1John,new_testament,Bible:1John.4.2-1John.4.3,"1 John iv. 2, 3"
cyprian,treatises,Isa,old_testament_or_other,Bible:Isa.7.10-Isa.7.15,"Isa. vii.
10–15"
cyprian,treatises,Gen,old_testament_or_other,Bible:Gen.3.14-Gen.3.15,"Gen. iii. 14, 15"
cyprian,treatises,Jer,old_testament_or_other,Bible:Jer.17.9,Jer. xvii. 9
cyprian,treatises,Num,old_testament_or_other,Bible:Num.24.17,Num. xxiv. 17
cyprian,treatises,Num,old_testament_or_other,Bible:Num.24.7,Num. xxiv. 7
cyprian,treatises,Num,old_testament_or_other,Bible:Num.24.7-Num.24.9,"Num. xxiv.
7–9"
cyprian,treatises,Isa,old_testament_or_other,Bible:Isa.61.1-Isa.61.2,"Isa. lxi. 1, 2"
cyprian,treatises,Luke,new_testament,Bible:Luke.1.35,Luke i. 35
cyprian,treatises,2Sam,old_testament_or_other,Bible:2Sam.7.5 Bible:2Sam.7.12-2Sam.7.16,"2 Sam. vii. 5,
12–16"
cyprian,treatises,Isa,old_testament_or_other,Bible:Isa.11.1-Isa.11.3,Isa. xi. 1–3
cyprian,treatises,Ps,old_testament_or_other,Bible:Ps.132.11,Ps. cxxxii. 11
cyprian,treatises,Luke,new_testament,Bible:Luke.1.30-Luke.1.33,"Luke i.
30–33"
cyprian,treatises,Rev,new_testament,Bible:Rev.5.1-Rev.5.5,Rev. v. 1–5
cyprian,treatises,Mic,old_testament_or_other,Bible:Mic.5.2,Mic. v. 2
cyprian,treatises,Matt,new_testament,Bible:Matt.2.1-Matt.2.2,"Matt. ii. 1, 2"
cyprian,treatises,Isa,old_testament_or_other,Bible:Isa.53.1-Isa.53.7,"Isa. liii.
1–7"
cyprian,treatises,Isa,old_testament_or_other,Bible:Isa.50.5-Isa.50.7,Isa. l. 5–7
cyprian,treatises,Isa,old_testament_or_other,Bible:Isa.42.2-Isa.42.4,"Isa. xlii.
2–4"
cyprian,treatises,Ps,old_testament_or_other,Bible:Ps.22.6-Ps.22.8,"Ps. xxii.
6–8"
cyprian,treatises,Ps,old_testament_or_other,Bible:Ps.22.15,Ps. xxii. 15
cyprian,treatises,Zech,old_testament_or_other,Bible:Zech.3.1 Bible:Zech.3.3 Bible:Zech.3.5,"Zech. iii. 1, 3, 5"
cyprian,treatises,Phil,new_testament,Bible:Phil.2.6-Phil.2.11,"Phil. ii.
6–11"
cyprian,treatises,Wis,deuterocanonical,Bible:Wis.2.12-Wis.2.22,"Wisd. ii.
12–22"
cyprian,treatises,Isa,old_testament_or_other,Bible:Isa.57.1-Isa.57.2,"Isa. lvii. 1, 2"
cyprian,treatises,Exod,old_testament_or_other,Bible:Exod.23.7,Ex. xxiii. 7
cyprian,treatises,Matt,new_testament,Bible:Matt.27.3-Matt.27.4,"Matt. xxvii. 3, 4"
cyprian,treatises,Isa,old_testament_or_other,Bible:Isa.53.7-Isa.53.9 Bible:Isa.53.12,"Isa. liii. 7–9,
12"
cyprian,treatises,Jer,old_testament_or_other,Bible:Jer.11.18-Jer.11.19,"Jer. xi. 18, 19"
cyprian,treatises,Exod,old_testament_or_other,Bible:Exod.12.3-Exod.12.12,"Ex. xii.
3–12"
cyprian,treatises,Rev,new_testament,Bible:Rev.5.6-Rev.5.10,Rev. v. 6–10
cyprian,treatises,John,new_testament,Bible:John.1.29,John i. 29
cyprian,treatises,Isa,old_testament_or_other,Bible:Isa.28.16,Isa. xxviii. 16
cyprian,treatises,Ps,old_testament_or_other,Bible:Ps.118.21-Ps.118.26,"Ps. cxviii.
21–26"
cyprian,treatises,Zech,old_testament_or_other,Bible:Zech.3.8-Zech.3.9,"Zech. iii. 8, 9"
cyprian,treatises,Deut,old_testament_or_other,Bible:Deut.27.8,Deut. xxvii. 8
cyprian,treatises,Josh,old_testament_or_other,Bible:Josh.24.26-Josh.24.27,"Josh. xxiv. 26, 27"
cyprian,treatises,Acts,new_testament,Bible:Acts.4.8-Acts.4.12,"Acts iv.
8–12"
cyprian,treatises,Gen,old_testament_or_other,Bible:Gen.49.24,Gen. xlix. 24
cyprian,treatises,Dan,old_testament_or_other,Bible:Dan.2.31-Dan.2.35,"Dan. ii.
31–35"
cyprian,treatises,Isa,old_testament_or_other,Bible:Isa.2.2-Isa.2.4,Isa. ii. 2–4
cyprian,treatises,Ps,old_testament_or_other,Bible:Ps.24.3-Ps.24.6,"Ps. xxiv.
3–6"
cyprian,treatises,Joel,old_testament_or_other,Bible:Joel.2.15-Joel.2.16,"Joel ii. 15, 16"
cyprian,treatises,Jer,old_testament_or_other,Bible:Jer.16.9,Jer. xvi. 9
cyprian,treatises,Ps,old_testament_or_other,Bible:Ps.19.5-Ps.19.6,"Ps. xix. 5, 6"
cyprian,treatises,Rev,new_testament,Bible:Rev.21.9-Rev.21.11,"Rev. xxi.
9–11"
cyprian,treatises,John,new_testament,Bible:John.3.28-John.3.29,"John iii. 28, 29"
cyprian,treatises,Josh,old_testament_or_other,Bible:Josh.5.13-Josh.5.15,"Josh. v.
13–15"
cyprian,treatises,Exod,old_testament_or_other,Bible:Exod.3.2-Exod.3.6,Ex. iii. 2–6
cyprian,treatises,John,new_testament,Bible:John.1.26-John.1.27,"John i. 26, 27"
cyprian,treatises,Rev,new_testament,Bible:Rev.19.6-Rev.19.7,"Rev. xix. 6, 7"
cyprian,treatises,Isa,old_testament_or_other,Bible:Isa.65.2,Isa. lxv. 2
cyprian,treatises,Isa,old_testament_or_other,Bible:Isa.25.11,"Isa.
xxv. 11"
cyprian,treatises,Jer,old_testament_or_other,Bible:Jer.11.19,Jer. xi. 19
cyprian,treatises,Deut,old_testament_or_other,Bible:Deut.28.66,Deut. xxviii. 66
cyprian,treatises,Ps,old_testament_or_other,Bible:Ps.22.16-Ps.22.22,"Ps. xxii.
16–22"
cyprian,treatises,Ps,old_testament_or_other,Bible:Ps.119.120,Ps. cxix. 120
cyprian,treatises,Ps,old_testament_or_other,Bible:Ps.141.2,Ps. cxli. 2
cyprian,treatises,Zeph,old_testament_or_other,Bible:Zeph.1.7,Zeph. i. 7
cyprian,treatises,Zech,old_testament_or_other,Bible:Zech.12.10,Zech. xii. 10
cyprian,treatises,Ps,old_testament_or_other,Bible:Ps.88.9,Ps. lxxxviii. 9
cyprian,treatises,Num,old_testament_or_other,Bible:Num.23.19,Num. xxiii. 19
cyprian,treatises,John,new_testament,Bible:John.3.14-John.3.15,"John iii. 14, 15"
cyprian,treatises,Hab,old_testament_or_other,Bible:Hab.3.3-Hab.3.5,"Hab. iii.
3–5"
cyprian,treatises,Isa,old_testament_or_other,Bible:Isa.9.6,Isa. ix. 6
cyprian,treatises,Exod,old_testament_or_other,Bible:Exod.17.9-Exod.17.14,"Ex. xvii.
9–14"
cyprian,treatises,Ezek,old_testament_or_other,Bible:Ezek.9.4-Ezek.9.6,"Ezek. ix.
4–6"
cyprian,treatises,Rev,new_testament,Bible:Rev.14.1,Rev. xiv. 1
cyprian,treatises,Rev,new_testament,Bible:Rev.22.13-Rev.22.14,"Rev. xxii. 13, 14"
cyprian,treatises,Amos,old_testament_or_other,Bible:Amos.8.9-Amos.8.10,"Amos viii. 9, 10"
cyprian,treatises,Jer,old_testament_or_other,Bible:Jer.15.9,Jer. xv. 9
cyprian,treatises,Matt,new_testament,Bible:Matt.27.45,Matt. xxvii. 45
cyprian,treatises,Ps,old_testament_or_other,Bible:Ps.30.3,Ps. xxx. 3
cyprian,treatises,Ps,old_testament_or_other,Bible:Ps.16.10,Ps. xvi. 10
cyprian,treatises,Ps,old_testament_or_other,Bible:Ps.3.5,Ps. iii. 5
cyprian,treatises,Hos,old_testament_or_other,Bible:Hos.6.2,Hos. vi. 2
cyprian,treatises,Exod,old_testament_or_other,Bible:Exod.19.10-Exod.19.11,"Ex. xix. 10, 11"
cyprian,treatises,Matt,new_testament,Bible:Matt.12.39-Matt.12.40,"Matt. xii. 39, 40"
cyprian,treatises,Dan,old_testament_or_other,Bible:Dan.7.13-Dan.7.14,"Dan. vii. 13, 14"
cyprian,treatises,Isa,old_testament_or_other,Bible:Isa.33.10-Isa.33.11,"Isa. xxxiii. 10,
11"
cyprian,treatises,Ps,old_testament_or_other,Bible:Ps.110.1-Ps.110.2,"Ps. cx. 1, 2"
cyprian,treatises,Rev,new_testament,Bible:Rev.1.12-Rev.1.18,"Rev. i.
12–18"
cyprian,treatises,Matt,new_testament,Bible:Matt.28.18-Matt.28.20,"Matt. xxviii.
18–20"
cyprian,treatises,John,new_testament,Bible:John.14.6,John xiv. 6
cyprian,treatises,John,new_testament,Bible:John.10.9,John x. 9
cyprian,treatises,Matt,new_testament,Bible:Matt.13.17,Matt. xiii. 17
cyprian,treatises,John,new_testament,Bible:John.3.36,John iii. 36
cyprian,treatises,Eph,new_testament,Bible:Eph.2.17-Eph.2.18,"Eph. ii. 17, 18"
cyprian,treatises,Rom,new_testament,Bible:Rom.3.23-Rom.3.24,"Rom. iii. 23, 24"
cyprian,treatises,1Pet,new_testament,Bible:1Pet.3.18,1 Pet. iii. 18
cyprian,treatises,1Pet,new_testament,Bible:1Pet.4.6,1 Pet. iv. 6
cyprian,treatises,Ps,old_testament_or_other,Bible:Ps.50.1-Ps.50.6,Ps. l. 1–6
cyprian,treatises,Isa,old_testament_or_other,Bible:Isa.13.13-Isa.13.14,"Isa. xiii. 13, 14"
cyprian,treatises,Ps,old_testament_or_other,Bible:Ps.68.1-Ps.68.7,"Ps. lxviii.
1–7"
cyprian,treatises,Ps,old_testament_or_other,Bible:Ps.82.8,Ps. lxxxii. 8
cyprian,treatises,Matt,new_testament,Bible:Matt.8.29,Matt. viii. 29
cyprian,treatises,John,new_testament,Bible:John.5.22-John.5.23,"John v. 22, 23"
cyprian,treatises,2Cor,new_testament,Bible:2Cor.5.10,2 Cor. v. 10
cyprian,treatises,Zech,old_testament_or_other,Bible:Zech.9.9,Zech. ix. 9
cyprian,treatises,Isa,old_testament_or_other,Bible:Isa.33.14-Isa.33.17,"Isa. xxxiii.
14–17"
cyprian,treatises,Mal,old_testament_or_other,Bible:Mal.1.14,Mal. i. 14
cyprian,treatises,Ps,old_testament_or_other,Bible:Ps.2.6,Ps. ii. 6
cyprian,treatises,Ps,old_testament_or_other,Bible:Ps.22.27-Ps.22.28,"Ps. xxii. 27, 28"
cyprian,treatises,Ps,old_testament_or_other,Bible:Ps.24.7-Ps.24.10,"Ps. xxiv.
7–10"
cyprian,treatises,Ps,old_testament_or_other,Bible:Ps.45.1-Ps.45.4,Ps. xlv. 1–4
cyprian,treatises,Ps,old_testament_or_other,Bible:Ps.5.2-Ps.5.3,"Ps. v. 2, 3"
cyprian,treatises,Ps,old_testament_or_other,Bible:Ps.97.1,Ps. xcvii. 1
cyprian,treatises,Ps,old_testament_or_other,Bible:Ps.45.9-Ps.45.11,"Ps. xlv.
9–11"
cyprian,treatises,Ps,old_testament_or_other,Bible:Ps.74.12,Ps. lxxiv. 12
cyprian,treatises,John,new_testament,Bible:John.1.36-John.1.37,"John i. 36, 37"
cyprian,treatises,Ps,old_testament_or_other,Bible:Ps.72.1-Ps.72.2,"Ps. lxxii. 1, 2"
cyprian,treatises,Rev,new_testament,Bible:Rev.19.11-Rev.19.16,"Rev. xix.
11–16"
cyprian,treatises,Job,old_testament_or_other,Bible:Job.29.12-Job.29.13 Bible:Job.29.15 Bible:Job.29.16,"Job xxix. 12, 13, 15,
16"
cyprian,treatises,Tob,deuterocanonical,Bible:Tob.2.2,Tob. ii. 2
cyprian,treatises,Prov,old_testament_or_other,Bible:Prov.19.17,Prov. xix. 17
cyprian,treatises,Prov,old_testament_or_other,Bible:Prov.25.21,Prov. xxv. 21
cyprian,treatises,Prov,old_testament_or_other,Bible:Prov.3.28,Prov. iii. 28
cyprian,treatises,Sir,deuterocanonical,Bible:Sir.14.11,Ecclus. xiv. 11
cyprian,treatises,Ps,old_testament_or_other,Bible:Ps.112.9,Ps. cxii. 9
cyprian,treatises,Hos,old_testament_or_other,Bible:Hos.6.6,Hos. vi. 6
cyprian,treatises,Matt,new_testament,Bible:Matt.5.6,Matt. v. 6
cyprian,treatises,Matt,new_testament,Bible:Matt.5.7,Matt. v. 7
cyprian,treatises,Matt,new_testament,Bible:Matt.6.20-Matt.6.21,"Matt. vi. 20, 21"
cyprian,treatises,Matt,new_testament,Bible:Matt.10.42,Matt. x. 42
cyprian,treatises,Matt,new_testament,Bible:Matt.5.42,Matt. v. 42
cyprian,treatises,Matt,new_testament,Bible:Matt.19.17-Matt.19.21,"Matt. xix.
17–21"
cyprian,treatises,Luke,new_testament,Bible:Luke.11.40-Luke.11.41,"Luke xi. 40, 41"
cyprian,treatises,2Cor,new_testament,Bible:2Cor.8.14-2Cor.8.15,"2 Cor. viii. 14,
15"
cyprian,treatises,2Cor,new_testament,Bible:2Cor.9.6-2Cor.9.7,"2 Cor. ix. 6, 7"
cyprian,treatises,2Cor,new_testament,Bible:2Cor.9.9,2 Cor. ix. 9
cyprian,treatises,2Cor,new_testament,Bible:2Cor.9.10-2Cor.9.11,"2 Cor. ix. 10, 11"
cyprian,treatises,Luke,new_testament,Bible:Luke.14.12-Luke.14.14,"Luke xiv.
12–14"
cyprian,treatises,2Cor,new_testament,Bible:2Cor.8.12-2Cor.8.13,"2 Cor. viii. 12,
13"
cyprian,treatises,Mal,old_testament_or_other,Bible:Mal.2.10,Mal. ii. 10
cyprian,treatises,John,new_testament,Bible:John.15.12-John.15.13,"John xv. 12, 13"
cyprian,treatises,1Cor,new_testament,Bible:1Cor.13.2-1Cor.13.8,"1 Cor. xiii.
2–8"
cyprian,treatises,Gal,new_testament,Bible:Gal.5.14-Gal.5.15,"Gal. v. 14, 15"
cyprian,treatises,1John,new_testament,Bible:1John.3.10 Bible:1John.3.15,"1 John iii. 10, 15"
cyprian,treatises,1John,new_testament,Bible:1John.4.20,1 John iv. 20
cyprian,treatises,Matt,new_testament,Bible:Matt.5.23-Matt.5.24 Bible:Heb.13.10,"Matt. v. 23, 24. [I think this harmonizes
with Heb. xiii. 10.]"
cyprian,treatises,1John,new_testament,Bible:1John.2.9,1 John ii. 9
cyprian,treatises,John,new_testament,Bible:John.3.27,John iii. 27
cyprian,treatises,1Cor,new_testament,Bible:1Cor.4.7,1 Cor. iv. 7
cyprian,treatises,1Sam,old_testament_or_other,Bible:1Sam.2.3-1Sam.2.4,"1 Sam. ii. 3, 4"
cyprian,treatises,2Macc,deuterocanonical,Bible:2Macc.9.12,2 Macc. ix. 12
cyprian,treatises,1Macc,deuterocanonical,Bible:1Macc.2.62-1Macc.2.63,"1 Macc. ii. 62, 63"
cyprian,treatises,Matt,new_testament,Bible:Matt.5.5,Matt. v. 5
cyprian,treatises,Luke,new_testament,Bible:Luke.14.11,Luke xiv. 11
cyprian,treatises,Rom,new_testament,Bible:Rom.11.20-Rom.11.21,"Rom. xi. 20, 21"
cyprian,treatises,Ps,old_testament_or_other,Bible:Ps.34.18,Ps. xxxiv. 18
cyprian,treatises,Rom,new_testament,Bible:Rom.13.7-Rom.13.8,"Rom. xiii. 7, 8"
cyprian,treatises,Matt,new_testament,Bible:Matt.23.6-Matt.23.8,"Matt. xxiii.
6–8"
cyprian,treatises,John,new_testament,Bible:John.13.16-John.13.17,"John xiii. 16, 17"
cyprian,treatises,Ps,old_testament_or_other,Bible:Ps.82.3,Ps. lxxxii. 3
cyprian,treatises,Ps,old_testament_or_other,Bible:Ps.34.19,Ps. xxxiv. 19
cyprian,treatises,Job,old_testament_or_other,Bible:Job.1.21-Job.1.22,"Job i. 21, 22"
cyprian,treatises,Matt,new_testament,Bible:Matt.5.4,Matt. v. 4
cyprian,treatises,Matt,new_testament,Bible:Matt.7.13-Matt.7.14,"Matt. vii. 13, 14"
cyprian,treatises,Prov,old_testament_or_other,Bible:Prov.28.28,Prov. xxviii. 28
cyprian,treatises,Acts,new_testament,Bible:Acts.19.6 Bible:Heb.6.2,"Acts xix. 6, Heb.
vi. 2"
cyprian,treatises,Prov,old_testament_or_other,Bible:Prov.16.32,Prov. xvi. 32
cyprian,treatises,Prov,old_testament_or_other,Bible:Prov.12.16,Prov. xii. 16
cyprian,treatises,Eph,new_testament,Bible:Eph.4.16,Eph. iv. 16
cyprian,treatises,Matt,new_testament,Bible:Matt.5.21-Matt.5.22,"Matt. v. 21, 22"
cyprian,treatises,Gal,new_testament,Bible:Gal.6.1-Gal.6.2,"Gal. vi. 1, 2"
cyprian,treatises,Jer,old_testament_or_other,Bible:Jer.9.23-Jer.9.24,"Jer. ix. 23, 24"
cyprian,treatises,Ps,old_testament_or_other,Bible:Ps.56.11,Ps. lvi. 11
cyprian,treatises,Ps,old_testament_or_other,Bible:Ps.62.1,Ps. lxii. 1
cyprian,treatises,Ps,old_testament_or_other,Bible:Ps.118.8,Ps. cxviii. 8
cyprian,treatises,Jer,old_testament_or_other,Bible:Jer.17.5-Jer.17.7,"Jer. xvii.
5–7"
cyprian,treatises,Rom,new_testament,Bible:Rom.1.25-Rom.1.26,"Rom. i. 25, 26"
cyprian,treatises,Isa,old_testament_or_other,Bible:Isa.55.6-Isa.55.7,"Isa. lv. 6, 7"
cyprian,treatises,Eccl,old_testament_or_other,Bible:Eccl.1.14,Eccles. i. 14
cyprian,treatises,Exod,old_testament_or_other,Bible:Exod.12.11,Ex. xii. 11
cyprian,treatises,Matt,new_testament,Bible:Matt.6.26,Matt. vi. 26
cyprian,treatises,Matt,new_testament,Bible:Matt.8.20,Matt. viii. 20
cyprian,treatises,1Cor,new_testament,Bible:1Cor.6.19-1Cor.6.20,"1 Cor. vi. 19, 20"
cyprian,treatises,1Cor,new_testament,Bible:1Cor.7.29-1Cor.7.31,"1 Cor. vii.
29–31"
cyprian,treatises,Phil,new_testament,Bible:Phil.2.21 Bible:Phil.3.19-Phil.3.21,"Phil. ii. 21; iii.
19–21"
cyprian,treatises,Col,new_testament,Bible:Col.2.20,Col. ii. 20
cyprian,treatises,Eph,new_testament,Bible:Eph.4.22-Eph.4.24,"Eph. iv.
22–24"
cyprian,treatises,2Pet,new_testament,Bible:2Pet.2.11-2Pet.2.12,"2 Pet. ii. 11, 12"
cyprian,treatises,1Cor,new_testament,Bible:1Cor.5.7-1Cor.5.8,"1 Cor. v. 7, 8"
cyprian,treatises,Sir,deuterocanonical,Bible:Sir.23.11,Ecclus. xxiii. 11
cyprian,treatises,Matt,new_testament,Bible:Matt.5.34-Matt.5.37,"Matt. v.
34–37"
cyprian,treatises,Exod,old_testament_or_other,Bible:Exod.20.7,Ex. xx. 7
cyprian,treatises,Exod,old_testament_or_other,Bible:Exod.22.28,Ex. xxii. 28
cyprian,treatises,Lev,old_testament_or_other,Bible:Lev.24.13-Lev.24.14,"Lev. xxiv. 13, 14"
cyprian,treatises,Eph,new_testament,Bible:Eph.4.29,Eph. iv. 29
cyprian,treatises,Rom,new_testament,Bible:Rom.12.14,Rom. xii. 14
cyprian,treatises,Matt,new_testament,Bible:Matt.5.22,Matt. v. 22
cyprian,treatises,Matt,new_testament,Bible:Matt.12.36-Matt.12.37,"Matt. xii. 36, 37"
cyprian,treatises,Job,old_testament_or_other,Bible:Job.2.9-Job.2.10,"Job ii. 9, 10"
cyprian,treatises,Ps,old_testament_or_other,Bible:Ps.34.1,Ps. xxxiv. 1
cyprian,treatises,Acts,new_testament,Bible:Acts.16.25,Acts xvi. 25
cyprian,treatises,Phil,new_testament,Bible:Phil.2.14-Phil.2.15,"Phil. ii. 14, 15"
cyprian,treatises,Gen,old_testament_or_other,Bible:Gen.22.1-Gen.22.2,"Gen. xxii. 1, 2"
cyprian,treatises,1Macc,deuterocanonical,Bible:1Macc.2.52,1 Macc. ii. 52
cyprian,treatises,Prov,old_testament_or_other,Bible:Prov.14.25,Prov. xiv. 25
cyprian,treatises,Ps,old_testament_or_other,Bible:Ps.116.5,Ps. cxvi. 5
cyprian,treatises,John,new_testament,Bible:John.16.2-John.16.3,"John xvi. 2, 3"
cyprian,treatises,Rev,new_testament,Bible:Rev.7.9-Rev.7.17,"Rev. vii.
9–17"
cyprian,treatises,Rev,new_testament,Bible:Rev.2.7,Rev. ii. 7
cyprian,treatises,Rev,new_testament,Bible:Rev.16.15,Rev. xvi. 15
cyprian,treatises,2Tim,new_testament,Bible:2Tim.4.6-2Tim.4.8,"2 Tim. iv.
6–8"
cyprian,treatises,2Macc,deuterocanonical,Bible:2Macc.7.16-2Macc.7.17,"2 Macc. vii. 16,
17"
cyprian,treatises,2Macc,deuterocanonical,Bible:2Macc.7.18-2Macc.7.19,"2 Macc. vii. 18,
19"
cyprian,treatises,Deut,old_testament_or_other,Bible:Deut.6.5,Deut. vi. 5
cyprian,treatises,Matt,new_testament,Bible:Matt.6.10,Matt. vi. 10
cyprian,treatises,Matt,new_testament,Bible:Matt.7.21,Matt. vii. 21
cyprian,treatises,Luke,new_testament,Bible:Luke.12.47,Luke xii. 47
cyprian,treatises,1John,new_testament,Bible:1John.2.17,1 John ii. 17
cyprian,treatises,Ps,old_testament_or_other,Bible:Ps.111.10,Ps. cxi. 10
cyprian,treatises,Sir,deuterocanonical,Bible:Sir.1.14,Ecclus. i. 14
cyprian,treatises,Prov,old_testament_or_other,Bible:Prov.28.14,Prov. xxviii. 14
cyprian,treatises,Isa,old_testament_or_other,Bible:Isa.66.2,Isa. lxvi. 2
cyprian,treatises,Ps,old_testament_or_other,Bible:Ps.2.11,Ps. ii. 11
cyprian,treatises,Deut,old_testament_or_other,Bible:Deut.4.10,Deut. iv. 10
cyprian,treatises,Jer,old_testament_or_other,Bible:Jer.31.31-Jer.31.41,"Jer. xxxi.
31–41"
cyprian,treatises,Rev,new_testament,Bible:Rev.11.16-Rev.11.17,"Rev. xi. 16, 17"
cyprian,treatises,Rev,new_testament,Bible:Rev.14.16-Rev.14.17,"Rev. xiv. 16, 17"
cyprian,treatises,Rev,new_testament,Bible:Rev.15.2-Rev.15.4,Rev. xv. 2–4
cyprian,treatises,Dan,old_testament_or_other,Bible:Dan.6.24-Dan.6.28,"Dan. vi.
24–28"
cyprian,treatises,Mic,old_testament_or_other,Bible:Mic.6.6-Mic.6.9,Mic. vi. 6–9
cyprian,treatises,Mic,old_testament_or_other,Bible:Mic.7.14-Mic.7.18,"Mic. vii.
14–18"
cyprian,treatises,Nah,old_testament_or_other,Bible:Nah.1.5-Nah.1.7,Nah. i. 5–7
cyprian,treatises,Hag,old_testament_or_other,Bible:Hag.1.12,Hag. i. 12
cyprian,treatises,Mal,old_testament_or_other,Bible:Mal.2.5,Mal. ii. 5
cyprian,treatises,Ps,old_testament_or_other,Bible:Ps.34.9,Ps. xxxiv. 9
cyprian,treatises,Ps,old_testament_or_other,Bible:Ps.19.9,Ps. xix. 9
cyprian,treatises,Luke,new_testament,Bible:Luke.6.37,Luke vi. 37
cyprian,treatises,Rom,new_testament,Bible:Rom.14.4,Rom. xiv. 4
cyprian,treatises,Rom,new_testament,Bible:Rom.2.1-Rom.2.3,Rom. ii. 1–3
cyprian,treatises,1Cor,new_testament,Bible:1Cor.10.12,1 Cor. x. 12
cyprian,treatises,1Cor,new_testament,Bible:1Cor.8.2,1 Cor. viii. 2
cyprian,treatises,Matt,new_testament,Bible:Matt.6.12,Matt. vi. 12
cyprian,treatises,Matt,new_testament,Bible:Matt.11.25-Matt.11.26,"Matt. xi. 25, 26"
cyprian,treatises,Mark,new_testament,Bible:Mark.4.24,Mark iv. 24
cyprian,treatises,Rom,new_testament,Bible:Rom.12.17,Rom. xii. 17
cyprian,treatises,Rom,new_testament,Bible:Rom.12.21,Rom. xii. 21
cyprian,treatises,Matt,new_testament,Bible:Matt.3.10,Matt. iii. 10
cyprian,treatises,Matt,new_testament,Bible:Matt.7.22-Matt.7.23,"Matt. vii. 22, 23"
cyprian,treatises,Matt,new_testament,Bible:Matt.5.16,Matt. v. 16
cyprian,treatises,Phil,new_testament,Bible:Phil.2.15,Phil. ii. 15
cyprian,treatises,1Cor,new_testament,Bible:1Cor.3.16-1Cor.3.17,"1 Cor. iii. 16, 17"
cyprian,treatises,Matt,new_testament,Bible:Matt.12.32,Matt. xii. 32
cyprian,treatises,Mark,new_testament,Bible:Mark.3.28-Mark.3.29,"Mark iii. 28, 29"
cyprian,treatises,1John,new_testament,Bible:1John.5.16,1 John v. 16
cyprian,treatises,Luke,new_testament,Bible:Luke.21.17,Luke xxi. 17
cyprian,treatises,Eccl,old_testament_or_other,Bible:Eccl.5.4,Eccles. v. 4
cyprian,treatises,Deut,old_testament_or_other,Bible:Deut.23.21-Deut.23.23,"Deut. xxiii.
21–23"
cyprian,treatises,Ps,old_testament_or_other,Bible:Ps.50.14-Ps.50.15,"Ps. l. 14, 15"
cyprian,treatises,Acts,new_testament,Bible:Acts.5.3-Acts.5.4,"Acts v. 3, 4"
cyprian,treatises,Jer,old_testament_or_other,Bible:Jer.48.10,Jer. xlviii. 10
cyprian,treatises,Ps,old_testament_or_other,Bible:Ps.1.5,Ps. i. 5
cyprian,treatises,Matt,new_testament,Bible:Matt.19.11-Matt.19.12,"Matt. xix. 11, 12"
cyprian,treatises,Luke,new_testament,Bible:Luke.20.34-Luke.20.38,Luke xx. 34–38
cyprian,treatises,1Cor,new_testament,Bible:1Cor.7.1-1Cor.7.7,"1 Cor. vii.
1–7"
cyprian,treatises,1Cor,new_testament,Bible:1Cor.7.32-1Cor.7.34,"1 Cor. vii.
32–34"
cyprian,treatises,Exod,old_testament_or_other,Bible:Exod.19.15,Ex. xix. 15
cyprian,treatises,1Sam,old_testament_or_other,Bible:1Sam.21.4,1 Sam. xxi. 4
cyprian,treatises,Rev,new_testament,Bible:Rev.14.4,Rev. xiv. 4
cyprian,treatises,Gen,old_testament_or_other,Bible:Gen.19.24,Gen. xix. 24
cyprian,treatises,Jer,old_testament_or_other,Bible:Jer.10.2,Jer. x. 2
cyprian,treatises,Rev,new_testament,Bible:Rev.18.4-Rev.18.9,"Rev. xviii.
4–9"
cyprian,treatises,Sir,deuterocanonical,Bible:Sir.5.4,Ecclus. v. 4
cyprian,treatises,Rev,new_testament,Bible:Rev.17.1-Rev.17.4,"Rev. xvii.
1–4"
cyprian,treatises,1Pet,new_testament,Bible:1Pet.3.4,1 Pet. iii. 4
cyprian,treatises,Gen,old_testament_or_other,Bible:Gen.38.14-Gen.38.15,"Gen. xxxviii. 14,
15"
cyprian,treatises,2Cor,new_testament,Bible:2Cor.10.13-2Cor.10.14,"2 Cor. x. 13, 14"
cyprian,treatises,Gal,new_testament,Bible:Gal.2.9,Gal. ii. 9
cyprian,treatises,1Pet,new_testament,Bible:1Pet.4.15-1Pet.4.16,"1 Pet. iv. 15, 16"
cyprian,treatises,Rom,new_testament,Bible:Rom.13.3,Rom. xiii. 3
cyprian,treatises,John,new_testament,Bible:John.13.14-John.13.15,"John xiii. 14, 15"
cyprian,treatises,Matt,new_testament,Bible:Matt.6.3-Matt.6.4,"Matt. vi. 3, 4"
cyprian,treatises,Matt,new_testament,Bible:Matt.6.2,Matt. vi. 2
cyprian,treatises,Eph,new_testament,Bible:Eph.5.4,Eph. v. 4
cyprian,treatises,Matt,new_testament,Bible:Matt.14.31,Matt. xiv. 31
cyprian,treatises,Matt,new_testament,Bible:Matt.17.20,Matt. xvii. 20
cyprian,treatises,Mark,new_testament,Bible:Mark.11.24,Mark xi. 24
cyprian,treatises,Mark,new_testament,Bible:Mark.9.22,Mark ix. 22
cyprian,treatises,Acts,new_testament,Bible:Acts.8.36-Acts.8.37,"Acts viii. 36, 37"
cyprian,treatises,1Cor,new_testament,Bible:1Cor.6.1-1Cor.6.2,"1 Cor. vi. 1, 2"
cyprian,treatises,1Cor,new_testament,Bible:1Cor.6.7-1Cor.6.9,"1 Cor. vi.
7–9"
cyprian,treatises,1Cor,new_testament,Bible:1Cor.14.34-1Cor.14.35,"1 Cor. xiv. 34, 35"
cyprian,treatises,Acts,new_testament,Bible:Acts.21.9,Acts xxi. 9
cyprian,treatises,1Tim,new_testament,Bible:1Tim.2.11-1Tim.2.14,"1 Tim. ii.
11–14"
cyprian,treatises,Zeph,old_testament_or_other,Bible:Zeph.1.2-Zeph.1.3,"Zeph. i. 2, 3"
cyprian,treatises,Ps,old_testament_or_other,Bible:Ps.15.5,"Ps. xv. <span class=""sic"" title=""Found in verse 5."">6</span>"
cyprian,treatises,Ezek,old_testament_or_other,Bible:Ezek.18.7-Ezek.18.8,"Ezek. xviii. 7, 8"
cyprian,treatises,Deut,old_testament_or_other,Bible:Deut.23.19,Deut. xxiii. 19
cyprian,treatises,Luke,new_testament,Bible:Luke.6.32,Luke vi. 32
cyprian,treatises,Matt,new_testament,Bible:Matt.5.44-Matt.5.45,"Matt. v. 44, 45"
cyprian,treatises,Hab,old_testament_or_other,Bible:Hab.1.16 Bible:Ps.131.1,"Hab. i. 16; Ps. cxxxi.
1"
cyprian,treatises,Sir,deuterocanonical,Bible:Sir.10.26,Ecclus. x. 26
cyprian,treatises,Luke,new_testament,Bible:Luke.17.7-Luke.17.10,"Luke xvii.
7–10"
cyprian,treatises,Deut,old_testament_or_other,Bible:Deut.13.19,Deut. xiii. 19
cyprian,treatises,Isa,old_testament_or_other,Bible:Isa.1.19,Isa. i. 19
cyprian,treatises,Luke,new_testament,Bible:Luke.17.21,Luke xvii. 21
cyprian,treatises,1Cor,new_testament,Bible:1Cor.13.12,1 Cor. xiii. 12
cyprian,treatises,Wis,deuterocanonical,Bible:Wis.1.1,Wisd. i. 1
cyprian,treatises,Prov,old_testament_or_other,Bible:Prov.10.9,Prov. x. 9
cyprian,treatises,Eccl,old_testament_or_other,Bible:Eccl.3.21,Eccles. iii. 21
cyprian,treatises,Sir,deuterocanonical,Bible:Sir.7.17,Ecclus. vii. 17
cyprian,treatises,Isa,old_testament_or_other,Bible:Isa.29.15,Isa. xxix. 15
cyprian,treatises,1Macc,deuterocanonical,Bible:1Macc.2.60,1 Macc. ii. 60
cyprian,treatises,Rom,new_testament,Bible:Rom.11.33-Rom.11.36,"Rom. xi.
33–36"
cyprian,treatises,2Tim,new_testament,Bible:2Tim.2.23-2Tim.2.24,"2 Tim. ii. 23, 24"
cyprian,treatises,Job,old_testament_or_other,Bible:Job.14.4-Job.14.5,"Job xiv. 4, 5"
cyprian,treatises,Ps,old_testament_or_other,Bible:Ps.51.5,Ps. li. 5
cyprian,treatises,Rev,new_testament,Bible:Rev.2.23,Rev. ii. 23
cyprian,treatises,Ps,old_testament_or_other,Bible:Ps.19.12,Ps. xix. 12
cyprian,treatises,Ps,old_testament_or_other,Bible:Ps.118.18,Ps. cxviii. 18
cyprian,treatises,Ps,old_testament_or_other,Bible:Ps.89.32-Ps.89.33,"Ps. lxxxix. 32, 33"
cyprian,treatises,Mal,old_testament_or_other,Bible:Mal.3.3,Mal. iii. 3
cyprian,treatises,Isa,old_testament_or_other,Bible:Isa.40.6-Isa.40.7,"Isa. xl. 6, 7"
cyprian,treatises,Ezek,old_testament_or_other,Bible:Ezek.37.11-Ezek.37.14,"Ezek. xxxvii.
11–14"
cyprian,treatises,Wis,deuterocanonical,Bible:Wis.4.11 Bible:Wis.4.14,"Wisd. iv. 11, 14"
cyprian,treatises,Ps,old_testament_or_other,Bible:Ps.84.1-Ps.84.2,"Ps. lxxxiv. 1, 2"
cyprian,treatises,1Thess,new_testament,Bible:1Thess.4.13-1Thess.4.14,"1 Thess. iv. 13,
14"
cyprian,treatises,1Cor,new_testament,Bible:1Cor.15.36,1 Cor. xv. 36
cyprian,treatises,1Cor,new_testament,Bible:1Cor.15.41-1Cor.15.44,"1 Cor. xv.
41–44"
cyprian,treatises,1Cor,new_testament,Bible:1Cor.15.53-1Cor.15.55,"1 Cor. xv.
53–55"
cyprian,treatises,Luke,new_testament,Bible:Luke.2.29-Luke.2.30,"Luke ii. 29, 30"
cyprian,treatises,John,new_testament,Bible:John.14.28,John xiv. 28
cyprian,treatises,Ps,old_testament_or_other,Bible:Ps.135.16-Ps.135.18,"Ps. cxxxv.
16–18"
cyprian,treatises,Ps,old_testament_or_other,Bible:Ps.96.5,Ps. xcvi. 5
cyprian,treatises,Exod,old_testament_or_other,Bible:Exod.20.23,Ex. xx. 23
cyprian,treatises,Jer,old_testament_or_other,Bible:Jer.10.2-Jer.10.5 Bible:Jer.10.9 Bible:Jer.10.11 Bible:Jer.2.12-Jer.2.13 Bible:Jer.2.19 Bible:Jer.2.20 Bible:Jer.2.27,"Jer. x. 2–5, 9, 11; ii. 12, 13, 19,
20, 27"
cyprian,treatises,Isa,old_testament_or_other,Bible:Isa.46.1-Isa.46.2 Bible:Isa.46.5,"Isa. xlvi. 1, 2, 5"
cyprian,treatises,Jer,old_testament_or_other,Bible:Jer.51.15-Jer.51.18,"Jer. li.
15–18"
cyprian,treatises,Isa,old_testament_or_other,Bible:Isa.46.6-Isa.46.7,"Isa. xlvi. 6, 7"
cyprian,treatises,Jer,old_testament_or_other,Bible:Jer.51.16-Jer.51.19,"Jer. li.
16–19"
cyprian,treatises,Rev,new_testament,Bible:Rev.9.1 Bible:Rev.9.13-Rev.9.21,"Rev. ix. 1,
13–21"
cyprian,treatises,Isa,old_testament_or_other,Bible:Isa.22.13-Isa.22.14,"Isa. xxii. 13, 14"
cyprian,treatises,Exod,old_testament_or_other,Bible:Exod.32.6,Ex. xxxii. 6
cyprian,treatises,1Cor,new_testament,Bible:1Cor.8.8,1 Cor. viii. 8
cyprian,treatises,1Cor,new_testament,Bible:1Cor.11.33,1 Cor. xi. 33
cyprian,treatises,Rom,new_testament,Bible:Rom.14.17,Rom. xiv. 17
cyprian,treatises,John,new_testament,Bible:John.4.32 Bible:John.4.34,"John iv. 32, 34"
cyprian,treatises,Eccl,old_testament_or_other,Bible:Eccl.5.10,Eccles. v. 10
cyprian,treatises,Prov,old_testament_or_other,Bible:Prov.11.26,Prov. xi. 26
cyprian,treatises,Isa,old_testament_or_other,Bible:Isa.5.8,Isa. v. 8
cyprian,treatises,Zeph,old_testament_or_other,Bible:Zeph.1.13-Zeph.1.14,"Zeph. i. 13, 14"
cyprian,treatises,Luke,new_testament,Bible:Luke.9.25,Luke ix. 25
cyprian,treatises,Luke,new_testament,Bible:Luke.16.25,Luke xvi. 25
cyprian,treatises,Acts,new_testament,Bible:Acts.3.6,Acts iii. 6
cyprian,treatises,Tob,deuterocanonical,Bible:Tob.4.12,Tob. iv. 12
cyprian,treatises,1Cor,new_testament,Bible:1Cor.7.39-1Cor.7.40,"1 Cor. vii. 39, 40"
cyprian,treatises,1Cor,new_testament,Bible:1Cor.6.15-1Cor.6.17,"1 Cor. vi.
15–17"
cyprian,treatises,2Cor,new_testament,Bible:2Cor.6.14,2 Cor. vi. 14
cyprian,treatises,1Kgs,old_testament_or_other,Bible:1Kgs.11.4,1 Kings xi. 4
cyprian,treatises,1Cor,new_testament,Bible:1Cor.6.18-1Cor.6.20,"1 Cor. vi.
18–20"
cyprian,treatises,Gal,new_testament,Bible:Gal.5.17-Gal.5.24,"Gal. v.
17–24"
cyprian,treatises,1Cor,new_testament,Bible:1Cor.6.9-1Cor.6.11,"1 Cor. vi.
9–11"
cyprian,treatises,Prov,old_testament_or_other,Bible:Prov.3.11-Prov.3.12,"Prov. iii. 11, 12"
cyprian,treatises,Ps,old_testament_or_other,Bible:Ps.50.16,Ps. l. 16
cyprian,treatises,2Tim,new_testament,Bible:2Tim.4.3-2Tim.4.4,"2 Tim. iv. 3, 4"
cyprian,treatises,2Thess,new_testament,Bible:2Thess.3.14-2Thess.3.15,"2 Thess. iii. 14,
15"
cyprian,treatises,Ps,old_testament_or_other,Bible:Ps.50.28,Ps. l. 28
cyprian,treatises,1Cor,new_testament,Bible:1Cor.1.17-1Cor.1.24,"1 Cor. i.
17–24"
cyprian,treatises,Ps,old_testament_or_other,Bible:Ps.93.11,Ps. xciii. 11
cyprian,treatises,Eph,new_testament,Bible:Eph.6.1-Eph.6.3,Eph. vi. 1–3
cyprian,treatises,Eph,new_testament,Bible:Eph.6.4,Eph. vi. 4
cyprian,treatises,Eph,new_testament,Bible:Eph.6.5-Eph.6.6,"Eph. vi. 5, 6"
cyprian,treatises,Eph,new_testament,Bible:Eph.6.9,Eph. vi. 9
cyprian,treatises,1Tim,new_testament,Bible:1Tim.5.3 Bible:1Tim.5.6,"1 Tim. v. 3, 6"
cyprian,treatises,1Tim,new_testament,Bible:1Tim.5.11-1Tim.5.12,"1 Tim. v. 11, 12"
cyprian,treatises,1Tim,new_testament,Bible:1Tim.5.8,1 Tim. v. 8
cyprian,treatises,Isa,old_testament_or_other,Bible:Isa.58.7,Isa. lviii. 7
cyprian,treatises,Matt,new_testament,Bible:Matt.10.25,Matt. x. 25
cyprian,treatises,1Tim,new_testament,Bible:1Tim.5.19,1 Tim. v. 19
cyprian,treatises,1Tim,new_testament,Bible:1Tim.5.20,1 Tim. v. 20
cyprian,treatises,Titus,new_testament,Bible:Titus.3.10-Titus.3.11,"Tit. iii. 10, 11"
cyprian,treatises,1John,new_testament,Bible:1John.2.21-1John.2.22,"1 John ii. 21, 22"
cyprian,treatises,Matt,new_testament,Bible:Matt.5.8,Matt. v. 8
cyprian,treatises,Ps,old_testament_or_other,Bible:Ps.24.3-Ps.24.4,"Ps. xxiv. 3, 4"
cyprian,treatises,1Kgs,old_testament_or_other,Bible:1Kgs.11.23,1 Kings xi. 23
cyprian,treatises,John,new_testament,Bible:John.13.27,John xiii. 27
cyprian,treatises,Prov,old_testament_or_other,Bible:Prov.21.1,Prov. xxi. 1
cyprian,treatises,Lev,old_testament_or_other,Bible:Lev.19.13,Lev. xix. 13
cyprian,treatises,Deut,old_testament_or_other,Bible:Deut.18.10,Deut. xviii. 10
cyprian,treatises,Lev,old_testament_or_other,Bible:Lev.19.32,Lev. xix. 32
cyprian,treatises,Eccl,old_testament_or_other,Bible:Eccl.10.9,Eccles. x. 9
cyprian,treatises,Exod,old_testament_or_other,Bible:Exod.12.4,Ex. xii. 4
cyprian,treatises,Ps,old_testament_or_other,Bible:Ps.133.1,Ps. cxxxiii. 1
cyprian,treatises,Matt,new_testament,Bible:Matt.10.16,Matt. x. 16
cyprian,treatises,1Thess,new_testament,Bible:1Thess.4.6,1 Thess. iv. 6
cyprian,treatises,1Thess,new_testament,Bible:1Thess.5.2-1Thess.5.3,"1 Thess. v. 2, 3"
cyprian,treatises,Acts,new_testament,Bible:Acts.1.7,Acts i. 7
cyprian,treatises,1Cor,new_testament,Bible:1Cor.7.10-1Cor.7.11,"1 Cor. vii. 10, 11"
cyprian,treatises,1Cor,new_testament,Bible:1Cor.10.13,1 Cor. x. 13
cyprian,treatises,Prov,old_testament_or_other,Bible:Prov.24.15,Prov. xxiv. 15
cyprian,treatises,Sir,deuterocanonical,Bible:Sir.9.16,Ecclus. ix. 16
cyprian,treatises,Sir,deuterocanonical,Bible:Sir.6.16,Ecclus. vi. 16
cyprian,treatises,Sir,deuterocanonical,Bible:Sir.9.13,Ecclus. ix. 13
cyprian,treatises,Sir,deuterocanonical,Bible:Sir.25.9,Ecclus. xxv. 9
cyprian,treatises,Ps,old_testament_or_other,Bible:Ps.18.25-Ps.18.26,"Ps. xviii. 25, 26"
cyprian,treatises,Sir,deuterocanonical,Bible:Sir.4.29,Ecclus. iv. 29
cyprian,treatises,1Cor,new_testament,Bible:1Cor.4.20,1 Cor. iv. 20
cyprian,treatises,Rom,new_testament,Bible:Rom.2.13,Rom. ii. 13
cyprian,treatises,Matt,new_testament,Bible:Matt.7.24-Matt.7.27,"Matt. vii.
24–27"
cyprian,treatises,Sir,deuterocanonical,Bible:Sir.5.7,Ecclus. v. 7
cyprian,treatises,Rom,new_testament,Bible:Rom.3.8,Rom. iii. 8
cyprian,treatises,Rom,new_testament,Bible:Rom.2.12,Rom. ii. 12
cyprian,treatises,Acts,new_testament,Bible:Acts.8.20,Acts viii. 20
cyprian,treatises,Matt,new_testament,Bible:Matt.10.8,Matt. x. 8
cyprian,treatises,Matt,new_testament,Bible:Matt.21.13,Matt. xxi. 13
cyprian,treatises,Isa,old_testament_or_other,Bible:Isa.55.1,Isa. lv. 1
cyprian,treatises,Exod,old_testament_or_other,Bible:Exod.19.18,Ex. xix. 18
cyprian,treatises,Acts,new_testament,Bible:Acts.2.2-Acts.2.4,Acts ii. 2–4
cyprian,treatises,Exod,old_testament_or_other,Bible:Exod.3.2,Ex. iii. 2
cyprian,treatises,Prov,old_testament_or_other,Bible:Prov.9.8,Prov. ix. 8
cyprian,treatises,Prov,old_testament_or_other,Bible:Prov.10.19,Prov. x. 19
cyprian,treatises,Prov,old_testament_or_other,Bible:Prov.12.22,Prov. xii. 22
cyprian,treatises,Prov,old_testament_or_other,Bible:Prov.13.24,Prov. xiii. 24
cyprian,treatises,Prov,old_testament_or_other,Bible:Prov.19.18,Prov. xix. 18
cyprian,treatises,Lev,old_testament_or_other,Bible:Lev.19.18,Lev. xix. 18
cyprian,treatises,Deut,old_testament_or_other,Bible:Deut.32.35,Deut. xxxii. 35
cyprian,treatises,Prov,old_testament_or_other,Bible:Prov.20.13,Prov. xx. 13
cyprian,treatises,Ps,old_testament_or_other,Bible:Ps.50.20,Ps. l. 20
cyprian,treatises,Titus,new_testament,Bible:Titus.3.2,Tit. iii. 2
cyprian,treatises,Prov,old_testament_or_other,Bible:Prov.26.27,Prov. xxvi. 27
cyprian,treatises,Sir,deuterocanonical,Bible:Sir.7.39,Ecclus. vii. 39
cyprian,treatises,Matt,new_testament,Bible:Matt.25.36,Matt. xxv. 36
cyprian,treatises,Sir,deuterocanonical,Bible:Sir.28.15,Ecclus. xxviii. 15
cyprian,treatises,Sir,deuterocanonical,Bible:Sir.34.19,Ecclus. xxxiv. 19
cyprian,treatises,Wis,deuterocanonical,Bible:Wis.6.6,Wisd. vi. 6
cyprian,treatises,Ps,old_testament_or_other,Bible:Ps.2.10,Ps. ii. 10
cyprian,treatises,Sir,deuterocanonical,Bible:Sir.4.10,Ecclus. iv. 10
cyprian,treatises,Exod,old_testament_or_other,Bible:Exod.22.22-Exod.22.24,"Ex. xxii.
22–24"
cyprian,treatises,Isa,old_testament_or_other,Bible:Isa.1.17-Isa.1.18,"Isa. i. 17, 18"
cyprian,treatises,Job,old_testament_or_other,Bible:Job.29.12-Job.29.13,"Job xxix. 12, 13"
cyprian,treatises,Ps,old_testament_or_other,Bible:Ps.68.5,Ps. lxviii. 5
cyprian,treatises,Ps,old_testament_or_other,Bible:Ps.6.5,Ps. vi. 5
cyprian,treatises,1Cor,new_testament,Bible:1Cor.15.54-1Cor.15.55,"1 Cor. xv. 54, 55"
cyprian,treatises,Ps,old_testament_or_other,Bible:Ps.30.9,Ps. xxx. 9
cyprian,treatises,Jer,old_testament_or_other,Bible:Jer.8.4,Jer. viii. 4
cyprian,treatises,Luke,new_testament,Bible:Luke.7.47,Luke vii. 47
cyprian,treatises,Eph,new_testament,Bible:Eph.6.12-Eph.6.17,Eph. vi. 12–17
cyprian,treatises,Isa,old_testament_or_other,Bible:Isa.14.16,Isa. xiv. 16
cyprian,treatises,Acts,new_testament,Bible:Acts.15.28-Acts.15.29,"Acts xv. 28, 29"
cyprian,treatises,Col,new_testament,Bible:Col.4.2,Col. iv. 2
cyprian,treatises,Ps,old_testament_or_other,Bible:Ps.1.2,Ps. i. 2
cyprian,treatises,1Chr,old_testament_or_other,Bible:1Chr.29.11,1 Chron. xxix. 11
cyprian,treatises,1Cor,new_testament,Bible:1Cor.14.16,1 Cor. xiv. 16
cyprian,treatises,John,new_testament,Bible:John.16.23-John.16.24,"John xvi. 23, 24"
cyprian,treatises,Rev,new_testament,Bible:Rev.3.14,Rev. iii. 14
cyprian,treatises,2Cor,new_testament,Bible:2Cor.1.20,2 Cor. i. 20
cyprian,treatises,Num,old_testament_or_other,Bible:Num.5.22 Bible:Deut.27.15 Bible:1Kgs.1.36 Bible:1Chr.16.36 Bible:Jer.28.6,"Num. v. 22; Deut. xxvii. 15; 1
Kings i. 36; 1 Chron. xvi. 36; Jer. xxviii. 6"
cyprian,treatises,Rev,new_testament,Bible:Rev.5.8 Bible:Rev.8.3-Rev.8.4 Bible:John.17.8,"Rev. v. 8; viii. 3, 4; St. John xvii.
8"
cyprian,treatises,Dan,old_testament_or_other,Bible:Dan.2.43,Dan. ii. 43
cyprian,treatises,2Pet,new_testament,Bible:2Pet.3.9,"2 Pet. iii.
9"
cyprian,treatises,Acts,new_testament,Bible:Acts.15.13,Acts xv. 13
cyprian,treatises,Acts,new_testament,Bible:Acts.8.14,Acts viii. 14
cyprian,treatises,Gal,new_testament,Bible:Gal.2.11-Gal.2.14,"Gal. ii.
11–14"
cyprian,treatises,Jer,old_testament_or_other,Bible:Jer.49.19,Jer. xlix. 19
cyprian,treatises,Josh,old_testament_or_other,Bible:Josh.3.15 Bible:Josh.5.10-Josh.5.11,"Josh. iii. 15; v. 10, 11"
cyprian,treatises,Luke,new_testament,Bible:Luke.2.2,Luke ii. 2
cyprian,treatises,Acts,new_testament,Bible:Acts.13.7-Acts.13.9,"Acts xiii.
7–9"
cyprian,treatises,Acts,new_testament,Bible:Acts.28.22,"Acts xxviii.
22"
cyprian,treatises,Luke,new_testament,Bible:Luke.1.4,Luke i. 4
cyprian,treatises,Phil,new_testament,Bible:Phil.4.8,Phil. iv. 8
cyprian,treatises,Acts,new_testament,Bible:Acts.13.33,Acts xiii. 33
cyprian,treatises,Ps,old_testament_or_other,Bible:Ps.116,Psalms cxvi
cyprian,treatises,Ps,old_testament_or_other,Bible:Ps.147,Psalms cxlvii
cyprian,treatises,Ps,old_testament_or_other,Bible:Ps.15,Psalms xv
cyprian,treatises,Ps,old_testament_or_other,Bible:Ps.14,Psalms xiv
cyprian,treatises,Ps,old_testament_or_other,Bible:Ps.13,Psalms xiii
cyprian,carthage_council,Eph,new_testament,Bible:Eph.4.5,Eph. iv. 5
cyprian,carthage_council,Prov,old_testament_or_other,Bible:Prov.9.12,Prov. ix. 12
cyprian,carthage_council,Prov,old_testament_or_other,Bible:Prov.9.19,Prov. ix. 19
cyprian,carthage_council,John,new_testament,Bible:John.3.5,John iii. 5
cyprian,carthage_council,Eph,new_testament,Bible:Eph.4.3-Eph.4.6,Eph. iv. 3–6
cyprian,carthage_council,John,new_testament,Bible:John.3.6,John iii. 6
cyprian,carthage_council,Gal,new_testament,Bible:Gal.5.19-Gal.5.21,"Gal. v.
19–21"
cyprian,carthage_council,Matt,new_testament,Bible:Matt.5.13,Matt. v. 13
cyprian,carthage_council,Matt,new_testament,Bible:Matt.28.18-Matt.28.19,"Matt. xxviii. 18,
19"
cyprian,carthage_council,Prov,old_testament_or_other,Bible:Prov.14.9,Prov. xiv. 9
cyprian,carthage_council,Matt,new_testament,Bible:Matt.28.19,Matt. xxviii. 19
cyprian,carthage_council,Matt,new_testament,Bible:Matt.12.30,Matt. xii. 30
cyprian,carthage_council,Sir,deuterocanonical,Bible:Sir.34.25,Ecclus. xxxiv. 25
cyprian,carthage_council,Matt,new_testament,Bible:Matt.28.18,Matt. xxviii. 18
cyprian,carthage_council,John,new_testament,Bible:John.14.6,John xiv. 6
cyprian,carthage_council,Mark,new_testament,Bible:Mark.16.17-Mark.16.18,"Mark xvi. 17, 18"
cyprian,carthage_council,Acts,new_testament,Bible:Acts.22.16,Acts xxii. 16
cyprian,carthage_council,John,new_testament,Bible:John.20.23,John xx. 23
cyprian,carthage_council,Gen,old_testament_or_other,Bible:Gen.1.4,Gen. i. 4
cyprian,carthage_council,1Kgs,old_testament_or_other,Bible:1Kgs.18.21,1 Kings xviii. 21
cyprian,carthage_council,Rom,new_testament,Bible:Rom.3.3-Rom.3.4,"Rom. iii. 3, 4"
cyprian,carthage_council,John,new_testament,Bible:John.3.27,John iii. 27
cyprian,carthage_council,John,new_testament,Bible:John.9.31,John ix. 31
cyprian,carthage_council,2John,new_testament,Bible:2John.1.10 Bible:2John.1.11,"2 John 10, 11"
cyprian,carthage_council,Acts,new_testament,Bible:Acts.15.13 Bible:Acts.15.19,"Acts xv. 13, 19"
cyprian,questionable_treatises,Col,new_testament,Bible:Col.3.16,"Col.
iii. 16"
cyprian,questionable_treatises,Acts,new_testament,Bible:Acts.9.5,Acts ix. 5
cyprian,questionable_treatises,Heb,new_testament,Bible:Heb.2.11,Heb. ii. 11
cyprian,questionable_treatises,Ps,old_testament_or_other,Bible:Ps.64.3,Ps. lxiv. 3
cyprian,questionable_treatises,Ps,old_testament_or_other,Bible:Ps.113.13,Ps. cxiii. 13
cyprian,questionable_treatises,Isa,old_testament_or_other,Bible:Isa.6.10,Isa. vi. 10
cyprian,questionable_treatises,Luke,new_testament,Bible:Luke.22.8,Luke xxii. 8
cyprian,questionable_treatises,Wis,deuterocanonical,Bible:Wis.3.7,Wisd. iii. 7
cyprian,questionable_treatises,Sir,deuterocanonical,Bible:Sir.2.1,Ecclus. ii. 1
cyprian,questionable_treatises,Phil,new_testament,Bible:Phil.1.21,Phil. i. 21
cyprian,questionable_treatises,Sir,deuterocanonical,Bible:Sir.2.4,Ecclus. ii. 4
cyprian,questionable_treatises,Wis,deuterocanonical,Bible:Wis.3.4,Wisd. iii. 4
cyprian,questionable_treatises,Matt,new_testament,Bible:Matt.10.39,Matt. x. 39
cyprian,questionable_treatises,Matt,new_testament,Bible:Matt.15.26,Matt. xv. 26
cyprian,questionable_treatises,Rom,new_testament,Bible:Rom.8.18,Rom. viii. 18
cyprian,questionable_treatises,Matt,new_testament,Bible:Matt.3.10,Matt. iii. 10
cyprian,questionable_treatises,John,new_testament,Bible:John.12.35,John xii. 35
cyprian,questionable_treatises,1Cor,new_testament,Bible:1Cor.9.24,1 Cor. ix. 24
cyprian,questionable_treatises,Col,new_testament,Bible:Col.2.20,Col. ii. 20
cyprian,questionable_treatises,Gal,new_testament,Bible:Gal.6.14,Gal. vi. 14
cyprian,questionable_treatises,1Cor,new_testament,Bible:1Cor.6.4,1 Cor. vi. 4
cyprian,questionable_treatises,1Cor,new_testament,Bible:1Cor.7.7,1 Cor. vii. 7
cyprian,questionable_treatises,Rev,new_testament,Bible:Rev.6.9,Rev. vi. 9
cyprian,questionable_treatises,Matt,new_testament,Bible:Matt.19.8 Bible:Gen.2.24,Matt. xix. 8; Gen. ii. 24
cyprian,questionable_treatises,Matt,new_testament,Bible:Matt.19.5,Matt. xix. 5
cyprian,questionable_treatises,Eph,new_testament,Bible:Eph.5.28-Eph.5.29,"Eph. v. 28, 29"
cyprian,questionable_treatises,Lev,old_testament_or_other,Bible:Lev.20.10,Lev. xx. 10
cyprian,questionable_treatises,1Thess,new_testament,Bible:1Thess.4.3,1 Thess. iv. 3
cyprian,questionable_treatises,1Cor,new_testament,Bible:1Cor.6.15,1 Cor. vi. 15
cyprian,questionable_treatises,Ps,old_testament_or_other,Bible:Ps.89.30,Ps. lxxxix. 30
cyprian,questionable_treatises,Isa,old_testament_or_other,Bible:Isa.30.15,Isa. xxx. 15
cyprian,questionable_treatises,Isa,old_testament_or_other,Bible:Isa.30.1,Isa. xxx. 1
cyprian,questionable_treatises,Jer,old_testament_or_other,Bible:Jer.2.25,Jer. ii. 25
cyprian,questionable_treatises,Isa,old_testament_or_other,Bible:Isa.31.6,Isa. xxxi. 6
cyprian,questionable_treatises,Isa,old_testament_or_other,Bible:Isa.43.25,Isa. xliii. 25
cyprian,questionable_treatises,Isa,old_testament_or_other,Bible:Isa.55.6-Isa.55.7,"Isa. lv. 6, 7"
cyprian,questionable_treatises,Isa,old_testament_or_other,Bible:Isa.44.21-Isa.44.22,"Isa. xliv. 21, 22"
cyprian,questionable_treatises,Isa,old_testament_or_other,Bible:Isa.46.8,Isa. xlvi. 8
cyprian,questionable_treatises,Isa,old_testament_or_other,Bible:Isa.54.7-Isa.54.8,"Isa. liv. 7, 8"
cyprian,questionable_treatises,Isa,old_testament_or_other,Bible:Isa.57.15,Isa. lvii. 15
cyprian,questionable_treatises,Jer,old_testament_or_other,Bible:Jer.2.32,Jer. ii. 32
cyprian,questionable_treatises,Jer,old_testament_or_other,Bible:Jer.18.7,Jer. xviii. 7
cyprian,questionable_treatises,Jer,old_testament_or_other,Bible:Jer.3.12,Jer. iii. 12
cyprian,questionable_treatises,Jer,old_testament_or_other,Bible:Jer.3.14,Jer. iii. 14
cyprian,questionable_treatises,Jer,old_testament_or_other,Bible:Jer.3.22,Jer. iii. 22
cyprian,questionable_treatises,Jer,old_testament_or_other,Bible:Jer.4.14,Jer. iv. 14
cyprian,questionable_treatises,Jer,old_testament_or_other,Bible:Jer.8.4,Jer. viii. 4
cyprian,questionable_treatises,Jer,old_testament_or_other,Bible:Jer.8.6,Jer. viii. 6
cyprian,questionable_treatises,Jer,old_testament_or_other,Bible:Jer.18.12,Jer. xviii. 12
cyprian,questionable_treatises,Lam,old_testament_or_other,Bible:Lam.2.18,Lam. ii. 18
cyprian,questionable_treatises,Lam,old_testament_or_other,Bible:Lam.3.40,Lam. iii. 40
cyprian,questionable_treatises,Jer,old_testament_or_other,Bible:Jer.3.6,Jer. iii. 6
cyprian,questionable_treatises,Lam,old_testament_or_other,Bible:Lam.3.31,Lam. iii. 31
cyprian,questionable_treatises,Ezek,old_testament_or_other,Bible:Ezek.32.12,Ezek. xxxii. 12
cyprian,questionable_treatises,Ezek,old_testament_or_other,Bible:Ezek.17.24,Ezek. xvii. 24
cyprian,questionable_treatises,Ezek,old_testament_or_other,Bible:Ezek.33.10,Ezek. xxxiii. 10
cyprian,questionable_treatises,Ezek,old_testament_or_other,Bible:Ezek.36.36,Ezek. xxxvi. 36
cyprian,questionable_treatises,Ezek,old_testament_or_other,Bible:Ezek.18.21,Ezek. xviii. 21
cyprian,questionable_treatises,Ezek,old_testament_or_other,Bible:Ezek.18.30,Ezek. xviii. 30
cyprian,questionable_treatises,Dan,old_testament_or_other,Bible:Dan.4.34,Dan. iv. 34
cyprian,questionable_treatises,Mic,old_testament_or_other,Bible:Mic.7.1-Mic.7.3,"Mic. vii. 1, 2, 3"
cyprian,questionable_treatises,Mic,old_testament_or_other,Bible:Mic.7.8,Mic. vii. 8
cyprian,questionable_treatises,Zeph,old_testament_or_other,Bible:Zeph.2.1,Zeph. ii. 1
cyprian,questionable_treatises,Zech,old_testament_or_other,Bible:Zech.1.3,Zech. i. 3
cyprian,questionable_treatises,Hos,old_testament_or_other,Bible:Hos.14.2,Hos. xiv. 2
cyprian,questionable_treatises,Sir,deuterocanonical,Bible:Sir.17.26,Ecclus. xvii. 26
cyprian,questionable_treatises,Sir,deuterocanonical,Bible:Sir.20.3,Ecclus xx. 3
cyprian,questionable_treatises,Acts,new_testament,Bible:Acts.8.20,Acts viii. 20
cyprian,questionable_treatises,2Cor,new_testament,Bible:2Cor.7.10,2 Cor. vii. 10
cyprian,questionable_treatises,2Cor,new_testament,Bible:2Cor.2.10,2 Cor. ii. 10
cyprian,questionable_treatises,2Cor,new_testament,Bible:2Cor.12.21,2 Cor. xii. 21
cyprian,questionable_treatises,2Cor,new_testament,Bible:2Cor.13.2,2 Cor. xiii. 2
cyprian,questionable_treatises,2Tim,new_testament,Bible:2Tim.2.16,2 Tim. ii. 16
cyprian,questionable_treatises,Rev,new_testament,Bible:Rev.2.5,Rev. ii. 5
cyprian,questionable_treatises,Matt,new_testament,Bible:Matt.3.10,"Matt. iii.
10"
cyprian,questionable_treatises,Luke,new_testament,Bible:Luke.13.9,"Luke
xiii. 9"
cyprian,questionable_treatises,1Cor,new_testament,Bible:1Cor.14.36,1 Cor. xiv. 36
caius,fragments,1John,new_testament,Bible:1John.1.1,1 John i. 1
caius,fragments,Eph,new_testament,Bible:Eph.5.19,Eph. v. 19
caius,fragments,Col,new_testament,Bible:Col.3.16,Col. iii. 16
novatian,treatise,Matt,new_testament,Bible:Matt.18.7 Bible:Luke.17.1,"Matt. xviii. 7 and Luke xvii.
1"
novatian,treatise,Jer,old_testament_or_other,Bible:Jer.5.22,Jer. v. 22
novatian,treatise,Ps,old_testament_or_other,Bible:Ps.148.5,Ps. cxlviii. 5
novatian,treatise,Ps,old_testament_or_other,Bible:Ps.103.24,Ps. ciii. 24
novatian,treatise,Deut,old_testament_or_other,Bible:Deut.4.39,Deut. iv. 39
novatian,treatise,Ps,old_testament_or_other,Bible:Ps.103.32,Ps. ciii. 32
novatian,treatise,Isa,old_testament_or_other,Bible:Isa.40.22 Bible:Isa.40.12,"Isa. xl. 22, 12"
novatian,treatise,Isa,old_testament_or_other,Bible:Isa.45.22,Isa. xlv. 22
novatian,treatise,Isa,old_testament_or_other,Bible:Isa.42.8,Isa. xlii. 8
novatian,treatise,Isa,old_testament_or_other,Bible:Isa.66.1,Isa. lxvi. 1
novatian,treatise,Isa,old_testament_or_other,Bible:Isa.66.2,Isa. lxvi. 2
novatian,treatise,Isa,old_testament_or_other,Bible:Isa.45.7,Isa. xlv. 7
novatian,treatise,Rom,new_testament,Bible:Rom.1.20,Rom. i. 20
novatian,treatise,1Tim,new_testament,Bible:1Tim.1.17,1 Tim. i. 17
novatian,treatise,Rom,new_testament,Bible:Rom.11.33,Rom. xi. 33
novatian,treatise,Gen,old_testament_or_other,Bible:Gen.1.31,Gen. i. 31
novatian,treatise,Mal,old_testament_or_other,Bible:Mal.3.6,Mal. iii. 6
novatian,treatise,Exod,old_testament_or_other,Bible:Exod.3.14,Ex. iii. 14
novatian,treatise,Ps,old_testament_or_other,Bible:Ps.34.15,Ps. xxxiv. 15
novatian,treatise,Gen,old_testament_or_other,Bible:Gen.8.21,Gen. viii. 21
novatian,treatise,Exod,old_testament_or_other,Bible:Exod.31.18,Ex. xxxi. 18
novatian,treatise,Ps,old_testament_or_other,Bible:Ps.136.12,Ps. cxxxvi. 12
novatian,treatise,Isa,old_testament_or_other,Bible:Isa.1.20,Isa. i. 20
novatian,treatise,2Chr,old_testament_or_other,Bible:2Chr.19.16,2 Chron. xix. 16
novatian,treatise,Ps,old_testament_or_other,Bible:Ps.139.8-Ps.139.10,"Ps. cxxxix. 8, 9,
10"
novatian,treatise,John,new_testament,Bible:John.4.21,John iv. 21
novatian,treatise,John,new_testament,Bible:John.4.24,John iv. 24
novatian,treatise,1Cor,new_testament,Bible:1Cor.2.9,1 Cor. ii. 9
novatian,treatise,Exod,old_testament_or_other,Bible:Exod.3.2,Ex. iii. 2
novatian,treatise,Heb,new_testament,Bible:Heb.12.29,Heb. xii. 29
novatian,treatise,Matt,new_testament,Bible:Matt.10.29-Matt.10.30,"Matt. x. 29, 30"
novatian,treatise,Ezek,old_testament_or_other,Bible:Ezek.1.10 Bible:Rev.4.7,"Ezek. i. 10 and Rev. iv.
7"
novatian,treatise,Rev,new_testament,Bible:Rev.5.13-Rev.5.14,"Rev.
v. 13, 14"
novatian,treatise,Ps,old_testament_or_other,Bible:Ps.68.18,Ps. lxviii. 18
novatian,treatise,Gen,old_testament_or_other,Bible:Gen.17.8,Gen. xvii. 8
novatian,treatise,Gen,old_testament_or_other,Bible:Gen.49.10,Gen. xlix. 10
novatian,treatise,Exod,old_testament_or_other,Bible:Exod.4.13,Ex. iv. 13
novatian,treatise,Deut,old_testament_or_other,Bible:Deut.18.15,Deut. xviii. 15
novatian,treatise,Deut,old_testament_or_other,Bible:Deut.28.66,Deut. xxviii. 66
novatian,treatise,Isa,old_testament_or_other,Bible:Isa.11.1,Isa. xi. 1
novatian,treatise,Isa,old_testament_or_other,Bible:Isa.7.13,Isa. vii. 13
novatian,treatise,Isa,old_testament_or_other,Bible:Isa.35.3-Isa.35.6,"Isa. xxxv.
3–6"
novatian,treatise,Isa,old_testament_or_other,Bible:Isa.13.2-Isa.13.3,"Isa. xiii. 2, 3"
novatian,treatise,Isa,old_testament_or_other,Bible:Isa.55.3,Isa. lv. 3
novatian,treatise,Isa,old_testament_or_other,Bible:Isa.55.4-Isa.55.5,"Isa. lv. 4, 5"
novatian,treatise,Isa,old_testament_or_other,Bible:Isa.53.7,Isa. liii. 7
novatian,treatise,Isa,old_testament_or_other,Bible:Isa.53.5,Isa. liii. 5
novatian,treatise,Isa,old_testament_or_other,Bible:Isa.53.2,Isa. liii. 2
novatian,treatise,Isa,old_testament_or_other,Bible:Isa.65.2,Isa. lxv. 2
novatian,treatise,Isa,old_testament_or_other,Bible:Isa.11.10,Isa. xi. 10
novatian,treatise,Hos,old_testament_or_other,Bible:Hos.6.3,Hos. vi. 3
novatian,treatise,Ps,old_testament_or_other,Bible:Ps.110.1-Ps.110.2,"Ps. cx. 1, 2"
novatian,treatise,Ps,old_testament_or_other,Bible:Ps.2.8,Ps. ii. 8
novatian,treatise,Ps,old_testament_or_other,Bible:Ps.72.1,Ps. lxxii. 1
novatian,treatise,John,new_testament,Bible:John.1.14,John i. 14
novatian,treatise,1Cor,new_testament,Bible:1Cor.16.50,1 Cor. xvi. 50
novatian,treatise,Matt,new_testament,Bible:Matt.23.42,Matt. xxiii. 42
novatian,treatise,Gal,new_testament,Bible:Gal.4.4,Gal. iv. 4
novatian,treatise,Luke,new_testament,Bible:Luke.6.5,Luke vi. 5
novatian,treatise,Hos,old_testament_or_other,Bible:Hos.1.7,Hos. i. 7
novatian,treatise,Isa,old_testament_or_other,Bible:Isa.7.14,Isa. vii. 14
novatian,treatise,Matt,new_testament,Bible:Matt.28.20,Matt. xxviii. 20
novatian,treatise,Isa,old_testament_or_other,Bible:Isa.35.3,Isa. xxxv. 3
novatian,treatise,Heb,new_testament,Bible:Heb.3.3,Heb. iii. 3
novatian,treatise,John,new_testament,Bible:John.1.13,John i. 13
novatian,treatise,Rev,new_testament,Bible:Rev.19.13,Rev. xix. 13
novatian,treatise,Ps,old_testament_or_other,Bible:Ps.45.1,Ps. xlv. 1
novatian,treatise,John,new_testament,Bible:John.1.3,John i. 3
novatian,treatise,Col,new_testament,Bible:Col.1.16,Col. i. 16
novatian,treatise,John,new_testament,Bible:John.1.10-John.1.11,"John i. 10, 11"
novatian,treatise,John,new_testament,Bible:John.1.1,John i. 1
novatian,treatise,Ps,old_testament_or_other,Bible:Ps.19.6-Ps.19.7,"Ps. xix. 6, 7"
novatian,treatise,John,new_testament,Bible:John.3.13,John iii. 13
novatian,treatise,John,new_testament,Bible:John.17.5,John xvii. 5
novatian,treatise,John,new_testament,Bible:John.10.30,John x. 30
novatian,treatise,John,new_testament,Bible:John.20.28,John xx. 28
novatian,treatise,Rom,new_testament,Bible:Rom.9.5,Rom. ix. 5
novatian,treatise,John,new_testament,Bible:John.3.31,John iii. 31
novatian,treatise,John,new_testament,Bible:John.1.15,John i. 15
novatian,treatise,John,new_testament,Bible:John.5.19,John v. 19
novatian,treatise,John,new_testament,Bible:John.5.26,John v. 26
novatian,treatise,John,new_testament,Bible:John.6.51,John vi. 51
novatian,treatise,John,new_testament,Bible:John.6.46,John vi. 46
novatian,treatise,John,new_testament,Bible:John.6.62,John vi. 62
novatian,treatise,John,new_testament,Bible:John.8.14-John.8.15,"John viii. 14, 15"
novatian,treatise,John,new_testament,Bible:John.8.23,John viii. 23
novatian,treatise,John,new_testament,Bible:John.8.42,John viii. 42
novatian,treatise,John,new_testament,Bible:John.8.51,John viii. 51
novatian,treatise,John,new_testament,Bible:John.8.58,John viii. 58
novatian,treatise,John,new_testament,Bible:John.10.27-John.10.28,"John x. 27, 28"
novatian,treatise,John,new_testament,Bible:John.10.35-John.10.36,"John x. 35, 36"
novatian,treatise,John,new_testament,Bible:John.11.26,John xi. 26
novatian,treatise,John,new_testament,Bible:John.16.14,John xvi. 14
novatian,treatise,John,new_testament,Bible:John.17.3,John xvii. 3
novatian,treatise,Gen,old_testament_or_other,Bible:Gen.1.26,Gen. i. 26
novatian,treatise,Gen,old_testament_or_other,Bible:Gen.1.27,Gen. i. 27
novatian,treatise,Gen,old_testament_or_other,Bible:Gen.11.7,Gen. xi. 7
novatian,treatise,Deut,old_testament_or_other,Bible:Deut.32.8,Deut. xxxii. 8
novatian,treatise,Eph,new_testament,Bible:Eph.4.10,Eph. iv. 10
novatian,treatise,Gen,old_testament_or_other,Bible:Gen.12.7,Gen. xii. 7
novatian,treatise,Exod,old_testament_or_other,Bible:Exod.33.20,Ex. xxxiii. 20
novatian,treatise,1John,new_testament,Bible:1John.4.12,1 John iv. 12
novatian,treatise,1Tim,new_testament,Bible:1Tim.6.16,1 Tim. vi. 16
novatian,treatise,Heb,new_testament,Bible:Heb.1.3,"Heb. i.
3"
novatian,treatise,Isa,old_testament_or_other,Bible:Isa.9.6,Isa. ix. 6
novatian,treatise,Exod,old_testament_or_other,Bible:Exod.23.20,Ex. xxiii. 20
novatian,treatise,Gen,old_testament_or_other,Bible:Gen.19.24,Gen. xix. 24
novatian,treatise,Amos,old_testament_or_other,Bible:Amos.4.11,Amos iv. 11
novatian,treatise,Gen,old_testament_or_other,Bible:Gen.21.17,Gen. xxi. 17
novatian,treatise,Gen,old_testament_or_other,Bible:Gen.21.18,Gen. xxi. 18
novatian,treatise,Gen,old_testament_or_other,Bible:Gen.21.20,Gen. xxi. 20
novatian,treatise,Gen,old_testament_or_other,Bible:Gen.32.24 Bible:Exod.3 Bible:Num.22.21 Bible:Josh.5.13 Bible:1Kgs.28.11,"Gen. xxxii. 24; Ex. iii.; Num. xxii. 21;
Josh. v. 13; 1 Kings xxviii. 11"
novatian,treatise,Gen,old_testament_or_other,Bible:Gen.31.11-Gen.31.13,"Gen. xxxi.
11–13"
novatian,treatise,Eccl,old_testament_or_other,Bible:Eccl.5.6,Eccles. v. 6
novatian,treatise,Mal,old_testament_or_other,Bible:Mal.3.1,"Mal.
iii. 1"
novatian,treatise,Gen,old_testament_or_other,Bible:Gen.32.24-Gen.32.27,"Gen. xxxii.
24–27"
novatian,treatise,Gen,old_testament_or_other,Bible:Gen.32.30-Gen.32.31,"Gen. xxxii. 30, 31"
novatian,treatise,Gen,old_testament_or_other,Bible:Gen.48.14-Gen.48.15,"Gen. xlviii. 14,
15"
novatian,treatise,1Pet,new_testament,Bible:1Pet.10.11,"1
Pet. x. 11"
novatian,treatise,Ps,old_testament_or_other,Bible:Ps.97.7 Bible:John.10.36,"Ps. xcvii. 7; John x.
36"
novatian,treatise,Ps,old_testament_or_other,Bible:Ps.82.1-Ps.82.2,"Ps. lxxxii. 1, 2"
novatian,treatise,Exod,old_testament_or_other,Bible:Exod.7.1,Ex. vii. 1
novatian,treatise,2Pet,new_testament,Bible:2Pet.1.4,2 Pet. i. 4
novatian,treatise,Gen,old_testament_or_other,Bible:Gen.3.5,Gen. iii. 5
novatian,treatise,John,new_testament,Bible:John.3.34-John.3.35,"John iii. 34, 35"
novatian,treatise,Rev,new_testament,Bible:Rev.11.15,Rev. xi. 15
novatian,treatise,John,new_testament,Bible:John.2.19,John ii. 19
novatian,treatise,John,new_testament,Bible:John.10.18,John x. 18
novatian,treatise,Col,new_testament,Bible:Col.1.15,Col. i. 15
novatian,treatise,John,new_testament,Bible:John.3.31-John.3.32,"John iii. 31, 32"
novatian,treatise,John,new_testament,Bible:John.4.38,John iv. 38
novatian,treatise,Gen,old_testament_or_other,Bible:Gen.25.31,Gen. xxv. 31
novatian,treatise,1Tim,new_testament,Bible:1Tim.2.5,1 Tim. ii. 5
novatian,treatise,Col,new_testament,Bible:Col.2.15,Col. ii. 15
novatian,treatise,Gen,old_testament_or_other,Bible:Gen.49.11,Gen. xlix. 11
novatian,treatise,Phil,new_testament,Bible:Phil.2.6-Phil.2.11,"Phil. ii.
6–11"
novatian,treatise,Matt,new_testament,Bible:Matt.1.23,Matt. i. 23
novatian,treatise,Luke,new_testament,Bible:Luke.1.35,Luke i. 35
novatian,treatise,Matt,new_testament,Bible:Matt.10.28,Matt. x. 28
novatian,treatise,Luke,new_testament,Bible:Luke.20.38,Luke xx. 38
novatian,treatise,Matt,new_testament,Bible:Matt.22.29,Matt. xxii. 29
novatian,treatise,Ps,old_testament_or_other,Bible:Ps.2.7-Ps.2.8,"Ps. ii. 7, 8"
novatian,treatise,Ps,old_testament_or_other,Bible:Ps.110.1,Ps. cx. 1
novatian,treatise,Isa,old_testament_or_other,Bible:Isa.45.1,Isa. xlv. 1
novatian,treatise,John,new_testament,Bible:John.6.38,John vi. 38
novatian,treatise,John,new_testament,Bible:John.14.28,John xiv. 28
novatian,treatise,John,new_testament,Bible:John.20.17,John xx. 17
novatian,treatise,John,new_testament,Bible:John.8.17-John.8.18,"John viii. 17, 18"
novatian,treatise,John,new_testament,Bible:John.12.20,John xii. 20
novatian,treatise,Matt,new_testament,Bible:Matt.16.16,Matt. xvi. 16
novatian,treatise,Matt,new_testament,Bible:Matt.16.17,Matt. xvi. 17
novatian,treatise,John,new_testament,Bible:John.11.12,John xi. 12
novatian,treatise,John,new_testament,Bible:John.17.3-John.17.4,"John xvii. 3, 4"
novatian,treatise,Luke,new_testament,Bible:Luke.10.22,Luke x. 22
novatian,treatise,1Cor,new_testament,Bible:1Cor.3.6-1Cor.3.8,"1 Cor. iii. 6, 7,
8"
novatian,treatise,John,new_testament,Bible:John.10.33,John x. 33
novatian,treatise,John,new_testament,Bible:John.10.36,John x. 36
novatian,treatise,John,new_testament,Bible:John.14.9,John xiv. 9
novatian,treatise,John,new_testament,Bible:John.14.8,John xiv. 8
novatian,treatise,John,new_testament,Bible:John.14.7,John xiv. 7
novatian,treatise,John,new_testament,Bible:John.14.6,John xiv. 6
novatian,treatise,Isa,old_testament_or_other,Bible:Isa.8.3,Isa. viii. 3
novatian,treatise,Ps,old_testament_or_other,Bible:Ps.69.21,Ps. lxix. 21
novatian,treatise,Ps,old_testament_or_other,Bible:Ps.22.18 Bible:Ps.22.17,"Ps. xxii. 18, 17"
novatian,treatise,John,new_testament,Bible:John.5.17,John v. 17
novatian,treatise,John,new_testament,Bible:John.14.12,John xiv. 12
novatian,treatise,John,new_testament,Bible:John.14.15-John.14.16,"John xiv. 15, 16"
novatian,treatise,John,new_testament,Bible:John.14.23,John xiv. 23
novatian,treatise,John,new_testament,Bible:John.14.26,John xiv. 26
novatian,treatise,John,new_testament,Bible:John.15.1,John xv. 1
novatian,treatise,John,new_testament,Bible:John.15.9-John.15.10,"John xv. 9, 10"
novatian,treatise,John,new_testament,Bible:John.15.15,John xv. 15
novatian,treatise,John,new_testament,Bible:John.15.21,John xv. 21
novatian,treatise,Matt,new_testament,Bible:Matt.5.8,Matt. v. 8
novatian,treatise,Joel,old_testament_or_other,Bible:Joel.2.28 Bible:Acts.2.17,"Joel ii. 28; Acts ii.
17"
novatian,treatise,John,new_testament,Bible:John.20.22-John.20.23,"John xx. 22, 23"
novatian,treatise,John,new_testament,Bible:John.14.16-John.14.17,"John xiv. 16, 17"
novatian,treatise,2Cor,new_testament,Bible:2Cor.4.13,2 Cor. iv. 13
novatian,treatise,John,new_testament,Bible:John.15.20,John xv. 20
novatian,treatise,John,new_testament,Bible:John.16.7,John xvi. 7
novatian,treatise,John,new_testament,Bible:John.16.13,John xvi. 13
novatian,treatise,John,new_testament,Bible:John.14.18,John xiv. 18
novatian,treatise,Isa,old_testament_or_other,Bible:Isa.11.2-Isa.11.3,"Isa. xi. 2, 3"
novatian,treatise,Isa,old_testament_or_other,Bible:Isa.61.1,Isa. lxi. 1
novatian,treatise,Ps,old_testament_or_other,Bible:Ps.45.7,Ps. xlv. 7
novatian,treatise,Rom,new_testament,Bible:Rom.8.9,Rom. viii. 9
novatian,treatise,2Cor,new_testament,Bible:2Cor.3.17,2 Cor. iii. 17
novatian,treatise,Gal,new_testament,Bible:Gal.5.17,Gal. v. 17
novatian,treatise,1Cor,new_testament,Bible:1Cor.2.12,1 Cor. ii. 12
novatian,treatise,1Cor,new_testament,Bible:1Cor.7.40,1 Cor. vii. 40
novatian,treatise,1Cor,new_testament,Bible:1Cor.14.32,1 Cor. xiv. 32
novatian,treatise,1Tim,new_testament,Bible:1Tim.4.1,1 Tim. iv. 1
novatian,treatise,1Cor,new_testament,Bible:1Cor.12.3,1 Cor. xii. 3
novatian,treatise,Jude,new_testament,Bible:Jude.1.19 Bible:Rom.8.7,Jude 19; Rom. viii. 7
novatian,treatise,Matt,new_testament,Bible:Matt.12.32,Matt. xii. 32
novatian,treatise,Gal,new_testament,Bible:Gal.3.20 Bible:Deut.6.4,"Gal. iii. 20; Deut. vi.
4"
novatian,treatise,Isa,old_testament_or_other,Bible:Isa.43.11,Isa. xliii. 11
novatian,treatise,Isa,old_testament_or_other,Bible:Isa.44.6-Isa.44.7,"Isa. xliv. 6, 7"
novatian,treatise,Isa,old_testament_or_other,Bible:Isa.40.12,Isa. xl. 12
novatian,treatise,Isa,old_testament_or_other,Bible:Isa.37.20,Isa. xxxvii. 20
novatian,treatise,Matt,new_testament,Bible:Matt.19.17,Matt. xix. 17
novatian,treatise,Gal,new_testament,Bible:Gal.3.20,Gal. iii. 20
novatian,treatise,John,new_testament,Bible:John.1.1-John.1.2,"John i. 1, 2"
novatian,treatise,Deut,old_testament_or_other,Bible:Deut.6.4,Deut. vi. 4
novatian,treatise,Matt,new_testament,Bible:Matt.23.8-Matt.23.10,"Matt. xxiii.
8–10"
novatian,treatise,Ps,old_testament_or_other,Bible:Ps.45,Ps. xliv. (xlv.)
novatian,treatise,Heb,new_testament,Bible:Heb.5.7,Heb. v. 7
novatian,jewish_meats,Eph,new_testament,Bible:Eph.6.12,Eph. vi. 12
novatian,jewish_meats,Phil,new_testament,Bible:Phil.3.14,Phil. iii. 14
novatian,jewish_meats,1Cor,new_testament,Bible:1Cor.6.13,1 Cor. vi. 13
novatian,jewish_meats,Mark,new_testament,Bible:Mark.7.19,Mark vii. 19
novatian,jewish_meats,Rom,new_testament,Bible:Rom.7.14,Rom. vii. 14
novatian,jewish_meats,Gen,old_testament_or_other,Bible:Gen.9.3,Gen. ix. 3
novatian,jewish_meats,Acts,new_testament,Bible:Acts.10.15,Acts x. 15
novatian,jewish_meats,Gen,old_testament_or_other,Bible:Gen.7.2,Gen. vii. 2
novatian,jewish_meats,Gal,new_testament,Bible:Gal.3.17,Gal. iii. 17
novatian,jewish_meats,Gen,old_testament_or_other,Bible:Gen.1.31,Gen. i. 31
novatian,jewish_meats,Lev,old_testament_or_other,Bible:Lev.11.4,Lev. xi. 4
novatian,jewish_meats,Titus,new_testament,Bible:Titus.1.15,Tit. i. 15
novatian,jewish_meats,1Tim,new_testament,Bible:1Tim.4.4-1Tim.4.5,"1 Tim. iv. 4, 5"
novatian,jewish_meats,1Tim,new_testament,Bible:1Tim.4.1-1Tim.4.3,"1 Tim. iv. 1, 2, 3"
novatian,jewish_meats,1Cor,new_testament,Bible:1Cor.10.25,1 Cor. x. 25
novatian,jewish_meats,Rom,new_testament,Bible:Rom.14.17,Rom. xiv. 17
novatian,jewish_meats,Mark,new_testament,Bible:Mark.7.19 Bible:Matt.15.17,"Mark vii. 19;
Matt. xv. 17"
novatian,jewish_meats,Deut,old_testament_or_other,Bible:Deut.8.3,Deut. viii. 3
novatian,jewish_meats,John,new_testament,Bible:John.4.34,John iv. 34
novatian,jewish_meats,John,new_testament,Bible:John.6.26-John.6.27,"John vi. 26, 27"
novatian,jewish_meats,Zech,old_testament_or_other,Bible:Zech.7.6,Zech. vii. 6
novatian,jewish_meats,1Tim,new_testament,Bible:1Tim.4.4 Bible:1Tim.6.17,1 Tim. iv. 4; vi. 17
novatian,jewish_meats,Col,new_testament,Bible:Col.2.18-Col.2.19,"Col. ii. 18, 19"
novatian,jewish_meats,Col,new_testament,Bible:Col.2.21 Bible:Col.2.23,"Col. ii. 21, 23"
novatian,jewish_meats,1Tim,new_testament,Bible:1Tim.6.8,1 Tim. vi. 8
novatian,jewish_meats,1Tim,new_testament,Bible:1Tim.6.10,1 Tim. vi. 10
novatian,jewish_meats,1Cor,new_testament,Bible:1Cor.8.4,1 Cor. viii. 4
novatian,jewish_meats,Phil,new_testament,Bible:Phil.3.2,Phil. iii. 2
novatian,jewish_meats,Rev,new_testament,Bible:Rev.3.17,Rev. iii. 17
novatian,jewish_meats,John,new_testament,Bible:John.10.1,John x. 1
novatian,jewish_meats,John,new_testament,Bible:John.10.8,John x. 8
novatian,jewish_meats,Isa,old_testament_or_other,Bible:Isa.30.1,Isa. xxx. 1
novatian,jewish_meats,Ezek,old_testament_or_other,Bible:Ezek.44.10-Ezek.44.13,"Ezek. xliv.
10–13"
novatian,jewish_meats,Isa,old_testament_or_other,Bible:Isa.42.19,Isa. xlii. 19
novatian,jewish_meats,Num,old_testament_or_other,Bible:Num.5.2,Num. v. 2
novatian,jewish_meats,Matt,new_testament,Bible:Matt.28.19,Matt. xxviii. 19
novatian,jewish_meats,Acts,new_testament,Bible:Acts.2.33,Acts ii. 33
novatian,jewish_meats,Gen,old_testament_or_other,Bible:Gen.6.5-Gen.6.7,Gen. vi. 5–7
novatian,jewish_meats,Rev,new_testament,Bible:Rev.17.15,Rev. xvii. 15
novatian,jewish_meats,Matt,new_testament,Bible:Matt.7.26-Matt.7.27,"Matt. vii. 26, 27"
novatian,jewish_meats,Zeph,old_testament_or_other,Bible:Zeph.3.1-Zeph.3.3,"Zeph. iii. 1, 2, 3"
novatian,jewish_meats,Luke,new_testament,Bible:Luke.10.19,Luke x. 19
novatian,jewish_meats,1Cor,new_testament,Bible:1Cor.3.12,1 Cor. iii. 12
novatian,jewish_meats,Matt,new_testament,Bible:Matt.10.33,Matt. x. 33
novatian,jewish_meats,Heb,new_testament,Bible:Heb.10.30,Heb. x. 30
novatian,jewish_meats,Matt,new_testament,Bible:Matt.7.22-Matt.7.23,"Matt. vii. 22, 23"
novatian,jewish_meats,John,new_testament,Bible:John.6.67,John vi. 67
novatian,jewish_meats,Ezek,old_testament_or_other,Bible:Ezek.18.30,Ezek. xviii. 30
novatian,jewish_meats,Joel,old_testament_or_other,Bible:Joel.2.12-Joel.2.13,"Joel ii. 12, 13"
novatian,jewish_meats,Ps,old_testament_or_other,Bible:Ps.89.30,Ps. lxxxix. 30
novatian,jewish_meats,Ezek,old_testament_or_other,Bible:Ezek.36.17-Ezek.36.23,"Ezek. xxxvi.
17–23"
novatian,jewish_meats,Ezek,old_testament_or_other,Bible:Ezek.33.10-Ezek.33.11,"Ezek. xxxiii. 10,
11"
novatian,jewish_meats,Isa,old_testament_or_other,Bible:Isa.57.16,Isa. lvii. 16
novatian,jewish_meats,Jer,old_testament_or_other,Bible:Jer.10.24,Jer. x. 24
novatian,jewish_meats,Isa,old_testament_or_other,Bible:Isa.57.17,Isa. lvii. 17
novatian,jewish_meats,Isa,old_testament_or_other,Bible:Isa.57.19,Isa. lvii. 19
novatian,jewish_meats,Luke,new_testament,Bible:Luke.7.39,Luke vii. 39
novatian,jewish_meats,Exod,old_testament_or_other,Bible:Exod.9.28,Ex. ix. 28
novatian,jewish_meats,Rom,new_testament,Bible:Rom.14.4,Rom. xiv. 4
novatian,jewish_meats,Mic,old_testament_or_other,Bible:Mic.7.8-Mic.7.10,"Mic. vii.
8–10"
novatian,jewish_meats,1Sam,old_testament_or_other,Bible:1Sam.2.3-1Sam.2.8,1 Sam. ii. 3–8
novatian,jewish_meats,Jas,new_testament,Bible:Jas.4.6,Jas. iv. 6
novatian,jewish_meats,Matt,new_testament,Bible:Matt.23.12,Matt. xxiii. 12
novatian,jewish_meats,Matt,new_testament,Bible:Matt.7.2,Matt. vii. 2
novatian,jewish_meats,1John,new_testament,Bible:1John.2.11,1 John ii. 11
novatian,jewish_meats,Ezek,old_testament_or_other,Bible:Ezek.33.12,Ezek. xxxiii. 12
novatian,jewish_meats,Rev,new_testament,Bible:Rev.2.5,Rev. ii. 5
novatian,jewish_meats,Ezek,old_testament_or_other,Bible:Ezek.18.21,Ezek. xviii. 21
novatian,jewish_meats,Rev,new_testament,Bible:Rev.12.15,Rev. xii. 15
novatian,jewish_meats,1Cor,new_testament,Bible:1Cor.11.17,1 Cor. xi. 17
novatian,jewish_meats,1Cor,new_testament,Bible:1Cor.3.3,1 Cor. iii. 3
novatian,jewish_meats,1Sam,old_testament_or_other,Bible:1Sam.9.2,1 Sam. ix. 2
novatian,jewish_meats,John,new_testament,Bible:John.6.64,"John vi.
64"
novatian,jewish_meats,Zech,old_testament_or_other,Bible:Zech.11.16,Zech. xi. 16
novatian,jewish_meats,Ezek,old_testament_or_other,Bible:Ezek.34,Ezek. xxxiv
novatian,jewish_meats,Ps,old_testament_or_other,Bible:Ps.119.176,Ps. cxix. 176
novatian,jewish_meats,Luke,new_testament,Bible:Luke.15.6-Luke.15.10,"Luke xv.
6–10"
novatian,jewish_meats,Luke,new_testament,Bible:Luke.13.1-Luke.13.5,"Luke xiii.
1–5"
novatian,jewish_meats,Luke,new_testament,Bible:Luke.11.10,Luke xi. 10
novatian,jewish_meats,Ps,old_testament_or_other,Bible:Ps.51.4,Ps. li. 4
novatian,jewish_meats,Rom,new_testament,Bible:Rom.2.11,Rom. ii. 11
novatian,jewish_meats,Deut,old_testament_or_other,Bible:Deut.1.17,Deut. i. 17
novatian,jewish_meats,Ezek,old_testament_or_other,Bible:Ezek.18.4,Ezek. xviii. 4
novatian,jewish_meats,Matt,new_testament,Bible:Matt.10.28,Matt. x. 28
novatian,jewish_meats,Jude,new_testament,Bible:Jude.1.14 Bible:Jude.1.15,"Jude 14, 15"
novatian,jewish_meats,Dan,old_testament_or_other,Bible:Dan.7.9-Dan.7.10,"Dan. vii. 9, 10"
novatian,jewish_meats,Rev,new_testament,Bible:Rev.6.12-Rev.6.17,"Rev. vi.
12–17"
novatian,jewish_meats,Rev,new_testament,Bible:Rev.20.11-Rev.20.13,"Rev. xx.
11–13"
novatian,jewish_meats,Eph,new_testament,Bible:Eph.5.6-Eph.5.7,"Eph. v. 6, 7"
novatian,jewish_meats,Ezek,old_testament_or_other,Bible:Ezek.18.30-Ezek.18.32,"Ezek. xviii.
30–32"
novatian,jewish_meats,Isa,old_testament_or_other,Bible:Isa.43.25-Isa.43.26,"Isa. xliii. 25, 26"
novatian,jewish_meats,Sir,deuterocanonical,Bible:Sir.2.10-Sir.2.11,"Ecclus. ii. 10, 11"
novatian,jewish_meats,Matt,new_testament,Bible:Matt.28.19,"Matt. xxviii.
19"
novatian,jewish_meats,1Cor,new_testament,Bible:1Cor.1.10,1 Cor. i. 10
novatian,jewish_meats,Matt,new_testament,Bible:Matt.3.11,Matt. iii. 11
novatian,jewish_meats,Acts,new_testament,Bible:Acts.1.4-Acts.1.5,"Acts i. 4, 5"
novatian,jewish_meats,Acts,new_testament,Bible:Acts.11.15-Acts.11.17,"Acts xi.
15–17"
novatian,jewish_meats,Acts,new_testament,Bible:Acts.15.7-Acts.15.8,"Acts xv. 7, 8"
novatian,jewish_meats,John,new_testament,Bible:John.3.3 Bible:John.3.5,"John iii. 3, 5"
novatian,jewish_meats,John,new_testament,Bible:John.20.22,John xx. 22
novatian,jewish_meats,Acts,new_testament,Bible:Acts.10.44-Acts.10.48,"Acts x.
44–48"
novatian,jewish_meats,Acts,new_testament,Bible:Acts.15.9,Acts xv. 9
novatian,jewish_meats,Matt,new_testament,Bible:Matt.3.15,Matt. iii. 15
novatian,jewish_meats,Acts,new_testament,Bible:Acts.4.12,Acts iv. 12
novatian,jewish_meats,Mark,new_testament,Bible:Mark.14.27,Mark xiv. 27
novatian,jewish_meats,Mark,new_testament,Bible:Mark.9.30,Mark ix. 30
novatian,jewish_meats,John,new_testament,Bible:John.12.34,John xii. 34
novatian,jewish_meats,Matt,new_testament,Bible:Matt.16.22,Matt. xvi. 22
novatian,jewish_meats,Isa,old_testament_or_other,Bible:Isa.14.12,Isa. xiv. 12
novatian,jewish_meats,Matt,new_testament,Bible:Matt.26.70,Matt. xxvi. 70
novatian,jewish_meats,Rom,new_testament,Bible:Rom.1.8,"Rom. i.
8"
novatian,jewish_meats,Rom,new_testament,Bible:Rom.11.20-Rom.11.21,"Rom. xi. 20, 21"
novatian,jewish_meats,Luke,new_testament,Bible:Luke.24.20-Luke.24.21,"Luke xxiv. 20, 21"
novatian,jewish_meats,Eph,new_testament,Bible:Eph.4.5,Eph. iv. 5
novatian,jewish_meats,Matt,new_testament,Bible:Matt.10.32,Matt. x. 32
novatian,jewish_meats,Acts,new_testament,Bible:Acts.15.13-Acts.15.17,"Acts xv.
13–17"
novatian,jewish_meats,Matt,new_testament,Bible:Matt.24.4,Matt. xxiv. 4
novatian,jewish_meats,Matt,new_testament,Bible:Matt.24.23-Matt.24.24,"Matt. xxiv. 23, 24"
novatian,jewish_meats,Phil,new_testament,Bible:Phil.2.12,Phil. ii. 12
novatian,jewish_meats,1Pet,new_testament,Bible:1Pet.1.17,"1 Pet.
i. 17"
novatian,jewish_meats,2Cor,new_testament,Bible:2Cor.6.10,"2 Cor. vi.
10"
novatian,jewish_meats,1Cor,new_testament,Bible:1Cor.13.3,1 Cor. xiii. 3
novatian,jewish_meats,Matt,new_testament,Bible:Matt.22.37,Matt. xxii. 37
novatian,jewish_meats,John,new_testament,Bible:John.4.7-John.4.8,"John iv. 7, 8"
novatian,jewish_meats,John,new_testament,Bible:John.3.16,John iii. 16
novatian,jewish_meats,Luke,new_testament,Bible:Luke.12.50,Luke xii. 50
novatian,jewish_meats,Mark,new_testament,Bible:Mark.10.38,Mark x. 38
novatian,jewish_meats,John,new_testament,Bible:John.7.38,John vii. 38
novatian,jewish_meats,John,new_testament,Bible:John.7.39,John vii. 39
novatian,jewish_meats,1John,new_testament,Bible:1John.5.6,1 John v. 6
novatian,jewish_meats,Acts,new_testament,Bible:Acts.2.17-Acts.2.18,"Acts ii. 17, 18"
novatian,jewish_meats,Num,old_testament_or_other,Bible:Num.11.17,Num. xi. 17
novatian,jewish_meats,John,new_testament,Bible:John.3.5,John iii. 5
novatian,jewish_meats,Acts,new_testament,Bible:Acts.8.20-Acts.8.21,"Acts viii. 20, 21"
novatian,jewish_meats,Ps,old_testament_or_other,Bible:Ps.104.4,Ps. civ. 4
novatian,jewish_meats,John,new_testament,Bible:John.3.8,John iii. 8
novatian,jewish_meats,Matt,new_testament,Bible:Matt.9.2,Matt. ix. 2
novatian,jewish_meats,Luke,new_testament,Bible:Luke.7.48,Luke vii. 48
novatian,jewish_meats,Luke,new_testament,Bible:Luke.7.50,Luke vii. 50
novatian,jewish_meats,Luke,new_testament,Bible:Luke.3.16,Luke iii. 16
novatian,jewish_meats,1John,new_testament,Bible:1John.5.8,1 John v. 8
novatian,jewish_meats,Acts,new_testament,Bible:Acts.1.5,Acts i. 5
