author_id,work_id,book,testament_group,osis_ref,passage
hermas,pastor,Acts,new_testament,Bible:Acts.17.21,"Acts xvii.
21"
hermas,pastor,1Cor,new_testament,Bible:1Cor.14,1 Cor. xiv.
hermas,pastor,Acts,new_testament,Bible:Acts.16.16-Acts.16.19,Acts xvi. 16–19
hermas,pastor,Rom,new_testament,Bible:Rom.16.14,Rom. xvi. 14
hermas,pastor,Acts,new_testament,Bible:Acts.12.13,Acts xii. 13
hermas,pastor,Rev,new_testament,Bible:Rev.17.3,Rev. xvii. 3
hermas,pastor,Eph,new_testament,Bible:Eph.3.9-Eph.3.10,"Eph. iii. 9, 10"
hermas,pastor,Prov,old_testament_or_other,Bible:Prov.21.10,Prov. xxi. 10
hermas,pastor,Matt,new_testament,Bible:Matt.5.28,Matt. v. 28
hermas,pastor,Prov,old_testament_or_other,Bible:Prov.10.24,Prov. x. 24
hermas,pastor,Col,new_testament,Bible:Col.3.2,Col. iii. 2
hermas,pastor,Ps,old_testament_or_other,Bible:Ps.49.6,Ps. xlix. 6
hermas,pastor,Eph,new_testament,Bible:Eph.2.12,Eph. ii. 12
hermas,pastor,Job,old_testament_or_other,Bible:Job.42.8,Job xlii. 8
hermas,pastor,Mic,old_testament_or_other,Bible:Mic.6.6-Mic.6.8,"Mic. vi.  6, 7, 8"
hermas,pastor,1Sam,old_testament_or_other,Bible:1Sam.3.11 Bible:1Sam.3.14,"1 Sam. iii. 11,
14"
hermas,pastor,Neh,old_testament_or_other,Bible:Neh.9.17,Neh. ix. 17
hermas,pastor,Phil,new_testament,Bible:Phil.4.3,Phil. iv. 3
hermas,pastor,Rev,new_testament,Bible:Rev.20.15,Rev. xx. 15
hermas,pastor,Dan,old_testament_or_other,Bible:Dan.10.9,Dan. x. 9
hermas,pastor,Prov,old_testament_or_other,Bible:Prov.3.19,Prov. iii. 19
hermas,pastor,Ps,old_testament_or_other,Bible:Ps.24.2,Ps. xxiv. 2
hermas,pastor,Isa,old_testament_or_other,Bible:Isa.65.22,Isa. lxv. 22
hermas,pastor,1Cor,new_testament,Bible:1Cor.16.13,1 Cor. xvi. 13
hermas,pastor,Ezek,old_testament_or_other,Bible:Ezek.1.1,Ezek. i. 1
hermas,pastor,Ezek,old_testament_or_other,Bible:Ezek.2.9,Ezek. ii. 9
hermas,pastor,Rev,new_testament,Bible:Rev.10.4,Rev. x. 4
hermas,pastor,Jas,new_testament,Bible:Jas.3.5-Jas.3.10,Jas. iii. 5–10
hermas,pastor,Matt,new_testament,Bible:Matt.12.31,Matt. xii. 31
hermas,pastor,Gal,new_testament,Bible:Gal.2.17,Gal. ii. 17
hermas,pastor,Jas,new_testament,Bible:Jas.1.5,Jas. i. 5
hermas,pastor,Luke,new_testament,Bible:Luke.16.22,"Luke
xvi. 22"
hermas,pastor,Matt,new_testament,Bible:Matt.10.39,Matt. x. 39
hermas,pastor,Luke,new_testament,Bible:Luke.14.26,"Luke xiv.
26"
hermas,pastor,2Thess,new_testament,Bible:2Thess.2.3,2 Thess. ii. 3
hermas,pastor,Matt,new_testament,Bible:Matt.10.33,Matt. x. 33
hermas,pastor,Lev,old_testament_or_other,Bible:Lev.19.18,Lev. xix. 18
hermas,pastor,Num,old_testament_or_other,Bible:Num.11.26-Num.11.27,"Num. xi. 26,
27"
hermas,pastor,Ps,old_testament_or_other,Bible:Ps.34.9,Ps. xxxiv. 9
hermas,pastor,Acts,new_testament,Bible:Acts.3.1,Acts iii. 1
hermas,pastor,Ezek,old_testament_or_other,Bible:Ezek.1.28,Ezek. i. 28
hermas,pastor,Heb,new_testament,Bible:Heb.11.36-Heb.11.37,"Heb. xi. 36, 37"
hermas,pastor,Rev,new_testament,Bible:Rev.11.1,Rev. xi. 1
hermas,pastor,Rev,new_testament,Bible:Rev.21.16,Rev. xxi. 16
hermas,pastor,1Kgs,old_testament_or_other,Bible:1Kgs.6.7,1 Kings vi. 7
hermas,pastor,1Pet,new_testament,Bible:1Pet.2.4-1Pet.2.8,1 Pet. ii. 4–8
hermas,pastor,2Cor,new_testament,Bible:2Cor.12.1-2Cor.12.11,2 Cor. xii. 1–11
hermas,pastor,1Pet,new_testament,Bible:1Pet.3.20,1 Pet. iii. 20
hermas,pastor,Eph,new_testament,Bible:Eph.5.26,Eph. v. 26
hermas,pastor,Num,old_testament_or_other,Bible:Num.24.6-Num.24.7,"Num. xxiv. 6,
7"
hermas,pastor,2Cor,new_testament,Bible:2Cor.12.1-2Cor.12.11,2 Cor. xii. 1-11
hermas,pastor,1Cor,new_testament,Bible:1Cor.15.6 Bible:1Cor.15.18,"1 Cor. xv. 6, 18"
hermas,pastor,Phil,new_testament,Bible:Phil.2.2,Phil. ii. 2
hermas,pastor,1Thess,new_testament,Bible:1Thess.5.13,1 Thess v.  13
hermas,pastor,Heb,new_testament,Bible:Heb.6.6-Heb.6.8,Heb. vi. 6–8
hermas,pastor,Heb,new_testament,Bible:Heb.10.25,Heb. x. 25
hermas,pastor,Matt,new_testament,Bible:Matt.13.21,Matt. xiii. 21
hermas,pastor,1Cor,new_testament,Bible:1Cor.3.9-1Cor.3.15,1 Cor. iii. 9–15
hermas,pastor,Lev,old_testament_or_other,Bible:Lev.19.23,Lev. xix. 23
hermas,pastor,Luke,new_testament,Bible:Luke.11.41,Luke xi. 41
hermas,pastor,Heb,new_testament,Bible:Heb.3.12,Heb. iii. 12
hermas,pastor,John,new_testament,Bible:John.1,John i.
hermas,pastor,Heb,new_testament,Bible:Heb.11.3,Heb. xi. 3
hermas,pastor,Hos,old_testament_or_other,Bible:Hos.10.12,Hos. x. 12
hermas,pastor,Jas,new_testament,Bible:Jas.5.1-Jas.5.4,Jas. v. 1–4
hermas,pastor,Matt,new_testament,Bible:Matt.23.6,Matt. xxiii. 6
hermas,pastor,Mark,new_testament,Bible:Mark.12.39,Mark xii. 39
hermas,pastor,Luke,new_testament,Bible:Luke.11.43,Luke xi. 43
hermas,pastor,Rom,new_testament,Bible:Rom.2.21,Rom. ii. 21
hermas,pastor,1Thess,new_testament,Bible:1Thess.5.13,1 Thess. v. 13
hermas,pastor,Heb,new_testament,Bible:Heb.13.17,Heb. xiii. 17
hermas,pastor,Matt,new_testament,Bible:Matt.17.17,Matt. xvii. 17
hermas,pastor,Luke,new_testament,Bible:Luke.24.25,Luke xxiv.  25
hermas,pastor,1Pet,new_testament,Bible:1Pet.5.7,1 Pet. v. 7
hermas,pastor,Rev,new_testament,Bible:Rev.9.3,Rev. ix. 3
hermas,pastor,Rev,new_testament,Bible:Rev.11.7,Rev. xi. 7
hermas,pastor,Acts,new_testament,Bible:Acts.4.12,Acts iv. 12
hermas,pastor,Dan,old_testament_or_other,Bible:Dan.4.10 Bible:Dan.4.23,"Dan. iv. 10, 23"
hermas,pastor,Dan,old_testament_or_other,Bible:Dan.6.22,Dan. vi. 22
hermas,pastor,1Thess,new_testament,Bible:1Thess.5.20,1 Thess. v. 20
hermas,pastor,Matt,new_testament,Bible:Matt.26.24,Matt. xxvi. 24
hermas,pastor,Jas,new_testament,Bible:Jas.4.11,Jas. iv. 11
hermas,pastor,Rom,new_testament,Bible:Rom.12.8,Rom. xii. 8
hermas,pastor,Eph,new_testament,Bible:Eph.4.25 Bible:Eph.4.29,"Eph. iv. 25, 29"
hermas,pastor,Matt,new_testament,Bible:Matt.25.15,Matt. xxv. 15
hermas,pastor,1John,new_testament,Bible:1John.2.20-1John.2.27,1 John ii. 20–27
hermas,pastor,1John,new_testament,Bible:1John.3.19-1John.3.21,1 John iii. 19–21
hermas,pastor,Eph,new_testament,Bible:Eph.4.30,Eph. iv. 30
hermas,pastor,Matt,new_testament,Bible:Matt.5.32,Matt. v. 32
hermas,pastor,2Thess,new_testament,Bible:2Thess.3.14,2 Thess. iii. 14
hermas,pastor,2John,new_testament,Bible:2John.1.11,2 John 11
hermas,pastor,2Thess,new_testament,Bible:2Thess.3.14,"2
Thess. iii. 14"
hermas,pastor,Matt,new_testament,Bible:Matt.19.17,Matt. xix. 17
hermas,pastor,Heb,new_testament,Bible:Heb.10.26-Heb.10.27,"Heb. x. 26, 27"
hermas,pastor,1John,new_testament,Bible:1John.3.9,1 John iii. 9
hermas,pastor,1Cor,new_testament,Bible:1Cor.7.39,1 Cor. vii. 39
hermas,pastor,Rom,new_testament,Bible:Rom.7.3,Rom. vii. 3
hermas,pastor,Eph,new_testament,Bible:Eph.4.26-Eph.4.27,"Eph. iv.  26, 27"
hermas,pastor,Jas,new_testament,Bible:Jas.3.11,Jas iii. 11
hermas,pastor,Mal,old_testament_or_other,Bible:Mal.3.1,Mal. iii. 1
hermas,pastor,Matt,new_testament,Bible:Matt.12.45,Matt. xii. 45
hermas,pastor,Luke,new_testament,Bible:Luke.11.26,Luke xi. 26
hermas,pastor,Tob,deuterocanonical,Bible:Tob.3.8 Bible:Tob.3.17,"Tob. iii. 8, 17"
hermas,pastor,1Cor,new_testament,Bible:1Cor.7.35,1 Cor. vii. 35
hermas,pastor,Eccl,old_testament_or_other,Bible:Eccl.12.13,Eccles. xii. 13
hermas,pastor,Prov,old_testament_or_other,Bible:Prov.28.14,Prov. xxviii. 14
hermas,pastor,1John,new_testament,Bible:1John.4.18,1 John iv. 18
hermas,pastor,Jas,new_testament,Bible:Jas.4.7,Jas. iv. 7
hermas,pastor,Sir,deuterocanonical,Bible:Sir.33.15,Ecclus. xxxiii. 15
hermas,pastor,Eccl,old_testament_or_other,Bible:Eccl.7.14,Eccles. vii.  14
hermas,pastor,Gal,new_testament,Bible:Gal.5.10 Bible:Gal.5.21,"Gal. v. 10, 21"
hermas,pastor,1Pet,new_testament,Bible:1Pet.4.3,1 Pet. iv. 3
hermas,pastor,1Pet,new_testament,Bible:1Pet.4.9,1 Pet. iv. 9
hermas,pastor,Jas,new_testament,Bible:Jas.1.6-Jas.1.8,Jas. i. 6–8
hermas,pastor,Luke,new_testament,Bible:Luke.8.14,"Luke
viii. 14"
hermas,pastor,2Cor,new_testament,Bible:2Cor.7.10,"2
Cor. vii. 10"
hermas,pastor,Matt,new_testament,Bible:Matt.6.16-Matt.6.17,"Matt. vi. 16, 17"
hermas,pastor,Isa,old_testament_or_other,Bible:Isa.58.5,Is. lviii. 5
hermas,pastor,2Cor,new_testament,Bible:2Cor.6.10,2 Cor. vi. 10
hermas,pastor,John,new_testament,Bible:John.16.33,John xvi. 33
hermas,pastor,1Cor,new_testament,Bible:1Cor.2.11-1Cor.2.12,"1 Cor. ii. 11, 12"
hermas,pastor,Heb,new_testament,Bible:Heb.5.14,Heb. v. 14
hermas,pastor,1Cor,new_testament,Bible:1Cor.14.32 Bible:1Cor.14.37,"1 Cor. xiv. 32,
37"
hermas,pastor,Isa,old_testament_or_other,Bible:Isa.29.13,Isa. xxix. 13
hermas,pastor,Matt,new_testament,Bible:Matt.15.8,Matt. xv. 8
hermas,pastor,John,new_testament,Bible:John.12.40,"John
xii. 40"
hermas,pastor,2Cor,new_testament,Bible:2Cor.3.14,2 Cor. iii. 14
hermas,pastor,Jas,new_testament,Bible:Jas.2.19,Jas. ii. 19
hermas,pastor,Eph,new_testament,Bible:Eph.4.27,Eph. iv. 27
hermas,pastor,Matt,new_testament,Bible:Matt.10.28,Matt. x. 28
hermas,pastor,Luke,new_testament,Bible:Luke.12.5,Luke xii. 5
hermas,pastor,Heb,new_testament,Bible:Heb.9.24 Bible:Heb.9.1,"Heb. ix. 24, 1"
hermas,pastor,Heb,new_testament,Bible:Heb.13.14,Heb. xiii. 14
hermas,pastor,Phil,new_testament,Bible:Phil.3.20,Phil. iii. 20
hermas,pastor,Jas,new_testament,Bible:Jas.1.27,Jas. i. 27
hermas,pastor,Luke,new_testament,Bible:Luke.19.15,Luke xix. 15
hermas,pastor,Luke,new_testament,Bible:Luke.12.33,Luke xii. 33
hermas,pastor,Jas,new_testament,Bible:Jas.1.9-Jas.1.11,Jas. i. 9–11
hermas,pastor,Luke,new_testament,Bible:Luke.12.42,Luke xii. 42
hermas,pastor,Matt,new_testament,Bible:Matt.13.29,Matt. xiii. 29
hermas,pastor,Rom,new_testament,Bible:Rom.8.22-Rom.8.24,Rom. viii. 22–24
hermas,pastor,1Cor,new_testament,Bible:1Cor.7.30-1Cor.7.35,1 Cor. vii. 30–35
hermas,pastor,Rom,new_testament,Bible:Rom.12.11,Rom. xii. 11
hermas,pastor,1Cor,new_testament,Bible:1Cor.7.25-1Cor.7.28,1 Cor. vii. 25–28
hermas,pastor,Matt,new_testament,Bible:Matt.19.12,Matt. xix. 12
hermas,pastor,Isa,old_testament_or_other,Bible:Isa.58.5-Isa.58.8,Isa. lviii. 5–8
hermas,pastor,2Cor,new_testament,Bible:2Cor.6.5,2 Cor. vi. 5
hermas,pastor,Matt,new_testament,Bible:Matt.13.11,Matt. xiii. 11
hermas,pastor,Luke,new_testament,Bible:Luke.22.43,Luke. xxii. 43
hermas,pastor,Phil,new_testament,Bible:Phil.2.7,Phil. ii. 7
hermas,pastor,Heb,new_testament,Bible:Heb.1.3,Heb. i. 3
hermas,pastor,Ps,old_testament_or_other,Bible:Ps.16.11,Ps. xvi. 11
hermas,pastor,1Cor,new_testament,Bible:1Cor.3.16-1Cor.3.17,"1
Cor. iii. 16, 17"
hermas,pastor,Acts,new_testament,Bible:Acts.17.30,Acts xvii. 30
hermas,pastor,Rev,new_testament,Bible:Rev.3.1-Rev.3.5,Rev. iii.  1–5
hermas,pastor,Heb,new_testament,Bible:Heb.6.4-Heb.6.6,Heb. vi. 4–6
hermas,pastor,Rev,new_testament,Bible:Rev.3.1,Rev. iii. 1
hermas,pastor,1John,new_testament,Bible:1John.3.14-1John.3.15,"1 John iii. 14, 15"
hermas,pastor,1Tim,new_testament,Bible:1Tim.1.20,1 Tim. i. 20
hermas,pastor,1Cor,new_testament,Bible:1Cor.5.5,"1
Cor. v. 5"
hermas,pastor,Heb,new_testament,Bible:Heb.11.25,Heb. xi. 25
hermas,pastor,Rom,new_testament,Bible:Rom.2.5,Rom. ii. 5
hermas,pastor,Ps,old_testament_or_other,Bible:Ps.4.6-Ps.4.7,"Ps. iv. 6,
7"
hermas,pastor,Mal,old_testament_or_other,Bible:Mal.3.3,Mal. iii. 3
hermas,pastor,Isa,old_testament_or_other,Bible:Isa.1.22,Isa. i. 22
hermas,pastor,Ps,old_testament_or_other,Bible:Ps.26.2,Ps.  xxvi. 2
hermas,pastor,1Cor,new_testament,Bible:1Cor.10.13,1 Cor. x. 13
hermas,pastor,Jas,new_testament,Bible:Jas.1.2,Jas. i. 2
hermas,pastor,Num,old_testament_or_other,Bible:Num.17.8,Num. xvii. 8
hermas,pastor,Isa,old_testament_or_other,Bible:Isa.44.4,Isa. xliv. 4
hermas,pastor,Ezek,old_testament_or_other,Bible:Ezek.17.5-Ezek.17.6,"Ezek. xvii. 5, 6"
hermas,pastor,2Esd,deuterocanonical,Bible:2Esd.2.43,"2 Esdras
ii. 43"
hermas,pastor,Eph,new_testament,Bible:Eph.1.13,Eph. i. 13
hermas,pastor,Rev,new_testament,Bible:Rev.19.8,Rev. xix. 8
hermas,pastor,Rev,new_testament,Bible:Rev.8.3,Rev. viii. 3
hermas,pastor,Num,old_testament_or_other,Bible:Num.17.7,Num. xvii. 7
hermas,pastor,Ezek,old_testament_or_other,Bible:Ezek.39.29,Ezek. xxxix. 29
hermas,pastor,Rom,new_testament,Bible:Rom.11.16,Rom. xi. 16
hermas,pastor,Matt,new_testament,Bible:Matt.13.32,Matt. xiii. 32
hermas,pastor,Dan,old_testament_or_other,Bible:Dan.10.21,Dan. x. 21
hermas,pastor,Rev,new_testament,Bible:Rev.12.7,Rev. xii. 7
hermas,pastor,Jas,new_testament,Bible:Jas.2.7,Jas. ii. 7
hermas,pastor,Heb,new_testament,Bible:Heb.10.39,Heb. x. 39
hermas,pastor,Matt,new_testament,Bible:Matt.20.23,Matt. xx. 23
hermas,pastor,Luke,new_testament,Bible:Luke.22.24,"Luke
xxii. 24"
hermas,pastor,Jas,new_testament,Bible:Jas.3.16,Jas. iii. 16
hermas,pastor,Jas,new_testament,Bible:Jas.2.26,Jas. ii. 26
hermas,pastor,1Tim,new_testament,Bible:1Tim.5.6,1 Tim. v. 6
hermas,pastor,Matt,new_testament,Bible:Matt.10.40-Matt.10.42,Matt. x. 40–42
hermas,pastor,Isa,old_testament_or_other,Bible:Isa.5.1,Isa. v. 1
hermas,pastor,Gen,old_testament_or_other,Bible:Gen.3.24,Gen. iii. 24
hermas,pastor,Rev,new_testament,Bible:Rev.21.11,Rev. xxi. 11
hermas,pastor,2Esd,deuterocanonical,Bible:2Esd.2.43,2 Esdras ii. 43
hermas,pastor,Mark,new_testament,Bible:Mark.13.36,Mark xiii. 36
hermas,pastor,Matt,new_testament,Bible:Matt.24.46-Matt.24.51,Matt. xxiv. 46–51
hermas,pastor,Col,new_testament,Bible:Col.1.15-Col.1.16,"Col. i. 15,
16"
hermas,pastor,1Pet,new_testament,Bible:1Pet.1.20,1 Pet. i. 20
hermas,pastor,Exod,old_testament_or_other,Bible:Exod.28.12 Bible:Exod.28.29,"Ex. xxviii. 12, 29"
hermas,pastor,Isa,old_testament_or_other,Bible:Isa.28.16,Isa. xxviii. 16
hermas,pastor,1Cor,new_testament,Bible:1Cor.3.11,1 Cor. iii. 11
hermas,pastor,Eph,new_testament,Bible:Eph.2.20,Eph. ii. 20
hermas,pastor,Rev,new_testament,Bible:Rev.21.14,Rev xxi. 14
hermas,pastor,1John,new_testament,Bible:1John.5.11-1John.5.12,"1 John v. 11, 12"
hermas,pastor,Rev,new_testament,Bible:Rev.7.4,Rev. vii. 4
hermas,pastor,Rom,new_testament,Bible:Rom.10.17,Rom. x. 17
hermas,pastor,Rev,new_testament,Bible:Rev.14.4,Rev. xiv. 4
hermas,pastor,Luke,new_testament,Bible:Luke.12.47-Luke.12.48,"Luke xii. 47, 48"
hermas,pastor,Eph,new_testament,Bible:Eph.5.27,Eph. v. 27
hermas,pastor,Matt,new_testament,Bible:Matt.13.5,Matt. xiii. 5
hermas,pastor,Matt,new_testament,Bible:Matt.19.23-Matt.19.24,"Matt. xix. 23, 24"
hermas,pastor,Mark,new_testament,Bible:Mark.10.23,Mark x. 23
hermas,pastor,Jas,new_testament,Bible:Jas.4.12,Jas. iv. 12
hermas,pastor,Matt,new_testament,Bible:Matt.18.33,Matt. xviii. 33
hermas,pastor,Sir,deuterocanonical,Bible:Sir.20.15,Ecclus. xx. 15
hermas,pastor,Jas,new_testament,Bible:Jas.1.5,Jas. i.  5
hermas,pastor,1Pet,new_testament,Bible:1Pet.1.10-1Pet.1.12,1 Pet. i.  10–12
hermas,pastor,Acts,new_testament,Bible:Acts.6.1,Acts vi. 1
hermas,pastor,Ezek,old_testament_or_other,Bible:Ezek.34.3,Ezek. xxxiv. 3
hermas,pastor,1Cor,new_testament,Bible:1Cor.7.38,1 Cor. vii. 38
hermas,pastor,Rev,new_testament,Bible:Rev.3.4-Rev.3.5,"Rev. iii. 4,
5"
hermas,pastor,Rev,new_testament,Bible:Rev.7.14,Rev. vii. 14
hermas,pastor,1Cor,new_testament,Bible:1Cor.15.41,1 Cor. xv. 41
hermas,pastor,Matt,new_testament,Bible:Matt.20.21-Matt.20.23,Matt. xx. 21–23
hermas,pastor,1Cor,new_testament,Bible:1Cor.3.13-1Cor.3.15,1 Cor. iii. 13–15
hermas,pastor,Matt,new_testament,Bible:Matt.18.3,Matt. xviii. 3
hermas,pastor,Mark,new_testament,Bible:Mark.9.36,Mark ix. 36
hermas,pastor,Jer,old_testament_or_other,Bible:Jer.13.20,Jer. xiii. 20
hermas,pastor,Zech,old_testament_or_other,Bible:Zech.11.15-Zech.11.17,Zech. xi.  15–17
hermas,pastor,Jas,new_testament,Bible:Jas.5.9,Jas. v. 9
hermas,pastor,Matt,new_testament,Bible:Matt.5.23-Matt.5.24,"Matt. v. 23,
24"
hermas,pastor,1Pet,new_testament,Bible:1Pet.1.22,1 Pet. i. 22
hermas,pastor,Jas,new_testament,Bible:Jas.5.19-Jas.5.20,"Jas. v. 19, 20"
hermas,pastor,Acts,new_testament,Bible:Acts.14.12,Acts xiv.  12
tatian,greeks,Phlm,new_testament,Bible:Phlm.1.9,Philem. 9
tatian,greeks,Matt,new_testament,Bible:Matt.10.22-Matt.10.39,Matt. x. 22–39
tatian,greeks,1Pet,new_testament,Bible:1Pet.2.17,1 Pet. ii. 17
tatian,greeks,John,new_testament,Bible:John.4.24,John iv. 24
tatian,greeks,1Cor,new_testament,Bible:1Cor.15.44,1 Cor. xv. 44
tatian,greeks,Rom,new_testament,Bible:Rom.1.20,Rom. i. 20
tatian,greeks,Gen,old_testament_or_other,Bible:Gen.1.1,Gen. i. 1
tatian,greeks,Gen,old_testament_or_other,Bible:Gen.3.1,Gen. iii. 1
tatian,greeks,John,new_testament,Bible:John.1.5,John. i. 5
tatian,greeks,1Cor,new_testament,Bible:1Cor.2.14-1Cor.2.15,"1
Cor. ii. 14, 15"
tatian,greeks,Ps,old_testament_or_other,Bible:Ps.8.5,Ps. viii. 5
tatian,greeks,Eph,new_testament,Bible:Eph.6.13-Eph.6.14 Bible:Eph.6.17,"Eph. vi. 13, 14, 17"
tatian,greeks,John,new_testament,Bible:John.1.3,John i. 3
tatian,greeks,Rev,new_testament,Bible:Rev.7.7,Rev. vii. 7
tatian,greeks,1Cor,new_testament,Bible:1Cor.10.16,1 Cor. x. 16
tatian,greeks,Titus,new_testament,Bible:Titus.1.12,Tit. i. 12
tatian,greeks,Ps,old_testament_or_other,Bible:Ps.19.96,Ps. cxix. 96
tatian,greeks,Matt,new_testament,Bible:Matt.13.44,Matt. xiii. 44
tatian,greeks,Rom,new_testament,Bible:Rom.1.28,Rom. i. 28
tatian,greeks,1Cor,new_testament,Bible:1Cor.7.5,1 Cor. 7:5
theophilus,autolycus_i,Acts,new_testament,Bible:Acts.20.29-Acts.20.31,Acts xx. 29–31
theophilus,autolycus_i,Acts,new_testament,Bible:Acts.13.1,Acts xiii. 1
theophilus,autolycus_i,Acts,new_testament,Bible:Acts.11.26,Acts xi. 26
theophilus,autolycus_i,Job,old_testament_or_other,Bible:Job.9.9,Job ix. 9
theophilus,autolycus_i,Ps,old_testament_or_other,Bible:Ps.35.7,Ps. cxxxv. 7
theophilus,autolycus_i,Ps,old_testament_or_other,Bible:Ps.33.6,Ps. xxxiii. 6
theophilus,autolycus_i,Prov,old_testament_or_other,Bible:Prov.24.21-Prov.24.22,"Prov. xxiv. 21, 22"
theophilus,autolycus_i,Acts,new_testament,Bible:Acts.8.17,Acts viii. 17
theophilus,autolycus_i,Heb,new_testament,Bible:Heb.6.2,Heb. vi. 2
theophilus,autolycus_i,1John,new_testament,Bible:1John.2.20,1 John ii. 20
theophilus,autolycus_i,Ps,old_testament_or_other,Bible:Ps.19.130,Ps. cxix. 130
theophilus,autolycus_i,John,new_testament,Bible:John.6.63,John vi. 63
theophilus,autolycus_i,Rev,new_testament,Bible:Rev.19.10,Rev. xix. 10
theophilus,autolycus_i,Rom,new_testament,Bible:Rom.2.7,Rom. ii. 7
theophilus,autolycus_i,1Cor,new_testament,Bible:1Cor.2.9,1 Cor. ii. 9
theophilus,autolycus_i,Rom,new_testament,Bible:Rom.2.8-Rom.2.9,"Rom. ii. 8, 9"
theophilus,autolycus_ii,Ps,old_testament_or_other,Bible:Ps.45.1,Ps. xlv. 1
theophilus,autolycus_ii,Ps,old_testament_or_other,Bible:Ps.45,Ps. xlv.
theophilus,autolycus_ii,Prov,old_testament_or_other,Bible:Prov.8.27,Prov. viii. 27
theophilus,autolycus_ii,Gen,old_testament_or_other,Bible:Gen.1.1,Gen. i. 1
theophilus,autolycus_ii,Luke,new_testament,Bible:Luke.18.27,"Luke
xviii. 27"
theophilus,autolycus_ii,Isa,old_testament_or_other,Bible:Isa.40.22,Isa. xl. 22
theophilus,autolycus_ii,Rom,new_testament,Bible:Rom.8.22,Rom. viii. 22
theophilus,autolycus_ii,Gen,old_testament_or_other,Bible:Gen.2.4-Gen.2.5,"Gen. ii. 4, 5"
theophilus,autolycus_ii,Gen,old_testament_or_other,Bible:Gen.2.7,Gen. ii. 7
theophilus,autolycus_ii,Gen,old_testament_or_other,Bible:Gen.2.8,Gen. ii. 8
theophilus,autolycus_ii,John,new_testament,Bible:John.1.1,John i. 1
theophilus,autolycus_ii,Gen,old_testament_or_other,Bible:Gen.2.24,Gen. ii. 24
theophilus,autolycus_ii,Gen,old_testament_or_other,Bible:Gen.4.1-Gen.4.2,"Gen. iv. 1, 2"
theophilus,autolycus_ii,Heb,new_testament,Bible:Heb.7.1-Heb.7.3,Heb. vii. 1–3
theophilus,autolycus_ii,Josh,old_testament_or_other,Bible:Josh.5.13-Josh.5.15,Josh. v. 13–15
theophilus,autolycus_ii,Prov,old_testament_or_other,Bible:Prov.4.25,Prov. iv. 25
theophilus,autolycus_ii,Deut,old_testament_or_other,Bible:Deut.4.19,Deut. iv. 19
theophilus,autolycus_ii,Isa,old_testament_or_other,Bible:Isa.42.5,Isa. xlii. 5
theophilus,autolycus_ii,Isa,old_testament_or_other,Bible:Isa.45.12,Isa. xlv. 12
theophilus,autolycus_ii,Isa,old_testament_or_other,Bible:Isa.40.28,Isa. xl. 28
theophilus,autolycus_ii,Jer,old_testament_or_other,Bible:Jer.10.12-Jer.10.13,"Jer. x. 12, 13"
theophilus,autolycus_ii,Jer,old_testament_or_other,Bible:Jer.51.17-Jer.51.18,"Jer. li. 17, 18"
theophilus,autolycus_ii,Ps,old_testament_or_other,Bible:Ps.14.1 Bible:Ps.14.3,"Ps. xiv. 1, 3"
theophilus,autolycus_ii,Hab,old_testament_or_other,Bible:Hab.2.18,Hab. ii. 18
theophilus,autolycus_ii,Mal,old_testament_or_other,Bible:Mal.4.1,Mal. iv. 1
theophilus,autolycus_ii,Isa,old_testament_or_other,Bible:Isa.30.30,Isa. xxx. 30
theophilus,autolycus_ii,Prov,old_testament_or_other,Bible:Prov.3.8,Prov. iii. 8
theophilus,autolycus_ii,Ps,old_testament_or_other,Bible:Ps.51.8,Ps. li. 8
theophilus,autolycus_ii,Hos,old_testament_or_other,Bible:Hos.14.9,Hos. xiv. 9
theophilus,autolycus_iii,Exod,old_testament_or_other,Bible:Exod.20.3,Ex. xx. 3
theophilus,autolycus_iii,Exod,old_testament_or_other,Bible:Exod.23.6,Ex. xxiii. 6
theophilus,autolycus_iii,Exod,old_testament_or_other,Bible:Exod.22.21,Ex. xxii. 21
theophilus,autolycus_iii,Isa,old_testament_or_other,Bible:Isa.55.6,Isa. lv. 6
theophilus,autolycus_iii,Ezek,old_testament_or_other,Bible:Ezek.18.21,Ezek. xviii. 21
theophilus,autolycus_iii,Isa,old_testament_or_other,Bible:Isa.31.6,Isa. xxxi. 6
theophilus,autolycus_iii,Jer,old_testament_or_other,Bible:Jer.6.9,Jer. vi. 9
theophilus,autolycus_iii,Isa,old_testament_or_other,Bible:Isa.1.16-Isa.1.17,"Isa. i. 16, 17"
theophilus,autolycus_iii,Isa,old_testament_or_other,Bible:Isa.58.6,Isa. lviii. 6
theophilus,autolycus_iii,Jer,old_testament_or_other,Bible:Jer.6.16,Jer. vi. 16
theophilus,autolycus_iii,Hos,old_testament_or_other,Bible:Hos.12.6,Hos. xii. 6
theophilus,autolycus_iii,Joel,old_testament_or_other,Bible:Joel.2.16,"Joel
ii. 16"
theophilus,autolycus_iii,Zech,old_testament_or_other,Bible:Zech.7.9-Zech.7.10,"Zech. vii. 9, 10"
theophilus,autolycus_iii,Prov,old_testament_or_other,Bible:Prov.4.25,Prov. iv. 25
theophilus,autolycus_iii,Matt,new_testament,Bible:Matt.5.28,Matt. v. 28
theophilus,autolycus_iii,Matt,new_testament,Bible:Matt.5.32,Matt. v. 32
theophilus,autolycus_iii,Prov,old_testament_or_other,Bible:Prov.6.27-Prov.6.29,Prov. vi. 27–29
theophilus,autolycus_iii,Isa,old_testament_or_other,Bible:Isa.66.5,Isa. lxvi. 5
theophilus,autolycus_iii,Matt,new_testament,Bible:Matt.5.44 Bible:Matt.5.46,"Matt. v. 44, 46"
theophilus,autolycus_iii,Matt,new_testament,Bible:Matt.6.3,Matt. vi. 3
theophilus,autolycus_iii,1Tim,new_testament,Bible:1Tim.2.2,1 Tim. ii. 2
theophilus,autolycus_iii,Rom,new_testament,Bible:Rom.13.7-Rom.13.8,"Rom. xiii. 7, 8"
theophilus,autolycus_iii,2Cor,new_testament,Bible:2Cor.1.22,2 Cor. i. 22
theophilus,autolycus_iii,Eph,new_testament,Bible:Eph.1,Eph. 1
athenagoras,plea_for_christians,Isa,old_testament_or_other,Bible:Isa.41.4,Isa. xli. 4
athenagoras,plea_for_christians,Exod,old_testament_or_other,Bible:Exod.20.2-Exod.20.3,"Ex. xx. 2, 3"
athenagoras,plea_for_christians,Isa,old_testament_or_other,Bible:Isa.44.6,Isa. xliv. 6
athenagoras,plea_for_christians,Isa,old_testament_or_other,Bible:Isa.43.10-Isa.43.11,"Isa. xliii. 10, 11"
athenagoras,plea_for_christians,Isa,old_testament_or_other,Bible:Isa.66.1,Isa. lxvi. 1
athenagoras,plea_for_christians,Prov,old_testament_or_other,Bible:Prov.8.22,Prov. viii. 22
athenagoras,plea_for_christians,Heb,new_testament,Bible:Heb.1.14,Heb. i. 14
athenagoras,plea_for_christians,Col,new_testament,Bible:Col.2.4 Bible:Col.2.18,"Col. ii. 4, 18"
athenagoras,plea_for_christians,Luke,new_testament,Bible:Luke.6.27-Luke.6.28,"Luke vi. 27, 28"
athenagoras,plea_for_christians,Matt,new_testament,Bible:Matt.5.44-Matt.5.45,"Matt. v. 44, 45"
athenagoras,plea_for_christians,Luke,new_testament,Bible:Luke.6.32 Bible:Luke.6.34,"Luke
vi. 32, 34"
athenagoras,plea_for_christians,Matt,new_testament,Bible:Matt.5.46,Matt. v. 46
athenagoras,plea_for_christians,Rom,new_testament,Bible:Rom.12.1,Rom. xii. 1
athenagoras,plea_for_christians,Mal,old_testament_or_other,Bible:Mal.1,Mal. i.
athenagoras,plea_for_christians,Lev,old_testament_or_other,Bible:Lev.2.1,Lev. ii. 1
athenagoras,plea_for_christians,Prov,old_testament_or_other,Bible:Prov.21.1,Prov. xxi. 1
athenagoras,plea_for_christians,Gen,old_testament_or_other,Bible:Gen.6.1-Gen.6.4,Gen. vi. 1–4
athenagoras,plea_for_christians,Titus,new_testament,Bible:Titus.1.12,Tit. i. 12
athenagoras,plea_for_christians,1Cor,new_testament,Bible:1Cor.15.44,1 Cor. xv. 44
athenagoras,plea_for_christians,Matt,new_testament,Bible:Matt.5.28,Matt. v. 28
athenagoras,plea_for_christians,Matt,new_testament,Bible:Matt.22.39,Matt. xxii. 39
athenagoras,plea_for_christians,Matt,new_testament,Bible:Matt.19.12,Matt. xix.  12
athenagoras,plea_for_christians,1Tim,new_testament,Bible:1Tim.5.9,1 Tim. v. 9
athenagoras,plea_for_christians,1Tim,new_testament,Bible:1Tim.3.2,1 Tim. iii. 2
athenagoras,plea_for_christians,Matt,new_testament,Bible:Matt.19.9,Matt. xix. 9
athenagoras,plea_for_christians,1Cor,new_testament,Bible:1Cor.15.38,1 Cor. xv. 38
athenagoras,plea_for_christians,1Tim,new_testament,Bible:1Tim.2.1-1Tim.2.2,"1 Tim. ii. 1,
2"
athenagoras,treatise,Job,old_testament_or_other,Bible:Job.19.25,Job xix. 25
athenagoras,treatise,1Cor,new_testament,Bible:1Cor.15.54,1 Cor. xv. 54
clement_alex,exhortation,Isa,old_testament_or_other,Bible:Isa.2.3,Isa. ii. 3
clement_alex,exhortation,Ps,old_testament_or_other,Bible:Ps.96.1,Ps. xcvi. 1
clement_alex,exhortation,Matt,new_testament,Bible:Matt.3.9,Matt. iii. 9
clement_alex,exhortation,Luke,new_testament,Bible:Luke.3.8,Luke iii. 8
clement_alex,exhortation,Matt,new_testament,Bible:Matt.3.7,Matt. iii. 7
clement_alex,exhortation,Luke,new_testament,Bible:Luke.3.7,Luke iii. 7
clement_alex,exhortation,Titus,new_testament,Bible:Titus.3.3-Titus.3.5,Tit. iii. 3–5
clement_alex,exhortation,Ps,old_testament_or_other,Bible:Ps.10.3,Ps. cx. 3
clement_alex,exhortation,John,new_testament,Bible:John.1.1,John i. 1
clement_alex,exhortation,Titus,new_testament,Bible:Titus.2.11-Titus.2.13,Tit. ii. 11–13
clement_alex,exhortation,Isa,old_testament_or_other,Bible:Isa.42.10,Isa. xlii. 10
clement_alex,exhortation,Eph,new_testament,Bible:Eph.2.2,Eph. ii. 2
clement_alex,exhortation,Phil,new_testament,Bible:Phil.2.6-Phil.2.7,"Phil. ii. 6, 7"
clement_alex,exhortation,John,new_testament,Bible:John.1.23,John i. 23
clement_alex,exhortation,Isa,old_testament_or_other,Bible:Isa.40.3,Isa. xl. 3
clement_alex,exhortation,Isa,old_testament_or_other,Bible:Isa.54.1,Isa. liv. 1
clement_alex,exhortation,John,new_testament,Bible:John.10.9,John x. 9
clement_alex,exhortation,Matt,new_testament,Bible:Matt.11.27,Matt. xi. 27
clement_alex,exhortation,Eph,new_testament,Bible:Eph.2.12,Eph. ii. 12
clement_alex,exhortation,Eph,new_testament,Bible:Eph.2.3-Eph.2.5,Eph. ii. 3–5
clement_alex,exhortation,Exod,old_testament_or_other,Bible:Exod.20.4,Ex. xx. 4
clement_alex,exhortation,Ps,old_testament_or_other,Bible:Ps.96.5,Ps. xcvi. 5
clement_alex,exhortation,Ps,old_testament_or_other,Bible:Ps.33.6,Ps. xxxiii. 6
clement_alex,exhortation,Ps,old_testament_or_other,Bible:Ps.8.3,Ps. viii. 3
clement_alex,exhortation,Gal,new_testament,Bible:Gal.4.9,Gal. iv. 9
clement_alex,exhortation,Deut,old_testament_or_other,Bible:Deut.25.13 Bible:Deut.25.15,"Deut. xxv. 13,
15"
clement_alex,exhortation,Jer,old_testament_or_other,Bible:Jer.23.23,Jer. xxiii. 23
clement_alex,exhortation,Isa,old_testament_or_other,Bible:Isa.40.12,Isa. xl. 12
clement_alex,exhortation,Isa,old_testament_or_other,Bible:Isa.64.1-Isa.64.2,"Isa. lxiv. 1, 2"
clement_alex,exhortation,Isa,old_testament_or_other,Bible:Isa.66.1,Isa. lxvi. 1
clement_alex,exhortation,Jer,old_testament_or_other,Bible:Jer.8.2,Jer. viii. 2
clement_alex,exhortation,Deut,old_testament_or_other,Bible:Deut.32.39,Deut. xxxii. 39
clement_alex,exhortation,Amos,old_testament_or_other,Bible:Amos.4.13,Amos iv. 13
clement_alex,exhortation,Isa,old_testament_or_other,Bible:Isa.45.19-Isa.45.20,"Isa. xlv. 19, 20"
clement_alex,exhortation,Isa,old_testament_or_other,Bible:Isa.45.21-Isa.45.23,Isa. xlv. 21–23
clement_alex,exhortation,Isa,old_testament_or_other,Bible:Isa.40.18-Isa.40.19,"Isa. xl. 18, 19"
clement_alex,exhortation,Isa,old_testament_or_other,Bible:Isa.10.10-Isa.10.11,"Isa. x. 10, 11"
clement_alex,exhortation,Isa,old_testament_or_other,Bible:Isa.10.14,Isa. x. 14
clement_alex,exhortation,Prov,old_testament_or_other,Bible:Prov.8.22,Prov. viii. 22
clement_alex,exhortation,Prov,old_testament_or_other,Bible:Prov.2.6,Prov. ii. 6
clement_alex,exhortation,Prov,old_testament_or_other,Bible:Prov.6.9,Prov. vi. 9
clement_alex,exhortation,Prov,old_testament_or_other,Bible:Prov.6.11,Prov. vi. 11
clement_alex,exhortation,Prov,old_testament_or_other,Bible:Prov.6.23,Prov. vi. 23
clement_alex,exhortation,Jer,old_testament_or_other,Bible:Jer.10.12,Jer. x. 12
clement_alex,exhortation,Deut,old_testament_or_other,Bible:Deut.6.4 Bible:Deut.6.13,"Deut. vi. 4, 13"
clement_alex,exhortation,Ps,old_testament_or_other,Bible:Ps.2.10 Bible:Ps.2.12,"Ps. ii. 10,
12"
clement_alex,exhortation,Ps,old_testament_or_other,Bible:Ps.4.2,Ps. iv. 2
clement_alex,exhortation,Rom,new_testament,Bible:Rom.1.21 Bible:Rom.1.23 Bible:Rom.1.25,"Rom. i. 21, 23, 25"
clement_alex,exhortation,Gen,old_testament_or_other,Bible:Gen.1.1,Gen. i. 1
clement_alex,exhortation,Isa,old_testament_or_other,Bible:Isa.13.10,Isa. xiii. 10
clement_alex,exhortation,Ezek,old_testament_or_other,Bible:Ezek.32.7,Ezek. xxxii. 7
clement_alex,exhortation,Joel,old_testament_or_other,Bible:Joel.2.10 Bible:Joel.2.31,"Joel ii. 10, 31"
clement_alex,exhortation,Matt,new_testament,Bible:Matt.5.18,Matt. v. 18
clement_alex,exhortation,Prov,old_testament_or_other,Bible:Prov.3.11,Prov. iii. 11
clement_alex,exhortation,Heb,new_testament,Bible:Heb.12.21,Heb. xii. 21
clement_alex,exhortation,Matt,new_testament,Bible:Matt.25.41 Bible:Matt.25.46,"Matt. xxv. 41,
46"
clement_alex,exhortation,Eph,new_testament,Bible:Eph.4.17-Eph.4.19,Eph. iv. 17–19
clement_alex,exhortation,Eph,new_testament,Bible:Eph.5.14,Eph. v. 14
clement_alex,exhortation,Ps,old_testament_or_other,Bible:Ps.95.8-Ps.95.9,"Ps. xcv. 8, 9"
clement_alex,exhortation,Ps,old_testament_or_other,Bible:Ps.95.9-Ps.95.11,Ps. xcv. 9–11
clement_alex,exhortation,Ps,old_testament_or_other,Bible:Ps.95.7,Ps. xcv. 7
clement_alex,exhortation,1Tim,new_testament,Bible:1Tim.4.8,1 Tim. iv. 8
clement_alex,exhortation,1Tim,new_testament,Bible:1Tim.4.10,"1
Tim. iv. 10"
clement_alex,exhortation,2Tim,new_testament,Bible:2Tim.3.15,2 Tim. iii. 15
clement_alex,exhortation,2Tim,new_testament,Bible:2Tim.3.16-2Tim.3.17,"2 Tim. iii. 16, 17"
clement_alex,exhortation,Matt,new_testament,Bible:Matt.4.17,Matt. iv. 17
clement_alex,exhortation,Phil,new_testament,Bible:Phil.4.5,Phil. iv. 5
clement_alex,exhortation,Ps,old_testament_or_other,Bible:Ps.34.8,Ps. xxxiv. 8
clement_alex,exhortation,Ps,old_testament_or_other,Bible:Ps.34.11,Ps. xxxiv. 11
clement_alex,exhortation,Zech,old_testament_or_other,Bible:Zech.3.2,Zech. iii. 2
clement_alex,exhortation,Isa,old_testament_or_other,Bible:Isa.1.3,Isa. i. 3
clement_alex,exhortation,Isa,old_testament_or_other,Bible:Isa.54.17,Isa. liv. 17
clement_alex,exhortation,Isa,old_testament_or_other,Bible:Isa.55.1,Isa. lv. 1
clement_alex,exhortation,1Cor,new_testament,Bible:1Cor.2.9,1 Cor. ii. 9
clement_alex,exhortation,Deut,old_testament_or_other,Bible:Deut.30.15,Deut. xxx. 15
clement_alex,exhortation,Isa,old_testament_or_other,Bible:Isa.1.19,Isa. i. 19
clement_alex,exhortation,Isa,old_testament_or_other,Bible:Isa.1.20,Isa. i. 20
clement_alex,exhortation,Gen,old_testament_or_other,Bible:Gen.1.26,Gen. i. 26
clement_alex,exhortation,Isa,old_testament_or_other,Bible:Isa.52.15,Isa. lii. 15
clement_alex,exhortation,John,new_testament,Bible:John.3.19,John iii. 19
clement_alex,exhortation,Ps,old_testament_or_other,Bible:Ps.24.1,Ps. xxiv. 1
clement_alex,exhortation,1Cor,new_testament,Bible:1Cor.10.26 Bible:1Cor.10.28,"1 Cor. x. 26, 28"
clement_alex,exhortation,1Pet,new_testament,Bible:1Pet.2.17,1 Pet. ii. 17
clement_alex,exhortation,Matt,new_testament,Bible:Matt.6.20-Matt.6.21,"Matt. vi. 20,
21"
clement_alex,exhortation,Ps,old_testament_or_other,Bible:Ps.58.4-Ps.58.5,"Ps. lviii. 4, 5"
clement_alex,exhortation,Ps,old_testament_or_other,Bible:Ps.72.9,Ps. lxxii. 9
clement_alex,exhortation,Ps,old_testament_or_other,Bible:Ps.62.8,Ps. lxii. 8
clement_alex,exhortation,Ps,old_testament_or_other,Bible:Ps.70.4,Ps. lxx. 4
clement_alex,exhortation,Exod,old_testament_or_other,Bible:Exod.20.13-Exod.20.16,Ex. xx. 13–16
clement_alex,exhortation,Deut,old_testament_or_other,Bible:Deut.6.5,"Deut. vi.
5"
clement_alex,exhortation,Luke,new_testament,Bible:Luke.6.29,Luke vi. 29
clement_alex,exhortation,Matt,new_testament,Bible:Matt.5.28,Matt. v. 28
clement_alex,exhortation,Gal,new_testament,Bible:Gal.3.28,Gal. iii. 28
clement_alex,exhortation,1Tim,new_testament,Bible:1Tim.6.6,1 Tim.  vi. 6
clement_alex,exhortation,Ps,old_testament_or_other,Bible:Ps.19.10,Ps. xix. 10
clement_alex,exhortation,Ps,old_testament_or_other,Bible:Ps.22.22,Ps. xxii. 22
clement_alex,exhortation,Rom,new_testament,Bible:Rom.8.17,Rom. viii. 17
clement_alex,exhortation,Heb,new_testament,Bible:Heb.2.11,Heb. ii. 11
clement_alex,exhortation,Heb,new_testament,Bible:Heb.8.10-Heb.8.12,Heb. viii. 10–12
clement_alex,exhortation,Jer,old_testament_or_other,Bible:Jer.31.33-Jer.31.34,"Jer. xxxi.
33, 34"
clement_alex,exhortation,Eph,new_testament,Bible:Eph.6.14-Eph.6.17,Eph. vi. 14–17
clement_alex,exhortation,Isa,old_testament_or_other,Bible:Isa.58.9,Isa. lviii. 9
clement_alex,exhortation,Matt,new_testament,Bible:Matt.11.28-Matt.11.30,"Matt. xi. 28, 29, 30"
clement_alex,exhortation,Isa,old_testament_or_other,Bible:Isa.63.1,Isa. lxiii. 1
clement_alex,exhortation,Ps,old_testament_or_other,Bible:Ps.82.6,Ps. lxxxii. 6
clement_alex,instructor,Ps,old_testament_or_other,Bible:Ps.73.1,Ps. lxxiii. 1
clement_alex,instructor,Gal,new_testament,Bible:Gal.3.24,Gal. iii. 24
clement_alex,instructor,Num,old_testament_or_other,Bible:Num.6.9,Num. vi. 9
clement_alex,instructor,Num,old_testament_or_other,Bible:Num.6.12,Num. vi. 12
clement_alex,instructor,Ps,old_testament_or_other,Bible:Ps.86.2-Ps.86.3,"Ps. lxxxvi. 2,
3"
clement_alex,instructor,Mark,new_testament,Bible:Mark.2.11,Mark ii. 11
clement_alex,instructor,John,new_testament,Bible:John.11.43,John xi. 43
clement_alex,instructor,Matt,new_testament,Bible:Matt.9.2,Matt. ix. 2
clement_alex,instructor,John,new_testament,Bible:John.16.27,"John
xvi. 27"
clement_alex,instructor,John,new_testament,Bible:John.17.23,"John
xvii. 23"
clement_alex,instructor,Matt,new_testament,Bible:Matt.15.14,Matt. xv. 14
clement_alex,instructor,John,new_testament,Bible:John.1.14,John i. 14
clement_alex,instructor,Luke,new_testament,Bible:Luke.20.34,Luke xx. 34
clement_alex,instructor,John,new_testament,Bible:John.21.4-John.21.5,"John xxi. 4,
5"
clement_alex,instructor,Matt,new_testament,Bible:Matt.19.14,Matt. xix. 14
clement_alex,instructor,Matt,new_testament,Bible:Matt.18.3,Matt. xviii. 3
clement_alex,instructor,Matt,new_testament,Bible:Matt.21.9,Matt. xxi. 9
clement_alex,instructor,Matt,new_testament,Bible:Matt.21.16,Matt. xxi. 16
clement_alex,instructor,Ps,old_testament_or_other,Bible:Ps.8.2,Ps. viii. 2
clement_alex,instructor,John,new_testament,Bible:John.13.33,John xiii. 33
clement_alex,instructor,Matt,new_testament,Bible:Matt.11.16-Matt.11.17,"Matt. xi. 16, 17"
clement_alex,instructor,Ps,old_testament_or_other,Bible:Ps.13.1,Ps. cxiii. 1
clement_alex,instructor,Isa,old_testament_or_other,Bible:Isa.8.18,Isa. viii. 18
clement_alex,instructor,Matt,new_testament,Bible:Matt.25.33,Matt. xxv. 33
clement_alex,instructor,Matt,new_testament,Bible:Matt.10.16,Matt. x. 16
clement_alex,instructor,Lev,old_testament_or_other,Bible:Lev.15.29,Lev. xv. 29
clement_alex,instructor,Luke,new_testament,Bible:Luke.2.24,Luke ii. 24
clement_alex,instructor,Matt,new_testament,Bible:Matt.23.37,Matt. xxiii. 37
clement_alex,instructor,Isa,old_testament_or_other,Bible:Isa.65.15-Isa.65.16,"Isa. lxv. 15, 16"
clement_alex,instructor,Jer,old_testament_or_other,Bible:Jer.5.8,Jer. v. 8
clement_alex,instructor,Zech,old_testament_or_other,Bible:Zech.9.9,Zech. ix. 9
clement_alex,instructor,Gen,old_testament_or_other,Bible:Gen.49.11,Gen. xlix. 11
clement_alex,instructor,Isa,old_testament_or_other,Bible:Isa.40.11,Isa. xl. 11
clement_alex,instructor,Matt,new_testament,Bible:Matt.18.4,Matt. xviii. 4
clement_alex,instructor,Matt,new_testament,Bible:Matt.6.34,Matt. vi. 34
clement_alex,instructor,Ps,old_testament_or_other,Bible:Ps.5.6,Ps. v. 6
clement_alex,instructor,2Cor,new_testament,Bible:2Cor.11.2,2 Cor. xi. 2
clement_alex,instructor,Eph,new_testament,Bible:Eph.4.13-Eph.4.15,Eph. iv. 13–15
clement_alex,instructor,1Thess,new_testament,Bible:1Thess.2.6-1Thess.2.7,"1 Thess. ii. 6,
7"
clement_alex,instructor,Isa,old_testament_or_other,Bible:Isa.66.2,Isa. lxvi. 2
clement_alex,instructor,Rom,new_testament,Bible:Rom.16.19,Rom. xvi. 19
clement_alex,instructor,Matt,new_testament,Bible:Matt.11.27,Matt. xi. 27
clement_alex,instructor,Luke,new_testament,Bible:Luke.10.22,Luke x. 22
clement_alex,instructor,Isa,old_testament_or_other,Bible:Isa.66.12-Isa.66.13,"Isa. lxvi. 12, 13"
clement_alex,instructor,Gen,old_testament_or_other,Bible:Gen.26.8,Gen. xxvi. 8
clement_alex,instructor,Isa,old_testament_or_other,Bible:Isa.9.6,Isa. ix. 6
clement_alex,instructor,Luke,new_testament,Bible:Luke.7.28,Luke vii. 28
clement_alex,instructor,John,new_testament,Bible:John.1.29 Bible:John.1.36,"John i. 29,
36"
clement_alex,instructor,John,new_testament,Bible:John.8.35-John.8.36,"John viii.  35, 36"
clement_alex,instructor,Ps,old_testament_or_other,Bible:Ps.82.6,Ps. lxxxii. 6
clement_alex,instructor,John,new_testament,Bible:John.1.4,John i. 4
clement_alex,instructor,John,new_testament,Bible:John.5.24,John v. 24
clement_alex,instructor,1Thess,new_testament,Bible:1Thess.4.9,1 Thess. iv. 9
clement_alex,instructor,Eph,new_testament,Bible:Eph.5.8,Eph. v. 8
clement_alex,instructor,John,new_testament,Bible:John.6.40,John vi. 40
clement_alex,instructor,John,new_testament,Bible:John.3.36,John iii. 36
clement_alex,instructor,Matt,new_testament,Bible:Matt.9.29,Matt. ix. 29
clement_alex,instructor,Gal,new_testament,Bible:Gal.3.23-Gal.3.25,Gal. iii. 23–25
clement_alex,instructor,Gal,new_testament,Bible:Gal.3.26-Gal.3.28,Gal. iii. 26–28
clement_alex,instructor,1Cor,new_testament,Bible:1Cor.12.13,"1
Cor. xii. 13"
clement_alex,instructor,Luke,new_testament,Bible:Luke.10.21,Luke x. 21
clement_alex,instructor,1Cor,new_testament,Bible:1Cor.14.20,1 Cor. xiv. 20
clement_alex,instructor,1Cor,new_testament,Bible:1Cor.13.11,1 Cor. xiii. 11
clement_alex,instructor,Gal,new_testament,Bible:Gal.4.1-Gal.4.5,Gal. iv. 1–5
clement_alex,instructor,Gal,new_testament,Bible:Gal.4.7,Gal. iv. 7
clement_alex,instructor,1Cor,new_testament,Bible:1Cor.3.2,"1
Cor. iii. 2"
clement_alex,instructor,Exod,old_testament_or_other,Bible:Exod.3.8,Ex. iii. 8
clement_alex,instructor,Rev,new_testament,Bible:Rev.1.8,Rev. i. 8
clement_alex,instructor,1Cor,new_testament,Bible:1Cor.3.1,1 Cor. iii. 1
clement_alex,instructor,1Cor,new_testament,Bible:1Cor.3.3,1 Cor. iii. 3
clement_alex,instructor,John,new_testament,Bible:John.6.55,John vi. 55
clement_alex,instructor,1Cor,new_testament,Bible:1Cor.13.12,"1
Cor. xiii. 12"
clement_alex,instructor,Rom,new_testament,Bible:Rom.8.9,Rom. viii. 9
clement_alex,instructor,1Cor,new_testament,Bible:1Cor.2.9,1 Cor. ii. 9
clement_alex,instructor,2Cor,new_testament,Bible:2Cor.12.2-2Cor.12.4,2 Cor. xii. 2–4
clement_alex,instructor,Jer,old_testament_or_other,Bible:Jer.9.23,Jer. ix. 23
clement_alex,instructor,1Cor,new_testament,Bible:1Cor.1.31,1 Cor. i. 31
clement_alex,instructor,2Cor,new_testament,Bible:2Cor.10.17,2 Cor. x. 17
clement_alex,instructor,John,new_testament,Bible:John.6.34,"John
vi. 34"
clement_alex,instructor,John,new_testament,Bible:John.6.53-John.6.54,"John vi. 53,
54"
clement_alex,instructor,1Pet,new_testament,Bible:1Pet.2.1-1Pet.2.3,1 Pet. ii. 1–3
clement_alex,instructor,1Cor,new_testament,Bible:1Cor.6.13,1 Cor. vi. 13
clement_alex,instructor,1Cor,new_testament,Bible:1Cor.3.2,1 Cor. iii. 2
clement_alex,instructor,John,new_testament,Bible:John.4.32-John.4.34,"John
iv. 32–34"
clement_alex,instructor,Matt,new_testament,Bible:Matt.20.22,Matt. xx. 22
clement_alex,instructor,John,new_testament,Bible:John.6.32-John.6.33 Bible:John.6.51,"John vi. 32, 33, 51"
clement_alex,instructor,Matt,new_testament,Bible:Matt.23.35,Matt. xxiii. 35
clement_alex,instructor,Ps,old_testament_or_other,Bible:Ps.19.10,Ps. xix. 10
clement_alex,instructor,Deut,old_testament_or_other,Bible:Deut.32.13-Deut.32.14,"Deut. xxxii. 13, 14"
clement_alex,instructor,Isa,old_testament_or_other,Bible:Isa.7.15,Isa. vii. 15
clement_alex,instructor,Phil,new_testament,Bible:Phil.3.12-Phil.3.14,Phil. iii. 12–14
clement_alex,instructor,Phil,new_testament,Bible:Phil.3.15,Phil. iii. 15
clement_alex,instructor,John,new_testament,Bible:John.10.11,John x. 11
clement_alex,instructor,John,new_testament,Bible:John.10.16,John x. 16
clement_alex,instructor,Hos,old_testament_or_other,Bible:Hos.5.2,Hos. v. 2
clement_alex,instructor,Deut,old_testament_or_other,Bible:Deut.32.10-Deut.32.12,Deut. xxxii. 10–12
clement_alex,instructor,Exod,old_testament_or_other,Bible:Exod.20.2,Ex. xx. 2
clement_alex,instructor,Gen,old_testament_or_other,Bible:Gen.17.1-Gen.17.2,"Gen. xvii. 1,
2"
clement_alex,instructor,Gen,old_testament_or_other,Bible:Gen.28.15,Gen. xxviii. 15
clement_alex,instructor,Gen,old_testament_or_other,Bible:Gen.32.24,Gen. xxxii. 24
clement_alex,instructor,Gen,old_testament_or_other,Bible:Gen.32.30,Gen. xxxii. 30
clement_alex,instructor,Gen,old_testament_or_other,Bible:Gen.46.3,Gen. xlvi. 3
clement_alex,instructor,Exod,old_testament_or_other,Bible:Exod.32.33-Exod.32.34,"Ex. xxxii. 33,
34"
clement_alex,instructor,Exod,old_testament_or_other,Bible:Exod.32.33-Exod.32.34,"Ex. xxxii. 33, 34"
clement_alex,instructor,Ezek,old_testament_or_other,Bible:Ezek.18.23 Bible:Ezek.18.32,"Ezek. xviii. 23, 32"
clement_alex,instructor,Gen,old_testament_or_other,Bible:Gen.49.6,Gen. xlix. 6
clement_alex,instructor,Deut,old_testament_or_other,Bible:Deut.6.2,Deut. vi. 2
clement_alex,instructor,Matt,new_testament,Bible:Matt.22.37,Matt. xxii. 37
clement_alex,instructor,Jer,old_testament_or_other,Bible:Jer.1.7,Jer. i. 7
clement_alex,instructor,Jer,old_testament_or_other,Bible:Jer.1.5,Jer. i. 5
clement_alex,instructor,John,new_testament,Bible:John.1.17,"John
i. 17"
clement_alex,instructor,John,new_testament,Bible:John.1.3,John i. 3
clement_alex,instructor,Deut,old_testament_or_other,Bible:Deut.18.15,Deut. xviii. 15
clement_alex,instructor,Deut,old_testament_or_other,Bible:Deut.18.19,Deut. xviii. 19
clement_alex,instructor,Isa,old_testament_or_other,Bible:Isa.11.1 Bible:Isa.11.3 Bible:Isa.11.4,"Isa. xi. 1,
3, 4"
clement_alex,instructor,Ps,old_testament_or_other,Bible:Ps.18.18,Ps. cxviii. 18
clement_alex,instructor,Ps,old_testament_or_other,Bible:Ps.2.9,Ps. ii. 9
clement_alex,instructor,1Cor,new_testament,Bible:1Cor.4.21,1 Cor. iv. 21
clement_alex,instructor,Ps,old_testament_or_other,Bible:Ps.10.2,Ps. cx. 2
clement_alex,instructor,Ps,old_testament_or_other,Bible:Ps.23.4,Ps. xxiii. 4
clement_alex,instructor,Sir,deuterocanonical,Bible:Sir.21.6,Ecclus. xxi. 6
clement_alex,instructor,Ps,old_testament_or_other,Bible:Ps.3.14,Ps. ciii. 14
clement_alex,instructor,Wis,deuterocanonical,Bible:Wis.11.24,Wisd. xi. 24
clement_alex,instructor,John,new_testament,Bible:John.1.1,John i. 1
clement_alex,instructor,Sir,deuterocanonical,Bible:Sir.22.6-Sir.22.8,Ecclus. xxii. 6–8
clement_alex,instructor,John,new_testament,Bible:John.15.1-John.15.2,"John xv. 1, 2"
clement_alex,instructor,Exod,old_testament_or_other,Bible:Exod.20.20,Ex. xx. 20
clement_alex,instructor,Sir,deuterocanonical,Bible:Sir.34.14-Sir.34.15,"Ecclus. xxxiv. 14, 15"
clement_alex,instructor,Isa,old_testament_or_other,Bible:Isa.53.6,Isa. liii. 6
clement_alex,instructor,Deut,old_testament_or_other,Bible:Deut.32.23-Deut.32.25,Deut. xxxii. 23–25
clement_alex,instructor,Sir,deuterocanonical,Bible:Sir.1.21-Sir.1.22,"Ecclus. i. 21, 22"
clement_alex,instructor,Rom,new_testament,Bible:Rom.3.5-Rom.3.6,"Rom. iii. 5, 6"
clement_alex,instructor,Deut,old_testament_or_other,Bible:Deut.32.41-Deut.32.42,"Deut. xxxii. 41, 42"
clement_alex,instructor,Sir,deuterocanonical,Bible:Sir.1.18,Ecclus. i. 18
clement_alex,instructor,Amos,old_testament_or_other,Bible:Amos.4.11,Amos iv. 11
clement_alex,instructor,Deut,old_testament_or_other,Bible:Deut.32.20,Deut. xxxii. 20
clement_alex,instructor,Rom,new_testament,Bible:Rom.11.22,Rom. xi. 22
clement_alex,instructor,Matt,new_testament,Bible:Matt.5.44,Matt. v. 44
clement_alex,instructor,John,new_testament,Bible:John.17.21-John.17.23,John. xvii. 21–23
clement_alex,instructor,Exod,old_testament_or_other,Bible:Exod.3.14,Ex. iii. 14
clement_alex,instructor,John,new_testament,Bible:John.17.24-John.17.26,John xvii. 24–26
clement_alex,instructor,Exod,old_testament_or_other,Bible:Exod.20.5-Exod.20.6,"Ex. xx. 5,
6"
clement_alex,instructor,Matt,new_testament,Bible:Matt.20.21,Matt. xx. 21
clement_alex,instructor,Matt,new_testament,Bible:Matt.19.17,Matt. xix. 17
clement_alex,instructor,Sir,deuterocanonical,Bible:Sir.16.12,Ecclus. xvi. 12
clement_alex,instructor,Luke,new_testament,Bible:Luke.6.35-Luke.6.36,"Luke vi. 35, 36"
clement_alex,instructor,Matt,new_testament,Bible:Matt.5.45,Matt. v. 45
clement_alex,instructor,Ps,old_testament_or_other,Bible:Ps.8.4,Ps. viii. 4
clement_alex,instructor,Ps,old_testament_or_other,Bible:Ps.2.4,Ps. ii. 4
clement_alex,instructor,Matt,new_testament,Bible:Matt.6.9,Matt. vi. 9
clement_alex,instructor,Rom,new_testament,Bible:Rom.3.21-Rom.3.22,"Rom. iii. 21, 22"
clement_alex,instructor,Rom,new_testament,Bible:Rom.7.12,Rom. vii. 12
clement_alex,instructor,John,new_testament,Bible:John.17.25,John xvii. 25
clement_alex,instructor,Sir,deuterocanonical,Bible:Sir.7.23-Sir.7.24,"Ecclus. vii. 23, 24"
clement_alex,instructor,Jer,old_testament_or_other,Bible:Jer.3.9,Jer. iii. 9
clement_alex,instructor,Ezek,old_testament_or_other,Bible:Ezek.2.6-Ezek.2.7,"Ezek. ii. 6, 7"
clement_alex,instructor,Exod,old_testament_or_other,Bible:Exod.3.18-Exod.3.19,"Ex. iii. 18, 19"
clement_alex,instructor,Isa,old_testament_or_other,Bible:Isa.29.13,Isa. xxix. 13
clement_alex,instructor,Jer,old_testament_or_other,Bible:Jer.5.8-Jer.5.9,"Jer. v. 8, 9"
clement_alex,instructor,Prov,old_testament_or_other,Bible:Prov.1.7,Prov. i. 7
clement_alex,instructor,Hos,old_testament_or_other,Bible:Hos.4.14,Hos. iv. 14
clement_alex,instructor,Isa,old_testament_or_other,Bible:Isa.1.2-Isa.1.3,"Isa. i. 2,
3"
clement_alex,instructor,Jer,old_testament_or_other,Bible:Jer.1.16,Jer i. 16
clement_alex,instructor,Isa,old_testament_or_other,Bible:Isa.30.1,Isa. xxx. 1
clement_alex,instructor,Isa,old_testament_or_other,Bible:Isa.1.4,Isa. i. 4
clement_alex,instructor,Jer,old_testament_or_other,Bible:Jer.2.12-Jer.2.13,"Jer. ii. 12, 13"
clement_alex,instructor,Lam,old_testament_or_other,Bible:Lam.1.8,Lam. i. 8
clement_alex,instructor,Prov,old_testament_or_other,Bible:Prov.3.11-Prov.3.12,"Prov. iii. 11, 12"
clement_alex,instructor,Sir,deuterocanonical,Bible:Sir.32.21,Ecclus. xxxii. 21
clement_alex,instructor,Ps,old_testament_or_other,Bible:Ps.41.5,Ps. cxli. 5
clement_alex,instructor,Jer,old_testament_or_other,Bible:Jer.6.10,Jer. vi. 10
clement_alex,instructor,Jer,old_testament_or_other,Bible:Jer.9.26,Jer. ix. 26
clement_alex,instructor,Isa,old_testament_or_other,Bible:Isa.30.9,Isa. xxx. 9
clement_alex,instructor,Matt,new_testament,Bible:Matt.23.37-Matt.23.39,Matt. xxiii. 37–39
clement_alex,instructor,Matt,new_testament,Bible:Matt.3.7,Matt. iii. 7
clement_alex,instructor,Luke,new_testament,Bible:Luke.3.7,Luke iii. 7
clement_alex,instructor,Ps,old_testament_or_other,Bible:Ps.18.43-Ps.18.45,Ps. xviii. 43–45
clement_alex,instructor,Jer,old_testament_or_other,Bible:Jer.3.8,Jer. iii. 8
clement_alex,instructor,Jer,old_testament_or_other,Bible:Jer.5.11-Jer.5.12,"Jer. v. 11, 12"
clement_alex,instructor,Lam,old_testament_or_other,Bible:Lam.1.1-Lam.1.2,"Lam. i. 1, 2"
clement_alex,instructor,Jer,old_testament_or_other,Bible:Jer.3.3-Jer.3.4,"Jer. iii. 3, 4"
clement_alex,instructor,Nah,old_testament_or_other,Bible:Nah.3.4,Nahum iii. 4
clement_alex,instructor,Deut,old_testament_or_other,Bible:Deut.32.5-Deut.32.6,"Deut. xxxii. 5, 6"
clement_alex,instructor,Isa,old_testament_or_other,Bible:Isa.1.23,Isa. i. 23
clement_alex,instructor,Sir,deuterocanonical,Bible:Sir.18.13-Sir.18.14,"Ecclus. xviii. 13, 14"
clement_alex,instructor,Prov,old_testament_or_other,Bible:Prov.23.14,Prov. xxiii. 14
clement_alex,instructor,Prov,old_testament_or_other,Bible:Prov.23.13,Prov. xxiii. 13
clement_alex,instructor,Rom,new_testament,Bible:Rom.13.3-Rom.13.4,"Rom. xiii. 3, 4"
clement_alex,instructor,Gal,new_testament,Bible:Gal.4.16,Gal. iv. 16
clement_alex,instructor,John,new_testament,Bible:John.4.13-John.4.14,"John
iv. 13, 14"
clement_alex,instructor,Matt,new_testament,Bible:Matt.3.12,Matt. iii. 12
clement_alex,instructor,Luke,new_testament,Bible:Luke.3.17,Luke iii. 17
clement_alex,instructor,Ezek,old_testament_or_other,Bible:Ezek.34.14-Ezek.34.16,"Ezek. xxxiv. 14, 15, 16"
clement_alex,instructor,Ezek,old_testament_or_other,Bible:Ezek.34.14-Ezek.34.16,Ezek. xxxiv. 14–16
clement_alex,instructor,Isa,old_testament_or_other,Bible:Isa.58.9,Isa. lviii. 9
clement_alex,instructor,Isa,old_testament_or_other,Bible:Isa.43.2,Isa. xliii. 2
clement_alex,instructor,Matt,new_testament,Bible:Matt.20.28,Matt. xx. 28
clement_alex,instructor,Mark,new_testament,Bible:Mark.10.45,Mark x. 45
clement_alex,instructor,John,new_testament,Bible:John.4.6,John iv. 6
clement_alex,instructor,Jer,old_testament_or_other,Bible:Jer.6,Jer. vi.
clement_alex,instructor,Lev,old_testament_or_other,Bible:Lev.26,Lev. xxvi.
clement_alex,instructor,Prov,old_testament_or_other,Bible:Prov.1.24-Prov.1.25,"Prov. i. 24, 25"
clement_alex,instructor,Ps,old_testament_or_other,Bible:Ps.78.8 Bible:Ps.78.10,"Ps. lxxviii. 8, 10"
clement_alex,instructor,Ps,old_testament_or_other,Bible:Ps.78.32-Ps.78.35,Ps. lxxviii. 32–35
clement_alex,instructor,Sir,deuterocanonical,Bible:Sir.30.8,Ecclus. xxx. 8
clement_alex,instructor,Ps,old_testament_or_other,Bible:Ps.78.38,Ps. lxxviii. 38
clement_alex,instructor,Ps,old_testament_or_other,Bible:Ps.89.14,Ps. lxxxix. 14
clement_alex,instructor,Prov,old_testament_or_other,Bible:Prov.8.4 Bible:Prov.8.6,"Prov. viii. 4, 6"
clement_alex,instructor,Ps,old_testament_or_other,Bible:Ps.1.1-Ps.1.2,"Ps. i. 1, 2"
clement_alex,instructor,Matt,new_testament,Bible:Matt.11.3-Matt.11.6,Matt. xi. 3–6
clement_alex,instructor,Luke,new_testament,Bible:Luke.7.19 Bible:Luke.7.22 Bible:Luke.7.23,"Luke vii. 19, 22, 23"
clement_alex,instructor,Ps,old_testament_or_other,Bible:Ps.48.8,Ps. xlviii. 8
clement_alex,instructor,Matt,new_testament,Bible:Matt.22.13,Matt. xxii. 13
clement_alex,instructor,Matt,new_testament,Bible:Matt.11.28,Matt. xi. 28
clement_alex,instructor,Prov,old_testament_or_other,Bible:Prov.3.13,Prov. iii. 13
clement_alex,instructor,Prov,old_testament_or_other,Bible:Prov.2.4-Prov.2.5,"Prov. ii. 4, 5"
clement_alex,instructor,Jer,old_testament_or_other,Bible:Jer.2.24,Jer. ii.  24
clement_alex,instructor,Bar,deuterocanonical,Bible:Bar.4.4,"Baruch
iv. 4"
clement_alex,instructor,Bar,deuterocanonical,Bible:Bar.3.9,Baruch iii. 9
clement_alex,instructor,Deut,old_testament_or_other,Bible:Deut.31.20,"Deut
xxxi. 20"
clement_alex,instructor,Isa,old_testament_or_other,Bible:Isa.56.7,Isa. lvi. 7
clement_alex,instructor,Ps,old_testament_or_other,Bible:Ps.1.1-Ps.1.3,Ps. i. 1–3
clement_alex,instructor,Ps,old_testament_or_other,Bible:Ps.1.4,Ps. i. 4
clement_alex,instructor,Bar,deuterocanonical,Bible:Bar.3.13,Baruch iii. 13
clement_alex,instructor,Jer,old_testament_or_other,Bible:Jer.6.9,Jer. vi. 9
clement_alex,instructor,Jer,old_testament_or_other,Bible:Jer.6.16,Jer. vi. 16
clement_alex,instructor,Deut,old_testament_or_other,Bible:Deut.30.6,Deut. xxx. 6
clement_alex,instructor,Isa,old_testament_or_other,Bible:Isa.57.21,Isa. lvii. 21
clement_alex,instructor,Prov,old_testament_or_other,Bible:Prov.1.10-Prov.1.12,Prov. i. 10–12
clement_alex,instructor,Ezek,old_testament_or_other,Bible:Ezek.18.4-Ezek.18.9,Ezek. xviii. 4–9
clement_alex,instructor,Matt,new_testament,Bible:Matt.13.31,Matt. xiii. 31
clement_alex,instructor,Luke,new_testament,Bible:Luke.13.19,Luke xiii. 19
clement_alex,instructor,Exod,old_testament_or_other,Bible:Exod.32.6,Ex. xxxii. 6
clement_alex,instructor,1Cor,new_testament,Bible:1Cor.10.7,1 Cor. x. 7
clement_alex,instructor,Matt,new_testament,Bible:Matt.17.5,Matt. xvii. 5
clement_alex,instructor,Gen,old_testament_or_other,Bible:Gen.1.26,Gen. i. 26
clement_alex,instructor,Ps,old_testament_or_other,Bible:Ps.49.12 Bible:Ps.49.20,"Ps. xlix. 12, 20"
clement_alex,instructor,Sir,deuterocanonical,Bible:Sir.33.6,Ecclus. xxxiii. 6
clement_alex,instructor,Prov,old_testament_or_other,Bible:Prov.23.3,Prov. xxiii. 3
clement_alex,instructor,Luke,new_testament,Bible:Luke.14.8 Bible:Luke.14.10,"Luke xiv. 8, 10"
clement_alex,instructor,Luke,new_testament,Bible:Luke.14.12-Luke.14.13,"Luke xiv. 12, 13"
clement_alex,instructor,Luke,new_testament,Bible:Luke.14.16,Luke xiv. 16
clement_alex,instructor,1Cor,new_testament,Bible:1Cor.13.7-1Cor.13.8,"1 Cor. xiii. 7, 8"
clement_alex,instructor,Luke,new_testament,Bible:Luke.14.15,Luke xiv. 15
clement_alex,instructor,1Cor,new_testament,Bible:1Cor.13.3,1 Cor. xiii. 3
clement_alex,instructor,Rom,new_testament,Bible:Rom.14.16-Rom.14.17,"Rom. xiv. 16, 17"
clement_alex,instructor,Wis,deuterocanonical,Bible:Wis.6.17-Wis.6.18,"Wisd. vi. 17, 18"
clement_alex,instructor,Wis,deuterocanonical,Bible:Wis.16.26,Wisd. xvi. 26
clement_alex,instructor,Deut,old_testament_or_other,Bible:Deut.8.3,Deut. viii. 3
clement_alex,instructor,Matt,new_testament,Bible:Matt.4.4,Matt. iv. 4
clement_alex,instructor,Isa,old_testament_or_other,Bible:Isa.22.13-Isa.22.14,"Isa. xxii. 13, 14"
clement_alex,instructor,Sir,deuterocanonical,Bible:Sir.18.32,Ecclus. xviii. 32
clement_alex,instructor,1Cor,new_testament,Bible:1Cor.10.20,1 Cor. x. 20
clement_alex,instructor,1Cor,new_testament,Bible:1Cor.8.7-1Cor.8.8,"1 Cor. viii. 7, 8"
clement_alex,instructor,Matt,new_testament,Bible:Matt.15.11,Matt. xv. 11
clement_alex,instructor,1Cor,new_testament,Bible:1Cor.8.8,1 Cor. viii. 8
clement_alex,instructor,Luke,new_testament,Bible:Luke.15.11,Luke xv. 11
clement_alex,instructor,1Cor,new_testament,Bible:1Cor.10.27,1 Cor. x. 27
clement_alex,instructor,1Cor,new_testament,Bible:1Cor.10.25,1 Cor. x. 25
clement_alex,instructor,Rom,new_testament,Bible:Rom.14.3,Rom. xiv. 3
clement_alex,instructor,Rom,new_testament,Bible:Rom.14.6,Rom. xiv. 6
clement_alex,instructor,1Cor,new_testament,Bible:1Cor.8.13,1 Cor. viii. 13
clement_alex,instructor,1Cor,new_testament,Bible:1Cor.9.14,1 Cor. ix. 14
clement_alex,instructor,1Cor,new_testament,Bible:1Cor.8.6 Bible:1Cor.8.11 Bible:1Cor.8.12,"1 Cor. viii. 6, 11, 12"
clement_alex,instructor,1Cor,new_testament,Bible:1Cor.5.11,1 Cor. v. 11
clement_alex,instructor,Rom,new_testament,Bible:Rom.14.21,Rom. xiv. 21
clement_alex,instructor,Rom,new_testament,Bible:Rom.14.20,Rom. xiv. 20
clement_alex,instructor,1Cor,new_testament,Bible:1Cor.11.21-1Cor.11.22,"1 Cor. xi. 21,
22"
clement_alex,instructor,1Cor,new_testament,Bible:1Cor.11.33-1Cor.11.34,"1 Cor. xi. 33, 34"
clement_alex,instructor,1Cor,new_testament,Bible:1Cor.10.31,1 Cor. x. 31
clement_alex,instructor,Matt,new_testament,Bible:Matt.22.21,Matt. xxii. 21
clement_alex,instructor,1Cor,new_testament,Bible:1Cor.10.23,"1
Cor. x. 23"
clement_alex,instructor,Prov,old_testament_or_other,Bible:Prov.13.5,Prov. xiii. 5
clement_alex,instructor,Luke,new_testament,Bible:Luke.24.41-Luke.24.44,Luke xxiv. 41–44
clement_alex,instructor,Acts,new_testament,Bible:Acts.10.10-Acts.10.15,Acts x. 10–15
clement_alex,instructor,Gen,old_testament_or_other,Bible:Gen.9.2-Gen.9.3,"Gen. ix. 2,
3"
clement_alex,instructor,Prov,old_testament_or_other,Bible:Prov.15.17,Prov. xv. 17
clement_alex,instructor,2Kgs,old_testament_or_other,Bible:2Kgs.6.17-2Kgs.6.19,2 Kings vi. 17–19
clement_alex,instructor,2Sam,old_testament_or_other,Bible:2Sam.6.17-2Sam.6.19,2 Sam. vi. 17–19
clement_alex,instructor,Phil,new_testament,Bible:Phil.3.19,Phil. iii. 19
clement_alex,instructor,1Tim,new_testament,Bible:1Tim.5.23,1 Tim. v. 23
clement_alex,instructor,Exod,old_testament_or_other,Bible:Exod.17,Ex. xvii.
clement_alex,instructor,Num,old_testament_or_other,Bible:Num.20,Num. xx.
clement_alex,instructor,Sir,deuterocanonical,Bible:Sir.31.27,Ecclus. xxxi. 27
clement_alex,instructor,Sir,deuterocanonical,Bible:Sir.31.29,Ecclus. xxxi. 29
clement_alex,instructor,Sir,deuterocanonical,Bible:Sir.31.26,Ecclus. xxxi. 26
clement_alex,instructor,Prov,old_testament_or_other,Bible:Prov.23.20,Prov. xxiii. 20
clement_alex,instructor,Prov,old_testament_or_other,Bible:Prov.23.21,Prov. xxiii. 21
clement_alex,instructor,Prov,old_testament_or_other,Bible:Prov.23.29-Prov.23.30,"Prov. xxiii. 29, 30"
clement_alex,instructor,Prov,old_testament_or_other,Bible:Prov.20.1,Prov. xx. 1
clement_alex,instructor,Amos,old_testament_or_other,Bible:Amos.6.4 Bible:Amos.6.6,"Amos vi. 4,
6"
clement_alex,instructor,Sir,deuterocanonical,Bible:Sir.31.25,Ecclus. xxxi. 25
clement_alex,instructor,Mark,new_testament,Bible:Mark.16.25,Mark xvi. 25
clement_alex,instructor,Matt,new_testament,Bible:Matt.26.29,Matt. xxvi. 29
clement_alex,instructor,Matt,new_testament,Bible:Matt.11.19,Matt. xi. 19
clement_alex,instructor,Sir,deuterocanonical,Bible:Sir.26.8,Ecclus. xxvi. 8
clement_alex,instructor,1Cor,new_testament,Bible:1Cor.11.20,1 Cor. xi. 20
clement_alex,instructor,Sir,deuterocanonical,Bible:Sir.31.20,Ecclus. xxxi. 20
clement_alex,instructor,Sir,deuterocanonical,Bible:Sir.31.19,Ecclus. xxxi. 19
clement_alex,instructor,1Cor,new_testament,Bible:1Cor.7.29-1Cor.7.30,"1 Cor. vii. 29,
30"
clement_alex,instructor,Matt,new_testament,Bible:Matt.19.21,Matt. xix. 21
clement_alex,instructor,Bar,deuterocanonical,Bible:Bar.3.16-Bar.3.19,Baruch iii. 16–19
clement_alex,instructor,Hag,old_testament_or_other,Bible:Hag.1.6,Hag. i. 6
clement_alex,instructor,1Tim,new_testament,Bible:1Tim.6.10,1 Tim. vi. 10
clement_alex,instructor,Rom,new_testament,Bible:Rom.13.12-Rom.13.13,"Rom. xiii. 12, 13"
clement_alex,instructor,Ps,old_testament_or_other,Bible:Ps.50.3 Bible:Ps.50.5,"Ps. cl. 3, 5"
clement_alex,instructor,Col,new_testament,Bible:Col.3.16,Col. iii. 16
clement_alex,instructor,Ps,old_testament_or_other,Bible:Ps.33.1-Ps.33.3,Ps. xxxiii. 1–3
clement_alex,instructor,1Tim,new_testament,Bible:1Tim.4.3-1Tim.4.4,"1 Tim. iv. 3, 4"
clement_alex,instructor,Eph,new_testament,Bible:Eph.5.19,Eph. v. 19
clement_alex,instructor,Ps,old_testament_or_other,Bible:Ps.49.3,Ps. cxlix. 3
clement_alex,instructor,Ps,old_testament_or_other,Bible:Ps.49.1-Ps.49.2,"Ps. cxlix. 1, 2"
clement_alex,instructor,Ps,old_testament_or_other,Bible:Ps.69.4,Ps. clxix. 4
clement_alex,instructor,Matt,new_testament,Bible:Matt.7.18,Matt. vii. 18
clement_alex,instructor,Luke,new_testament,Bible:Luke.6.43,Luke vi. 43
clement_alex,instructor,Sir,deuterocanonical,Bible:Sir.21.20,Ecclus. xxi. 20
clement_alex,instructor,Matt,new_testament,Bible:Matt.15.18,Matt. xv. 18
clement_alex,instructor,Eph,new_testament,Bible:Eph.4.29,Eph. iv. 29
clement_alex,instructor,Eph,new_testament,Bible:Eph.5.3-Eph.5.4,"Eph. v. 3, 4"
clement_alex,instructor,Matt,new_testament,Bible:Matt.5.22,Matt. v. 22
clement_alex,instructor,Matt,new_testament,Bible:Matt.12.37,Matt. xii. 37
clement_alex,instructor,Rom,new_testament,Bible:Rom.12.9,Rom. xii. 9
clement_alex,instructor,Gen,old_testament_or_other,Bible:Gen.9.23,Gen. ix. 23
clement_alex,instructor,Exod,old_testament_or_other,Bible:Exod.20.14 Bible:Exod.20.17,"Ex. xx. 14,
17"
clement_alex,instructor,Prov,old_testament_or_other,Bible:Prov.10.19,Prov. x. 19
clement_alex,instructor,Sir,deuterocanonical,Bible:Sir.20.5,Ecclus. xx. 5
clement_alex,instructor,Sir,deuterocanonical,Bible:Sir.20.8,Ecclus. xx. 8
clement_alex,instructor,Sir,deuterocanonical,Bible:Sir.31.31,Ecclus. xxxi. 31
clement_alex,instructor,Prov,old_testament_or_other,Bible:Prov.14.3,Prov. xiv. 3
clement_alex,instructor,Eph,new_testament,Bible:Eph.5.4,Eph. v. 4
clement_alex,instructor,Sir,deuterocanonical,Bible:Sir.14.1,Ecclus. xiv. 1
clement_alex,instructor,Sir,deuterocanonical,Bible:Sir.9.9,Ecclus. ix. 9
clement_alex,instructor,Sir,deuterocanonical,Bible:Sir.31.16-Sir.31.18,Ecclus. xxxi. 16–18
clement_alex,instructor,Sir,deuterocanonical,Bible:Sir.32.11,Ecclus. xxxii. 11
clement_alex,instructor,Acts,new_testament,Bible:Acts.6.2,Acts. vi. 2
clement_alex,instructor,Acts,new_testament,Bible:Acts.15.23 Bible:Acts.15.28 Bible:Acts.15.29,"Acts xv. 23, 28, 29"
clement_alex,instructor,Prov,old_testament_or_other,Bible:Prov.10.14,Prov. x. 14
clement_alex,instructor,Prov,old_testament_or_other,Bible:Prov.24.28,Prov. xxiv. 28
clement_alex,instructor,Exod,old_testament_or_other,Bible:Exod.23.1,Ex. xxiii. 1
clement_alex,instructor,Sir,deuterocanonical,Bible:Sir.32.3-Sir.32.4 Bible:Sir.32.8,"Ecclus. xxxii. 3, 4, 8"
clement_alex,instructor,John,new_testament,Bible:John.20.19,John xx. 19
clement_alex,instructor,Sir,deuterocanonical,Bible:Sir.9.18,Ecclus. ix. 18
clement_alex,instructor,Sir,deuterocanonical,Bible:Sir.9.15,Ecclus. ix. 15
clement_alex,instructor,Matt,new_testament,Bible:Matt.26.7,Matt. xxvi. 7
clement_alex,instructor,Luke,new_testament,Bible:Luke.7.47,"Luke
vii. 47"
clement_alex,instructor,Ps,old_testament_or_other,Bible:Ps.19.4,Ps. xix. 4
clement_alex,instructor,Rom,new_testament,Bible:Rom.10.18,Rom. x. 18
clement_alex,instructor,Ps,old_testament_or_other,Bible:Ps.32,Ps. cxxxii.
clement_alex,instructor,Matt,new_testament,Bible:Matt.26.23,Matt. xxvi. 23
clement_alex,instructor,John,new_testament,Bible:John.13.5,John xiii. 5
clement_alex,instructor,2Cor,new_testament,Bible:2Cor.2.14-2Cor.2.16,2 Cor. ii. 14–16
clement_alex,instructor,Ps,old_testament_or_other,Bible:Ps.45.7-Ps.45.8,"Ps. xlv. 7, 8"
clement_alex,instructor,Sir,deuterocanonical,Bible:Sir.38.1-Sir.38.2 Bible:Sir.38.8,"Ecclus. xxxviii. 1, 2, 8"
clement_alex,instructor,Sir,deuterocanonical,Bible:Sir.43.11,Ecclus. xliii. 11
clement_alex,instructor,Prov,old_testament_or_other,Bible:Prov.17.6,Prov. xvii. 6
clement_alex,instructor,Matt,new_testament,Bible:Matt.27.29,Matt. xxvii. 29
clement_alex,instructor,Isa,old_testament_or_other,Bible:Isa.1.3,Isa. i. 3
clement_alex,instructor,1Cor,new_testament,Bible:1Cor.15.55,1 Cor. xv. 55
clement_alex,instructor,Sir,deuterocanonical,Bible:Sir.39.13-Sir.39.14,"Ecclus. xxxix. 13, 14"
clement_alex,instructor,Sir,deuterocanonical,Bible:Sir.39.26-Sir.39.27,"Ecclus. xxxix. 26, 27"
clement_alex,instructor,Luke,new_testament,Bible:Luke.12.35-Luke.12.37,Luke xii. 35–37
clement_alex,instructor,Ps,old_testament_or_other,Bible:Ps.19.62,Ps. cxix. 62
clement_alex,instructor,Acts,new_testament,Bible:Acts.16.25,Acts xvi. 25
clement_alex,instructor,John,new_testament,Bible:John.1.5,John i. 5
clement_alex,instructor,John,new_testament,Bible:John.1.3-John.1.4,"John i. 3, 4"
clement_alex,instructor,Prov,old_testament_or_other,Bible:Prov.8.34,Prov. viii. 34
clement_alex,instructor,1Thess,new_testament,Bible:1Thess.5.5-1Thess.5.8,1 Thess. v. 5–8
clement_alex,instructor,Matt,new_testament,Bible:Matt.19.20,Matt. xix. 20
clement_alex,instructor,Acts,new_testament,Bible:Acts.3.21,Acts iii. 21
clement_alex,instructor,Gen,old_testament_or_other,Bible:Gen.1.27-Gen.1.28,"Gen. i. 27, 28"
clement_alex,instructor,Deut,old_testament_or_other,Bible:Deut.14.7,Deut. xiv. 7
clement_alex,instructor,Rom,new_testament,Bible:Rom.1.26-Rom.1.27,"Rom. i. 26, 27"
clement_alex,instructor,Jer,old_testament_or_other,Bible:Jer.12.9,Jer. xii. 9
clement_alex,instructor,Exod,old_testament_or_other,Bible:Exod.20.14,Ex. xx. 14
clement_alex,instructor,Lev,old_testament_or_other,Bible:Lev.18.22,Lev. xviii. 22
clement_alex,instructor,Lev,old_testament_or_other,Bible:Lev.18.20,Lev. xviii. 20
clement_alex,instructor,Prov,old_testament_or_other,Bible:Prov.19.29,Prov. xix. 29
clement_alex,instructor,Sir,deuterocanonical,Bible:Sir.23.4-Sir.23.6,"Ecclus. xxiii. 4, 5, 6"
clement_alex,instructor,Gen,old_testament_or_other,Bible:Gen.2.23,Gen. ii. 23
clement_alex,instructor,Eph,new_testament,Bible:Eph.5.3,Eph. v. 3
clement_alex,instructor,Sir,deuterocanonical,Bible:Sir.23.18-Sir.23.19,"Ecclus. xxiii. 18, 19"
clement_alex,instructor,Isa,old_testament_or_other,Bible:Isa.29.15,Isa. xxix. 15
clement_alex,instructor,Wis,deuterocanonical,Bible:Wis.7.10,Wisd. vii. 10
clement_alex,instructor,Matt,new_testament,Bible:Matt.22.30,Matt xxii. 30
clement_alex,instructor,1Cor,new_testament,Bible:1Cor.6.15,1 Cor. vi. 15
clement_alex,instructor,1Cor,new_testament,Bible:1Cor.10.8,1 Cor. x. 8
clement_alex,instructor,Num,old_testament_or_other,Bible:Num.25.1-Num.25.9,Num. xxv.  1–9
clement_alex,instructor,Sir,deuterocanonical,Bible:Sir.18.30,Ecclus. xviii. 30
clement_alex,instructor,Sir,deuterocanonical,Bible:Sir.19.2-Sir.19.3 Bible:Sir.19.5,"Ecclus. xix. 2, 3, 5"
clement_alex,instructor,Luke,new_testament,Bible:Luke.12.22-Luke.12.23,"Luke xii. 22, 23"
clement_alex,instructor,Luke,new_testament,Bible:Luke.12.24,"Luke
xii. 24"
clement_alex,instructor,Luke,new_testament,Bible:Luke.12.24,Luke xii. 24
clement_alex,instructor,Luke,new_testament,Bible:Luke.12.27,Luke xii. 27
clement_alex,instructor,Luke,new_testament,Bible:Luke.12.28,Luke xii. 28
clement_alex,instructor,Matt,new_testament,Bible:Matt.6.32,Matt. vi. 32
clement_alex,instructor,Dan,old_testament_or_other,Bible:Dan.7.9,Dan. vii. 9
clement_alex,instructor,Rev,new_testament,Bible:Rev.6.9 Bible:Rev.6.11,"Rev. vi. 9, 11"
clement_alex,instructor,Sir,deuterocanonical,Bible:Sir.11.4,Ecclus. xi. 4
clement_alex,instructor,Luke,new_testament,Bible:Luke.7.25,Luke vii. 25
clement_alex,instructor,Mark,new_testament,Bible:Mark.1.6,Mark i. 6
clement_alex,instructor,2Kgs,old_testament_or_other,Bible:2Kgs.1.8,2 Kings i. 8
clement_alex,instructor,Isa,old_testament_or_other,Bible:Isa.20.2,Isa. xx. 2
clement_alex,instructor,Jer,old_testament_or_other,Bible:Jer.13.1,Jer. xiii. 1
clement_alex,instructor,Ps,old_testament_or_other,Bible:Ps.4.2,Ps. civ. 2
clement_alex,instructor,Matt,new_testament,Bible:Matt.6.25,Matt. vi. 25
clement_alex,instructor,Mark,new_testament,Bible:Mark.1.7,Mark. i. 7
clement_alex,instructor,Luke,new_testament,Bible:Luke.3.16,Luke iii. 16
clement_alex,instructor,Matt,new_testament,Bible:Matt.16.13,Matt. xvi. 13
clement_alex,instructor,Matt,new_testament,Bible:Matt.6.33,Matt. vi. 33
clement_alex,instructor,1Cor,new_testament,Bible:1Cor.10.23,1 Cor. x. 23
clement_alex,instructor,Ezek,old_testament_or_other,Bible:Ezek.16.11,Ezek. xvi. 11
clement_alex,instructor,Isa,old_testament_or_other,Bible:Isa.3.19,Isa. iii. 19
clement_alex,instructor,Luke,new_testament,Bible:Luke.12.19-Luke.12.20,"Luke. xii. 19, 20"
clement_alex,instructor,Zeph,old_testament_or_other,Bible:Zeph.1.18,Zeph. i. 18
clement_alex,instructor,Job,old_testament_or_other,Bible:Job.28,Job xxviii.
clement_alex,instructor,Hos,old_testament_or_other,Bible:Hos.2.8,Hos. ii. 8
clement_alex,instructor,Hos,old_testament_or_other,Bible:Hos.2.13,Hos. ii. 13
clement_alex,instructor,1Tim,new_testament,Bible:1Tim.2.9-1Tim.2.10,"1
Tim. ii. 9, 10"
clement_alex,instructor,Prov,old_testament_or_other,Bible:Prov.19.17,Prov. xix. 17
clement_alex,instructor,Prov,old_testament_or_other,Bible:Prov.10.4,Prov. x. 4
clement_alex,instructor,Eph,new_testament,Bible:Eph.6.15,Eph. vi. 15
clement_alex,instructor,Prov,old_testament_or_other,Bible:Prov.3.13-Prov.3.15,Prov. iii. 13–15
clement_alex,instructor,Phil,new_testament,Bible:Phil.2.7,Phil. ii. 7
clement_alex,instructor,1Cor,new_testament,Bible:1Cor.13.4,1 Cor. xiii. 4
clement_alex,instructor,Isa,old_testament_or_other,Bible:Isa.53.2-Isa.53.3,"Isa. liii. 2, 3"
clement_alex,instructor,Ps,old_testament_or_other,Bible:Ps.45.2,Ps. xlv. 2
clement_alex,instructor,1Sam,old_testament_or_other,Bible:1Sam.16.12,"1
Sam. xvi. 12"
clement_alex,instructor,John,new_testament,Bible:John.8.57,John viii. 57
clement_alex,instructor,John,new_testament,Bible:John.17.17,"John
xvii. 17"
clement_alex,instructor,Prov,old_testament_or_other,Bible:Prov.9.11,Prov. ix. 11
clement_alex,instructor,1Thess,new_testament,Bible:1Thess.2.17,1 Thess. ii. 17
clement_alex,instructor,Jer,old_testament_or_other,Bible:Jer.4.30,Jer. iv. 30
clement_alex,instructor,2Cor,new_testament,Bible:2Cor.4.18,2 Cor. iv. 18
clement_alex,instructor,1Sam,old_testament_or_other,Bible:1Sam.16.7,1 Sam. xvi. 7
clement_alex,instructor,2Cor,new_testament,Bible:2Cor.5.7,2 Cor. v. 7
clement_alex,instructor,Rom,new_testament,Bible:Rom.2.14-Rom.2.15,"Rom. ii. 14, 15"
clement_alex,instructor,Gen,old_testament_or_other,Bible:Gen.6.1-Gen.6.2,"Gen. vi. 1,
2"
clement_alex,instructor,Matt,new_testament,Bible:Matt.5.36,Matt. v. 36
clement_alex,instructor,Sir,deuterocanonical,Bible:Sir.25.6,Ecclus. xxv. 6
clement_alex,instructor,Eph,new_testament,Bible:Eph.4.20-Eph.4.24,Eph. iv. 20–24
clement_alex,instructor,Isa,old_testament_or_other,Bible:Isa.13.2,Isa. xiii. 2
clement_alex,instructor,Lev,old_testament_or_other,Bible:Lev.17.7,Lev. xvii. 7
clement_alex,instructor,2Chr,old_testament_or_other,Bible:2Chr.11.15,2 Chron. xi. 15
clement_alex,instructor,Matt,new_testament,Bible:Matt.10.30,Matt. x. 30
clement_alex,instructor,2Cor,new_testament,Bible:2Cor.13.5,2 Cor. xiii. 5
clement_alex,instructor,Deut,old_testament_or_other,Bible:Deut.23.17,Deut. xxiii. 17
clement_alex,instructor,Rom,new_testament,Bible:Rom.8.28-Rom.8.29,"Rom. viii. 28, 29"
clement_alex,instructor,Lev,old_testament_or_other,Bible:Lev.19.29,Lev. xix. 29
clement_alex,instructor,Ps,old_testament_or_other,Bible:Ps.33.2,Ps. cxxxiii. 2
clement_alex,instructor,Sir,deuterocanonical,Bible:Sir.19.29-Sir.19.30,"Ecclus. xix. 29,
30"
clement_alex,instructor,Heb,new_testament,Bible:Heb.2.14-Heb.2.16,Heb. ii. 14–16
clement_alex,instructor,1Sam,old_testament_or_other,Bible:1Sam.8.13,1 Sam. viii. 13
clement_alex,instructor,Exod,old_testament_or_other,Bible:Exod.23.2,Ex. xxiii. 2
clement_alex,instructor,Sir,deuterocanonical,Bible:Sir.9.7,Ecclus. ix. 7
clement_alex,instructor,Sir,deuterocanonical,Bible:Sir.11.29,Ecclus. xi. 29
clement_alex,instructor,Sir,deuterocanonical,Bible:Sir.9.16,Ecclus. ix. 16
clement_alex,instructor,Eph,new_testament,Bible:Eph.5.5,Eph. v. 5
clement_alex,instructor,Matt,new_testament,Bible:Matt.25.40,Matt. xxv. 40
clement_alex,instructor,2Sam,old_testament_or_other,Bible:2Sam.6.20,2 Sam. vi. 20
clement_alex,instructor,Matt,new_testament,Bible:Matt.5.28,Matt. v. 28
clement_alex,instructor,Prov,old_testament_or_other,Bible:Prov.8.10-Prov.8.11,"Prov. viii. 10, 11"
clement_alex,instructor,Prov,old_testament_or_other,Bible:Prov.8.19,Prov. viii. 19
clement_alex,instructor,Prov,old_testament_or_other,Bible:Prov.11.24,Prov. xi. 24
clement_alex,instructor,Ps,old_testament_or_other,Bible:Ps.12.9,Ps. cxii. 9
clement_alex,instructor,Matt,new_testament,Bible:Matt.7.7-Matt.7.8,"Matt. vii. 7, 8"
clement_alex,instructor,Prov,old_testament_or_other,Bible:Prov.3.5,Prov. iii. 5
clement_alex,instructor,1Kgs,old_testament_or_other,Bible:1Kgs.19.4 Bible:1Kgs.19.6,"1 Kings xix. 4, 6"
clement_alex,instructor,Luke,new_testament,Bible:Luke.10.4,Luke x. 4
clement_alex,instructor,Prov,old_testament_or_other,Bible:Prov.13.8,Prov. xiii. 8
clement_alex,instructor,Ps,old_testament_or_other,Bible:Ps.37.25,Ps. xxxvii. 25
clement_alex,instructor,Jude,new_testament,Bible:Jude.1.5 Bible:Jude.1.6,"Jude 5, 6"
clement_alex,instructor,Matt,new_testament,Bible:Matt.23.27,Matt. xxiii. 27
clement_alex,instructor,Matt,new_testament,Bible:Matt.23.25-Matt.23.26,"Matt. xxiii. 25, 26"
clement_alex,instructor,Isa,old_testament_or_other,Bible:Isa.4.4,Isa. iv. 4
clement_alex,instructor,Prov,old_testament_or_other,Bible:Prov.31.19-Prov.31.20,"Prov. xxxi. 19, 20"
clement_alex,instructor,Gen,old_testament_or_other,Bible:Gen.18.6,Gen. xviii. 6
clement_alex,instructor,Gen,old_testament_or_other,Bible:Gen.29.9,Gen. xxix. 9
clement_alex,instructor,Gen,old_testament_or_other,Bible:Gen.30.37,Gen. xxx. 37
clement_alex,instructor,Gen,old_testament_or_other,Bible:Gen.18.8,Gen. xviii. 8
clement_alex,instructor,1Pet,new_testament,Bible:1Pet.2.12,1 Pet. ii. 12
clement_alex,instructor,Rom,new_testament,Bible:Rom.13.14,Rom. xiii. 14
clement_alex,instructor,1Cor,new_testament,Bible:1Cor.11.14-1Cor.11.15,"1 Cor. xi. 14, 15"
clement_alex,instructor,Prov,old_testament_or_other,Bible:Prov.11.22,Prov. xi. 22
clement_alex,instructor,Sir,deuterocanonical,Bible:Sir.21.21,Ecclus. xxi. 21
clement_alex,instructor,Ps,old_testament_or_other,Bible:Ps.133.2,Ps. cxxxiii. 2
clement_alex,instructor,1John,new_testament,Bible:1John.2.27,1 John ii. 27
clement_alex,instructor,1Cor,new_testament,Bible:1Cor.11.3,1 Cor. xi. 3
clement_alex,instructor,1Tim,new_testament,Bible:1Tim.2.9,"1
Tim. ii. 9"
clement_alex,instructor,1Pet,new_testament,Bible:1Pet.3.1-1Pet.3.4,1 Pet. iii. 1–4
clement_alex,instructor,Prov,old_testament_or_other,Bible:Prov.31.22,Prov. xxxi. 22
clement_alex,instructor,Prov,old_testament_or_other,Bible:Prov.31.26-Prov.31.28 Bible:Prov.31.30,"Prov. xxxi. 26, 27, 28, 30"
clement_alex,instructor,Prov,old_testament_or_other,Bible:Prov.12.4,Prov. xii. 4
clement_alex,instructor,Prov,old_testament_or_other,Bible:Prov.5.3-Prov.5.5,Prov. v. 3–5
clement_alex,instructor,Prov,old_testament_or_other,Bible:Prov.5.5-Prov.5.6,"Prov. v. 5, 6"
clement_alex,instructor,Matt,new_testament,Bible:Matt.5.29,"Matt.
v. 29"
clement_alex,instructor,Prov,old_testament_or_other,Bible:Prov.10.10,Prov. x. 10
clement_alex,instructor,Sir,deuterocanonical,Bible:Sir.26.9,Ecclus. xxvi. 9
clement_alex,instructor,Col,new_testament,Bible:Col.3.5-Col.3.6,"Col. iii. 5, 6"
clement_alex,instructor,Prov,old_testament_or_other,Bible:Prov.9.13-Prov.9.18,Prov. ix. 13–18
clement_alex,instructor,Isa,old_testament_or_other,Bible:Isa.3.16-Isa.3.17,"Isa. iii. 16, 17"
clement_alex,instructor,1Pet,new_testament,Bible:1Pet.2.18,1 Pet. ii. 18
clement_alex,instructor,1Pet,new_testament,Bible:1Pet.3.8,1 Pet. iii. 8
clement_alex,instructor,Lev,old_testament_or_other,Bible:Lev.11.13-Lev.11.14,"Lev. xi. 13, 14"
clement_alex,instructor,Deut,old_testament_or_other,Bible:Deut.14.12,Deut. xiv. 12
clement_alex,instructor,Ps,old_testament_or_other,Bible:Ps.1.1,Ps. i. 1
clement_alex,instructor,Acts,new_testament,Bible:Acts.3.14,Acts iii. 14
clement_alex,instructor,Exod,old_testament_or_other,Bible:Exod.20.7,Ex. xx. 7
clement_alex,instructor,John,new_testament,Bible:John.2.13-John.2.17,John ii. 13–17
clement_alex,instructor,Matt,new_testament,Bible:Matt.21.12-Matt.21.13,"Matt. xxi. 12, 13"
clement_alex,instructor,Luke,new_testament,Bible:Luke.19.45-Luke.19.46,"Luke xix. 45,
46"
clement_alex,instructor,1Cor,new_testament,Bible:1Cor.11.5,1 Cor. xi. 5
clement_alex,instructor,1Cor,new_testament,Bible:1Cor.11.10,"1
Cor. xi. 10"
clement_alex,instructor,1Cor,new_testament,Bible:1Cor.11.22,"1
Cor. xi. 22"
clement_alex,instructor,Matt,new_testament,Bible:Matt.8.22,Matt. viii. 22
clement_alex,instructor,1Cor,new_testament,Bible:1Cor.6.9-1Cor.6.10,"1 Cor. vi. 9,
10"
clement_alex,instructor,Rom,new_testament,Bible:Rom.16.16,Rom. xvi. 16
clement_alex,instructor,1John,new_testament,Bible:1John.5.3,1 John v. 3
clement_alex,instructor,Matt,new_testament,Bible:Matt.5.13,Matt. v. 13
clement_alex,instructor,Prov,old_testament_or_other,Bible:Prov.27.14,Prov. xxvii. 14
clement_alex,instructor,Prov,old_testament_or_other,Bible:Prov.4.25,Prov. iv. 25
clement_alex,instructor,2Cor,new_testament,Bible:2Cor.8.20-2Cor.8.21,"2 Cor. viii. 20, 21"
clement_alex,instructor,Sir,deuterocanonical,Bible:Sir.9.8,Ecclus. ix. 8
clement_alex,instructor,1Pet,new_testament,Bible:1Pet.1.17-1Pet.1.19,1 Pet. i. 17–19
clement_alex,instructor,1Pet,new_testament,Bible:1Pet.4.3,1 Pet. iv. 3
clement_alex,instructor,Ps,old_testament_or_other,Bible:Ps.34.15-Ps.34.16,"Ps. xxxiv. 15, 16"
clement_alex,instructor,1Pet,new_testament,Bible:1Pet.3.13,1 Pet. iii. 13
clement_alex,instructor,Ezek,old_testament_or_other,Bible:Ezek.18.23,Ezek. xviii. 23
clement_alex,instructor,Ps,old_testament_or_other,Bible:Ps.1.6,Ps. i. 6
clement_alex,instructor,Isa,old_testament_or_other,Bible:Isa.45.3,Isa. xlv. 3
clement_alex,instructor,Rom,new_testament,Bible:Rom.11.33,Rom. xi. 33
clement_alex,instructor,Luke,new_testament,Bible:Luke.6.31,Luke vi. 31
clement_alex,instructor,Matt,new_testament,Bible:Matt.22.37 Bible:Matt.22.39 Bible:Matt.22.40,"Matt. xxii. 37, 39, 40"
clement_alex,instructor,Exod,old_testament_or_other,Bible:Exod.20,Ex. xx.
clement_alex,instructor,Deut,old_testament_or_other,Bible:Deut.5,Deut. v.
clement_alex,instructor,Isa,old_testament_or_other,Bible:Isa.1.16-Isa.1.18,"Isa. i. 16, 17, 18"
clement_alex,instructor,Isa,old_testament_or_other,Bible:Isa.58.7-Isa.58.9,"Isa. lviii. 7,
8, 9"
clement_alex,instructor,Isa,old_testament_or_other,Bible:Isa.57.6-Isa.57.7,"Isa. lvii. 6, 7"
clement_alex,instructor,Isa,old_testament_or_other,Bible:Isa.1.11-Isa.1.14,Isa. i. 11–14
clement_alex,instructor,Ps,old_testament_or_other,Bible:Ps.51.17,Ps. li. 17
clement_alex,instructor,Luke,new_testament,Bible:Luke.17.3-Luke.17.4,"Luke xvii. 3, 4"
clement_alex,instructor,Prov,old_testament_or_other,Bible:Prov.13.11,Prov. xiii. 11
clement_alex,instructor,1Pet,new_testament,Bible:1Pet.4.8,1 Pet. iv. 8
clement_alex,instructor,Mark,new_testament,Bible:Mark.12.17,Mark xii. 17
clement_alex,instructor,Luke,new_testament,Bible:Luke.20.25,Luke xx. 25
clement_alex,instructor,Jer,old_testament_or_other,Bible:Jer.7.22-Jer.7.23,"Jer. vii. 22, 23"
clement_alex,instructor,Zech,old_testament_or_other,Bible:Zech.8,Zech. viii.
clement_alex,instructor,Isa,old_testament_or_other,Bible:Isa.5.20-Isa.5.21,"Isa. v. 20, 21"
clement_alex,instructor,Luke,new_testament,Bible:Luke.14.11,Luke xiv. 11
clement_alex,instructor,Prov,old_testament_or_other,Bible:Prov.16,Prov. xvi.
clement_alex,instructor,Matt,new_testament,Bible:Matt.5.40,Matt. v. 40
clement_alex,instructor,Luke,new_testament,Bible:Luke.6.27-Luke.6.29,"Luke vi.
27–29"
clement_alex,instructor,Matt,new_testament,Bible:Matt.21.22,Matt. xxi. 22
clement_alex,instructor,Prov,old_testament_or_other,Bible:Prov.13.24,Prov. xiii. 24
clement_alex,instructor,Luke,new_testament,Bible:Luke.11.43,Luke xi. 43
clement_alex,instructor,Matt,new_testament,Bible:Matt.25.34-Matt.25.36,Matt. xxv. 34–36
clement_alex,instructor,Eph,new_testament,Bible:Eph.5.1,Eph. v. 1
clement_alex,instructor,Eph,new_testament,Bible:Eph.4.25-Eph.4.29,Eph. iv. 25–29
clement_alex,instructor,Gal,new_testament,Bible:Gal.5.25-Gal.5.26,"Gal. v. 25,
26"
clement_alex,instructor,1Thess,new_testament,Bible:1Thess.5.13-1Thess.5.15,1 Thess. v. 13–15
clement_alex,instructor,Col,new_testament,Bible:Col.4.2 Bible:Col.4.5 Bible:Col.4.9,"Col. iv. 2, 5, 9"
clement_alex,instructor,1Tim,new_testament,Bible:1Tim.4.6-1Tim.4.8,"1 Tim.
iv. 6–8"
clement_alex,instructor,1Tim,new_testament,Bible:1Tim.6.2,1 Tim. vi. 2
clement_alex,instructor,Rom,new_testament,Bible:Rom.12.8-Rom.12.13,Rom. xii. 8–13
clement_alex,instructor,1John,new_testament,Bible:1John.2.2-1John.2.6,1 John ii. 2–6
clement_alex,stromata,Prov,old_testament_or_other,Bible:Prov.2.1-Prov.2.2,"Prov. ii. 1, 2"
clement_alex,stromata,Prov,old_testament_or_other,Bible:Prov.3.1,Prov. iii. 1
clement_alex,stromata,Matt,new_testament,Bible:Matt.13.13,Matt. xiii. 13
clement_alex,stromata,Matt,new_testament,Bible:Matt.18.32,Matt. xviii. 32
clement_alex,stromata,Luke,new_testament,Bible:Luke.19.22,Luke xix. 22
clement_alex,stromata,Matt,new_testament,Bible:Matt.25.30,Matt. xxv. 30
clement_alex,stromata,2Tim,new_testament,Bible:2Tim.2.1-2Tim.2.2,"2 Tim. ii. 1, 2"
clement_alex,stromata,Gal,new_testament,Bible:Gal.6.8-Gal.6.9,"Gal. vi. 8, 9"
clement_alex,stromata,2Cor,new_testament,Bible:2Cor.6.4 Bible:2Cor.6.10 Bible:2Cor.6.11,"2 Cor. vi. 4, 10, 11"
clement_alex,stromata,1Tim,new_testament,Bible:1Tim.5.21,1 Tim. v. 21
clement_alex,stromata,1Cor,new_testament,Bible:1Cor.11.27-1Cor.11.28,"1 Cor. xi. 27, 28"
clement_alex,stromata,1Thess,new_testament,Bible:1Thess.2.5-1Thess.2.7,"1 Thess. ii. 5, 6, 7"
clement_alex,stromata,Matt,new_testament,Bible:Matt.9.37-Matt.9.38,"Matt. ix. 37,
38"
clement_alex,stromata,Luke,new_testament,Bible:Luke.10.2,Luke x. 2
clement_alex,stromata,John,new_testament,Bible:John.6.27,John vi. 27
clement_alex,stromata,Matt,new_testament,Bible:Matt.5.9,Matt. v. 9
clement_alex,stromata,1Cor,new_testament,Bible:1Cor.3.8-1Cor.3.9,"1 Cor. iii. 8, 9"
clement_alex,stromata,Isa,old_testament_or_other,Bible:Isa.7.9,Isa. vii. 9
clement_alex,stromata,Gal,new_testament,Bible:Gal.6.10,Gal. vi. 10
clement_alex,stromata,Ps,old_testament_or_other,Bible:Ps.51.7-Ps.51.12,Ps. li. 7–12
clement_alex,stromata,Isa,old_testament_or_other,Bible:Isa.55.1,Isa. lv. 1
clement_alex,stromata,Prov,old_testament_or_other,Bible:Prov.5.15,Prov. v. 15
clement_alex,stromata,1Cor,new_testament,Bible:1Cor.11.31-1Cor.11.32,"1 Cor. xi. 31,
32"
clement_alex,stromata,Prov,old_testament_or_other,Bible:Prov.29.3,Prov. xxix. 3
clement_alex,stromata,Matt,new_testament,Bible:Matt.5.15,Matt. v. 15
clement_alex,stromata,Mark,new_testament,Bible:Mark.4.21,Mark. iv. 21
clement_alex,stromata,John,new_testament,Bible:John.5.17 Bible:John.5.19,"John. v. 17, 19"
clement_alex,stromata,Luke,new_testament,Bible:Luke.8.17,"Luke
viii. 17"
clement_alex,stromata,Eph,new_testament,Bible:Eph.4.11-Eph.4.12,"Eph. iv. 11, 12"
clement_alex,stromata,1Cor,new_testament,Bible:1Cor.9.20-1Cor.9.21,"1 Cor. ix. 20, 21"
clement_alex,stromata,Col,new_testament,Bible:Col.1.28,Col. i. 28
clement_alex,stromata,1Cor,new_testament,Bible:1Cor.1.22,1 Cor. i. 22
clement_alex,stromata,Matt,new_testament,Bible:Matt.8.20,Matt. viii. 20
clement_alex,stromata,Luke,new_testament,Bible:Luke.9.58,Luke ix. 58
clement_alex,stromata,Job,old_testament_or_other,Bible:Job.5.13,Job v. 13
clement_alex,stromata,1Cor,new_testament,Bible:1Cor.3.19-1Cor.3.20,"1 Cor. iii. 19, 20"
clement_alex,stromata,Ps,old_testament_or_other,Bible:Ps.94.11,Ps.  xciv. 11
clement_alex,stromata,Isa,old_testament_or_other,Bible:Isa.29.14,Isa. xxix. 14
clement_alex,stromata,1Cor,new_testament,Bible:1Cor.1.19,1 Cor. i. 19
clement_alex,stromata,Dan,old_testament_or_other,Bible:Dan.2.27-Dan.2.28,"Dan. ii. 27, 28"
clement_alex,stromata,Exod,old_testament_or_other,Bible:Exod.31.2-Exod.31.5,Ex. xxxi. 2–5
clement_alex,stromata,Exod,old_testament_or_other,Bible:Exod.31.6,Ex. xxxi. 6
clement_alex,stromata,Exod,old_testament_or_other,Bible:Exod.28.3,Ex. xxviii. 3
clement_alex,stromata,Eph,new_testament,Bible:Eph.3.10,Eph. iii. 10
clement_alex,stromata,Heb,new_testament,Bible:Heb.1.1,Heb. i. 1
clement_alex,stromata,Sir,deuterocanonical,Bible:Sir.1.1,Ecclus. i. 1
clement_alex,stromata,Prov,old_testament_or_other,Bible:Prov.2.3-Prov.2.5,Prov. ii. 3–5
clement_alex,stromata,Prov,old_testament_or_other,Bible:Prov.3.23,Prov. iii. 23
clement_alex,stromata,Gal,new_testament,Bible:Gal.3.24,Gal. iii. 24
clement_alex,stromata,Prov,old_testament_or_other,Bible:Prov.4.8-Prov.4.9,"Prov. iv. 8, 9"
clement_alex,stromata,Prov,old_testament_or_other,Bible:Prov.4.10-Prov.4.11 Bible:Prov.4.21,"Prov. iv. 10, 11, 21"
clement_alex,stromata,Prov,old_testament_or_other,Bible:Prov.4.18,Prov. iv. 18
clement_alex,stromata,Matt,new_testament,Bible:Matt.23.37,Matt. xxiii. 37
clement_alex,stromata,Luke,new_testament,Bible:Luke.13.34,"Luke
xiii. 34"
clement_alex,stromata,Prov,old_testament_or_other,Bible:Prov.5.2-Prov.5.3 Bible:Prov.5.5 Bible:Prov.5.8 Bible:Prov.5.9 Bible:Prov.5.11 Bible:Prov.5.20,"Prov. v. 2, 3, 5, 8, 9,
11, 20"
clement_alex,stromata,Prov,old_testament_or_other,Bible:Prov.5.20,Prov. v. 20
clement_alex,stromata,Gen,old_testament_or_other,Bible:Gen.16.6,Gen. xvi. 6
clement_alex,stromata,Prov,old_testament_or_other,Bible:Prov.3.11-Prov.3.12,"Prov. iii. 11, 12"
clement_alex,stromata,Heb,new_testament,Bible:Heb.12.5-Heb.12.6,"Heb. xii. 5, 6"
clement_alex,stromata,John,new_testament,Bible:John.14.6,John xiv. 6
clement_alex,stromata,Prov,old_testament_or_other,Bible:Prov.6.6 Bible:Prov.6.8,"Prov. vi. 6, 8"
clement_alex,stromata,Matt,new_testament,Bible:Matt.6.6,Matt. vi. 6
clement_alex,stromata,John,new_testament,Bible:John.4.23,John iv. 23
clement_alex,stromata,Heb,new_testament,Bible:Heb.5.14,Heb. v. 14
clement_alex,stromata,Prov,old_testament_or_other,Bible:Prov.10.12 Bible:Prov.10.17,"Prov. x. 12, 17"
clement_alex,stromata,Prov,old_testament_or_other,Bible:Prov.10.19,Prov. x. 19
clement_alex,stromata,Rom,new_testament,Bible:Rom.4,Rom. iv.
clement_alex,stromata,John,new_testament,Bible:John.7.17,John vii. 17
clement_alex,stromata,Ps,old_testament_or_other,Bible:Ps.18.19,Ps. cxviii. 19
clement_alex,stromata,Ps,old_testament_or_other,Bible:Ps.18.20,Ps. cxviii. 20
clement_alex,stromata,1Tim,new_testament,Bible:1Tim.6.3-1Tim.6.5,1 Tim. vi. 3–5
clement_alex,stromata,Eph,new_testament,Bible:Eph.4.14,Eph. iv. 14
clement_alex,stromata,Titus,new_testament,Bible:Titus.1.10,Tit. i. 10
clement_alex,stromata,Matt,new_testament,Bible:Matt.5.13,Matt. v. 13
clement_alex,stromata,Gal,new_testament,Bible:Gal.5.26,Gal. v. 26
clement_alex,stromata,Prov,old_testament_or_other,Bible:Prov.22.20-Prov.22.21,"Prov. xxii. 20, 21"
clement_alex,stromata,John,new_testament,Bible:John.1.3,John. i. 3
clement_alex,stromata,Matt,new_testament,Bible:Matt.12.37,Matt. xii. 37
clement_alex,stromata,Acts,new_testament,Bible:Acts.8.30,"Acts
viii. 30"
clement_alex,stromata,Ps,old_testament_or_other,Bible:Ps.48.10-Ps.48.11,"Ps. xlviii. 10, 11"
clement_alex,stromata,Sir,deuterocanonical,Bible:Sir.19.22,Ecclus. xix. 22
clement_alex,stromata,Prov,old_testament_or_other,Bible:Prov.14.6,Prov. xiv. 6
clement_alex,stromata,Prov,old_testament_or_other,Bible:Prov.10.31,Prov. x. 31
clement_alex,stromata,Gal,new_testament,Bible:Gal.1.8-Gal.1.9,"Gal. i. 8, 9"
clement_alex,stromata,2Tim,new_testament,Bible:2Tim.2.14,2 Tim. ii. 14
clement_alex,stromata,2Tim,new_testament,Bible:2Tim.2.14 Bible:2Tim.2.16 Bible:2Tim.2.17,"2 Tim. ii. 14, 16, 17"
clement_alex,stromata,Jer,old_testament_or_other,Bible:Jer.9.23-Jer.9.24,"Jer. ix. 23, 24"
clement_alex,stromata,2Cor,new_testament,Bible:2Cor.1.9-2Cor.1.10,"2 Cor. i. 9, 10"
clement_alex,stromata,1Cor,new_testament,Bible:1Cor.2.5 Bible:1Cor.2.15,"1 Cor. ii. 5, 15"
clement_alex,stromata,Col,new_testament,Bible:Col.2.4 Bible:Col.2.8,"Col. ii. 4, 8"
clement_alex,stromata,Col,new_testament,Bible:Col.2.8,Col. ii. 8
clement_alex,stromata,Acts,new_testament,Bible:Acts.17.18,Acts xvii. 18
clement_alex,stromata,2Tim,new_testament,Bible:2Tim.2.23,2 Tim. ii. 23
clement_alex,stromata,Matt,new_testament,Bible:Matt.7.7,Matt. vii. 7
clement_alex,stromata,Col,new_testament,Bible:Col.2.4,Col. ii. 4
clement_alex,stromata,Col,new_testament,Bible:Col.2.6-Col.2.7,"Col. ii. 6,
7"
clement_alex,stromata,Phil,new_testament,Bible:Phil.1.9-Phil.1.10,"Phil. i. 9, 10"
clement_alex,stromata,Gal,new_testament,Bible:Gal.4.1-Gal.4.3,"Gal. iv. 1, 2, 3"
clement_alex,stromata,Gen,old_testament_or_other,Bible:Gen.21.10,Gen. xxi. 10
clement_alex,stromata,Gal,new_testament,Bible:Gal.4.30,Gal. iv. 30
clement_alex,stromata,Heb,new_testament,Bible:Heb.5.13,Heb. v. 13
clement_alex,stromata,1Thess,new_testament,Bible:1Thess.5.21,1 Thess. v. 21
clement_alex,stromata,Prov,old_testament_or_other,Bible:Prov.15.14,Prov. xv. 14
clement_alex,stromata,Prov,old_testament_or_other,Bible:Prov.2,"Prov.
ii."
clement_alex,stromata,1Cor,new_testament,Bible:1Cor.4.19-1Cor.4.20,"1 Cor. iv. 19,
20"
clement_alex,stromata,1Cor,new_testament,Bible:1Cor.8.1-1Cor.8.3,"1 Cor. viii. 1, 2, 3"
clement_alex,stromata,Matt,new_testament,Bible:Matt.7.6,Matt. vii. 6
clement_alex,stromata,1Cor,new_testament,Bible:1Cor.2.14,1 Cor. ii. 14
clement_alex,stromata,Matt,new_testament,Bible:Matt.10.27,Matt. x. 27
clement_alex,stromata,John,new_testament,Bible:John.8.12,"John
viii. 12"
clement_alex,stromata,Eccl,old_testament_or_other,Bible:Eccl.1.16-Eccl.1.18,"Eccles. i. 16, 17,
18"
clement_alex,stromata,Eccl,old_testament_or_other,Bible:Eccl.7.13,Eccles. vii. 13
clement_alex,stromata,Prov,old_testament_or_other,Bible:Prov.8.9-Prov.8.11,"Prov. viii. 9, 10, 11"
clement_alex,stromata,Titus,new_testament,Bible:Titus.1.12-Titus.1.13,"Tit. i. 12, 13"
clement_alex,stromata,1Cor,new_testament,Bible:1Cor.15.32-1Cor.15.33,"1 Cor. xv. 32, 33"
clement_alex,stromata,Ps,old_testament_or_other,Bible:Ps.33,Ps. xxxiii.
clement_alex,stromata,1Cor,new_testament,Bible:1Cor.14.9-1Cor.14.11 Bible:1Cor.14.13,"1 Cor. xiv. 9, 10, 11, 13"
clement_alex,stromata,John,new_testament,Bible:John.10.8,John x.  8
clement_alex,stromata,Prov,old_testament_or_other,Bible:Prov.9.3,Prov. ix. 3
clement_alex,stromata,John,new_testament,Bible:John.8.44,John viii. 44
clement_alex,stromata,Eph,new_testament,Bible:Eph.3.10-Eph.3.11,"Eph. iii. 10, 11"
clement_alex,stromata,1Cor,new_testament,Bible:1Cor.2.13,1 Cor. ii. 13
clement_alex,stromata,John,new_testament,Bible:John.1.16,"John
i. 16"
clement_alex,stromata,John,new_testament,Bible:John.7.16 Bible:John.7.18,"John vii. 16,
18"
clement_alex,stromata,2Tim,new_testament,Bible:2Tim.3.2,2 Tim. iii. 2
clement_alex,stromata,1Cor,new_testament,Bible:1Cor.1.19-1Cor.1.20,"1 Cor. i. 19, 20"
clement_alex,stromata,1Cor,new_testament,Bible:1Cor.1.21-1Cor.1.24,"1
Cor. i. 21–24"
clement_alex,stromata,Titus,new_testament,Bible:Titus.2.14,Tit. ii. 14
clement_alex,stromata,Acts,new_testament,Bible:Acts.2.41,Acts ii. 41
clement_alex,stromata,Isa,old_testament_or_other,Bible:Isa.1.19,Isa. i. 19
clement_alex,stromata,Eph,new_testament,Bible:Eph.4.24-Eph.4.25 Bible:Eph.4.27,"Eph. iv. 24, 25, 27"
clement_alex,stromata,Acts,new_testament,Bible:Acts.17.22-Acts.17.28,"Acts
xvii. 22–28"
clement_alex,stromata,Acts,new_testament,Bible:Acts.26.17-Acts.26.18,"Acts xxvi. 17, 18"
clement_alex,stromata,1Cor,new_testament,Bible:1Cor.12.12,1 Cor. xii. 12
clement_alex,stromata,Prov,old_testament_or_other,Bible:Prov.11.21,Prov. xi. 21
clement_alex,stromata,Prov,old_testament_or_other,Bible:Prov.11.24,Prov. xi. 24
clement_alex,stromata,Prov,old_testament_or_other,Bible:Prov.27.25-Prov.27.26,"Prov. xxvii. 25,
26"
clement_alex,stromata,Prov,old_testament_or_other,Bible:Prov.27.23,Prov. xxvii. 23
clement_alex,stromata,Rom,new_testament,Bible:Rom.2.14-Rom.2.15,"Rom. ii. 14, 15"
clement_alex,stromata,Prov,old_testament_or_other,Bible:Prov.27.10,"Prov.
xxvii. 10"
clement_alex,stromata,Prov,old_testament_or_other,Bible:Prov.9.12,Prov. ix. 12
clement_alex,stromata,Prov,old_testament_or_other,Bible:Prov.9.17,Prov. ix. 17
clement_alex,stromata,2Tim,new_testament,Bible:2Tim.3.15,2 Tim. iii. 15
clement_alex,stromata,1Cor,new_testament,Bible:1Cor.1.24,1 Cor. i. 24
clement_alex,stromata,Prov,old_testament_or_other,Bible:Prov.21.11,Prov. xxi. 11
clement_alex,stromata,John,new_testament,Bible:John.7.18,John vii. 18
clement_alex,stromata,Judg,old_testament_or_other,Bible:Judg.3.8,Judg. iii. 8
clement_alex,stromata,Judg,old_testament_or_other,Bible:Judg.4.6,Judg. iv. 6
clement_alex,stromata,Judg,old_testament_or_other,Bible:Judg.10.1,Judg. x. 1
clement_alex,stromata,Judg,old_testament_or_other,Bible:Judg.12.8,Judg. xii. 8
clement_alex,stromata,Judg,old_testament_or_other,Bible:Judg.12.11,Judg. xii. 11
clement_alex,stromata,1Kgs,old_testament_or_other,Bible:1Kgs.13.1-1Kgs.13.2,"1 Kings
xiii. 1, 2"
clement_alex,stromata,Lev,old_testament_or_other,Bible:Lev.26.30,Lev. xxvi. 30
clement_alex,stromata,2Kgs,old_testament_or_other,Bible:2Kgs.23.22,2 Kings xxiii. 22
clement_alex,stromata,2Kgs,old_testament_or_other,Bible:2Kgs.22.8,2 Kings xxii. 8
clement_alex,stromata,Jer,old_testament_or_other,Bible:Jer.26.20,Jer. xxvi.  20
clement_alex,stromata,Dan,old_testament_or_other,Bible:Dan.9.24-Dan.9.27,Dan. ix. 24–27
clement_alex,stromata,1Kgs,old_testament_or_other,Bible:1Kgs.7.13 Bible:1Kgs.7.40,"1 Kings vii. 13, 40"
clement_alex,stromata,John,new_testament,Bible:John.4.1,John iv. 1
clement_alex,stromata,Gen,old_testament_or_other,Bible:Gen.46.27,Gen. xlvi. 27
clement_alex,stromata,Luke,new_testament,Bible:Luke.3.1-Luke.3.2 Bible:Luke.3.23,"Luke
iii. 1, 2, 23"
clement_alex,stromata,Isa,old_testament_or_other,Bible:Isa.61.1-Isa.61.2,"Isa. lxi. 1, 2"
clement_alex,stromata,Dan,old_testament_or_other,Bible:Dan.8.13-Dan.8.14,"Dan.  viii. 13, 14"
clement_alex,stromata,Dan,old_testament_or_other,Bible:Dan.12.12,Dan. xii. 12
clement_alex,stromata,Dan,old_testament_or_other,Bible:Dan.12.11-Dan.12.12,"Dan. xii. 11, 12"
clement_alex,stromata,Matt,new_testament,Bible:Matt.1.17,Matt. i. 17
clement_alex,stromata,Exod,old_testament_or_other,Bible:Exod.2.10,Ex. ii. 10
clement_alex,stromata,Deut,old_testament_or_other,Bible:Deut.33.5,Deut.  xxxiii. 5
clement_alex,stromata,Acts,new_testament,Bible:Acts.7.22,"Acts
vii. 22"
clement_alex,stromata,Acts,new_testament,Bible:Acts.5.1,"Acts
v. 1"
clement_alex,stromata,Matt,new_testament,Bible:Matt.6.33,Matt. vi. 33
clement_alex,stromata,Phil,new_testament,Bible:Phil.2.10-Phil.2.11,"Phil. ii. 10, 11"
clement_alex,stromata,Exod,old_testament_or_other,Bible:Exod.3.14,"Ex. iii.
14"
clement_alex,stromata,Gal,new_testament,Bible:Gal.3.19 Bible:Gal.3.23 Bible:Gal.3.24,"Gal. iii. 19, 23, 24"
clement_alex,stromata,John,new_testament,Bible:John.10.11,John x. 11
clement_alex,stromata,Jer,old_testament_or_other,Bible:Jer.8.22,Jer. viii.  22
clement_alex,stromata,1Cor,new_testament,Bible:1Cor.11.32,1 Cor. xi. 32
clement_alex,stromata,Ps,old_testament_or_other,Bible:Ps.18.18,Ps. cxviii. 18
clement_alex,stromata,Deut,old_testament_or_other,Bible:Deut.8.2-Deut.8.3 Bible:Deut.8.5,"Deut. viii. 2,
3, 5"
clement_alex,stromata,Prov,old_testament_or_other,Bible:Prov.22.3-Prov.22.4,"Prov. xxii. 3, 4"
clement_alex,stromata,Prov,old_testament_or_other,Bible:Prov.28.5,Prov. xxviii. 5
clement_alex,stromata,1Pet,new_testament,Bible:1Pet.4.8,"1
Pet. iv. 8"
clement_alex,stromata,Rom,new_testament,Bible:Rom.2.17-Rom.2.20,Rom. ii. 17–20
clement_alex,stromata,Prov,old_testament_or_other,Bible:Prov.3.13 Bible:Prov.3.16,"Prov. iii. 13, 16"
clement_alex,stromata,Prov,old_testament_or_other,Bible:Prov.3.3,Prov. iii. 3
clement_alex,stromata,Isa,old_testament_or_other,Bible:Isa.59.7-Isa.59.8,"Isa. lix. 7, 8"
clement_alex,stromata,Rom,new_testament,Bible:Rom.3.16-Rom.3.17,"Rom. iii. 16, 17"
clement_alex,stromata,Ps,old_testament_or_other,Bible:Ps.36.1,Ps. xxxvi. 1
clement_alex,stromata,Rom,new_testament,Bible:Rom.3.18,Rom. iii. 18
clement_alex,stromata,Rom,new_testament,Bible:Rom.1.22,Rom. i. 22
clement_alex,stromata,1Tim,new_testament,Bible:1Tim.1.8,1 Tim. i. 8
clement_alex,stromata,1Tim,new_testament,Bible:1Tim.1.7,1 Tim. i. 7
clement_alex,stromata,1Tim,new_testament,Bible:1Tim.1.5,1 Tim. i. 5
clement_alex,stromata,Matt,new_testament,Bible:Matt.11.27,Matt. xi. 27
clement_alex,stromata,Eph,new_testament,Bible:Eph.3.3-Eph.3.4,"Eph. iii. 3, 4"
clement_alex,stromata,Prov,old_testament_or_other,Bible:Prov.6.23,Prov. vi. 23
clement_alex,stromata,Gen,old_testament_or_other,Bible:Gen.17.4,Gen. xvii. 4
clement_alex,stromata,2Tim,new_testament,Bible:2Tim.1.13-2Tim.1.14,"2 Tim. i. 13, 14"
clement_alex,stromata,2Tim,new_testament,Bible:2Tim.2.2,2 Tim. ii. 2
clement_alex,stromata,1Cor,new_testament,Bible:1Cor.11.2,"1 Cor. xi.
2"
clement_alex,stromata,2Thess,new_testament,Bible:2Thess.3.6,2 Thess. iii. 6
clement_alex,stromata,1Cor,new_testament,Bible:1Cor.5.8,1 Cor. v. 8
clement_alex,stromata,1Cor,new_testament,Bible:1Cor.16.2,1 Cor. xvi. 2
clement_alex,stromata,John,new_testament,Bible:John.7.17,"John vii.
17"
clement_alex,stromata,Num,old_testament_or_other,Bible:Num.24.3-Num.24.4 Bible:Num.24.15 Bible:Num.24.16,"Numbers 24:3, 4, 15, 16"
clement_alex,stromata,Col,new_testament,Bible:Col.4.6,Col. iv. 6
clement_alex,stromata,Prov,old_testament_or_other,Bible:Prov.10.10,Prov. x. 10
clement_alex,stromata,Prov,old_testament_or_other,Bible:Prov.3.5-Prov.3.7 Bible:Prov.3.12 Bible:Prov.3.23,"Prov. iii. 5, 6, 7, 12,
23"
clement_alex,stromata,Wis,deuterocanonical,Bible:Wis.7.17 Bible:Wis.7.20 Bible:Wis.7.21 Bible:Wis.7.22,"Wisd. vii. 17,
20, 21, 22"
clement_alex,stromata,Jer,old_testament_or_other,Bible:Jer.23.23-Jer.23.24,"Jer. xxiii. 23, 24"
clement_alex,stromata,Exod,old_testament_or_other,Bible:Exod.33.18,Ex. xxxiii. 18
clement_alex,stromata,Isa,old_testament_or_other,Bible:Isa.66.1,Isa. lxvi. 1
clement_alex,stromata,Prov,old_testament_or_other,Bible:Prov.1.2-Prov.1.6,Prov. i. 2–6
clement_alex,stromata,1Cor,new_testament,Bible:1Cor.2.10,1 Cor. ii. 10
clement_alex,stromata,Prov,old_testament_or_other,Bible:Prov.5.16,Prov. v. 16
clement_alex,stromata,Hab,old_testament_or_other,Bible:Hab.2.4,Hab. ii. 4
clement_alex,stromata,Heb,new_testament,Bible:Heb.11.1-Heb.11.2 Bible:Heb.11.6,"Heb. xi. 1,
2, 6"
clement_alex,stromata,John,new_testament,Bible:John.20.29,John xx. 29
clement_alex,stromata,Heb,new_testament,Bible:Heb.11.3-Heb.11.4 Bible:Heb.11.25,"Heb. xi. 3, 4, 25"
clement_alex,stromata,Heb,new_testament,Bible:Heb.11.32,Heb. xi. 32
clement_alex,stromata,Matt,new_testament,Bible:Matt.23.9,Matt. xxiii. 9
clement_alex,stromata,Isa,old_testament_or_other,Bible:Isa.64.4,Isa. lxiv. 4
clement_alex,stromata,1Cor,new_testament,Bible:1Cor.2.9,1 Cor. ii. 9
clement_alex,stromata,Matt,new_testament,Bible:Matt.21.31,Matt. xxi. 31
clement_alex,stromata,Gen,old_testament_or_other,Bible:Gen.33.11,"Gen.
xxxiii. 11"
clement_alex,stromata,Exod,old_testament_or_other,Bible:Exod.3.16,Ex. iii. 16
clement_alex,stromata,Jas,new_testament,Bible:Jas.2.23,Jas. ii. 23
clement_alex,stromata,Exod,old_testament_or_other,Bible:Exod.33.11,Ex. xxxiii. 11
clement_alex,stromata,John,new_testament,Bible:John.1.9,John i. 9
clement_alex,stromata,Heb,new_testament,Bible:Heb.7.2,Heb. vii. 2
clement_alex,stromata,Matt,new_testament,Bible:Matt.19.24,Matt. xix. 24
clement_alex,stromata,Matt,new_testament,Bible:Matt.5.3,Matt. v. 3
clement_alex,stromata,Matt,new_testament,Bible:Matt.11.28-Matt.11.30,Matt. xi. 28–30
clement_alex,stromata,John,new_testament,Bible:John.8.32-John.8.36,John viii. 32–36
clement_alex,stromata,Isa,old_testament_or_other,Bible:Isa.53.3,Isa. liii. 3
clement_alex,stromata,Sir,deuterocanonical,Bible:Sir.15.10,Ecclus. xv. 10
clement_alex,stromata,Sir,deuterocanonical,Bible:Sir.6.33,Ecclus. vi. 33
clement_alex,stromata,Isa,old_testament_or_other,Bible:Isa.53.1,Isa. liii. 1
clement_alex,stromata,Rom,new_testament,Bible:Rom.10.17 Bible:Rom.10.14 Bible:Rom.10.15,"Rom. x. 17, 14, 15"
clement_alex,stromata,1Cor,new_testament,Bible:1Cor.1.9,1 Cor. i. 9
clement_alex,stromata,Isa,old_testament_or_other,Bible:Isa.54.1,Isa. liv. 1
clement_alex,stromata,Rom,new_testament,Bible:Rom.1.17,Rom. i. 17
clement_alex,stromata,1Tim,new_testament,Bible:1Tim.1.18-1Tim.1.19,"1
Tim. i. 18, 19"
clement_alex,stromata,Ps,old_testament_or_other,Bible:Ps.11.10,Ps. cxi. 10
clement_alex,stromata,Prov,old_testament_or_other,Bible:Prov.1.7,Prov. i. 7
clement_alex,stromata,Prov,old_testament_or_other,Bible:Prov.1.17-Prov.1.18,"Prov. i. 17, 18"
clement_alex,stromata,Rom,new_testament,Bible:Rom.3.20,Rom. iii. 20
clement_alex,stromata,Ezek,old_testament_or_other,Bible:Ezek.33.11,Ezek. xxxiii. 11
clement_alex,stromata,Jdt,deuterocanonical,Bible:Jdt.8.27,Judith viii. 27
clement_alex,stromata,Prov,old_testament_or_other,Bible:Prov.10.4-Prov.10.5 Bible:Prov.10.8,"Prov. x. 4, 5, 8"
clement_alex,stromata,Isa,old_testament_or_other,Bible:Isa.5.21,Isa. v. 21
clement_alex,stromata,Prov,old_testament_or_other,Bible:Prov.1.33,Prov. i. 33
clement_alex,stromata,Prov,old_testament_or_other,Bible:Prov.7.2,Prov. vii. 2
clement_alex,stromata,Prov,old_testament_or_other,Bible:Prov.14.16 Bible:Prov.14.26,"Prov. xiv. 16, 26"
clement_alex,stromata,Rom,new_testament,Bible:Rom.12.2,Rom. xii. 2
clement_alex,stromata,Rom,new_testament,Bible:Rom.12.9-Rom.12.10 Bible:Rom.12.18 Bible:Rom.12.21,"Rom. xii. 9, 10, 18, 21"
clement_alex,stromata,Rom,new_testament,Bible:Rom.10.2-Rom.10.3,"Rom. x. 2, 3"
clement_alex,stromata,Rom,new_testament,Bible:Rom.10.4,Rom. x. 4
clement_alex,stromata,Rom,new_testament,Bible:Rom.10.19,Rom. x. 19
clement_alex,stromata,Deut,old_testament_or_other,Bible:Deut.32.21,Deut. xxxii. 21
clement_alex,stromata,Isa,old_testament_or_other,Bible:Isa.45.2,Isa. xlv.  2
clement_alex,stromata,Rom,new_testament,Bible:Rom.10.20-Rom.10.21,"Rom. x. 20,
21"
clement_alex,stromata,Rom,new_testament,Bible:Rom.11.11,Rom. xi. 11
clement_alex,stromata,Rom,new_testament,Bible:Rom.2.14,Rom. ii. 14
clement_alex,stromata,Lev,old_testament_or_other,Bible:Lev.18.1-Lev.18.5,Lev. xviii. 1–5
clement_alex,stromata,Gal,new_testament,Bible:Gal.3.12,Gal. iii. 12
clement_alex,stromata,Eph,new_testament,Bible:Eph.2.13,Eph. ii. 13
clement_alex,stromata,Eph,new_testament,Bible:Eph.2.5,Eph. ii. 5
clement_alex,stromata,1Cor,new_testament,Bible:1Cor.8.1,1 Cor. viii. 1
clement_alex,stromata,Matt,new_testament,Bible:Matt.17.20,Matt. xvii. 20
clement_alex,stromata,Matt,new_testament,Bible:Matt.9.29,Matt. ix. 29
clement_alex,stromata,Exod,old_testament_or_other,Bible:Exod.16.36,Ex. xvi. 36
clement_alex,stromata,Matt,new_testament,Bible:Matt.5.28,Matt. v. 28
clement_alex,stromata,Matt,new_testament,Bible:Matt.15.11 Bible:Matt.15.19,"Matt. xv. 11, 19"
clement_alex,stromata,Matt,new_testament,Bible:Matt.5.8,Matt. v. 8
clement_alex,stromata,Prov,old_testament_or_other,Bible:Prov.11.14,Prov. xi. 14
clement_alex,stromata,Gen,old_testament_or_other,Bible:Gen.18.22-Gen.18.23,"Gen. xviii. 22, 23"
clement_alex,stromata,Exod,old_testament_or_other,Bible:Exod.34.2,Ex. xxxiv. 2
clement_alex,stromata,1Tim,new_testament,Bible:1Tim.6.20-1Tim.6.21,"1 Tim. vi. 20, 21"
clement_alex,stromata,Prov,old_testament_or_other,Bible:Prov.10.21,Prov. x. 21
clement_alex,stromata,Gen,old_testament_or_other,Bible:Gen.1.31,Gen. i. 31
clement_alex,stromata,Heb,new_testament,Bible:Heb.10.26-Heb.10.27,"Heb. x. 26, 27"
clement_alex,stromata,John,new_testament,Bible:John.1.13,"John
i. 13"
clement_alex,stromata,Prov,old_testament_or_other,Bible:Prov.11.5,Prov. xi. 5
clement_alex,stromata,Prov,old_testament_or_other,Bible:Prov.13.6,Prov. xiii. 6
clement_alex,stromata,Ps,old_testament_or_other,Bible:Ps.3.13,Ps. ciii. 13
clement_alex,stromata,Ps,old_testament_or_other,Bible:Ps.26.5,Ps. cxxvi. 5
clement_alex,stromata,Ps,old_testament_or_other,Bible:Ps.28.1,Ps. cxxviii. 1
clement_alex,stromata,Ps,old_testament_or_other,Bible:Ps.49.16-Ps.49.17,"Ps. xlix. 16, 17"
clement_alex,stromata,Ps,old_testament_or_other,Bible:Ps.5.7-Ps.5.8,"Ps. v. 7, 8"
clement_alex,stromata,Prov,old_testament_or_other,Bible:Prov.11.13,Prov. xi. 13
clement_alex,stromata,Ps,old_testament_or_other,Bible:Ps.7.9,Ps. vii. 9
clement_alex,stromata,Exod,old_testament_or_other,Bible:Exod.20.17,Ex. xx. 17
clement_alex,stromata,Isa,old_testament_or_other,Bible:Isa.29.13,Isa. xxix. 13
clement_alex,stromata,Matt,new_testament,Bible:Matt.15.8,Matt. xv. 8
clement_alex,stromata,Mark,new_testament,Bible:Mark.7.6,"Mark
vii. 6"
clement_alex,stromata,Rom,new_testament,Bible:Rom.4.7-Rom.4.8,"Rom. iv. 7, 8"
clement_alex,stromata,1Pet,new_testament,Bible:1Pet.2.24,1 Pet. ii. 24
clement_alex,stromata,Ps,old_testament_or_other,Bible:Ps.32.1-Ps.32.2,"Ps. xxxii. 1, 2"
clement_alex,stromata,1Pet,new_testament,Bible:1Pet.4.8,1 Pet. iv. 8
clement_alex,stromata,Jer,old_testament_or_other,Bible:Jer.1.20,Jer. i. 20
clement_alex,stromata,Jer,old_testament_or_other,Bible:Jer.49.19,Jer. xlix. 19
clement_alex,stromata,1John,new_testament,Bible:1John.5.16-1John.5.17,"1 John v. 16, 17"
clement_alex,stromata,Ps,old_testament_or_other,Bible:Ps.1.1,Ps. i. 1
clement_alex,stromata,Ps,old_testament_or_other,Bible:Ps.1.2,Ps. i. 2
clement_alex,stromata,1Cor,new_testament,Bible:1Cor.8.7,1 Cor. viii. 7
clement_alex,stromata,Ps,old_testament_or_other,Bible:Ps.1.4-Ps.1.5,"Ps. i. 4, 5"
clement_alex,stromata,John,new_testament,Bible:John.3.18,John iii. 18
clement_alex,stromata,Ps,old_testament_or_other,Bible:Ps.1.5-Ps.1.6,"Ps. i. 5, 6"
clement_alex,stromata,Ezek,old_testament_or_other,Bible:Ezek.34.4-Ezek.34.6,Ezek. xxxiv. 4–6
clement_alex,stromata,Luke,new_testament,Bible:Luke.15.7 Bible:Luke.15.10,"Luke xv. 7, 10"
clement_alex,stromata,Isa,old_testament_or_other,Bible:Isa.32.8,Isa. xxxii. 8
clement_alex,stromata,Prov,old_testament_or_other,Bible:Prov.6.1-Prov.6.2,"Prov. vi. 1, 2"
clement_alex,stromata,Luke,new_testament,Bible:Luke.10.27,"Luke
x. 27"
clement_alex,stromata,John,new_testament,Bible:John.15.11-John.15.12,"John. xv. 11, 12"
clement_alex,stromata,Ps,old_testament_or_other,Bible:Ps.8.8,Ps. cviii. 8
clement_alex,stromata,Exod,old_testament_or_other,Bible:Exod.10.28,Ex. x. 28
clement_alex,stromata,Deut,old_testament_or_other,Bible:Deut.4.9,Deut. iv.  9
clement_alex,stromata,Sir,deuterocanonical,Bible:Sir.3.29,Ecclus. iii. 29
clement_alex,stromata,Prov,old_testament_or_other,Bible:Prov.3.7,Prov. iii. 7
clement_alex,stromata,Sir,deuterocanonical,Bible:Sir.1.27,Ecclus. i. 27
clement_alex,stromata,Matt,new_testament,Bible:Matt.25.35 Bible:Matt.25.40,"Matt. xxv. 35, 40"
clement_alex,stromata,Prov,old_testament_or_other,Bible:Prov.5.22,Prov. v. 22
clement_alex,stromata,Prov,old_testament_or_other,Bible:Prov.28.14,Prov. xxviii. 14
clement_alex,stromata,Matt,new_testament,Bible:Matt.10.24-Matt.10.25,"Matt. x. 24, 25"
clement_alex,stromata,Luke,new_testament,Bible:Luke.6.40,"Luke
vi. 40"
clement_alex,stromata,Mark,new_testament,Bible:Mark.1.40,Mark i. 40
clement_alex,stromata,Prov,old_testament_or_other,Bible:Prov.30.3,Prov. xxx. 3
clement_alex,stromata,Prov,old_testament_or_other,Bible:Prov.15.8,Prov. xv. 8
clement_alex,stromata,Isa,old_testament_or_other,Bible:Isa.1.11,Isa. i. 11
clement_alex,stromata,Isa,old_testament_or_other,Bible:Isa.58.6,Isa. lviii. 6
clement_alex,stromata,Prov,old_testament_or_other,Bible:Prov.11.1,Prov. xi. 1
clement_alex,stromata,Prov,old_testament_or_other,Bible:Prov.16.21,Prov. xvi. 21
clement_alex,stromata,Deut,old_testament_or_other,Bible:Deut.22.5,Deut. xxii. 5
clement_alex,stromata,Deut,old_testament_or_other,Bible:Deut.20.5-Deut.20.7,Deut. xx.  5–7
clement_alex,stromata,Prov,old_testament_or_other,Bible:Prov.10.7,Prov. x. 7
clement_alex,stromata,Prov,old_testament_or_other,Bible:Prov.8.17,Prov. viii. 17
clement_alex,stromata,Prov,old_testament_or_other,Bible:Prov.9.10,Prov. ix. 10
clement_alex,stromata,Prov,old_testament_or_other,Bible:Prov.19.23,Prov. xix. 23
clement_alex,stromata,Deut,old_testament_or_other,Bible:Deut.24.10-Deut.24.11,"Deut. xxiv. 10, 11"
clement_alex,stromata,Lev,old_testament_or_other,Bible:Lev.19.9,Lev. xix. 9
clement_alex,stromata,Deut,old_testament_or_other,Bible:Deut.24.19,"Deut. xxiv.
19"
clement_alex,stromata,Lev,old_testament_or_other,Bible:Lev.19.10,Lev. xix. 10
clement_alex,stromata,Deut,old_testament_or_other,Bible:Deut.24.20-Deut.24.21,"Deut. xxiv. 20,
21"
clement_alex,stromata,Exod,old_testament_or_other,Bible:Exod.33.10-Exod.33.11,"Ex. xxxiii. 10, 11"
clement_alex,stromata,Lev,old_testament_or_other,Bible:Lev.25.2-Lev.25.7,"Lev. xxv.
2–7"
clement_alex,stromata,Prov,old_testament_or_other,Bible:Prov.20.28,Prov. xx. 28
clement_alex,stromata,Exod,old_testament_or_other,Bible:Exod.23.4,Ex. xxiii. 4
clement_alex,stromata,Deut,old_testament_or_other,Bible:Deut.22.12 Bible:Deut.22.3,"Deut. xxii. 12, 3"
clement_alex,stromata,Prov,old_testament_or_other,Bible:Prov.14.27,Prov. xiv. 27
clement_alex,stromata,Lev,old_testament_or_other,Bible:Lev.19.33-Lev.19.34,"Lev. xix. 33, 34"
clement_alex,stromata,Deut,old_testament_or_other,Bible:Deut.10.19,Deut. x. 19
clement_alex,stromata,Deut,old_testament_or_other,Bible:Deut.23.7,Deut. xxiii. 7
clement_alex,stromata,Deut,old_testament_or_other,Bible:Deut.20.10,Deut. xx. 10
clement_alex,stromata,Deut,old_testament_or_other,Bible:Deut.21.10-Deut.21.13,Deut. xxi. 10–13
clement_alex,stromata,Matt,new_testament,Bible:Matt.5,Matt. v.
clement_alex,stromata,Luke,new_testament,Bible:Luke.6,Luke vi.
clement_alex,stromata,Prov,old_testament_or_other,Bible:Prov.19.11,Prov. xix. 11
clement_alex,stromata,Deut,old_testament_or_other,Bible:Deut.14.21,Deut. xiv. 21
clement_alex,stromata,Deut,old_testament_or_other,Bible:Deut.25.4,Deut. xxv. 4
clement_alex,stromata,1Tim,new_testament,Bible:1Tim.5.18,1 Tim. v. 18
clement_alex,stromata,Deut,old_testament_or_other,Bible:Deut.22.10,Deut. xxii. 10
clement_alex,stromata,Deut,old_testament_or_other,Bible:Deut.8.18,Deut. viii. 18
clement_alex,stromata,Matt,new_testament,Bible:Matt.5.19,Matt. v. 19
clement_alex,stromata,Num,old_testament_or_other,Bible:Num.15.30,Num. xv. 30
clement_alex,stromata,Deut,old_testament_or_other,Bible:Deut.26.17-Deut.26.18,"Deut.  xxvi. 17, 18"
clement_alex,stromata,Gen,old_testament_or_other,Bible:Gen.33.11,Gen. xxxiii. 11
clement_alex,stromata,Gen,old_testament_or_other,Bible:Gen.23.6,Gen. xxiii. 6
clement_alex,stromata,Deut,old_testament_or_other,Bible:Deut.13.4,Deut. xiii. 4
clement_alex,stromata,Luke,new_testament,Bible:Luke.6.36,Luke vi. 36
clement_alex,stromata,Prov,old_testament_or_other,Bible:Prov.28.4-Prov.28.5,"Prov. xxviii. 4, 5"
clement_alex,stromata,Prov,old_testament_or_other,Bible:Prov.14.8,Prov. xiv. 8
clement_alex,stromata,Prov,old_testament_or_other,Bible:Prov.21.26,Prov. xxi. 26
clement_alex,stromata,Prov,old_testament_or_other,Bible:Prov.2.21-Prov.2.22,"Prov. ii. 21,
22"
clement_alex,stromata,2Cor,new_testament,Bible:2Cor.8.12-2Cor.8.14,"2 Cor. viii. 12,
13, 14"
clement_alex,stromata,Ps,old_testament_or_other,Bible:Ps.12.9,Ps. cxii. 9
clement_alex,stromata,Gal,new_testament,Bible:Gal.6.14,Gal vi. 14
clement_alex,stromata,Eph,new_testament,Bible:Eph.6.11,Eph. vi. 11
clement_alex,stromata,Acts,new_testament,Bible:Acts.6.5,Acts vi. 5
clement_alex,stromata,Ps,old_testament_or_other,Bible:Ps.82.1,Ps. lxxxii. 1
clement_alex,stromata,Ps,old_testament_or_other,Bible:Ps.82.6,Ps. lxxxii. 6
clement_alex,stromata,Rom,new_testament,Bible:Rom.8.9,Rom. viii. 9
clement_alex,stromata,2Cor,new_testament,Bible:2Cor.10.3,2 Cor. x. 3
clement_alex,stromata,1Cor,new_testament,Bible:1Cor.15.50,1 Cor. xv. 50
clement_alex,stromata,Heb,new_testament,Bible:Heb.13.5,Heb. xiii. 5
clement_alex,stromata,Luke,new_testament,Bible:Luke.14.11,Luke xiv. 11
clement_alex,stromata,Rom,new_testament,Bible:Rom.6.22,Rom. vi. 22
clement_alex,stromata,Rom,new_testament,Bible:Rom.5.4-Rom.5.5,"Rom. v. 4,
5"
clement_alex,stromata,Heb,new_testament,Bible:Heb.4.8-Heb.4.9,"Heb. iv. 8, 9"
clement_alex,stromata,Ezek,old_testament_or_other,Bible:Ezek.18.4-Ezek.18.9,Ezek. xviii. 4–9
clement_alex,stromata,Isa,old_testament_or_other,Bible:Isa.55.6-Isa.55.7 Bible:Isa.55.9,"Isa. lv. 6, 7, 9"
clement_alex,stromata,Gal,new_testament,Bible:Gal.5.5-Gal.5.6,"Gal. v. 5, 6"
clement_alex,stromata,Heb,new_testament,Bible:Heb.6.11-Heb.6.20,Heb. vi. 11–20
clement_alex,stromata,1Cor,new_testament,Bible:1Cor.11.1,1 Cor. xi. 1
clement_alex,stromata,Gen,old_testament_or_other,Bible:Gen.20.12,Gen. xx. 12
clement_alex,stromata,Tob,deuterocanonical,Bible:Tob.4.15,Tob. iv. 15
clement_alex,stromata,Gen,old_testament_or_other,Bible:Gen.1.28,Gen. i. 28
clement_alex,stromata,Gen,old_testament_or_other,Bible:Gen.2.18,Gen. ii. 18
clement_alex,stromata,Matt,new_testament,Bible:Matt.5.32,Matt. v. 32
clement_alex,stromata,Lev,old_testament_or_other,Bible:Lev.20.10,Lev. xx. 10
clement_alex,stromata,Deut,old_testament_or_other,Bible:Deut.22.22,Deut. xxii. 22
clement_alex,stromata,Lev,old_testament_or_other,Bible:Lev.21.9,Lev. xxi. 9
clement_alex,stromata,Luke,new_testament,Bible:Luke.12.48,Luke. xii. 48
clement_alex,stromata,John,new_testament,Bible:John.12.23-John.12.26,"John
xii. 23–26"
clement_alex,stromata,1Tim,new_testament,Bible:1Tim.6.20,"1
Tim. vi. 20"
clement_alex,stromata,Matt,new_testament,Bible:Matt.19.11-Matt.19.12,"Matt. xix. 11, 12"
clement_alex,stromata,2Cor,new_testament,Bible:2Cor.9.13 Bible:2Cor.9.15,"2
Cor. ix. 13, 15"
clement_alex,stromata,Gal,new_testament,Bible:Gal.6.2,Gal. vi. 2
clement_alex,stromata,2Cor,new_testament,Bible:2Cor.10.12,2 Cor. x. 12
clement_alex,stromata,1Cor,new_testament,Bible:1Cor.7.9,1 Cor. vii. 9
clement_alex,stromata,Exod,old_testament_or_other,Bible:Exod.20.13,Ex. xx. 13
clement_alex,stromata,Jude,new_testament,Bible:Jude.1.8-Jude.1.17,Jude 8–17
clement_alex,stromata,Rom,new_testament,Bible:Rom.7.24,Rom. vii. 24
clement_alex,stromata,Matt,new_testament,Bible:Matt.8.22,Matt. viii. 22
clement_alex,stromata,Luke,new_testament,Bible:Luke.9.60,Luke ix. 60
clement_alex,stromata,Matt,new_testament,Bible:Matt.6.24,Matt. vi. 24
clement_alex,stromata,Luke,new_testament,Bible:Luke.16.13,Luke xvi. 13
clement_alex,stromata,Matt,new_testament,Bible:Matt.5.24,Matt. v. 24
clement_alex,stromata,Luke,new_testament,Bible:Luke.6.30,Luke vi. 30
clement_alex,stromata,Eph,new_testament,Bible:Eph.4.20-Eph.4.24,Eph. iv. 20–24
clement_alex,stromata,Eph,new_testament,Bible:Eph.5.1-Eph.5.4,Eph. v. 1–4
clement_alex,stromata,Eph,new_testament,Bible:Eph.5.5-Eph.5.11,Eph. v. 5–11
clement_alex,stromata,Rom,new_testament,Bible:Rom.6.16,Rom. vi. 16
clement_alex,stromata,Num,old_testament_or_other,Bible:Num.25.8,Num. xxv. 8
clement_alex,stromata,1John,new_testament,Bible:1John.1.6-1John.1.7,"1 John i. 6, 7"
clement_alex,stromata,Matt,new_testament,Bible:Matt.5.20,Matt. v. 20
clement_alex,stromata,Dan,old_testament_or_other,Bible:Dan.1.1,Dan. i. 1
clement_alex,stromata,Ps,old_testament_or_other,Bible:Ps.18.9,Ps. cxviii. 9
clement_alex,stromata,Jer,old_testament_or_other,Bible:Jer.10.2,Jer. x. 2
clement_alex,stromata,Luke,new_testament,Bible:Luke.11.40,Luke xi. 40
clement_alex,stromata,Matt,new_testament,Bible:Matt.5.25,Matt. v. 25
clement_alex,stromata,Luke,new_testament,Bible:Luke.12.58,Luke xii. 58
clement_alex,stromata,Matt,new_testament,Bible:Matt.5.16,Matt. v. 16
clement_alex,stromata,Gen,old_testament_or_other,Bible:Gen.1.29,Gen. i. 29
clement_alex,stromata,Exod,old_testament_or_other,Bible:Exod.21.24,Ex. xxi. 24
clement_alex,stromata,Exod,old_testament_or_other,Bible:Exod.22.1,Ex. xxii. 1
clement_alex,stromata,Deut,old_testament_or_other,Bible:Deut.6.5,Deut. vi. 5
clement_alex,stromata,Deut,old_testament_or_other,Bible:Deut.27.15,Deut. xxvii. 15
clement_alex,stromata,Mal,old_testament_or_other,Bible:Mal.3.15,Mal. iii. 15
clement_alex,stromata,Jer,old_testament_or_other,Bible:Jer.12.1,Jer. xii. 1
clement_alex,stromata,Rom,new_testament,Bible:Rom.3.8,Rom. iii. 8
clement_alex,stromata,Mal,old_testament_or_other,Bible:Mal.2.17,Mal. ii. 17
clement_alex,stromata,1Cor,new_testament,Bible:1Cor.6.13,1 Cor. vi. 13
clement_alex,stromata,Gal,new_testament,Bible:Gal.5.13,Gal. v. 13
clement_alex,stromata,John,new_testament,Bible:John.3.3,John iii. 3
clement_alex,stromata,Col,new_testament,Bible:Col.2.11,Col. ii. 11
clement_alex,stromata,Col,new_testament,Bible:Col.3.4 Bible:Col.3.10,"Col. iii. 4, 10"
clement_alex,stromata,1John,new_testament,Bible:1John.2.4,"1
John. ii. 4"
clement_alex,stromata,1John,new_testament,Bible:1John.2.18-1John.2.19,"1
John ii. 18, 19"
clement_alex,stromata,Matt,new_testament,Bible:Matt.5.17,Matt. v. 17
clement_alex,stromata,Matt,new_testament,Bible:Matt.19.6,Matt. xix. 6
clement_alex,stromata,Mark,new_testament,Bible:Mark.10.9,Mark. x. 9
clement_alex,stromata,1Cor,new_testament,Bible:1Cor.7.14,"1
Cor. vii. 14"
clement_alex,stromata,Matt,new_testament,Bible:Matt.19.3,Matt. xix. 3
clement_alex,stromata,Mark,new_testament,Bible:Mark.10.2,"Mark
x. 2"
clement_alex,stromata,Matt,new_testament,Bible:Matt.22.30,Matt. xxii. 30
clement_alex,stromata,Mark,new_testament,Bible:Mark.12.23,Mark xii. 23
clement_alex,stromata,Luke,new_testament,Bible:Luke.20.35,Luke xx. 35
clement_alex,stromata,Rom,new_testament,Bible:Rom.14.17,Rom. xiv. 17
clement_alex,stromata,Jas,new_testament,Bible:Jas.4.6,Jas. iv. 6
clement_alex,stromata,1Pet,new_testament,Bible:1Pet.5.5,"1
Pet. v. 5"
clement_alex,stromata,Mark,new_testament,Bible:Mark.10.9,Mark x. 9
clement_alex,stromata,Matt,new_testament,Bible:Matt.24.37,Matt. xxiv. 37
clement_alex,stromata,Luke,new_testament,Bible:Luke.17.28,Luke xvii. 28
clement_alex,stromata,Luke,new_testament,Bible:Luke.18.8,Luke xviii. 8
clement_alex,stromata,Matt,new_testament,Bible:Matt.24.19,Matt. xxiv. 19
clement_alex,stromata,Mark,new_testament,Bible:Mark.13.17,Mark xiii. 17
clement_alex,stromata,Luke,new_testament,Bible:Luke.21.23,Luke xxi. 23
clement_alex,stromata,Acts,new_testament,Bible:Acts.1.7,Acts i. 7
clement_alex,stromata,Matt,new_testament,Bible:Matt.19.10-Matt.19.11,"Matt. xix. 10, 11"
clement_alex,stromata,1Tim,new_testament,Bible:1Tim.4.1 Bible:1Tim.4.3,"1 Tim. iv. 1, 3"
clement_alex,stromata,Col,new_testament,Bible:Col.2.18 Bible:Col.2.23,"Col. ii. 18, 23"
clement_alex,stromata,1Cor,new_testament,Bible:1Cor.7.27,1 Cor. vii. 27
clement_alex,stromata,1Cor,new_testament,Bible:1Cor.7.2 Bible:1Cor.7.5,"1 Cor. vii. 2, 5"
clement_alex,stromata,Rom,new_testament,Bible:Rom.14.3,Rom. xiv. 3
clement_alex,stromata,Matt,new_testament,Bible:Matt.11.18-Matt.11.19,"Matt. xi. 18, 19"
clement_alex,stromata,1Cor,new_testament,Bible:1Cor.9.5,1 Cor. ix. 5
clement_alex,stromata,Matt,new_testament,Bible:Matt.5.42,Matt. v. 42
clement_alex,stromata,Matt,new_testament,Bible:Matt.25.35-Matt.25.36,"Matt. xxv. 35, 36"
clement_alex,stromata,Matt,new_testament,Bible:Matt.25.40,Matt. xxv. 40
clement_alex,stromata,Prov,old_testament_or_other,Bible:Prov.19.17,Prov. xix. 17
clement_alex,stromata,Prov,old_testament_or_other,Bible:Prov.3.27,Prov. iii. 27
clement_alex,stromata,Prov,old_testament_or_other,Bible:Prov.10.4,Prov. x. 4
clement_alex,stromata,Prov,old_testament_or_other,Bible:Prov.13.8,Prov. xiii. 8
clement_alex,stromata,Matt,new_testament,Bible:Matt.19.16,Matt. xix. 16
clement_alex,stromata,Mark,new_testament,Bible:Mark.10.17,Mark x. 17
clement_alex,stromata,Luke,new_testament,Bible:Luke.18.18,"Luke
xviii. 18"
clement_alex,stromata,Prov,old_testament_or_other,Bible:Prov.13.11,Prov. xiii. 11
clement_alex,stromata,Prov,old_testament_or_other,Bible:Prov.11.23,Prov. xi. 23
clement_alex,stromata,Ps,old_testament_or_other,Bible:Ps.11.9,Ps. cxi. 9
clement_alex,stromata,Matt,new_testament,Bible:Matt.6.19,Matt. vi. 19
clement_alex,stromata,Hag,old_testament_or_other,Bible:Hag.1.6,Hagg. i. 6
clement_alex,stromata,Luke,new_testament,Bible:Luke.12.16-Luke.12.20,Luke xii. 16–20
clement_alex,stromata,Rom,new_testament,Bible:Rom.13.12-Rom.13.14,"Rom. xiii. 12, 13, 14"
clement_alex,stromata,Matt,new_testament,Bible:Matt.19.12,Matt. xix. 12
clement_alex,stromata,Heb,new_testament,Bible:Heb.9.14,Heb. ix. 14
clement_alex,stromata,Rom,new_testament,Bible:Rom.6.14,Romans 6:14
clement_alex,stromata,Rom,new_testament,Bible:Rom.6.14,Rom. vi. 14
clement_alex,stromata,Rom,new_testament,Bible:Rom.6.15,Rom. vi. 15
clement_alex,stromata,2Cor,new_testament,Bible:2Cor.5.10,2 Cor. v. 10
clement_alex,stromata,2Cor,new_testament,Bible:2Cor.5.16-2Cor.5.17,"2 Cor. v. 16, 17"
clement_alex,stromata,2Cor,new_testament,Bible:2Cor.6.14-2Cor.6.16,"2 Cor. vi. 14, 15,
16"
clement_alex,stromata,2Cor,new_testament,Bible:2Cor.7.1,2 Cor. vii. 1
clement_alex,stromata,Eph,new_testament,Bible:Eph.2.5,Eph. ii.  5
clement_alex,stromata,Rom,new_testament,Bible:Rom.5.12-Rom.5.14,Rom. v. 12–14
clement_alex,stromata,Gen,old_testament_or_other,Bible:Gen.3.20,Gen. iii. 20
clement_alex,stromata,Phil,new_testament,Bible:Phil.1.20-Phil.1.24,Phil. i. 20-24
clement_alex,stromata,Ps,old_testament_or_other,Bible:Ps.48.21,Ps. xlviii. 21
clement_alex,stromata,Matt,new_testament,Bible:Matt.18.20,Matt. xviii. 20
clement_alex,stromata,1Cor,new_testament,Bible:1Cor.7.7,"1 Cor.
vii. 7"
clement_alex,stromata,Matt,new_testament,Bible:Matt.5.27-Matt.5.28,"Matt. v. 27, 28"
clement_alex,stromata,Deut,old_testament_or_other,Bible:Deut.21.11-Deut.21.13,"Deut. xxi. 11, 12, 13"
clement_alex,stromata,Exod,old_testament_or_other,Bible:Exod.19.20,Ex. xix. 20
clement_alex,stromata,2Cor,new_testament,Bible:2Cor.6.16-2Cor.6.18,"2 Cor. vi. 16, 17, 18"
clement_alex,stromata,2Cor,new_testament,Bible:2Cor.11.2,2 Cor. xi. 2
clement_alex,stromata,2Cor,new_testament,Bible:2Cor.11.3,2 Cor. xi. 3
clement_alex,stromata,1Pet,new_testament,Bible:1Pet.2.11-1Pet.2.12 Bible:1Pet.2.15 Bible:1Pet.2.16,"1 Pet. ii. 11, 12, 15,
16"
clement_alex,stromata,Rom,new_testament,Bible:Rom.6.2 Bible:Rom.6.6,"Rom. vi. 2, 6"
clement_alex,stromata,Rom,new_testament,Bible:Rom.6.13,Rom. vi. 13
clement_alex,stromata,Rom,new_testament,Bible:Rom.7.7,Rom. vii. 7
clement_alex,stromata,Rom,new_testament,Bible:Rom.7.18,Rom. vii. 18
clement_alex,stromata,Rom,new_testament,Bible:Rom.7.17,Rom. vii. 17
clement_alex,stromata,Rom,new_testament,Bible:Rom.7.20 Bible:Rom.7.23 Bible:Rom.7.24,"Rom. vii. 20, 23, 24"
clement_alex,stromata,Rom,new_testament,Bible:Rom.8.2-Rom.8.4,"Rom. viii. 2, 3, 4"
clement_alex,stromata,Rom,new_testament,Bible:Rom.8.10-Rom.8.11,"Rom. viii. 10, 11"
clement_alex,stromata,Rom,new_testament,Bible:Rom.8.5-Rom.8.7 Bible:Rom.8.8 Bible:Rom.8.9 Bible:Rom.8.10 Bible:Rom.8.12 Bible:Rom.8.13 Bible:Rom.8.14 Bible:Rom.8.15,"Rom. viii. 5, 6, 7, 8, 9, 10, 12, 13, 14, 15"
clement_alex,stromata,1Cor,new_testament,Bible:1Cor.7.5 Bible:1Cor.7.39 Bible:1Cor.7.40,"1 Cor. vii. 5, 39, 40"
clement_alex,stromata,1Cor,new_testament,Bible:1Cor.7.5,1 Cor. vii. 5
clement_alex,stromata,1Cor,new_testament,Bible:1Cor.7.24,1 Cor. vii. 24
clement_alex,stromata,Rom,new_testament,Bible:Rom.8.2,Rom. viii. 2
clement_alex,stromata,1Cor,new_testament,Bible:1Cor.7.39-1Cor.7.40,"1 Cor. vii. 39, 40"
clement_alex,stromata,Rom,new_testament,Bible:Rom.7.4,Rom. vii. 4
clement_alex,stromata,2Cor,new_testament,Bible:2Cor.11.3,"2
Cor. xi. 3"
clement_alex,stromata,Gen,old_testament_or_other,Bible:Gen.4.25,Gen. iv. 25
clement_alex,stromata,Rom,new_testament,Bible:Rom.7.12,Rom. vii. 12
clement_alex,stromata,John,new_testament,Bible:John.3.6,John iii. 6
clement_alex,stromata,1Cor,new_testament,Bible:1Cor.7.14,1 Cor. vii. 14
clement_alex,stromata,1Tim,new_testament,Bible:1Tim.4.1-1Tim.4.3 Bible:1Tim.4.4 Bible:1Tim.4.5,"1 Tim. iv. 1, 2, 3, 4, 5"
clement_alex,stromata,Rom,new_testament,Bible:Rom.14.21,Rom. xiv. 21
clement_alex,stromata,1Cor,new_testament,Bible:1Cor.7.8,1 Cor. vii. 8
clement_alex,stromata,Rom,new_testament,Bible:Rom.14.19,Rom. xiv. 19
clement_alex,stromata,Isa,old_testament_or_other,Bible:Isa.50.9,Isa. l. 9
clement_alex,stromata,Luke,new_testament,Bible:Luke.20.34,Luke xx. 34
clement_alex,stromata,1Cor,new_testament,Bible:1Cor.7.32-1Cor.7.34,"1 Cor. vii. 32, 33,
34"
clement_alex,stromata,1Cor,new_testament,Bible:1Cor.6.18,1 Cor. vi. 18
clement_alex,stromata,Isa,old_testament_or_other,Bible:Isa.50.1,"Isa.
l. 1"
clement_alex,stromata,1Tim,new_testament,Bible:1Tim.5.14-1Tim.5.15,"1 Tim. v. 14, 15"
clement_alex,stromata,1Tim,new_testament,Bible:1Tim.3.15,1 Tim. iii. 15
clement_alex,stromata,Luke,new_testament,Bible:Luke.19.20,"Luke
xix. 20"
clement_alex,stromata,Ps,old_testament_or_other,Bible:Ps.6.8,Ps. vi. 8
clement_alex,stromata,Isa,old_testament_or_other,Bible:Isa.56.3,Isa. lvi. 3
clement_alex,stromata,Eph,new_testament,Bible:Eph.4.24,Eph. iv. 24
clement_alex,stromata,Matt,new_testament,Bible:Matt.18.11-Matt.18.12,"Matt. xviii. 11, 12"
clement_alex,stromata,Gen,old_testament_or_other,Bible:Gen.3.21,Gen. iii. 21
clement_alex,stromata,Phil,new_testament,Bible:Phil.3.20,Phil. iii. 20
clement_alex,stromata,Isa,old_testament_or_other,Bible:Isa.56.2-Isa.56.3,"Isa. lvi. 2, 3"
clement_alex,stromata,1Cor,new_testament,Bible:1Cor.7.1-1Cor.7.2,"1
Cor. vii. 1, 2"
clement_alex,stromata,1Cor,new_testament,Bible:1Cor.7.3 Bible:1Cor.7.5,"1 Cor. vii. 3, 5"
clement_alex,stromata,Luke,new_testament,Bible:Luke.14.26,"Luke
xiv. 26"
clement_alex,stromata,Exod,old_testament_or_other,Bible:Exod.20.12,Ex. xx. 12
clement_alex,stromata,1Cor,new_testament,Bible:1Cor.7.33,1 Cor. vii. 33
clement_alex,stromata,1Cor,new_testament,Bible:1Cor.7.10-1Cor.7.11,"1 Cor. vii. 10, 11"
clement_alex,stromata,Isa,old_testament_or_other,Bible:Isa.56.3-Isa.56.5,"Isa. lvi. 3, 4, 5"
clement_alex,stromata,Isa,old_testament_or_other,Bible:Isa.65.23,Isa. lxv. 23
clement_alex,stromata,John,new_testament,Bible:John.13.33,John xiii. 33
clement_alex,stromata,Gal,new_testament,Bible:Gal.4.19,Gal. iv. 19
clement_alex,stromata,1Cor,new_testament,Bible:1Cor.4.15,1 Cor. iv. 15
clement_alex,stromata,Deut,old_testament_or_other,Bible:Deut.23.1,Deut. xxiii. 1
clement_alex,stromata,Job,old_testament_or_other,Bible:Job.14.3,Job xiv. 3
clement_alex,stromata,Ps,old_testament_or_other,Bible:Ps.50.5,Ps. l. 5
clement_alex,stromata,1Cor,new_testament,Bible:1Cor.9.27,1 Cor. ix. 27
clement_alex,stromata,Jer,old_testament_or_other,Bible:Jer.20.14,Jer. xx. 14
clement_alex,stromata,Jer,old_testament_or_other,Bible:Jer.20.18,Jer. xx. 18
clement_alex,stromata,Job,old_testament_or_other,Bible:Job.14.4-Job.14.5,"Job
xiv. 4, 5"
clement_alex,stromata,Ps,old_testament_or_other,Bible:Ps.50.7,Ps. l. 7
clement_alex,stromata,Mic,old_testament_or_other,Bible:Mic.6.7,Mic. vi. 7
clement_alex,stromata,1Cor,new_testament,Bible:1Cor.15.34,1 Cor. xv. 34
clement_alex,stromata,Eph,new_testament,Bible:Eph.6.12,Eph. vi. 12
clement_alex,stromata,1Cor,new_testament,Bible:1Cor.9.27 Bible:1Cor.9.25,"1 Cor. ix. 27, 25"
clement_alex,stromata,Ps,old_testament_or_other,Bible:Ps.48.13 Bible:Ps.48.21,"Ps. xlviii. 13,
21"
clement_alex,stromata,Jer,old_testament_or_other,Bible:Jer.5.8,Jer. v. 8
clement_alex,stromata,Isa,old_testament_or_other,Bible:Isa.40.6-Isa.40.8,"Isa. xl. 6, 7, 8"
clement_alex,stromata,Prov,old_testament_or_other,Bible:Prov.13.12,Prov. xiii. 12
clement_alex,stromata,Gen,old_testament_or_other,Bible:Gen.3.5,Gen. iii. 5
clement_alex,stromata,Gen,old_testament_or_other,Bible:Gen.4.1,Gen. iv. 1
clement_alex,stromata,Gal,new_testament,Bible:Gal.3.3,Gal. iii. 3
clement_alex,stromata,Prov,old_testament_or_other,Bible:Prov.1.14,Prov. i. 14
clement_alex,stromata,Prov,old_testament_or_other,Bible:Prov.1.15-Prov.1.17,"Prov. i. 15, 16, 17"
clement_alex,stromata,Rev,new_testament,Bible:Rev.9.10,Apoc. ix. 10
clement_alex,stromata,Eph,new_testament,Bible:Eph.2.3,Eph. ii. 3
clement_alex,stromata,1Cor,new_testament,Bible:1Cor.5.7,1 Cor. v. 7
clement_alex,stromata,Gal,new_testament,Bible:Gal.2.19-Gal.2.20,"Gal. ii. 19,
20"
clement_alex,stromata,Matt,new_testament,Bible:Matt.10.5,Matt. x. 5
clement_alex,stromata,Prov,old_testament_or_other,Bible:Prov.1.18-Prov.1.19,"Prov. i. 18, 19"
clement_alex,stromata,Matt,new_testament,Bible:Matt.26.24,Matt. xxvi. 24
clement_alex,stromata,Matt,new_testament,Bible:Matt.18.6,Matt. xviii. 6
clement_alex,stromata,Rom,new_testament,Bible:Rom.2.24,Rom. ii. 24
clement_alex,stromata,1Cor,new_testament,Bible:1Cor.5.11,1 Cor. v. 11
clement_alex,stromata,1Cor,new_testament,Bible:1Cor.6.16,1 Cor. vi. 16
clement_alex,stromata,1Cor,new_testament,Bible:1Cor.7.3,1 Cor. vii. 3
clement_alex,stromata,1Cor,new_testament,Bible:1Cor.7.10-1Cor.7.12,"1 Cor. vii. 10, 11, 12"
clement_alex,stromata,1Tim,new_testament,Bible:1Tim.3.2 Bible:1Tim.3.4,"1 Tim. iii. 2, 4"
clement_alex,stromata,Titus,new_testament,Bible:Titus.1.6,Tit. i. 6
clement_alex,stromata,Titus,new_testament,Bible:Titus.1.15,Tit. i. 15
clement_alex,stromata,1Cor,new_testament,Bible:1Cor.6.9-1Cor.6.11,"1 Cor. vi. 9, 10, 11"
clement_alex,stromata,Phil,new_testament,Bible:Phil.4.8-Phil.4.9,"Phil. iv. 8, 9"
clement_alex,stromata,1Pet,new_testament,Bible:1Pet.1.21-1Pet.1.22,"1 Pet. i. 21, 22"
clement_alex,stromata,1Pet,new_testament,Bible:1Pet.1.14-1Pet.1.16,"1 Pet. i. 14, 15, 16"
clement_alex,stromata,Jude,new_testament,Bible:Jude.1.12,"Jude
12"
clement_alex,stromata,1Cor,new_testament,Bible:1Cor.11.21,1 Corinthians 11:21
clement_alex,stromata,Exod,old_testament_or_other,Bible:Exod.19.15,Ex. xix. 15
clement_alex,stromata,2Cor,new_testament,Bible:2Cor.6.17,2 Cor. vi. 17
clement_alex,stromata,Exod,old_testament_or_other,Bible:Exod.29.45,Ex. xxix. 45
clement_alex,stromata,Lev,old_testament_or_other,Bible:Lev.26.12,Lev. xxvi. 12
clement_alex,stromata,1Cor,new_testament,Bible:1Cor.7.3-1Cor.7.5,1 Cor. vii. 3–5
clement_alex,stromata,Lev,old_testament_or_other,Bible:Lev.15.18,Lev. xv. 18
clement_alex,stromata,Matt,new_testament,Bible:Matt.18.20,"Matt.
xviii. 20"
clement_alex,stromata,Matt,new_testament,Bible:Matt.7.14,Matt. vii. 14
clement_alex,stromata,Job,old_testament_or_other,Bible:Job.5.25,"Job
v. 25"
clement_alex,stromata,Ps,old_testament_or_other,Bible:Ps.8.5,Ps. viii. 5
clement_alex,stromata,Rom,new_testament,Bible:Rom.16.26-Rom.16.27,"Rom. xvi. 26, 27"
clement_alex,stromata,Rom,new_testament,Bible:Rom.5.13,Rom. v. 13
clement_alex,stromata,Rom,new_testament,Bible:Rom.7.6,Rom. vii. 6
clement_alex,stromata,1Tim,new_testament,Bible:1Tim.1.9,1 Tim. i. 9
clement_alex,stromata,Rom,new_testament,Bible:Rom.13.8-Rom.13.10,Rom. xiii. 8–10
clement_alex,stromata,Luke,new_testament,Bible:Luke.10.27,Luke x. 27
clement_alex,stromata,Rom,new_testament,Bible:Rom.7.12 Bible:Rom.7.14,"Rom. vii. 12, 14"
clement_alex,stromata,Rom,new_testament,Bible:Rom.6.20-Rom.6.23,Rom. vi. 20–23
clement_alex,stromata,Gal,new_testament,Bible:Gal.6.14,Gal. vi. 14
clement_alex,stromata,Matt,new_testament,Bible:Matt.19.29,Matt. xix. 29
clement_alex,stromata,Phil,new_testament,Bible:Phil.1.13-Phil.1.14,"Phil. i. 13, 14"
clement_alex,stromata,Rom,new_testament,Bible:Rom.15.4,Rom. xv. 4
clement_alex,stromata,1Cor,new_testament,Bible:1Cor.7.28 Bible:1Cor.7.32 Bible:1Cor.7.35,"1 Cor. vii. 28, 32, 35"
clement_alex,stromata,Matt,new_testament,Bible:Matt.5.10,Matt. v. 10
clement_alex,stromata,John,new_testament,Bible:John.1.12,John. i. 12
clement_alex,stromata,Luke,new_testament,Bible:Luke.10.19,Luke x. 19
clement_alex,stromata,Matt,new_testament,Bible:Matt.10.39,Matt. x. 39
clement_alex,stromata,John,new_testament,Bible:John.12.25,John xii. 25
clement_alex,stromata,Matt,new_testament,Bible:Matt.19.21,Matt. xix. 21
clement_alex,stromata,Luke,new_testament,Bible:Luke.13.32,Luke xiii. 32
clement_alex,stromata,Ps,old_testament_or_other,Bible:Ps.37.35-Ps.37.37,Ps. xxxvii. 35–37
clement_alex,stromata,Ps,old_testament_or_other,Bible:Ps.62.4,Ps. lxii. 4
clement_alex,stromata,Ps,old_testament_or_other,Bible:Ps.12.3-Ps.12.5,Ps. xii. 3–5
clement_alex,stromata,Luke,new_testament,Bible:Luke.12.33,Luke xii. 33
clement_alex,stromata,Rom,new_testament,Bible:Rom.9.15,Rom. ix. 15
clement_alex,stromata,Matt,new_testament,Bible:Matt.7.13,Matt. vii. 13
clement_alex,stromata,Luke,new_testament,Bible:Luke.12.20,Luke xii. 20
clement_alex,stromata,Matt,new_testament,Bible:Matt.16.26,Matt. xvi. 26
clement_alex,stromata,Matt,new_testament,Bible:Matt.6.31,Matt. vi. 31
clement_alex,stromata,Luke,new_testament,Bible:Luke.12.22-Luke.12.23,"Luke xii. 22,
23"
clement_alex,stromata,Matt,new_testament,Bible:Matt.6.32-Matt.6.33,"Matt. vi. 32, 33"
clement_alex,stromata,Luke,new_testament,Bible:Luke.12.30-Luke.12.31,"Luke xii. 30, 31"
clement_alex,stromata,Luke,new_testament,Bible:Luke.19.8-Luke.19.10,"Luke xix. 8, 9, 10"
clement_alex,stromata,Matt,new_testament,Bible:Matt.5.5,Matt. v. 5
clement_alex,stromata,Matt,new_testament,Bible:Matt.10.41-Matt.10.42,"Matt. x. 41, 42"
clement_alex,stromata,Matt,new_testament,Bible:Matt.5.4,Matt. v. 4
clement_alex,stromata,Hos,old_testament_or_other,Bible:Hos.6.6,Hos. vi. 6
clement_alex,stromata,Matt,new_testament,Bible:Matt.9.13,Matt. ix. 13
clement_alex,stromata,Matt,new_testament,Bible:Matt.5.7,Matt. v. 7
clement_alex,stromata,2Cor,new_testament,Bible:2Cor.8.12,2 Cor. viii. 12
clement_alex,stromata,Luke,new_testament,Bible:Luke.6.22,Luke vi. 22
clement_alex,stromata,John,new_testament,Bible:John.1.4,John i. 4
clement_alex,stromata,Matt,new_testament,Bible:Matt.6.30,Matt. vi. 30
clement_alex,stromata,Luke,new_testament,Bible:Luke.6.46,Luke vi. 46
clement_alex,stromata,Isa,old_testament_or_other,Bible:Isa.29.15,Isa. xxix. 15
clement_alex,stromata,Gal,new_testament,Bible:Gal.5.24-Gal.5.25,"Gal. v. 24,
25"
clement_alex,stromata,Gal,new_testament,Bible:Gal.6.8,Gal. vi. 8
clement_alex,stromata,Matt,new_testament,Bible:Matt.26.41,Matt. xxvi. 41
clement_alex,stromata,Rom,new_testament,Bible:Rom.8.7-Rom.8.8 Bible:Rom.8.10 Bible:Rom.8.13 Bible:Rom.8.17 Bible:Rom.8.18 Bible:Rom.8.28 Bible:Rom.8.29 Bible:Rom.8.30,"Rom. viii. 7, 8, 10, 13, 17, 18, 28, 29, 30"
clement_alex,stromata,Rom,new_testament,Bible:Rom.7.24-Rom.7.25,"Rom. vii. 24,
25"
clement_alex,stromata,1Pet,new_testament,Bible:1Pet.4.12-1Pet.4.14,"1 Pet. iv. 12, 13, 14"
clement_alex,stromata,Rom,new_testament,Bible:Rom.8.36-Rom.8.37,"Rom. viii. 36, 37"
clement_alex,stromata,Rom,new_testament,Bible:Rom.10.10-Rom.10.11,"Rom. x. 10, 11"
clement_alex,stromata,2Tim,new_testament,Bible:2Tim.1.7-2Tim.1.8,"2 Tim. i. 7, 8"
clement_alex,stromata,Rom,new_testament,Bible:Rom.8.15,Rom. viii. 15
clement_alex,stromata,Rom,new_testament,Bible:Rom.12.9,Rom. xii. 9
clement_alex,stromata,Rom,new_testament,Bible:Rom.13.8,Rom. xiii. 8
clement_alex,stromata,Rom,new_testament,Bible:Rom.15.13-Rom.15.14,"Rom. xv. 13, 14"
clement_alex,stromata,Rom,new_testament,Bible:Rom.6.6,Rom. vi. 6
clement_alex,stromata,1Cor,new_testament,Bible:1Cor.4.9 Bible:1Cor.4.11 Bible:1Cor.4.12 Bible:1Cor.4.13,"1 Cor. iv. 9, 11, 12, 13"
clement_alex,stromata,1Cor,new_testament,Bible:1Cor.13.7,1 Cor. xiii. 7
clement_alex,stromata,1Cor,new_testament,Bible:1Cor.13.13,1 Cor. xiii. 13
clement_alex,stromata,1Cor,new_testament,Bible:1Cor.10.23,1 Cor. x. 23
clement_alex,stromata,1Cor,new_testament,Bible:1Cor.10.24,1 Cor. x. 24
clement_alex,stromata,1Cor,new_testament,Bible:1Cor.10.26 Bible:1Cor.10.28 Bible:1Cor.10.29 Bible:1Cor.10.30 Bible:1Cor.10.31,"1 Cor. x. 26, 28, 29, 30, 31"
clement_alex,stromata,2Cor,new_testament,Bible:2Cor.10.3-2Cor.10.5,"2 Cor. x. 3, 4, 5"
clement_alex,stromata,Col,new_testament,Bible:Col.3.12 Bible:Col.3.14 Bible:Col.3.15,"Col. iii. 12, 14, 15"
clement_alex,stromata,1Cor,new_testament,Bible:1Cor.11.3 Bible:1Cor.11.8 Bible:1Cor.11.11,"1 Cor. xi. 3, 8, 11"
clement_alex,stromata,Gal,new_testament,Bible:Gal.5.16-Gal.5.17 Bible:Gal.5.19,"Gal. v. 16, 17, 19"
clement_alex,stromata,1Cor,new_testament,Bible:1Cor.11.3 Bible:1Cor.11.7,"1 Cor. xi. 3, 7"
clement_alex,stromata,Eph,new_testament,Bible:Eph.5.21-Eph.5.29,Eph. v. 21–29
clement_alex,stromata,Col,new_testament,Bible:Col.3.18-Col.3.25,Col. iii. 18–25
clement_alex,stromata,Matt,new_testament,Bible:Matt.6.10,Matt. vi. 10
clement_alex,stromata,Col,new_testament,Bible:Col.3.12-Col.3.15,Col. iii. 12–15
clement_alex,stromata,Luke,new_testament,Bible:Luke.12.8,Luke xii. 8
clement_alex,stromata,Matt,new_testament,Bible:Matt.10.32,Matt. x. 32
clement_alex,stromata,Luke,new_testament,Bible:Luke.12.11-Luke.12.12,"Luke xii. 11, 12"
clement_alex,stromata,Rom,new_testament,Bible:Rom.10.10,Rom. x. 10
clement_alex,stromata,Titus,new_testament,Bible:Titus.1.16,Tit. i. 16
clement_alex,stromata,Luke,new_testament,Bible:Luke.22.31-Luke.22.32,"Luke xxii. 31, 32"
clement_alex,stromata,Matt,new_testament,Bible:Matt.10.23,Matt. x. 23
clement_alex,stromata,Jas,new_testament,Bible:Jas.2.7,Jas. ii. 7
clement_alex,stromata,Ps,old_testament_or_other,Bible:Ps.18.6,Ps. cxviii. 6
clement_alex,stromata,Wis,deuterocanonical,Bible:Wis.3.1,Wisd. iii. 1
clement_alex,stromata,Job,old_testament_or_other,Bible:Job.14.4,Job. xiv. 4
clement_alex,stromata,Isa,old_testament_or_other,Bible:Isa.5.5,Isa. v. 5
clement_alex,stromata,1Thess,new_testament,Bible:1Thess.4.3-1Thess.4.8,"1
Thess. iv. 3–8"
clement_alex,stromata,Phil,new_testament,Bible:Phil.1.29-Phil.1.30,"Phil. i. 29, 30"
clement_alex,stromata,Phil,new_testament,Bible:Phil.1.7,Phil. i. 7
clement_alex,stromata,Phil,new_testament,Bible:Phil.2.20-Phil.2.21,"Phil. ii. 20, 21"
clement_alex,stromata,Matt,new_testament,Bible:Matt.5.44-Matt.5.45,"Matt. v. 44, 45"
clement_alex,stromata,Rom,new_testament,Bible:Rom.8.38-Rom.8.39,"Rom. viii. 38, 39"
clement_alex,stromata,1Cor,new_testament,Bible:1Cor.8.1 Bible:1Cor.8.7 Bible:1Cor.8.9 Bible:1Cor.8.11,"1
Cor. viii. 1, 7, 9, 11"
clement_alex,stromata,1Cor,new_testament,Bible:1Cor.10.25,1 Cor. x. 25
clement_alex,stromata,Acts,new_testament,Bible:Acts.15.24,Acts xv. 24
clement_alex,stromata,1Cor,new_testament,Bible:1Cor.9.19-1Cor.9.25,1 Cor. ix. 19–25
clement_alex,stromata,1Cor,new_testament,Bible:1Cor.10.26,1 Cor. x. 26
clement_alex,stromata,1Cor,new_testament,Bible:1Cor.10.28-1Cor.10.31,1 Cor. x. 28–31
clement_alex,stromata,Rom,new_testament,Bible:Rom.10.10-Rom.10.11 Bible:Rom.10.8 Bible:Rom.10.9,"Rom. x. 10,
11, 8, 9"
clement_alex,stromata,Rom,new_testament,Bible:Rom.12.14,Rom. xii. 14
clement_alex,stromata,2Cor,new_testament,Bible:2Cor.1.12,2 Cor. i. 12
clement_alex,stromata,2Cor,new_testament,Bible:2Cor.3.14,2 Cor. iii. 14
clement_alex,stromata,1John,new_testament,Bible:1John.3.18-1John.3.19,"1 John iii. 18, 19"
clement_alex,stromata,1John,new_testament,Bible:1John.4.16 Bible:1John.4.18,"1 John
iv. 16, 18"
clement_alex,stromata,1John,new_testament,Bible:1John.5.3,1 John v. 3
clement_alex,stromata,1Tim,new_testament,Bible:1Tim.4.12,1 Tim. iv. 12
clement_alex,stromata,Phil,new_testament,Bible:Phil.4.11-Phil.4.13,Phil. iv. 11–13
clement_alex,stromata,Heb,new_testament,Bible:Heb.10.32-Heb.10.39,Heb. x. 32–39
clement_alex,stromata,Heb,new_testament,Bible:Heb.11.36-Heb.11.40,Heb. xi. 36–40
clement_alex,stromata,Heb,new_testament,Bible:Heb.11.26-Heb.11.27,"Heb. xi. 26, 27"
clement_alex,stromata,Wis,deuterocanonical,Bible:Wis.3.2-Wis.3.4,"Wisd. iii. 2, 3, 4"
clement_alex,stromata,Wis,deuterocanonical,Bible:Wis.3.5-Wis.3.7 Bible:Wis.3.8,"Wisd. iii. 5, 6, 7, 8"
clement_alex,stromata,Gen,old_testament_or_other,Bible:Gen.18.27,Gen. xviii. 27
clement_alex,stromata,Job,old_testament_or_other,Bible:Job.1.1,Job i. 1
clement_alex,stromata,Job,old_testament_or_other,Bible:Job.16.4-Job.16.5,"Job xvi. 4,
5"
clement_alex,stromata,1Pet,new_testament,Bible:1Pet.5.5,1 Pet. v. 5
clement_alex,stromata,Ps,old_testament_or_other,Bible:Ps.89.21,Ps. lxxxix. 21
clement_alex,stromata,Ps,old_testament_or_other,Bible:Ps.51.1-Ps.51.4,Ps. li. 1–4
clement_alex,stromata,Ps,old_testament_or_other,Bible:Ps.51.6,Ps. li. 6
clement_alex,stromata,Prov,old_testament_or_other,Bible:Prov.20.27,Prov. xx. 27
clement_alex,stromata,Ps,old_testament_or_other,Bible:Ps.34.12,Ps. xxxiv. 12
clement_alex,stromata,Ps,old_testament_or_other,Bible:Ps.34.13-Ps.34.14,"Ps. xxxiv. 13, 14"
clement_alex,stromata,Ps,old_testament_or_other,Bible:Ps.34.15-Ps.34.17,Ps. xxxiv. 15–17
clement_alex,stromata,Ps,old_testament_or_other,Bible:Ps.32.10,Ps. xxxii. 10
clement_alex,stromata,Jas,new_testament,Bible:Jas.5.20,Jas. v. 20
clement_alex,stromata,1Cor,new_testament,Bible:1Cor.13.1 Bible:1Cor.13.3,"1 Cor. xiii. 1, 3"
clement_alex,stromata,Ps,old_testament_or_other,Bible:Ps.50.14-Ps.50.15,"Ps. l. 14, 15"
clement_alex,stromata,Ps,old_testament_or_other,Bible:Ps.51.17,Ps. li. 17
clement_alex,stromata,1John,new_testament,Bible:1John.4.8 Bible:1John.4.16,"1 John iv. 8, 16"
clement_alex,stromata,Rom,new_testament,Bible:Rom.13.10,Rom. xiii. 10
clement_alex,stromata,Ps,old_testament_or_other,Bible:Ps.1.3,Ps. i. 3
clement_alex,stromata,Exod,old_testament_or_other,Bible:Exod.32.9-Exod.32.10 Bible:Exod.32.32,"Ex. xxxii. 9, 10, 32"
clement_alex,stromata,Titus,new_testament,Bible:Titus.2.3-Titus.2.5,Tit. ii. 3–5
clement_alex,stromata,Heb,new_testament,Bible:Heb.13.14-Heb.13.16,Heb. xiii. 14–16
clement_alex,stromata,Heb,new_testament,Bible:Heb.13.4,Heb. xiii. 4
clement_alex,stromata,1Pet,new_testament,Bible:1Pet.1.6-1Pet.1.9,1 Pet. i. 6–9
clement_alex,stromata,2Cor,new_testament,Bible:2Cor.11.23,2 Cor. xi. 23
clement_alex,stromata,Deut,old_testament_or_other,Bible:Deut.18.15,Deut. xviii. 15
clement_alex,stromata,2Cor,new_testament,Bible:2Cor.4.8-2Cor.4.9,"2 Cor. iv. 8, 9"
clement_alex,stromata,2Cor,new_testament,Bible:2Cor.6.3-2Cor.6.7,2 Cor. vi. 3–7
clement_alex,stromata,2Cor,new_testament,Bible:2Cor.7.1-2Cor.7.11,2 Cor. vii. 1–11
clement_alex,stromata,Eph,new_testament,Bible:Eph.4.11-Eph.4.13,"Eph. iv. 11, 12, 13"
clement_alex,stromata,1Cor,new_testament,Bible:1Cor.12.7-1Cor.12.11,"1
Cor. xii. 7–11"
clement_alex,stromata,1Cor,new_testament,Bible:1Cor.7.7,1 Cor. vii. 7
clement_alex,stromata,Ps,old_testament_or_other,Bible:Ps.39.7-Ps.39.10,Ps. cxxxix. 7–10
clement_alex,stromata,Isa,old_testament_or_other,Bible:Isa.40.10,Isa. xl. 10
clement_alex,stromata,Ps,old_testament_or_other,Bible:Ps.62.12,Ps. lxii. 12
clement_alex,stromata,Rev,new_testament,Bible:Rev.22.12,Rev. xxii. 12
clement_alex,stromata,Rom,new_testament,Bible:Rom.2.6,Rom. ii. 6
clement_alex,stromata,Ps,old_testament_or_other,Bible:Ps.2.8,Ps. ii. 8
clement_alex,stromata,Matt,new_testament,Bible:Matt.6.2,Matt. vi. 2
clement_alex,stromata,1Thess,new_testament,Bible:1Thess.5.6-1Thess.5.8,1 Thess. v. 6–8
clement_alex,stromata,Rom,new_testament,Bible:Rom.13.11,Rom. xiii. 11
clement_alex,stromata,Rom,new_testament,Bible:Rom.5.3-Rom.5.5,Rom. v. 3–5
clement_alex,stromata,1Cor,new_testament,Bible:1Cor.8.8,1 Cor. viii. 8
clement_alex,stromata,1Cor,new_testament,Bible:1Cor.7.38 Bible:1Cor.7.35,"1 Cor. vii. 38,
35"
clement_alex,stromata,Prov,old_testament_or_other,Bible:Prov.3.5,Prov. iii. 5
clement_alex,stromata,Ps,old_testament_or_other,Bible:Ps.50.21,Ps. l. 21
clement_alex,stromata,Ps,old_testament_or_other,Bible:Ps.1.4,Ps. i. 4
clement_alex,stromata,Isa,old_testament_or_other,Bible:Isa.40.15,Isa. xl. 15
clement_alex,stromata,Jer,old_testament_or_other,Bible:Jer.33.5,Jer. xxxiii. 5
clement_alex,stromata,Ezek,old_testament_or_other,Bible:Ezek.44.9-Ezek.44.10,"Ezek. xliv. 9, 10"
clement_alex,stromata,Ezek,old_testament_or_other,Bible:Ezek.44.27,Ezek. xliv. 27
clement_alex,stromata,Job,old_testament_or_other,Bible:Job.1.21,Job i. 21
clement_alex,stromata,Matt,new_testament,Bible:Matt.18.3,Matt. xviii. 3
clement_alex,stromata,Prov,old_testament_or_other,Bible:Prov.13.9,Prov. xiii. 9
clement_alex,stromata,Gen,old_testament_or_other,Bible:Gen.24.16,Gen. xxiv. 16
clement_alex,stromata,Mark,new_testament,Bible:Mark.5.34,Mark v. 34
clement_alex,stromata,Isa,old_testament_or_other,Bible:Isa.40.6-Isa.40.8,Isa. xl. 6–8
clement_alex,stromata,Jer,old_testament_or_other,Bible:Jer.13.24-Jer.13.27,Jer. xiii. 24–27
clement_alex,stromata,Gen,old_testament_or_other,Bible:Gen.23.4,Gen. xxiii. 4
clement_alex,stromata,Ps,old_testament_or_other,Bible:Ps.39.12,Ps. xxxix. 12
clement_alex,stromata,2Cor,new_testament,Bible:2Cor.5.1-2Cor.5.3 Bible:2Cor.5.7,"2 Cor. v. 1, 2, 3, 7"
clement_alex,stromata,2Cor,new_testament,Bible:2Cor.5.9,2 Cor. v. 9
clement_alex,stromata,Job,old_testament_or_other,Bible:Job.42.2-Job.42.3 Bible:Job.42.6,"Job
xlii. 2, 3, 6"
clement_alex,stromata,Jer,old_testament_or_other,Bible:Jer.22.29-Jer.22.30,"Jer. xxii. 29, 30"
clement_alex,stromata,Isa,old_testament_or_other,Bible:Isa.1.2,Isa. i. 2
clement_alex,stromata,Mic,old_testament_or_other,Bible:Mic.1.2,Mic. i. 2
clement_alex,stromata,Gen,old_testament_or_other,Bible:Gen.18.25,Gen. xviii. 25
clement_alex,stromata,Isa,old_testament_or_other,Bible:Isa.45.21,Isa. xlv. 21
clement_alex,stromata,Rom,new_testament,Bible:Rom.9.14,Rom. ix. 14
clement_alex,stromata,Deut,old_testament_or_other,Bible:Deut.10.12,Deut. x. 12
clement_alex,stromata,Rom,new_testament,Bible:Rom.13.13,Rom. xiii. 13
clement_alex,stromata,Isa,old_testament_or_other,Bible:Isa.62.11,Isa. lxii. 11
clement_alex,stromata,Gen,old_testament_or_other,Bible:Gen.1.26,Gen. i. 26
clement_alex,stromata,1Cor,new_testament,Bible:1Cor.9.24-1Cor.9.27,1 Cor. ix. 24–27
clement_alex,stromata,1Cor,new_testament,Bible:1Cor.15.8,1 Cor. xv. 8
clement_alex,stromata,Rom,new_testament,Bible:Rom.2.26,Rom. ii. 26
clement_alex,stromata,2Cor,new_testament,Bible:2Cor.10.5,2 Cor. x. 5
clement_alex,stromata,Matt,new_testament,Bible:Matt.20.14,Matt. xx. 14
clement_alex,stromata,2Cor,new_testament,Bible:2Cor.5.1-2Cor.5.4,2 Cor. v. 1–4
clement_alex,stromata,Heb,new_testament,Bible:Heb.12.28,Heb. xii. 28
clement_alex,stromata,Matt,new_testament,Bible:Matt.11.15,Matt. xi. 15
clement_alex,stromata,Rom,new_testament,Bible:Rom.1.11-Rom.1.12,"Rom. i. 11, 12"
clement_alex,stromata,Matt,new_testament,Bible:Matt.9.22,Matt. ix. 22
clement_alex,stromata,Luke,new_testament,Bible:Luke.17.6,Luke xvii. 6
clement_alex,stromata,1Cor,new_testament,Bible:1Cor.13.2,1 Cor. xiii. 2
clement_alex,stromata,Luke,new_testament,Bible:Luke.17.5,Luke xvii. 5
clement_alex,stromata,Gen,old_testament_or_other,Bible:Gen.15.6,Gen. xv. 6
clement_alex,stromata,Rom,new_testament,Bible:Rom.4.3,Rom. iv. 3
clement_alex,stromata,Isa,old_testament_or_other,Bible:Isa.59.8,Isa. lix. 8
clement_alex,stromata,1Cor,new_testament,Bible:1Cor.13.12,1 Cor. xiii. 12
clement_alex,stromata,Exod,old_testament_or_other,Bible:Exod.33.20,Ex. xxxiii. 20
clement_alex,stromata,1Cor,new_testament,Bible:1Cor.1.20,1 Cor. i. 20
clement_alex,stromata,1Cor,new_testament,Bible:1Cor.1.19,"1
Cor. i. 19"
clement_alex,stromata,Jer,old_testament_or_other,Bible:Jer.6.16,Jer. vi. 16
clement_alex,stromata,Rom,new_testament,Bible:Rom.4.3 Bible:Rom.4.5 Bible:Rom.4.9 Bible:Rom.4.22,"Rom. iv. 3, 5, 9, 22"
clement_alex,stromata,1Cor,new_testament,Bible:1Cor.2.5,"1
Cor. ii. 5"
clement_alex,stromata,Ps,old_testament_or_other,Bible:Ps.22.26,Ps. xxii. 26
clement_alex,stromata,1John,new_testament,Bible:1John.4.16,1 John iv. 16
clement_alex,stromata,John,new_testament,Bible:John.1.14,"John
i. 14"
clement_alex,stromata,Matt,new_testament,Bible:Matt.11.12,Matt. xi. 12
clement_alex,stromata,Matt,new_testament,Bible:Matt.20.16,Matt. xx. 16
clement_alex,stromata,2Thess,new_testament,Bible:2Thess.3.1-2Thess.3.2,"2 Thess. iii. 1, 2"
clement_alex,stromata,Sir,deuterocanonical,Bible:Sir.27.12,Ecclus. xxvii. 12
clement_alex,stromata,Prov,old_testament_or_other,Bible:Prov.10.14,Prov. x. 14
clement_alex,stromata,Prov,old_testament_or_other,Bible:Prov.26.5,Prov. xxvi. 5
clement_alex,stromata,1Cor,new_testament,Bible:1Cor.9.22,1 Cor. ix. 22
clement_alex,stromata,Matt,new_testament,Bible:Matt.5.45,Matt. v. 45
clement_alex,stromata,Rom,new_testament,Bible:Rom.3.29-Rom.3.30,"Rom. iii. 29, 30"
clement_alex,stromata,Prov,old_testament_or_other,Bible:Prov.1.6,Prov. i. 6
clement_alex,stromata,Isa,old_testament_or_other,Bible:Isa.45.3,Isa. xlv. 3
clement_alex,stromata,Ps,old_testament_or_other,Bible:Ps.78.1-Ps.78.2,"Ps. lxxviii. 1, 2"
clement_alex,stromata,1Cor,new_testament,Bible:1Cor.2.6-1Cor.2.8,1 Cor. ii. 6–8
clement_alex,stromata,1Cor,new_testament,Bible:1Cor.2.9-1Cor.2.10,"1 Cor. ii. 9, 10"
clement_alex,stromata,1Cor,new_testament,Bible:1Cor.3.1-1Cor.3.3,1 Cor. iii. 1–3
clement_alex,stromata,1Cor,new_testament,Bible:1Cor.3.10-1Cor.3.13,1 Cor. iii. 10–13
clement_alex,stromata,Rom,new_testament,Bible:Rom.1.11,Rom. i. 11
clement_alex,stromata,Jer,old_testament_or_other,Bible:Jer.8.6,Jer. viii. 6
clement_alex,stromata,Eph,new_testament,Bible:Eph.4.26,Eph. iv. 26
clement_alex,stromata,Jude,new_testament,Bible:Jude.1.23,Jude 23
clement_alex,stromata,Matt,new_testament,Bible:Matt.19.23,Matt. xix.  23
clement_alex,stromata,Mark,new_testament,Bible:Mark.10.23,Mark x. 23
clement_alex,stromata,Luke,new_testament,Bible:Luke.18.24,Luke xviii. 24
clement_alex,stromata,Matt,new_testament,Bible:Matt.11.29-Matt.11.30,"Matt. xi. 29, 30"
clement_alex,stromata,Gal,new_testament,Bible:Gal.5.25,Gal. v. 25
clement_alex,stromata,2Cor,new_testament,Bible:2Cor.5.7,2 Cor. v. 7
clement_alex,stromata,Rev,new_testament,Bible:Rev.5.6,Rev. v. 6
clement_alex,stromata,Isa,old_testament_or_other,Bible:Isa.11.10,Isa. xi. 10
clement_alex,stromata,Eph,new_testament,Bible:Eph.5.23,Eph. v. 23
clement_alex,stromata,1Cor,new_testament,Bible:1Cor.11.3,1 Cor. xi. 3
clement_alex,stromata,2Cor,new_testament,Bible:2Cor.11.31,2 Cor. xi. 31
clement_alex,stromata,1Cor,new_testament,Bible:1Cor.12.11,1 Cor. xii. 11
clement_alex,stromata,Lev,old_testament_or_other,Bible:Lev.16.23-Lev.16.24,"Lev. xvi. 23, 24"
clement_alex,stromata,Deut,old_testament_or_other,Bible:Deut.14,Deut. xiv.
clement_alex,stromata,Ps,old_testament_or_other,Bible:Ps.18.25-Ps.18.26,"Ps. xviii. 25, 26"
clement_alex,stromata,Exod,old_testament_or_other,Bible:Exod.15.1,Ex. xv. 1
clement_alex,stromata,Exod,old_testament_or_other,Bible:Exod.21.33 Bible:Exod.21.36,"Ex. xxi. 33, 36"
clement_alex,stromata,Isa,old_testament_or_other,Bible:Isa.1.3,Isa. i. 3
clement_alex,stromata,Matt,new_testament,Bible:Matt.11.13,Matt. xi. 13
clement_alex,stromata,Luke,new_testament,Bible:Luke.16.16,Luke xvi. 16
clement_alex,stromata,Mark,new_testament,Bible:Mark.1.7,Mark i. 7
clement_alex,stromata,Luke,new_testament,Bible:Luke.3.16,Luke iii. 16
clement_alex,stromata,John,new_testament,Bible:John.1.27,John i.  27
clement_alex,stromata,2Cor,new_testament,Bible:2Cor.6.14-2Cor.6.15,"2 Cor. vi. 14, 15"
clement_alex,stromata,2Cor,new_testament,Bible:2Cor.6.17-2Cor.6.18,"2 Cor. vi. 17, 18"
clement_alex,stromata,Eph,new_testament,Bible:Eph.3.3-Eph.3.5,Eph. iii. 3–5
clement_alex,stromata,Col,new_testament,Bible:Col.1.9-Col.1.11,Col. i. 9–11
clement_alex,stromata,Col,new_testament,Bible:Col.1.25-Col.1.27,Col. i. 25–27
clement_alex,stromata,Col,new_testament,Bible:Col.1.27,Col. i. 27
clement_alex,stromata,Col,new_testament,Bible:Col.2.2-Col.2.3,"Col. ii. 2, 3"
clement_alex,stromata,Col,new_testament,Bible:Col.4.2,Col. iv. 2
clement_alex,stromata,Col,new_testament,Bible:Col.4.3-Col.4.4,"Col. iv. 3, 4"
clement_alex,stromata,Heb,new_testament,Bible:Heb.5.12-Heb.5.14,"Heb. v. 12, 13, 14"
clement_alex,stromata,Exod,old_testament_or_other,Bible:Exod.33.1,Ex. xxxiii. 1
clement_alex,stromata,Lev,old_testament_or_other,Bible:Lev.20.24,Lev. xx. 24
clement_alex,stromata,Ps,old_testament_or_other,Bible:Ps.19.2-Ps.19.3,"Ps. xix. 2, 3"
clement_alex,stromata,Rom,new_testament,Bible:Rom.15.29,Rom. xv. 29
clement_alex,stromata,1Cor,new_testament,Bible:1Cor.2.6-1Cor.2.7,"1 Cor. ii. 6, 7"
clement_alex,stromata,Ps,old_testament_or_other,Bible:Ps.34.8,Ps. xxxiv. 8
clement_alex,stromata,Prov,old_testament_or_other,Bible:Prov.30.2,Prov. xxx. 2
clement_alex,stromata,Prov,old_testament_or_other,Bible:Prov.3.18,Prov. iii. 18
clement_alex,stromata,Deut,old_testament_or_other,Bible:Deut.30.15-Deut.30.16,"Deut. xxx. 15,
16"
clement_alex,stromata,Gen,old_testament_or_other,Bible:Gen.22.3-Gen.22.4,"Gen. xxii. 3,
4"
clement_alex,stromata,Ps,old_testament_or_other,Bible:Ps.50.13,Ps. l. 13
clement_alex,stromata,Acts,new_testament,Bible:Acts.17.24-Acts.17.25,"Acts xvii. 24, 25"
clement_alex,stromata,Rom,new_testament,Bible:Rom.11.33,Rom. xi. 33
clement_alex,stromata,Gen,old_testament_or_other,Bible:Gen.18.6,Gen. xviii. 6
clement_alex,stromata,Matt,new_testament,Bible:Matt.13.11,Matt. xiii. 11
clement_alex,stromata,Mark,new_testament,Bible:Mark.4.11,Mark iv. 11
clement_alex,stromata,Luke,new_testament,Bible:Luke.8.10,Luke viii. 10
clement_alex,stromata,Ps,old_testament_or_other,Bible:Ps.78.2,Ps. lxxviii. 2
clement_alex,stromata,Matt,new_testament,Bible:Matt.13.33,Matt. xiii. 33
clement_alex,stromata,John,new_testament,Bible:John.1.18,John. i. 18
clement_alex,stromata,Acts,new_testament,Bible:Acts.17.22-Acts.17.23,"Acts xvii. 22, 23"
clement_alex,stromata,Luke,new_testament,Bible:Luke.10.22,Luke x. 22
clement_alex,stromata,John,new_testament,Bible:John.8.24,John viii. 24
clement_alex,stromata,John,new_testament,Bible:John.3.15-John.3.16 Bible:John.3.36,"John iii. 15, 16, 36"
clement_alex,stromata,Ps,old_testament_or_other,Bible:Ps.2.12,Ps. ii. 12
clement_alex,stromata,John,new_testament,Bible:John.10.1-John.10.3,John x. 1–3
clement_alex,stromata,Eph,new_testament,Bible:Eph.3.5,Eph. iii. 5
clement_alex,stromata,Joel,old_testament_or_other,Bible:Joel.2.28,Joel ii. 28
clement_alex,stromata,Wis,deuterocanonical,Bible:Wis.7.24,Wisd. vii. 24
clement_alex,stromata,Ps,old_testament_or_other,Bible:Ps.36.5,Ps. xxxvi. 5
clement_alex,stromata,Ps,old_testament_or_other,Bible:Ps.4.4,Ps. civ. 4
clement_alex,stromata,Matt,new_testament,Bible:Matt.18.10,Matt. xviii.  10
clement_alex,stromata,Gen,old_testament_or_other,Bible:Gen.1.1-Gen.1.3,Gen. i. 1–3
clement_alex,stromata,Deut,old_testament_or_other,Bible:Deut.30.15 Bible:Deut.30.19 Bible:Deut.30.20,"Deut. xxx. 15, 19, 20"
clement_alex,stromata,Ps,old_testament_or_other,Bible:Ps.3.5,Ps. iii. 5
clement_alex,stromata,Matt,new_testament,Bible:Matt.24.42,Matt. xxiv. 42
clement_alex,stromata,Wis,deuterocanonical,Bible:Wis.2.12,Wisd. ii. 12
clement_alex,stromata,Isa,old_testament_or_other,Bible:Isa.40.18 Bible:Isa.40.25,"Isa. xl. 18,
25"
clement_alex,stromata,Deut,old_testament_or_other,Bible:Deut.6.4,"Deut
vi. 4"
clement_alex,stromata,Isa,old_testament_or_other,Bible:Isa.1.11 Bible:Isa.1.16,"Isa. i. 11,
16"
clement_alex,stromata,Ps,old_testament_or_other,Bible:Ps.4.5,Ps. iv. 5
clement_alex,stromata,Isa,old_testament_or_other,Bible:Isa.65.24,Isa. lxv. 24
clement_alex,stromata,Isa,old_testament_or_other,Bible:Isa.64.1-Isa.64.2,"Isa. lxiv. 1, 2"
clement_alex,stromata,Amos,old_testament_or_other,Bible:Amos.4.13,Amos iv. 13
clement_alex,stromata,Deut,old_testament_or_other,Bible:Deut.32.39,Deut. xxxii. 39
clement_alex,stromata,Isa,old_testament_or_other,Bible:Isa.10.14,Isa. x. 14
clement_alex,stromata,Jer,old_testament_or_other,Bible:Jer.10.12,Jer. x. 12
clement_alex,stromata,Isa,old_testament_or_other,Bible:Isa.40.13,Isa. xl. 13
clement_alex,stromata,Ps,old_testament_or_other,Bible:Ps.68.8,Ps. lxviii. 8
clement_alex,stromata,Isa,old_testament_or_other,Bible:Isa.36.7-Isa.36.8 Bible:Isa.36.10,"Isa xxxvi. 7, 8, 10"
clement_alex,stromata,Jonah,old_testament_or_other,Bible:Jonah.1.6 Bible:Jonah.1.9 Bible:Jonah.1.14,"Jonah
i. 6, 9, 14"
clement_alex,stromata,Mal,old_testament_or_other,Bible:Mal.1.10-Mal.1.11 Bible:Mal.1.14,"Mal. i. 10, 11,
14"
clement_alex,stromata,Jer,old_testament_or_other,Bible:Jer.3.19,Jer. iii. 19
clement_alex,stromata,Gen,old_testament_or_other,Bible:Gen.17.3,Genesis 17:3
clement_alex,stromata,Deut,old_testament_or_other,Bible:Deut.29.17,Deut. xxix. 17
clement_alex,stromata,Hab,old_testament_or_other,Bible:Hab.2.18-Hab.2.19,"Hab. ii. 18, 19"
clement_alex,stromata,1Kgs,old_testament_or_other,Bible:1Kgs.15.12,1 Kings xv. 12
clement_alex,stromata,Rev,new_testament,Bible:Rev.1.4,Rev. i. 4
clement_alex,stromata,Isa,old_testament_or_other,Bible:Isa.11.1-Isa.11.2,"Isa. xi. 1, 2"
clement_alex,stromata,Zech,old_testament_or_other,Bible:Zech.3.9,Zech. iii. 9
clement_alex,stromata,Acts,new_testament,Bible:Acts.17.18,"Acts
xvii. 18"
clement_alex,stromata,Isa,old_testament_or_other,Bible:Isa.32.20,Isa. xxxii. 20
clement_alex,stromata,Rom,new_testament,Bible:Rom.14.2,Rom. xiv. 2
clement_alex,stromata,Ps,old_testament_or_other,Bible:Ps.12.5 Bible:Ps.12.9,"Ps. cxii. 5,
9"
clement_alex,stromata,1Sam,old_testament_or_other,Bible:1Sam.11.18,1 Sam. xi. 18
clement_alex,stromata,Ps,old_testament_or_other,Bible:Ps.84.1,Ps. lxxxiv. 1
clement_alex,stromata,Deut,old_testament_or_other,Bible:Deut.10.16-Deut.10.17,"Deut. x. 16, 17"
clement_alex,stromata,Isa,old_testament_or_other,Bible:Isa.40.26,Isa. xl. 26
clement_alex,stromata,1Tim,new_testament,Bible:1Tim.6.16,1 Tim. vi. 16
clement_alex,stromata,2Macc,deuterocanonical,Bible:2Macc.1.10,2 Maccab. i. 10
clement_alex,stromata,Deut,old_testament_or_other,Bible:Deut.4.12,Deut. iv. 12
clement_alex,stromata,Luke,new_testament,Bible:Luke.6.1,Luke vi. 1
clement_alex,stromata,Jer,old_testament_or_other,Bible:Jer.31.31-Jer.31.32,"Jer. xxxi. 31, 32"
clement_alex,stromata,Heb,new_testament,Bible:Heb.8.8-Heb.8.10,"Heb. viii.
8–10"
clement_alex,stromata,Matt,new_testament,Bible:Matt.23.4,Matt. xxiii. 4
clement_alex,stromata,Luke,new_testament,Bible:Luke.11.46,Luke xi. 46
clement_alex,stromata,Job,old_testament_or_other,Bible:Job.28.22,Job xxviii. 22
clement_alex,stromata,1Pet,new_testament,Bible:1Pet.3.19-1Pet.3.20,"1 Pet. iii. 19, 20"
clement_alex,stromata,Ezek,old_testament_or_other,Bible:Ezek.18.23 Bible:Ezek.18.32,"Ezek. xviii. 23, 32"
clement_alex,stromata,Matt,new_testament,Bible:Matt.27.52,Matt. xxvii. 52
clement_alex,stromata,John,new_testament,Bible:John.5.25,John v. 25
clement_alex,stromata,Rom,new_testament,Bible:Rom.3.29,Rom. iii. 29
clement_alex,stromata,1Pet,new_testament,Bible:1Pet.3.19,1 Pet. iii. 19
clement_alex,stromata,Acts,new_testament,Bible:Acts.3.17 Bible:Acts.3.19,"Acts iii. 17, 19"
clement_alex,stromata,Deut,old_testament_or_other,Bible:Deut.30.15 Bible:Deut.30.19,"Deut. xxx. 15, 19"
clement_alex,stromata,Isa,old_testament_or_other,Bible:Isa.1.19-Isa.1.20,"Isa. i. 19, 20"
clement_alex,stromata,Ps,old_testament_or_other,Bible:Ps.16.9-Ps.16.11,Ps. xvi. 9–11
clement_alex,stromata,Acts,new_testament,Bible:Acts.2.26-Acts.2.28,"Acts ii.
26–28"
clement_alex,stromata,Isa,old_testament_or_other,Bible:Isa.11.7,Isa. xi. 7
clement_alex,stromata,Isa,old_testament_or_other,Bible:Isa.43.20,Isa. xliii. 20
clement_alex,stromata,Wis,deuterocanonical,Bible:Wis.6.7,Wisd. vi. 7
clement_alex,stromata,Ps,old_testament_or_other,Bible:Ps.9.15,Ps. ix. 15
clement_alex,stromata,Ps,old_testament_or_other,Bible:Ps.9.9,Ps. ix. 9
clement_alex,stromata,Ps,old_testament_or_other,Bible:Ps.9.11,Ps. ix. 11
clement_alex,stromata,Ps,old_testament_or_other,Bible:Ps.11.7,Ps. xi. 7
clement_alex,stromata,Ps,old_testament_or_other,Bible:Ps.11.6,Ps. xi. 6
clement_alex,stromata,Ps,old_testament_or_other,Bible:Ps.2.9,Ps. cii. 9
clement_alex,stromata,John,new_testament,Bible:John.1.3,John i. 3
clement_alex,stromata,Gen,old_testament_or_other,Bible:Gen.1.1,Gen. i. 1
clement_alex,stromata,Matt,new_testament,Bible:Matt.23.8-Matt.23.10,Matt. xxiii. 8–10
clement_alex,stromata,Eph,new_testament,Bible:Eph.3.14-Eph.3.15,"Eph. iii. 14,
15"
clement_alex,stromata,Ps,old_testament_or_other,Bible:Ps.12.6,Ps. xii. 6
clement_alex,stromata,Prov,old_testament_or_other,Bible:Prov.10.20,Prov. x. 20
clement_alex,stromata,Heb,new_testament,Bible:Heb.5.12,Heb. v. 12
clement_alex,stromata,Ps,old_testament_or_other,Bible:Ps.19.125,Ps. cxix. 125
clement_alex,stromata,Ps,old_testament_or_other,Bible:Ps.19.66,Ps. cxix. 66
clement_alex,stromata,Ps,old_testament_or_other,Bible:Ps.47.20,Ps. cxlvii. 20
clement_alex,stromata,Acts,new_testament,Bible:Acts.10.34-Acts.10.35,"Acts x. 34,
35"
clement_alex,stromata,Ps,old_testament_or_other,Bible:Ps.18.19-Ps.18.20,"Ps. cxviii. 19, 20"
clement_alex,stromata,Ps,old_testament_or_other,Bible:Ps.29.3,Ps. xxix. 3
clement_alex,stromata,Ps,old_testament_or_other,Bible:Ps.9.17,Ps. ix. 17
clement_alex,stromata,Job,old_testament_or_other,Bible:Job.11.2,Job xi. 2
clement_alex,stromata,Jude,new_testament,Bible:Jude.1.22 Bible:Jude.1.23,"Jude 22, 23"
clement_alex,stromata,2Cor,new_testament,Bible:2Cor.11.14,"2
Cor. xi. 14"
clement_alex,stromata,Wis,deuterocanonical,Bible:Wis.7.17-Wis.7.18,"Wisd. vii. 17, 18"
clement_alex,stromata,Eph,new_testament,Bible:Eph.1.4-Eph.1.5,"Eph. i. 4,
5"
clement_alex,stromata,Ps,old_testament_or_other,Bible:Ps.12.6,Ps. cxii. 6
clement_alex,stromata,Ps,old_testament_or_other,Bible:Ps.12.7,Ps. cxii. 7
clement_alex,stromata,Ps,old_testament_or_other,Bible:Ps.5.3-Ps.5.4,"Ps. cv. 3, 4"
clement_alex,stromata,Gen,old_testament_or_other,Bible:Gen.14.14,Gen. xiv. 14
clement_alex,stromata,Gen,old_testament_or_other,Bible:Gen.6.3,Gen. vi. 3
clement_alex,stromata,Eph,new_testament,Bible:Eph.4,Eph. iv.
clement_alex,stromata,Exod,old_testament_or_other,Bible:Exod.25.23,Ex. xxv. 23
clement_alex,stromata,Exod,old_testament_or_other,Bible:Exod.25.24,Ex. xxv. 24
clement_alex,stromata,Ps,old_testament_or_other,Bible:Ps.45.9,Ps. xlv. 9
clement_alex,stromata,Ps,old_testament_or_other,Bible:Ps.45.14,Ps. xlv. 14
clement_alex,stromata,Wis,deuterocanonical,Bible:Wis.6.10,Wisd. vi. 10
clement_alex,stromata,Wis,deuterocanonical,Bible:Wis.7.16,Wisd. vii. 16
clement_alex,stromata,Wis,deuterocanonical,Bible:Wis.14.2-Wis.14.3,"Wisd. xiv. 2, 3"
clement_alex,stromata,John,new_testament,Bible:John.3.30,John iii. 30
clement_alex,stromata,Eph,new_testament,Bible:Eph.2.20-Eph.2.21,"Eph. ii. 20, 21"
clement_alex,stromata,Matt,new_testament,Bible:Matt.13.47-Matt.13.48,"Matt. xiii. 47, 48"
clement_alex,stromata,Wis,deuterocanonical,Bible:Wis.2.22 Bible:Wis.2.25,"Wisd. ii. 22, 25"
clement_alex,stromata,Ps,old_testament_or_other,Bible:Ps.17.3-Ps.17.4,"Ps. xvii. 3, 4"
clement_alex,stromata,Gen,old_testament_or_other,Bible:Gen.18.12,Gen. xviii. 12
clement_alex,stromata,1Sam,old_testament_or_other,Bible:1Sam.1.13,"1
Sam. i. 13"
clement_alex,stromata,Tob,deuterocanonical,Bible:Tob.12.8,Tob. xii. 8
clement_alex,stromata,2Cor,new_testament,Bible:2Cor.6.7,"2
Cor. vi. 7"
clement_alex,stromata,Exod,old_testament_or_other,Bible:Exod.34.29,Ex. xxxiv. 29
clement_alex,stromata,Matt,new_testament,Bible:Matt.5.48,Matt. v. 48
clement_alex,stromata,Acts,new_testament,Bible:Acts.14.23,Acts xiv. 23
clement_alex,stromata,Titus,new_testament,Bible:Titus.1.5,Tit. i. 5
clement_alex,stromata,Mark,new_testament,Bible:Mark.12.39,Mark xii. 39
clement_alex,stromata,Luke,new_testament,Bible:Luke.20.46,Luke xx. 46
clement_alex,stromata,Rev,new_testament,Bible:Rev.4.4,Rev. iv. 4
clement_alex,stromata,Eph,new_testament,Bible:Eph.2.14-Eph.2.16,"Eph ii. 14,
15, 16"
clement_alex,stromata,1Thess,new_testament,Bible:1Thess.4.17,1 Thess. iv. 17
clement_alex,stromata,1Cor,new_testament,Bible:1Cor.15.41,1 Cor. xv. 41
clement_alex,stromata,Eph,new_testament,Bible:Eph.4.13,Eph. iv. 13
clement_alex,stromata,Ps,old_testament_or_other,Bible:Ps.15,Ps. xv.
clement_alex,stromata,John,new_testament,Bible:John.1.47,John i. 47
clement_alex,stromata,Matt,new_testament,Bible:Matt.5.8,Matt v. 8
clement_alex,stromata,John,new_testament,Bible:John.10.16,"John
x. 16"
clement_alex,stromata,John,new_testament,Bible:John.10.27,John x. 27
clement_alex,stromata,Wis,deuterocanonical,Bible:Wis.4.17,Wisd. iv. 17
clement_alex,stromata,Wis,deuterocanonical,Bible:Wis.5.3-Wis.5.5,Wisd. v. 3–5
clement_alex,stromata,Deut,old_testament_or_other,Bible:Deut.4.19,Deut. iv. 19
clement_alex,stromata,Matt,new_testament,Bible:Matt.8.26,Matt. viii. 26
clement_alex,stromata,Mark,new_testament,Bible:Mark.8.36,Mark viii. 36
clement_alex,stromata,Luke,new_testament,Bible:Luke.9.25,Luke ix. 25
clement_alex,stromata,Wis,deuterocanonical,Bible:Wis.3.9,Wisd. iii. 9
clement_alex,stromata,Wis,deuterocanonical,Bible:Wis.3.14,Wisd. iii. 14
clement_alex,stromata,Matt,new_testament,Bible:Matt.13.8,Matt. xiii. 8
clement_alex,stromata,Matt,new_testament,Bible:Matt.25.10,Matt. xxv. 10
clement_alex,stromata,Luke,new_testament,Bible:Luke.12.3,Luke xii. 3
clement_alex,stromata,Ps,old_testament_or_other,Bible:Ps.45.4,Ps. xlv. 4
clement_alex,stromata,Hos,old_testament_or_other,Bible:Hos.14.9,Hos. xiv. 9
clement_alex,stromata,Amos,old_testament_or_other,Bible:Amos.5.13,Amos. v. 13
clement_alex,stromata,Ps,old_testament_or_other,Bible:Ps.18.11-Ps.18.12,"Ps. xviii. 11, 12"
clement_alex,stromata,Isa,old_testament_or_other,Bible:Isa.50.4,Isa. l. 4
clement_alex,stromata,Isa,old_testament_or_other,Bible:Isa.50.5,Isa. l. 5
clement_alex,stromata,Rom,new_testament,Bible:Rom.12.17,Rom. xii. 17
clement_alex,stromata,Wis,deuterocanonical,Bible:Wis.6.12-Wis.6.15,Wisd. vi. 12–15
clement_alex,stromata,Wis,deuterocanonical,Bible:Wis.2.16,Wisd. ii. 16
clement_alex,stromata,Wis,deuterocanonical,Bible:Wis.6.17-Wis.6.20,Wisd. vi. 17–20
clement_alex,stromata,1Cor,new_testament,Bible:1Cor.9.19,1 Cor. ix. 19
clement_alex,stromata,Dan,old_testament_or_other,Bible:Dan.5.7 Bible:Dan.5.29,"Dan. v. 7, 29"
clement_alex,stromata,Luke,new_testament,Bible:Luke.24.31,Luke xxiv. 31
clement_alex,stromata,Matt,new_testament,Bible:Matt.13.34,Matt. xiii. 34
clement_alex,stromata,John,new_testament,Bible:John.1.3,"John
i. 3"
clement_alex,stromata,Prov,old_testament_or_other,Bible:Prov.8.9,Prov. viii. 9
clement_alex,stromata,Prov,old_testament_or_other,Bible:Prov.1.1-Prov.1.4,Prov. i. 1–4
clement_alex,stromata,Prov,old_testament_or_other,Bible:Prov.1.5-Prov.1.6,"Prov. i. 5, 6"
clement_alex,stromata,Isa,old_testament_or_other,Bible:Isa.8.1,Isa. viii. 1
clement_alex,stromata,John,new_testament,Bible:John.14.26,"John
xiv. 26"
clement_alex,stromata,Mark,new_testament,Bible:Mark.10.48,Mark x. 48
clement_alex,stromata,Matt,new_testament,Bible:Matt.16.17,Matt. xvi. 17
clement_alex,stromata,Gal,new_testament,Bible:Gal.5.17,Gal. v. 17
clement_alex,stromata,Exod,old_testament_or_other,Bible:Exod.20.2-Exod.20.3,"Ex. xx. 2, 3"
clement_alex,stromata,Ps,old_testament_or_other,Bible:Ps.19.1,Ps. xix. 1
clement_alex,stromata,Rev,new_testament,Bible:Rev.21.6,Rev. xxi. 6
clement_alex,stromata,Dan,old_testament_or_other,Bible:Dan.8.13,Dan. viii. 13
clement_alex,stromata,Ps,old_testament_or_other,Bible:Ps.90.9-Ps.90.10,"Ps. xc. 9,
10"
clement_alex,stromata,Gen,old_testament_or_other,Bible:Gen.2.4,Gen. ii. 4
clement_alex,stromata,Ps,old_testament_or_other,Bible:Ps.18.24,Ps. cxviii. 24
clement_alex,stromata,Col,new_testament,Bible:Col.3.5,Col. iii. 5
clement_alex,stromata,Gal,new_testament,Bible:Gal.5.20 Bible:Gal.5.1,"Gal. v. 20, 1"
clement_alex,stromata,Jer,old_testament_or_other,Bible:Jer.2.27,Jer. ii. 27
clement_alex,stromata,Matt,new_testament,Bible:Matt.11.4,Matt. xi. 4
clement_alex,stromata,1Cor,new_testament,Bible:1Cor.3.12,1 Cor. iii. 12
clement_alex,stromata,Ps,old_testament_or_other,Bible:Ps.33.2,Ps. cxxxiii. 2
clement_alex,stromata,Matt,new_testament,Bible:Matt.25.32,Matt. xxv. 32
clement_alex,stromata,Ps,old_testament_or_other,Bible:Ps.24.1,Ps. xxiv. 1
clement_alex,stromata,1Tim,new_testament,Bible:1Tim.4.10,1 Tim. iv. 10
clement_alex,stromata,1Cor,new_testament,Bible:1Cor.8.4,1 Cor. viii. 4
clement_alex,stromata,Jas,new_testament,Bible:Jas.2.8,Jas. ii. 8
clement_alex,stromata,2Cor,new_testament,Bible:2Cor.10.15-2Cor.10.16,"2 Cor. x. 15, 16"
clement_alex,stromata,Acts,new_testament,Bible:Acts.17,Acts xvii.
clement_alex,stromata,2Cor,new_testament,Bible:2Cor.10.13-2Cor.10.15,2 Cor. x. 13–15
clement_alex,stromata,Gal,new_testament,Bible:Gal.2.9,Gal. ii. 9
clement_alex,stromata,2Cor,new_testament,Bible:2Cor.11.6,2 Cor. xi. 6
clement_alex,stromata,1Cor,new_testament,Bible:1Cor.2.10 Bible:1Cor.2.14,"1
Cor. ii. 10, 14"
clement_alex,stromata,1Tim,new_testament,Bible:1Tim.6.20,1 Tim. vi. 20
clement_alex,stromata,Rev,new_testament,Bible:Rev.13.18,Rev. xiii. 18
clement_alex,stromata,Ps,old_testament_or_other,Bible:Ps.19.2,Ps. cxix. 2
clement_alex,stromata,Deut,old_testament_or_other,Bible:Deut.32.8-Deut.32.9,"Deut. xxxii. 8, 9"
clement_alex,stromata,Prov,old_testament_or_other,Bible:Prov.8.30,Prov. viii. 30
clement_alex,stromata,Phil,new_testament,Bible:Phil.4.18,Phil. iv. 18
clement_alex,stromata,Ps,old_testament_or_other,Bible:Ps.51.17 Bible:Ps.51.19,"Ps. li. 17,
19"
clement_alex,stromata,Rom,new_testament,Bible:Rom.6.6-Rom.6.7,"Rom. vi. 6, 7"
clement_alex,stromata,Eph,new_testament,Bible:Eph.4.22-Eph.4.24,Eph. iv.  22–24
clement_alex,stromata,Col,new_testament,Bible:Col.3.8-Col.3.9,"Col. iii. 8, 9"
clement_alex,stromata,Matt,new_testament,Bible:Matt.3.11,Matt. iii. 11
clement_alex,stromata,Heb,new_testament,Bible:Heb.4.12,Heb. iv. 12
clement_alex,stromata,Ps,old_testament_or_other,Bible:Ps.19.164,Ps. cxix. 164
clement_alex,stromata,1Sam,old_testament_or_other,Bible:1Sam.1.13,1 Sam. i. 13
clement_alex,stromata,Ps,old_testament_or_other,Bible:Ps.41.2,Ps. cxli. 2
clement_alex,stromata,Jas,new_testament,Bible:Jas.4.3,Jas. iv. 3
clement_alex,stromata,Rom,new_testament,Bible:Rom.8.26,Rom. viii. 26
clement_alex,stromata,Rom,new_testament,Bible:Rom.2.25,Rom. ii. 25
clement_alex,stromata,Eph,new_testament,Bible:Eph.2.11,Eph. ii. 11
clement_alex,stromata,1Cor,new_testament,Bible:1Cor.9.19,"1
Cor. ix. 19"
clement_alex,stromata,Luke,new_testament,Bible:Luke.19.26,Luke xix. 26
clement_alex,stromata,Luke,new_testament,Bible:Luke.20.36,Luke xx. 36
clement_alex,stromata,Ps,old_testament_or_other,Bible:Ps.24.3-Ps.24.6,Ps. xxiv. 3–6
clement_alex,stromata,Heb,new_testament,Bible:Heb.1.3,Heb. i. 3
clement_alex,stromata,1Cor,new_testament,Bible:1Cor.14.6,1 Cor. xiv. 6
clement_alex,stromata,1Cor,new_testament,Bible:1Cor.13.3,1 Cor. xiii. 3
clement_alex,stromata,1Cor,new_testament,Bible:1Cor.7.29,"1
Cor. vii. 29"
clement_alex,stromata,Jas,new_testament,Bible:Jas.5.12,Jas. v. 12
clement_alex,stromata,1Cor,new_testament,Bible:1Cor.13.7,"1
Cor. xiii. 7"
clement_alex,stromata,1Thess,new_testament,Bible:1Thess.2.4,1 Thess. ii. 4
clement_alex,stromata,Matt,new_testament,Bible:Matt.7.21,Matt. vii. 21
clement_alex,stromata,Rom,new_testament,Bible:Rom.6.5,Rom. vi. 5
clement_alex,stromata,1Cor,new_testament,Bible:1Cor.5.7-1Cor.5.8,"1 Cor. v. 7, 8"
clement_alex,stromata,Matt,new_testament,Bible:Matt.20.21,Matt. xx. 21
clement_alex,stromata,Mark,new_testament,Bible:Mark.11.23,Mark xi. 23
clement_alex,stromata,1Cor,new_testament,Bible:1Cor.13.2,"1
Cor. xiii. 2"
clement_alex,stromata,Matt,new_testament,Bible:Matt.6.21,Matt. vi. 21
clement_alex,stromata,Rom,new_testament,Bible:Rom.2.29,Rom. ii. 29
clement_alex,stromata,Ps,old_testament_or_other,Bible:Ps.19.9,Ps. xix. 9
clement_alex,stromata,Luke,new_testament,Bible:Luke.18.18,Luke xviii. 18
clement_alex,stromata,Luke,new_testament,Bible:Luke.14.26-Luke.14.27,"Luke xiv. 26, 27"
clement_alex,stromata,Job,old_testament_or_other,Bible:Job.1.21,Job. i. 21
clement_alex,stromata,Matt,new_testament,Bible:Matt.6.12,Matt. vi. 12
clement_alex,stromata,Luke,new_testament,Bible:Luke.11.4,"Luke
xi. 4"
clement_alex,stromata,Ps,old_testament_or_other,Bible:Ps.34.11,Ps. xxxiv. 11
clement_alex,stromata,1Cor,new_testament,Bible:1Cor.3.16,1 Cor. iii. 16
clement_alex,stromata,Matt,new_testament,Bible:Matt.10.16,Matt. x. 16
clement_alex,stromata,Ps,old_testament_or_other,Bible:Ps.48.12,Ps. xlviii. 12
clement_alex,stromata,1Cor,new_testament,Bible:1Cor.6.1,1 Cor. vi. 1
clement_alex,stromata,1Cor,new_testament,Bible:1Cor.6.1-1Cor.6.2,"1 Cor. vi. 1, 2"
clement_alex,stromata,Matt,new_testament,Bible:Matt.5.44,Matt. v. 44
clement_alex,stromata,1Cor,new_testament,Bible:1Cor.6.7-1Cor.6.8,"1 Cor. vi. 7, 8"
clement_alex,stromata,1Cor,new_testament,Bible:1Cor.6.9,1 Cor. vi. 9
clement_alex,stromata,1Cor,new_testament,Bible:1Cor.6.11,1 Cor. vi. 11
clement_alex,stromata,1Cor,new_testament,Bible:1Cor.6.12,"1
Cor. vi. 12"
clement_alex,stromata,Ps,old_testament_or_other,Bible:Ps.73.1,Ps. lxxiii. 1
clement_alex,stromata,Matt,new_testament,Bible:Matt.13.28,Matt. xiii. 28
clement_alex,stromata,1Cor,new_testament,Bible:1Cor.11.19,1 Cor. xi. 19
clement_alex,stromata,Luke,new_testament,Bible:Luke.9.62,Luke ix. 62
clement_alex,stromata,Ezek,old_testament_or_other,Bible:Ezek.44.2,Ezek. xliv. 2
clement_alex,stromata,Jude,new_testament,Bible:Jude.1.3,Jude 3
clement_alex,stromata,Gal,new_testament,Bible:Gal.1.6-Gal.1.9,Gal. i. 6–9
clement_alex,stromata,1Cor,new_testament,Bible:1Cor.10.1 Bible:1Cor.10.3 Bible:1Cor.10.4,"1 Cor. x. 1, 3, 4"
clement_alex,stromata,Matt,new_testament,Bible:Matt.7.21,Matt.  vii. 21
clement_alex,stromata,1Cor,new_testament,Bible:1Cor.4.19,1 Cor. iv. 19
clement_alex,stromata,Rom,new_testament,Bible:Rom.13.9,Rom. xiii. 9
clement_alex,stromata,Luke,new_testament,Bible:Luke.11.9,"Luke
xi. 9"
clement_alex,stromata,Eccl,old_testament_or_other,Bible:Eccl.12.12,Eccles. xii. 12
clement_alex,stromata,1Pet,new_testament,Bible:1Pet.2.5,"Chap. ii.
5."
clement_alex,stromata,1Pet,new_testament,Bible:1Pet.1.10,Ver. 10
clement_alex,stromata,1Pet,new_testament,Bible:1Pet.1.12,Ver. 12
clement_alex,stromata,John,new_testament,Bible:John.16.7,"John
xvi. 7"
clement_alex,stromata,1Pet,new_testament,Bible:1Pet.1.19,Ver. 19.
clement_alex,stromata,1Pet,new_testament,Bible:1Pet.1.20,Ver. 20.
clement_alex,stromata,1Pet,new_testament,Bible:1Pet.1.23,Ver. 23.
clement_alex,stromata,1Pet,new_testament,Bible:1Pet.1.25,Ver. 25.
clement_alex,stromata,1Pet,new_testament,Bible:1Pet.2.9,Chap. ii. 9.
clement_alex,stromata,1Pet,new_testament,Bible:1Pet.2.23,Ver. 23.
clement_alex,stromata,2Pet,new_testament,Bible:2Pet.3.10,Chap. iii.  10.
clement_alex,stromata,1Pet,new_testament,Bible:1Pet.3.12,Ver. 12.
clement_alex,stromata,1Pet,new_testament,Bible:1Pet.3.15,Ver. 15.
clement_alex,stromata,Matt,new_testament,Bible:Matt.6.9,Matt. vi. 9
clement_alex,stromata,1Pet,new_testament,Bible:1Pet.3.18,Ver. 18.
clement_alex,stromata,1Pet,new_testament,Bible:1Pet.3.20,Ver. 20.
clement_alex,stromata,1Pet,new_testament,Bible:1Pet.3.21,Ver. 21.
clement_alex,stromata,1Pet,new_testament,Bible:1Pet.3.22,Ver. 22.
clement_alex,stromata,1Pet,new_testament,Bible:1Pet.4.5,Chap. iv.  5.
clement_alex,stromata,1Pet,new_testament,Bible:1Pet.4.6,Ver. 6.
clement_alex,stromata,1Cor,new_testament,Bible:1Cor.5.5,1 Cor. v. 5
clement_alex,stromata,1Pet,new_testament,Bible:1Pet.4.13,Ver. 13.
clement_alex,stromata,1Pet,new_testament,Bible:1Pet.4.17,Ver. 17.
clement_alex,stromata,1Pet,new_testament,Bible:1Pet.5.10,Chap. v. 10.
clement_alex,stromata,2Pet,new_testament,Bible:2Pet.5.13,"Ver.
13."
clement_alex,stromata,Jude,new_testament,Bible:Jude.1.1,Ver. 1.
clement_alex,stromata,Jude,new_testament,Bible:Jude.1.4,Ver. 4.
clement_alex,stromata,Jude,new_testament,Bible:Jude.1.5,Ver. 5.
clement_alex,stromata,Jude,new_testament,Bible:Jude.1.6,Ver. 6.
clement_alex,stromata,Jude,new_testament,Bible:Jude.1.7,Ver. 7.
clement_alex,stromata,Jude,new_testament,Bible:Jude.1.8,Ver. 8.
clement_alex,stromata,Jude,new_testament,Bible:Jude.1.8,"Jude
8"
clement_alex,stromata,Jude,new_testament,Bible:Jude.1.9,Ver. 9.
clement_alex,stromata,Jude,new_testament,Bible:Jude.1.10,Ver. 10
clement_alex,stromata,Jude,new_testament,Bible:Jude.1.11,Ver. 11.
clement_alex,stromata,Jude,new_testament,Bible:Jude.1.12,Ver. 12.
clement_alex,stromata,Jude,new_testament,Bible:Jude.1.13,Ver. 13.
clement_alex,stromata,Jude,new_testament,Bible:Jude.1.14,Ver. 14.
clement_alex,stromata,Jude,new_testament,Bible:Jude.1.19,Ver. 19.
clement_alex,stromata,Jude,new_testament,Bible:Jude.1.20,Ver. 20
clement_alex,stromata,Jude,new_testament,Bible:Jude.1.22,Ver. 22.
clement_alex,stromata,Jude,new_testament,Bible:Jude.1.23,Ver. 23.
clement_alex,stromata,Jude,new_testament,Bible:Jude.1.24,Ver. 24.
clement_alex,stromata,Mark,new_testament,Bible:Mark.14.62,Mark xiv. 62
clement_alex,stromata,Matt,new_testament,Bible:Matt.26.64,Matt. xxvi. 64
clement_alex,stromata,1John,new_testament,Bible:1John.1.1,"Chap. i.
1"
clement_alex,stromata,1John,new_testament,Bible:1John.1.2,Ver. 2
clement_alex,stromata,John,new_testament,Bible:John.1.3-John.1.4,"John i. 3,
4"
clement_alex,stromata,1John,new_testament,Bible:1John.1.5,Ver. 5
clement_alex,stromata,1John,new_testament,Bible:1John.1.7,Ver. 7
clement_alex,stromata,1John,new_testament,Bible:1John.1.10,"Ver.
10"
clement_alex,stromata,1John,new_testament,Bible:1John.2.1,"Chap. ii.
1"
clement_alex,stromata,1Sam,old_testament_or_other,Bible:1Sam.3.3-1Sam.3.4,"1 Sam. iii. 3, 4"
clement_alex,stromata,1Kgs,old_testament_or_other,Bible:1Kgs.19,1 Kings xix.
clement_alex,stromata,1John,new_testament,Bible:1John.2.2,"Ver.
2"
clement_alex,stromata,Phil,new_testament,Bible:Phil.2.10,Phil. ii. 10
clement_alex,stromata,1John,new_testament,Bible:1John.2.3,"Ver.
3"
clement_alex,stromata,1John,new_testament,Bible:1John.2.5,"Ver.
5"
clement_alex,stromata,1John,new_testament,Bible:1John.2.7,"Ver.
7"
clement_alex,stromata,1John,new_testament,Bible:1John.2.8,"Ver.
8"
clement_alex,stromata,1John,new_testament,Bible:1John.2.9,"Ver.
9"
clement_alex,stromata,1John,new_testament,Bible:1John.2.10,"Ver.
10"
clement_alex,stromata,1John,new_testament,Bible:1John.2.12-1John.2.14,"Vers.
12–14"
clement_alex,stromata,1John,new_testament,Bible:1John.2.15,"Ver.
15"
clement_alex,stromata,1John,new_testament,Bible:1John.2.16,"Ver.
16"
clement_alex,stromata,1John,new_testament,Bible:1John.2.17,"Ver.
17"
clement_alex,stromata,1John,new_testament,Bible:1John.2.19,"Ver.
19"
clement_alex,stromata,1John,new_testament,Bible:1John.2.22,"Ver.
22"
clement_alex,stromata,1John,new_testament,Bible:1John.2.23,"Ver.
23"
clement_alex,stromata,1John,new_testament,Bible:1John.2.29,Ver. 29
clement_alex,stromata,1John,new_testament,Bible:1John.3.1,"Chap. iii.
1"
clement_alex,stromata,1John,new_testament,Bible:1John.3.2,"Ver.
2"
clement_alex,stromata,1John,new_testament,Bible:1John.3.8,"Ver.
8"
clement_alex,stromata,1John,new_testament,Bible:1John.3.9,"Ver.
9"
clement_alex,stromata,1John,new_testament,Bible:1John.3.10,"Ver.
10"
clement_alex,stromata,1John,new_testament,Bible:1John.3.15,"Ver.
15"
clement_alex,stromata,1John,new_testament,Bible:1John.3.16,"Ver.
16"
clement_alex,stromata,1John,new_testament,Bible:1John.3.20,"Ver.
20"
clement_alex,stromata,1John,new_testament,Bible:1John.3.21,"Ver.
21"
clement_alex,stromata,1John,new_testament,Bible:1John.3.24,"Ver.
24"
clement_alex,stromata,1John,new_testament,Bible:1John.4.18,"Chap. iv.
18"
clement_alex,stromata,1John,new_testament,Bible:1John.5.6,"Chap. v.
6"
clement_alex,stromata,1John,new_testament,Bible:1John.5.8,"Ver.
8"
clement_alex,stromata,1John,new_testament,Bible:1John.5.14,"Ver.
14"
clement_alex,stromata,1John,new_testament,Bible:1John.5.19,"Ver.
19"
clement_alex,stromata,1John,new_testament,Bible:1John.5.20,"Ver.
20"
clement_alex,stromata,2John,new_testament,Bible:2John.1.10,"Ver. 
10"
clement_alex,stromata,Job,old_testament_or_other,Bible:Job.5.7,Job v. 7
clement_alex,stromata,Matt,new_testament,Bible:Matt.13.31,Matt. xiii. 31
clement_alex,stromata,Matt,new_testament,Bible:Matt.13.46,Matt. xiii. 46
clement_alex,stromata,Luke,new_testament,Bible:Luke.3.22,Luke iii. 22
clement_alex,stromata,Luke,new_testament,Bible:Luke.16.17,Luke xvi. 17
clement_alex,stromata,Ps,old_testament_or_other,Bible:Ps.25.4-Ps.25.5,"Ps. cxxv. 4, 5"
clement_alex,stromata,1Cor,new_testament,Bible:1Cor.11.10,1 Cor. xi. 10
clement_alex,stromata,2Cor,new_testament,Bible:2Cor.5.16,2 Cor. v. 16
clement_alex,stromata,2Cor,new_testament,Bible:2Cor.6.11,2 Cor. vi. 11
clement_alex,stromata,Gal,new_testament,Bible:Gal.5.24,Gal. v. 24
clement_alex,stromata,1Tim,new_testament,Bible:1Tim.2.6,1 Tim. ii. 6
clement_alex,stromata,1Tim,new_testament,Bible:1Tim.3.16,1 Tim. iii. 16
clement_alex,stromata,1Tim,new_testament,Bible:1Tim.5.8,1 Tim. v. 8
clement_alex,stromata,1Tim,new_testament,Bible:1Tim.5.10,1 Tim. v. 10
clement_alex,stromata,1Tim,new_testament,Bible:1Tim.6.13,1 Tim. vi. 13
clement_alex,stromata,Matt,new_testament,Bible:Matt.26.17,Matt. xxvi. 17
clement_alex,stromata,Luke,new_testament,Bible:Luke.15,Luke xv.
clement_alex,stromata,John,new_testament,Bible:John.3.33,John iii. 33
clement_alex,stromata,Gen,old_testament_or_other,Bible:Gen.14.23,Gen. xiv. 23
clement_alex,stromata,Amos,old_testament_or_other,Bible:Amos.2.6,Amos. ii. 6
clement_alex,stromata,John,new_testament,Bible:John.3.29,John iii. 29
clement_alex,stromata,Matt,new_testament,Bible:Matt.22.12,Matt. xxii. 12
clement_alex,stromata,John,new_testament,Bible:John.1.29,John i. 29
clement_alex,stromata,Num,old_testament_or_other,Bible:Num.23.22,Numb. xxiii. 22
clement_alex,stromata,Hab,old_testament_or_other,Bible:Hab.3.4,Hab. iii. 4
clement_alex,stromata,Ps,old_testament_or_other,Bible:Ps.44.5,Ps. xliv. 5
clement_alex,stromata,Ps,old_testament_or_other,Bible:Ps.65.4,Ps. lxv. 4
clement_alex,stromata,Ps,old_testament_or_other,Bible:Ps.32.1,Ps. xxxii. 1
clement_alex,stromata,Matt,new_testament,Bible:Matt.11.28,Matt. xi. 28
clement_alex,stromata,Isa,old_testament_or_other,Bible:Isa.43.26,Isa. xliii. 26
clement_alex,stromata,Eph,new_testament,Bible:Eph.6.15,Eph. vi. 15
clement_alex,stromata,Rom,new_testament,Bible:Rom.8.35,Rom. viii. 35
clement_alex,stromata,Matt,new_testament,Bible:Matt.8,Matt. viii.
clement_alex,stromata,Luke,new_testament,Bible:Luke.13,Luke xiii.
clement_alex,stromata,Luke,new_testament,Bible:Luke.9.55,Luke ix. 55
clement_alex,stromata,Lev,old_testament_or_other,Bible:Lev.26.24,Lev. xxvi. 24
clement_alex,stromata,Ps,old_testament_or_other,Bible:Ps.25.5,Ps. cxxv. 5
clement_alex,stromata,Ps,old_testament_or_other,Bible:Ps.18.26,Ps. xviii. 26
clement_alex,stromata,1Kgs,old_testament_or_other,Bible:1Kgs.8.27,1 Kings viii. 27
clement_alex,stromata,1Pet,new_testament,Bible:1Pet.2.5,1 Pet. ii. 5
clement_alex,stromata,John,new_testament,Bible:John.2.19-John.2.21,John ii. 19–21
clement_alex,stromata,Acts,new_testament,Bible:Acts.7.24,Acts vii. 24
clement_alex,stromata,Rom,new_testament,Bible:Rom.8.38,Rom. viii. 38
clement_alex,salvation,Rom,new_testament,Bible:Rom.11.36,Rom. xi. 36
clement_alex,salvation,Matt,new_testament,Bible:Matt.19.24,Matt. xix. 24
clement_alex,salvation,Mark,new_testament,Bible:Mark.10.17-Mark.10.31,"Mark
x. 17–31"
clement_alex,salvation,Matt,new_testament,Bible:Matt.11.27,Matt. xi. 27
clement_alex,salvation,John,new_testament,Bible:John.1.17,John i. 17
clement_alex,salvation,Rom,new_testament,Bible:Rom.7.12,Rom. vii. 12
clement_alex,salvation,Gal,new_testament,Bible:Gal.3.24,Gal. iii. 24
clement_alex,salvation,Matt,new_testament,Bible:Matt.19.21,Matt. xix. 21
clement_alex,salvation,Luke,new_testament,Bible:Luke.10.41-Luke.10.42,"Luke x. 41, 42"
clement_alex,salvation,Luke,new_testament,Bible:Luke.16.9,Luke xvi. 9
clement_alex,salvation,Matt,new_testament,Bible:Matt.6.19,Matt. vi. 19
clement_alex,salvation,Luke,new_testament,Bible:Luke.5.29,Luke v. 29
clement_alex,salvation,Matt,new_testament,Bible:Matt.12.34-Matt.12.35,"Matt. xii. 34, 35"
clement_alex,salvation,Matt,new_testament,Bible:Matt.5.3,Matt. v. 3
clement_alex,salvation,Matt,new_testament,Bible:Matt.5.6,Matt. v. 6
clement_alex,salvation,Matt,new_testament,Bible:Matt.5.39,Matt. v. 39
clement_alex,salvation,Matt,new_testament,Bible:Matt.11.12,Matt. xi. 12
clement_alex,salvation,Matt,new_testament,Bible:Matt.17.27,Matt. xvii. 27
clement_alex,salvation,Mark,new_testament,Bible:Mark.10.29-Mark.10.30,"Mark x. 29,
30"
clement_alex,salvation,Luke,new_testament,Bible:Luke.14.26,Luke xiv. 26
clement_alex,salvation,1Cor,new_testament,Bible:1Cor.2.9,1 Cor. ii. 9
clement_alex,salvation,1Pet,new_testament,Bible:1Pet.1.12,1 Pet. i. 12
clement_alex,salvation,Matt,new_testament,Bible:Matt.5.9,Matt. v. 9
clement_alex,salvation,2Cor,new_testament,Bible:2Cor.4.18,2 Cor. iv. 18
clement_alex,salvation,Mark,new_testament,Bible:Mark.10.31,Mark x. 31
clement_alex,salvation,Mark,new_testament,Bible:Mark.10.25,Mark x. 25
clement_alex,salvation,Matt,new_testament,Bible:Matt.22.36-Matt.22.38,Matt. xxii. 36–38
clement_alex,salvation,Matt,new_testament,Bible:Matt.22.39,Matt. xxii. 39
clement_alex,salvation,Luke,new_testament,Bible:Luke.10.29,"Luke
x. 29"
clement_alex,salvation,Luke,new_testament,Bible:Luke.10.36-Luke.10.37,"Luke x. 36,
37"
clement_alex,salvation,Matt,new_testament,Bible:Matt.7.21,Matt. vii. 21
clement_alex,salvation,Luke,new_testament,Bible:Luke.6.46,Luke vi. 46
clement_alex,salvation,Matt,new_testament,Bible:Matt.13.16-Matt.13.17,"Matt. xiii. 16, 17"
clement_alex,salvation,Matt,new_testament,Bible:Matt.25.34,Matt. xxv. 34
clement_alex,salvation,Matt,new_testament,Bible:Matt.10.40,Matt. x. 40
clement_alex,salvation,Luke,new_testament,Bible:Luke.10.16,Luke x. 16
clement_alex,salvation,Matt,new_testament,Bible:Matt.18.10,Matt. xviii. 10
clement_alex,salvation,Luke,new_testament,Bible:Luke.12.32,Luke xii. 32
clement_alex,salvation,Matt,new_testament,Bible:Matt.11.11,Matt. xi. 11
clement_alex,salvation,Matt,new_testament,Bible:Matt.10.41,Matt. x. 41
clement_alex,salvation,2Cor,new_testament,Bible:2Cor.9.7,2 Cor. ix. 7
clement_alex,salvation,Luke,new_testament,Bible:Luke.6.30,"Luke
vi. 30"
clement_alex,salvation,Matt,new_testament,Bible:Matt.10.22,Matt. x. 22
clement_alex,salvation,Matt,new_testament,Bible:Matt.7.1-Matt.7.2,"Matt. vii. 1, 2"
clement_alex,salvation,Luke,new_testament,Bible:Luke.6.37-Luke.6.38,"Luke vi. 37, 38"
clement_alex,salvation,2Cor,new_testament,Bible:2Cor.4.7,2 Cor. iv. 7
clement_alex,salvation,Matt,new_testament,Bible:Matt.5.13-Matt.5.14,"Matt. v. 13, 14"
clement_alex,salvation,1John,new_testament,Bible:1John.3.14-1John.3.15,"1 John iii. 14, 15"
clement_alex,salvation,1Cor,new_testament,Bible:1Cor.13.5,1 Cor. xiii. 5
clement_alex,salvation,1Pet,new_testament,Bible:1Pet.4.8,1 Pet. iv. 8
clement_alex,salvation,1John,new_testament,Bible:1John.4.18,1 John iv. 18
clement_alex,salvation,1Cor,new_testament,Bible:1Cor.13.4-1Cor.13.8,1 Cor. xiii. 4–8
clement_alex,salvation,Luke,new_testament,Bible:Luke.15.10,Luke xv. 10
clement_alex,salvation,Hos,old_testament_or_other,Bible:Hos.6.6,Hos. vi. 6
clement_alex,salvation,Matt,new_testament,Bible:Matt.9.13,Matt. ix. 13
clement_alex,salvation,Ezek,old_testament_or_other,Bible:Ezek.18.23,Ezek. xviii. 23
clement_alex,salvation,Isa,old_testament_or_other,Bible:Isa.1.18,Isa. i. 18
clement_alex,salvation,Matt,new_testament,Bible:Matt.6.14,Matt. vi. 14
clement_alex,salvation,Luke,new_testament,Bible:Luke.11.13,Luke xi. 13
clement_alex,salvation,Gal,new_testament,Bible:Gal.6.7,Gal. vi. 7
clement_alex,salvation,1Cor,new_testament,Bible:1Cor.1.26-1Cor.1.27,"1 Cor. i. 26,
27"
