volume,author_id,work_id,book,books_in_osis,chapter_start,verse_start,testament_group,osis_ref,passage
volume_1,clement_rome,first_epistle_to_the_corinthians,3John,3John,1,9,new_testament,Bible:3John.1.9,3 John 9
volume_1,clement_rome,first_epistle_to_the_corinthians,1Pet,1Pet,5,1,new_testament,Bible:1Pet.5.1-1Pet.5.5,1 Pet. v. 1–5
volume_1,clement_rome,first_epistle_to_the_corinthians,Phil,Phil,4,3,new_testament,Bible:Phil.4.3,Phil. iv. 3
volume_1,clement_rome,first_epistle_to_the_corinthians,Eph,Eph,5,21,new_testament,Bible:Eph.5.21,Eph. v. 21
volume_1,clement_rome,first_epistle_to_the_corinthians,1Pet,1Pet,5,5,new_testament,Bible:1Pet.5.5,1 Pet. v. 5
volume_1,clement_rome,first_epistle_to_the_corinthians,Acts,Acts,20,35,new_testament,Bible:Acts.20.35,Acts xx. 35
volume_1,clement_rome,first_epistle_to_the_corinthians,1Pet,1Pet,2,17,new_testament,Bible:1Pet.2.17,1 Pet. ii. 17
volume_1,clement_rome,first_epistle_to_the_corinthians,Titus,Titus,3,1,new_testament,Bible:Titus.3.1,Tit. iii. 1
volume_1,clement_rome,first_epistle_to_the_corinthians,Prov,Prov,7,3,old_testament_or_other,Bible:Prov.7.3,Prov. vii. 3
volume_1,clement_rome,first_epistle_to_the_corinthians,Deut,Deut,32,15,old_testament_or_other,Bible:Deut.32.15,Deut. xxxii. 15
volume_1,clement_rome,first_epistle_to_the_corinthians,2Cor,2Cor,1,21,new_testament,Bible:2Cor.1.21,2 Cor. i. 21
volume_1,clement_rome,first_epistle_to_the_corinthians,Eph,Eph,4,20,new_testament,Bible:Eph.4.20,Eph. iv. 20
volume_1,clement_rome,first_epistle_to_the_corinthians,Wis,Wis,2,24,deuterocanonical,Bible:Wis.2.24,Wisdom ii. 24
volume_1,clement_rome,first_epistle_to_the_corinthians,Gen,Gen,4,3,old_testament_or_other,Bible:Gen.4.3-Gen.4.8,Gen. iv. 3–8
volume_1,clement_rome,first_epistle_to_the_corinthians,Gen,Gen,27,41,old_testament_or_other,Bible:Gen.27.41,Gen. xxvii. 41
volume_1,clement_rome,first_epistle_to_the_corinthians,Gen,Gen,37,,old_testament_or_other,Bible:Gen.37,Gen. xxxvii.
volume_1,clement_rome,first_epistle_to_the_corinthians,Exod,Exod,2,14,old_testament_or_other,Bible:Exod.2.14,Ex. ii. 14
volume_1,clement_rome,first_epistle_to_the_corinthians,Num,Num,12,14,old_testament_or_other,Bible:Num.12.14-Num.12.15,"Num. xii. 14, 15"
volume_1,clement_rome,first_epistle_to_the_corinthians,Num,Num,16,33,old_testament_or_other,Bible:Num.16.33,Num. xvi. 33
volume_1,clement_rome,first_epistle_to_the_corinthians,1Kgs,1Kgs,18,8,old_testament_or_other,Bible:1Kgs.18.8,1 Kings xviii. 8
volume_1,clement_rome,first_epistle_to_the_corinthians,Gen,Gen,2,23,old_testament_or_other,Bible:Gen.2.23,Gen. ii. 23
volume_1,clement_rome,first_epistle_to_the_corinthians,Gen,Gen,7,,old_testament_or_other,Bible:Gen.7,Gen. vii.
volume_1,clement_rome,first_epistle_to_the_corinthians,1Pet,1Pet,3,20,new_testament,Bible:1Pet.3.20,1 Pet. iii. 20
volume_1,clement_rome,first_epistle_to_the_corinthians,2Pet,2Pet,2,5,new_testament,Bible:2Pet.2.5,2 Pet. ii. 5
volume_1,clement_rome,first_epistle_to_the_corinthians,Jonah,Jonah,3,,old_testament_or_other,Bible:Jonah.3,Jon. iii.
volume_1,clement_rome,first_epistle_to_the_corinthians,Ezek,Ezek,33,11,old_testament_or_other,Bible:Ezek.33.11,Ezek. xxxiii. 11
volume_1,clement_rome,first_epistle_to_the_corinthians,Ezek,Ezek,18,30,old_testament_or_other,Bible:Ezek.18.30,Ezek. xviii. 30
volume_1,clement_rome,first_epistle_to_the_corinthians,Isa,Isa,1,18,old_testament_or_other,Bible:Isa.1.18,Isa. i. 18
volume_1,clement_rome,first_epistle_to_the_corinthians,Isa,Isa,1,16,old_testament_or_other,Bible:Isa.1.16-Isa.1.20,Isa. i. 16–20
volume_1,clement_rome,first_epistle_to_the_corinthians,Gen,Gen,5,24,old_testament_or_other,Bible:Gen.5.24,Gen. v. 24
volume_1,clement_rome,first_epistle_to_the_corinthians,Heb,Heb,11,5,new_testament,Bible:Heb.11.5,Heb. xi. 5
volume_1,clement_rome,first_epistle_to_the_corinthians,Isa,Isa,41,8,old_testament_or_other,Bible:Isa.41.8,Isa. xli. 8
volume_1,clement_rome,first_epistle_to_the_corinthians,2Chr,2Chr,20,7,old_testament_or_other,Bible:2Chr.20.7,2 Chron. xx. 7
volume_1,clement_rome,first_epistle_to_the_corinthians,Jdt,Jdt,8,19,deuterocanonical,Bible:Jdt.8.19,Judith viii. 19
volume_1,clement_rome,first_epistle_to_the_corinthians,Jas,Jas,2,23,new_testament,Bible:Jas.2.23,Jas. ii. 23
volume_1,clement_rome,first_epistle_to_the_corinthians,Gen,Gen,12,1,old_testament_or_other,Bible:Gen.12.1-Gen.12.3,Gen. xii. 1–3
volume_1,clement_rome,first_epistle_to_the_corinthians,Gen,Gen,13,14,old_testament_or_other,Bible:Gen.13.14-Gen.13.16,Gen. xiii. 14–16
volume_1,clement_rome,first_epistle_to_the_corinthians,Gen,Gen,15,5,old_testament_or_other,Bible:Gen.15.5-Gen.15.6,"Gen. xv. 5, 6"
volume_1,clement_rome,first_epistle_to_the_corinthians,Rom,Rom,4,3,new_testament,Bible:Rom.4.3,Rom. iv. 3
volume_1,clement_rome,first_epistle_to_the_corinthians,Gen,Gen,21,22,old_testament_or_other,Bible:Gen.21.22,Gen. xxi. 22
volume_1,clement_rome,first_epistle_to_the_corinthians,Heb,Heb,11,17,new_testament,Bible:Heb.11.17,Heb. xi. 17
volume_1,clement_rome,first_epistle_to_the_corinthians,Gen,Gen,19,,old_testament_or_other,Bible:Gen.19,Gen. xix.
volume_1,clement_rome,first_epistle_to_the_corinthians,2Pet,2Pet,2,6,new_testament,Bible:2Pet.2.6-2Pet.2.9,2 Pet. ii. 6–9
volume_1,clement_rome,first_epistle_to_the_corinthians,Josh,Josh,2,,old_testament_or_other,Bible:Josh.2,Josh. ii.
volume_1,clement_rome,first_epistle_to_the_corinthians,Heb,Heb,11,31,new_testament,Bible:Heb.11.31,Heb. xi. 31
volume_1,clement_rome,first_epistle_to_the_corinthians,Jer,Jer,9,23,old_testament_or_other,Bible:Jer.9.23-Jer.9.24,"Jer. ix. 23, 24"
volume_1,clement_rome,first_epistle_to_the_corinthians,1Cor,1Cor,1,31,new_testament,Bible:1Cor.1.31,1 Cor. i. 31
volume_1,clement_rome,first_epistle_to_the_corinthians,2Cor,2Cor,10,17,new_testament,Bible:2Cor.10.17,2 Cor. x. 17
volume_1,clement_rome,first_epistle_to_the_corinthians,Matt,Matt,6,12,new_testament,Bible:Matt.6.12-Matt.6.15,Matt. vi. 12–15
volume_1,clement_rome,first_epistle_to_the_corinthians,Matt,Matt,7,2,new_testament,Bible:Matt.7.2,Matt. vii. 2
volume_1,clement_rome,first_epistle_to_the_corinthians,Luke,Luke,6,36,new_testament,Bible:Luke.6.36-Luke.6.38,Luke vi. 36–38
volume_1,clement_rome,first_epistle_to_the_corinthians,Isa,Isa,66,2,old_testament_or_other,Bible:Isa.66.2,Isa. lxvi. 2
volume_1,clement_rome,first_epistle_to_the_corinthians,Prov,Prov,2,21,old_testament_or_other,Bible:Prov.2.21-Prov.2.22,"Prov. ii. 21, 22"
volume_1,clement_rome,first_epistle_to_the_corinthians,Ps,Ps,37,35,old_testament_or_other,Bible:Ps.37.35-Ps.37.37,Ps. xxxvii. 35–37
volume_1,clement_rome,first_epistle_to_the_corinthians,Isa,Isa,29,13,old_testament_or_other,Bible:Isa.29.13,Isa. xxix. 13
volume_1,clement_rome,first_epistle_to_the_corinthians,Matt,Matt,15,8,new_testament,Bible:Matt.15.8,Matt. xv. 8
volume_1,clement_rome,first_epistle_to_the_corinthians,Mark,Mark,7,6,new_testament,Bible:Mark.7.6,Mark vii. 6
volume_1,clement_rome,first_epistle_to_the_corinthians,Ps,Ps,62,4,old_testament_or_other,Bible:Ps.62.4,Ps. lxii. 4
volume_1,clement_rome,first_epistle_to_the_corinthians,Ps,Ps,78,36,old_testament_or_other,Bible:Ps.78.36-Ps.78.37,"Ps. lxxviii. 36, 37"
volume_1,clement_rome,first_epistle_to_the_corinthians,Ps,Ps,31,18,old_testament_or_other,Bible:Ps.31.18,Ps. xxxi. 18
volume_1,clement_rome,first_epistle_to_the_corinthians,Ps,Ps,12,3,old_testament_or_other,Bible:Ps.12.3-Ps.12.5,Ps. xii. 3–5
volume_1,clement_rome,first_epistle_to_the_corinthians,Isa,Isa,53,,old_testament_or_other,Bible:Isa.53,Isa. liii.
volume_1,clement_rome,first_epistle_to_the_corinthians,Ps,Ps,22,6,old_testament_or_other,Bible:Ps.22.6-Ps.22.8,Ps. xxii. 6–8
volume_1,clement_rome,first_epistle_to_the_corinthians,Heb,Heb,11,37,new_testament,Bible:Heb.11.37,Heb. xi. 37
volume_1,clement_rome,first_epistle_to_the_corinthians,Gen,Gen,18,27,old_testament_or_other,Bible:Gen.18.27,Gen. xviii. 27
volume_1,clement_rome,first_epistle_to_the_corinthians,Job,Job,1,1,old_testament_or_other,Bible:Job.1.1,Job i. 1
volume_1,clement_rome,first_epistle_to_the_corinthians,Job,Job,14,4,old_testament_or_other,Bible:Job.14.4-Job.14.5,"Job xiv. 4, 5"
volume_1,clement_rome,first_epistle_to_the_corinthians,Num,Num,12,7,old_testament_or_other,Bible:Num.12.7,Num. xii. 7
volume_1,clement_rome,first_epistle_to_the_corinthians,Heb,Heb,3,2,new_testament,Bible:Heb.3.2,Heb. iii. 2
volume_1,clement_rome,first_epistle_to_the_corinthians,Exod,Exod,3,11,old_testament_or_other,Bible:Exod.3.11,Ex. iii. 11
volume_1,clement_rome,first_epistle_to_the_corinthians,Exod,Exod,4,10,old_testament_or_other,Bible:Exod.4.10,Ex. iv. 10
volume_1,clement_rome,first_epistle_to_the_corinthians,Ps,Ps,119,83,old_testament_or_other,Bible:Ps.119.83,Ps. cxix. 83
volume_1,clement_rome,first_epistle_to_the_corinthians,Ps,Ps,89,21,old_testament_or_other,Bible:Ps.89.21,Ps. lxxxix. 21
volume_1,clement_rome,first_epistle_to_the_corinthians,Ps,Ps,51,1,old_testament_or_other,Bible:Ps.51.1-Ps.51.17,Ps. li. 1–17
volume_1,clement_rome,first_epistle_to_the_corinthians,Heb,Heb,12,1,new_testament,Bible:Heb.12.1,Heb. xii. 1
volume_1,clement_rome,first_epistle_to_the_corinthians,Job,Job,38,11,old_testament_or_other,Bible:Job.38.11,Job xxxviii. 11
volume_1,clement_rome,first_epistle_to_the_corinthians,Prov,Prov,20,27,old_testament_or_other,Bible:Prov.20.27,Prov. xx. 27
volume_1,clement_rome,first_epistle_to_the_corinthians,Heb,Heb,13,17,new_testament,Bible:Heb.13.17,Heb. xiii. 17
volume_1,clement_rome,first_epistle_to_the_corinthians,1Thess,1Thess,5,12,new_testament,Bible:1Thess.5.12-1Thess.5.13,"1 Thess. v. 12, 13"
volume_1,clement_rome,first_epistle_to_the_corinthians,1Tim,1Tim,5,21,new_testament,Bible:1Tim.5.21,1 Tim. v. 21
volume_1,clement_rome,first_epistle_to_the_corinthians,Ps,Ps,34,11,old_testament_or_other,Bible:Ps.34.11-Ps.34.17,Ps. xxxiv. 11–17
volume_1,clement_rome,first_epistle_to_the_corinthians,Ps,Ps,32,10,old_testament_or_other,Bible:Ps.32.10,Ps. xxxii. 10
volume_1,clement_rome,first_epistle_to_the_corinthians,Jas,Jas,1,8,new_testament,Bible:Jas.1.8,Jas. i. 8
volume_1,clement_rome,first_epistle_to_the_corinthians,2Pet,2Pet,3,3,new_testament,Bible:2Pet.3.3-2Pet.3.4,"2 Pet. iii. 3, 4"
volume_1,clement_rome,first_epistle_to_the_corinthians,Hab,Hab,2,3,old_testament_or_other,Bible:Hab.2.3,Hab. ii. 3
volume_1,clement_rome,first_epistle_to_the_corinthians,Heb,Heb,10,37,new_testament,Bible:Heb.10.37,Heb. x. 37
volume_1,clement_rome,first_epistle_to_the_corinthians,Mal,Mal,3,1,old_testament_or_other,Bible:Mal.3.1,Mal. iii. 1
volume_1,clement_rome,first_epistle_to_the_corinthians,1Cor,1Cor,15,20,new_testament,Bible:1Cor.15.20,1 Cor. xv. 20
volume_1,clement_rome,first_epistle_to_the_corinthians,Col,Col,1,18,new_testament,Bible:Col.1.18,Col. i. 18
volume_1,clement_rome,first_epistle_to_the_corinthians,Luke,Luke,8,5,new_testament,Bible:Luke.8.5,Luke viii. 5
volume_1,clement_rome,first_epistle_to_the_corinthians,Ps,Ps,28,7,old_testament_or_other,Bible:Ps.28.7,Ps. xxviii. 7
volume_1,clement_rome,first_epistle_to_the_corinthians,Ps,Ps,3,6,old_testament_or_other,Bible:Ps.3.6,Ps. iii. 6
volume_1,clement_rome,first_epistle_to_the_corinthians,Job,Job,19,25,old_testament_or_other,Bible:Job.19.25-Job.19.26,"Job xix. 25, 26"
volume_1,clement_rome,first_epistle_to_the_corinthians,Titus,Titus,1,2,new_testament,Bible:Titus.1.2,Tit. i. 2
volume_1,clement_rome,first_epistle_to_the_corinthians,Heb,Heb,6,18,new_testament,Bible:Heb.6.18,Heb. vi. 18
volume_1,clement_rome,first_epistle_to_the_corinthians,Wis,Wis,12,12,deuterocanonical,Bible:Wis.12.12,Wisdom xii. 12
volume_1,clement_rome,first_epistle_to_the_corinthians,Wis,Wis,11,22,deuterocanonical,Bible:Wis.11.22,Wisdom xi. 22
volume_1,clement_rome,first_epistle_to_the_corinthians,Matt,Matt,24,35,new_testament,Bible:Matt.24.35,Matt. xxiv. 35
volume_1,clement_rome,first_epistle_to_the_corinthians,Ps,Ps,19,1,old_testament_or_other,Bible:Ps.19.1-Ps.19.3,Ps. xix. 1–3
volume_1,clement_rome,first_epistle_to_the_corinthians,Deut,Deut,32,8,old_testament_or_other,Bible:Deut.32.8-Deut.32.9,"Deut. xxxii. 8, 9"
volume_1,clement_rome,first_epistle_to_the_corinthians,Num,Num,18,27,old_testament_or_other,Bible:Num.18.27,Num. xviii. 27
volume_1,clement_rome,first_epistle_to_the_corinthians,2Chr,2Chr,31,14,old_testament_or_other,Bible:2Chr.31.14,2 Chron. xxxi. 14
volume_1,clement_rome,first_epistle_to_the_corinthians,Prov,Prov,3,34,old_testament_or_other,Bible:Prov.3.34,Prov. iii. 34
volume_1,clement_rome,first_epistle_to_the_corinthians,Jas,Jas,4,6,new_testament,Bible:Jas.4.6,Jas. iv. 6
volume_1,clement_rome,first_epistle_to_the_corinthians,Job,Job,11,2,old_testament_or_other,Bible:Job.11.2-Job.11.3,"Job xi. 2, 3"
volume_1,clement_rome,first_epistle_to_the_corinthians,Jas,Jas,2,21,new_testament,Bible:Jas.2.21,Jas. ii. 21
volume_1,clement_rome,first_epistle_to_the_corinthians,Gen,Gen,22,,old_testament_or_other,Bible:Gen.22,Gen. xxii.
volume_1,clement_rome,first_epistle_to_the_corinthians,Rom,Rom,9,5,new_testament,Bible:Rom.9.5,Rom. ix. 5
volume_1,clement_rome,first_epistle_to_the_corinthians,Gen,Gen,22,17,old_testament_or_other,Bible:Gen.22.17,Gen. xxii. 17
volume_1,clement_rome,first_epistle_to_the_corinthians,Gen,Gen,28,4,old_testament_or_other,Bible:Gen.28.4,Gen. xxviii. 4
volume_1,clement_rome,first_epistle_to_the_corinthians,Gen,Gen,1,26,old_testament_or_other,Bible:Gen.1.26-Gen.1.27,"Gen. i. 26, 27"
volume_1,clement_rome,first_epistle_to_the_corinthians,Gen,Gen,1,28,old_testament_or_other,Bible:Gen.1.28,Gen. i. 28
volume_1,clement_rome,first_epistle_to_the_corinthians,Isa,Isa,40,10,old_testament_or_other,Bible:Isa.40.10,Isa. xl. 10
volume_1,clement_rome,first_epistle_to_the_corinthians,Isa,Isa,62,11,old_testament_or_other,Bible:Isa.62.11,Isa. lxii. 11
volume_1,clement_rome,first_epistle_to_the_corinthians,Rev,Rev,22,12,new_testament,Bible:Rev.22.12,Rev. xxii. 12
volume_1,clement_rome,first_epistle_to_the_corinthians,Dan,Dan,7,10,old_testament_or_other,Bible:Dan.7.10,Dan. vii. 10
volume_1,clement_rome,first_epistle_to_the_corinthians,Isa,Isa,6,3,old_testament_or_other,Bible:Isa.6.3,Isa. vi. 3
volume_1,clement_rome,first_epistle_to_the_corinthians,1Cor,1Cor,2,9,new_testament,Bible:1Cor.2.9,1 Cor. ii. 9
volume_1,clement_rome,first_epistle_to_the_corinthians,Rom,Rom,1,32,new_testament,Bible:Rom.1.32,Rom. i. 32
volume_1,clement_rome,first_epistle_to_the_corinthians,Ps,Ps,50,16,old_testament_or_other,Bible:Ps.50.16-Ps.50.23,Ps. l. 16–23
volume_1,clement_rome,first_epistle_to_the_corinthians,Heb,Heb,1,3,new_testament,Bible:Heb.1.3-Heb.1.4,"Heb. i. 3, 4"
volume_1,clement_rome,first_epistle_to_the_corinthians,Ps,Ps,104,4,old_testament_or_other,Bible:Ps.104.4,Ps. civ. 4
volume_1,clement_rome,first_epistle_to_the_corinthians,Heb,Heb,1,7,new_testament,Bible:Heb.1.7,Heb. i. 7
volume_1,clement_rome,first_epistle_to_the_corinthians,Ps,Ps,2,7,old_testament_or_other,Bible:Ps.2.7-Ps.2.8,"Ps. ii. 7, 8"
volume_1,clement_rome,first_epistle_to_the_corinthians,Heb,Heb,1,5,new_testament,Bible:Heb.1.5,Heb. i. 5
volume_1,clement_rome,first_epistle_to_the_corinthians,Ps,Ps,110,1,old_testament_or_other,Bible:Ps.110.1,Ps. cx. 1
volume_1,clement_rome,first_epistle_to_the_corinthians,Heb,Heb,1,13,new_testament,Bible:Heb.1.13,Heb. i. 13
volume_1,clement_rome,first_epistle_to_the_corinthians,1Cor,1Cor,12,12,new_testament,Bible:1Cor.12.12,1 Cor. xii. 12
volume_1,clement_rome,first_epistle_to_the_corinthians,Prov,Prov,27,2,old_testament_or_other,Bible:Prov.27.2,Prov. xxvii. 2
volume_1,clement_rome,first_epistle_to_the_corinthians,Ps,Ps,139,15,old_testament_or_other,Bible:Ps.139.15,Ps. cxxxix. 15
volume_1,clement_rome,first_epistle_to_the_corinthians,Job,Job,4,16,old_testament_or_other,Bible:Job.4.16-Job.4.18,Job iv. 16–18
volume_1,clement_rome,first_epistle_to_the_corinthians,Job,Job,15,15,old_testament_or_other,Bible:Job.15.15,Job xv. 15
volume_1,clement_rome,first_epistle_to_the_corinthians,Job,Job,4,19,old_testament_or_other,Bible:Job.4.19-Job.4.21,Job iv. 19–21
volume_1,clement_rome,first_epistle_to_the_corinthians,Job,Job,5,1,old_testament_or_other,Bible:Job.5.1-Job.5.5,Job v. 1–5
volume_1,clement_rome,first_epistle_to_the_corinthians,1Cor,1Cor,16,1,new_testament,Bible:1Cor.16.1-1Cor.16.2,"1 Cor. xvi. 1, 2"
volume_1,clement_rome,first_epistle_to_the_corinthians,Rom,Rom,15,15,new_testament,Bible:Rom.15.15-Rom.15.16,"Rom. xv. 15, 16"
volume_1,clement_rome,first_epistle_to_the_corinthians,Isa,Isa,60,17,old_testament_or_other,Bible:Isa.60.17,Isa. lx. 17
volume_1,clement_rome,first_epistle_to_the_corinthians,Heb,Heb,3,5,new_testament,Bible:Heb.3.5,Heb. iii. 5
volume_1,clement_rome,first_epistle_to_the_corinthians,Num,Num,17,,old_testament_or_other,Bible:Num.17,Num. xvii.
volume_1,clement_rome,first_epistle_to_the_corinthians,Dan,Dan,6,16,old_testament_or_other,Bible:Dan.6.16,Dan. vi. 16
volume_1,clement_rome,first_epistle_to_the_corinthians,Dan,Dan,3,20,old_testament_or_other,Bible:Dan.3.20,Dan. iii. 20
volume_1,clement_rome,first_epistle_to_the_corinthians,Ps,Ps,18,25,old_testament_or_other,Bible:Ps.18.25-Ps.18.26,"Ps. xviii. 25, 26"
volume_1,clement_rome,first_epistle_to_the_corinthians,Jas,Jas,4,1,new_testament,Bible:Jas.4.1,Jas. iv. 1
volume_1,clement_rome,first_epistle_to_the_corinthians,Eph,Eph,4,4,new_testament,Bible:Eph.4.4-Eph.4.6,Eph. iv. 4–6
volume_1,clement_rome,first_epistle_to_the_corinthians,Rom,Rom,12,5,new_testament,Bible:Rom.12.5,Rom. xii. 5
volume_1,clement_rome,first_epistle_to_the_corinthians,Matt,Matt,18,6,new_testament,Bible:Matt.18.6,Matt. xviii. 6
volume_1,clement_rome,first_epistle_to_the_corinthians,Matt,Matt,26,24,new_testament,Bible:Matt.26.24,Matt. xxvi. 24
volume_1,clement_rome,first_epistle_to_the_corinthians,Mark,Mark,9,42,new_testament,Bible:Mark.9.42,Mark ix. 42
volume_1,clement_rome,first_epistle_to_the_corinthians,Luke,Luke,17,2,new_testament,Bible:Luke.17.2,Luke xvii. 2
volume_1,clement_rome,first_epistle_to_the_corinthians,Phil,Phil,4,15,new_testament,Bible:Phil.4.15,Phil. iv. 15
volume_1,clement_rome,first_epistle_to_the_corinthians,1Cor,1Cor,3,13,new_testament,Bible:1Cor.3.13,1 Cor. iii. 13
volume_1,clement_rome,first_epistle_to_the_corinthians,Ps,Ps,118,19,old_testament_or_other,Bible:Ps.118.19-Ps.118.20,"Ps. cxviii. 19, 20"
volume_1,clement_rome,first_epistle_to_the_corinthians,Jas,Jas,5,20,new_testament,Bible:Jas.5.20,Jas. v. 20
volume_1,clement_rome,first_epistle_to_the_corinthians,1Pet,1Pet,4,8,new_testament,Bible:1Pet.4.8,1 Pet. iv. 8
volume_1,clement_rome,first_epistle_to_the_corinthians,1Cor,1Cor,13,4,new_testament,Bible:1Cor.13.4,1 Cor. xiii. 4
volume_1,clement_rome,first_epistle_to_the_corinthians,Isa,Isa,26,20,old_testament_or_other,Bible:Isa.26.20,Isa. xxvi. 20
volume_1,clement_rome,first_epistle_to_the_corinthians,Ps,Ps,32,1,old_testament_or_other,Bible:Ps.32.1-Ps.32.2,"Ps. xxxii. 1, 2"
volume_1,clement_rome,first_epistle_to_the_corinthians,Num,Num,16,,old_testament_or_other,Bible:Num.16,Num. xvi.
volume_1,clement_rome,first_epistle_to_the_corinthians,Exod,Exod,14,,old_testament_or_other,Bible:Exod.14,Ex. xiv.
volume_1,clement_rome,first_epistle_to_the_corinthians,Ps,Ps,69,31,old_testament_or_other,Bible:Ps.69.31-Ps.69.32,"Ps. lxix. 31, 32"
volume_1,clement_rome,first_epistle_to_the_corinthians,Ps,Ps,50,14,old_testament_or_other,Bible:Ps.50.14-Ps.50.15,"Ps. l. 14, 15"
volume_1,clement_rome,first_epistle_to_the_corinthians,Ps,Ps,51,17,old_testament_or_other,Bible:Ps.51.17,Ps. li. 17
volume_1,clement_rome,first_epistle_to_the_corinthians,Exod,Exod,32,7,old_testament_or_other,Bible:Exod.32.7,Ex. xxxii. 7
volume_1,clement_rome,first_epistle_to_the_corinthians,Deut,Deut,9,12,old_testament_or_other,Bible:Deut.9.12,Deut. ix. 12
volume_1,clement_rome,first_epistle_to_the_corinthians,Exod,Exod,32,9,old_testament_or_other,Bible:Exod.32.9,Ex. xxxii. 9
volume_1,clement_rome,first_epistle_to_the_corinthians,Exod,Exod,32,32,old_testament_or_other,Bible:Exod.32.32,Ex. xxxii. 32
volume_1,clement_rome,first_epistle_to_the_corinthians,Ps,Ps,24,1,old_testament_or_other,Bible:Ps.24.1,Ps. xxiv. 1
volume_1,clement_rome,first_epistle_to_the_corinthians,1Cor,1Cor|1Cor,10,26,new_testament,Bible:1Cor.10.26 Bible:1Cor.10.28,"1 Cor. x. 26, 28"
volume_1,clement_rome,first_epistle_to_the_corinthians,Rom,Rom,16,3,new_testament,Bible:Rom.16.3-Rom.16.4,"Rom. xvi. 3, 4"
volume_1,clement_rome,first_epistle_to_the_corinthians,Phil,Phil,2,30,new_testament,Bible:Phil.2.30,Phil. ii. 30
volume_1,clement_rome,first_epistle_to_the_corinthians,Jdt,Jdt,8,30,deuterocanonical,Bible:Jdt.8.30,Judith viii. 30
volume_1,clement_rome,first_epistle_to_the_corinthians,Esth,Esth|Esth,7,,old_testament_or_other,Bible:Esth.7 Bible:Esth.8,"Esth. vii., viii."
volume_1,clement_rome,first_epistle_to_the_corinthians,Ps,Ps,118,18,old_testament_or_other,Bible:Ps.118.18,Ps. cxviii. 18
volume_1,clement_rome,first_epistle_to_the_corinthians,Prov,Prov,3,12,old_testament_or_other,Bible:Prov.3.12,Prov. iii. 12
volume_1,clement_rome,first_epistle_to_the_corinthians,Heb,Heb,12,6,new_testament,Bible:Heb.12.6,Heb. xii. 6
volume_1,clement_rome,first_epistle_to_the_corinthians,Ps,Ps,141,5,old_testament_or_other,Bible:Ps.141.5,Ps. cxli. 5
volume_1,clement_rome,first_epistle_to_the_corinthians,Job,Job,5,17,old_testament_or_other,Bible:Job.5.17-Job.5.26,Job v. 17–26
volume_1,clement_rome,first_epistle_to_the_corinthians,Prov,Prov,1,23,old_testament_or_other,Bible:Prov.1.23-Prov.1.31,Prov. i. 23–31
volume_1,clement_rome,first_epistle_to_the_corinthians,Titus,Titus,2,14,new_testament,Bible:Titus.2.14,Tit. ii. 14
volume_1,clement_rome,first_epistle_to_the_corinthians,2Tim,2Tim,4,21,new_testament,Bible:2Tim.4.21,2 Tim. iv. 21
volume_1,mathetes,epistle_of_mathetes_to_diognetus,2Tim,2Tim,2,24,new_testament,Bible:2Tim.2.24,2 Tim. ii. 24
volume_1,mathetes,epistle_of_mathetes_to_diognetus,Gal,Gal,4,10,new_testament,Bible:Gal.4.10,Gal. iv. 10
volume_1,mathetes,epistle_of_mathetes_to_diognetus,2Cor,2Cor,10,3,new_testament,Bible:2Cor.10.3,2 Cor. x. 3
volume_1,mathetes,epistle_of_mathetes_to_diognetus,Phil,Phil,3,20,new_testament,Bible:Phil.3.20,Phil. iii. 20
volume_1,mathetes,epistle_of_mathetes_to_diognetus,2Cor,2Cor,6,9,new_testament,Bible:2Cor.6.9,2 Cor. vi. 9
volume_1,mathetes,epistle_of_mathetes_to_diognetus,2Cor,2Cor,6,10,new_testament,Bible:2Cor.6.10,2 Cor. vi. 10
volume_1,mathetes,epistle_of_mathetes_to_diognetus,2Cor,2Cor,4,12,new_testament,Bible:2Cor.4.12,2 Cor. iv. 12
volume_1,mathetes,epistle_of_mathetes_to_diognetus,John,John,17,11,new_testament,Bible:John.17.11-John.17.16,"John xvii. 11, 14, 16"
volume_1,mathetes,epistle_of_mathetes_to_diognetus,1Pet,1Pet,2,11,new_testament,Bible:1Pet.2.11,1 Pet. ii. 11
volume_1,mathetes,epistle_of_mathetes_to_diognetus,Mal,Mal,3,2,old_testament_or_other,Bible:Mal.3.2,Mal. iii. 2
volume_1,mathetes,epistle_of_mathetes_to_diognetus,Matt,Matt,19,17,new_testament,Bible:Matt.19.17,Matt. xix. 17
volume_1,mathetes,epistle_of_mathetes_to_diognetus,Rom,Rom,3,21,new_testament,Bible:Rom.3.21-Rom.3.26,Rom. iii. 21–26
volume_1,mathetes,epistle_of_mathetes_to_diognetus,Rom,Rom,5,20,new_testament,Bible:Rom.5.20,Rom. v. 20
volume_1,mathetes,epistle_of_mathetes_to_diognetus,Gal,Gal,4,4,new_testament,Bible:Gal.4.4,Gal. iv. 4
volume_1,mathetes,epistle_of_mathetes_to_diognetus,Acts,Acts,17,30,new_testament,Bible:Acts.17.30,Acts xvii. 30
volume_1,mathetes,epistle_of_mathetes_to_diognetus,Isa,Isa,53,11,old_testament_or_other,Bible:Isa.53.11,Isa. liii. 11
volume_1,mathetes,epistle_of_mathetes_to_diognetus,Matt,Matt,6,25,new_testament,Bible:Matt.6.25,Matt. vi. 25
volume_1,mathetes,epistle_of_mathetes_to_diognetus,1Tim,1Tim,3,16,new_testament,Bible:1Tim.3.16,1 Tim. iii. 16
volume_1,mathetes,epistle_of_mathetes_to_diognetus,1Cor,1Cor,8,1,new_testament,Bible:1Cor.8.1,1 Cor. viii. 1
volume_1,mathetes,epistle_of_mathetes_to_diognetus,Rev,Rev,5,9,new_testament,Bible:Rev.5.9,Rev. v. 9
volume_1,mathetes,epistle_of_mathetes_to_diognetus,Rev,Rev,19,7,new_testament,Bible:Rev.19.7,Rev. xix. 7
volume_1,mathetes,epistle_of_mathetes_to_diognetus,Rev,Rev,20,5,new_testament,Bible:Rev.20.5,Rev. xx. 5
volume_1,mathetes,epistle_of_mathetes_to_diognetus,1Pet,1Pet,5,3,new_testament,Bible:1Pet.5.3,1 Pet. v. 3
volume_1,polycarp,epistle_to_the_philippians,Phil,Phil,1,5,new_testament,Bible:Phil.1.5,Phil. i. 5
volume_1,polycarp,epistle_to_the_philippians,Acts,Acts,2,24,new_testament,Bible:Acts.2.24,Acts ii. 24
volume_1,polycarp,epistle_to_the_philippians,1Pet,1Pet,1,8,new_testament,Bible:1Pet.1.8,1 Pet. i. 8
volume_1,polycarp,epistle_to_the_philippians,Eph,Eph,2,8,new_testament,Bible:Eph.2.8-Eph.2.9,"Eph. ii. 8, 9"
volume_1,polycarp,epistle_to_the_philippians,1Pet,1Pet,1,13,new_testament,Bible:1Pet.1.13,1 Pet. i. 13
volume_1,polycarp,epistle_to_the_philippians,Eph,Eph,6,14,new_testament,Bible:Eph.6.14,Eph. vi. 14
volume_1,polycarp,epistle_to_the_philippians,Ps,Ps,2,11,old_testament_or_other,Bible:Ps.2.11,Ps. ii. 11
volume_1,polycarp,epistle_to_the_philippians,1Pet,1Pet,1,21,new_testament,Bible:1Pet.1.21,1 Pet. i. 21
volume_1,polycarp,epistle_to_the_philippians,1Pet,1Pet,3,22,new_testament,Bible:1Pet.3.22,1 Pet. iii. 22
volume_1,polycarp,epistle_to_the_philippians,Phil,Phil,2,10,new_testament,Bible:Phil.2.10,Phil. ii. 10
volume_1,polycarp,epistle_to_the_philippians,Acts,Acts,17,31,new_testament,Bible:Acts.17.31,Acts xvii. 31
volume_1,polycarp,epistle_to_the_philippians,1Cor,1Cor,6,14,new_testament,Bible:1Cor.6.14,1 Cor. vi. 14
volume_1,polycarp,epistle_to_the_philippians,2Cor,2Cor,4,14,new_testament,Bible:2Cor.4.14,2 Cor. iv. 14
volume_1,polycarp,epistle_to_the_philippians,Rom,Rom,8,11,new_testament,Bible:Rom.8.11,Rom. viii. 11
volume_1,polycarp,epistle_to_the_philippians,1Pet,1Pet,3,9,new_testament,Bible:1Pet.3.9,1 Pet. iii. 9
volume_1,polycarp,epistle_to_the_philippians,Matt,Matt,7,1,new_testament,Bible:Matt.7.1,Matt. vii. 1
volume_1,polycarp,epistle_to_the_philippians,Matt,Matt|Matt,6,12,new_testament,Bible:Matt.6.12 Bible:Matt.6.14,"Matt. vi. 12, 14"
volume_1,polycarp,epistle_to_the_philippians,Luke,Luke,6,37,new_testament,Bible:Luke.6.37,Luke vi. 37
volume_1,polycarp,epistle_to_the_philippians,Luke,Luke,6,36,new_testament,Bible:Luke.6.36,Luke vi. 36
volume_1,polycarp,epistle_to_the_philippians,Matt,Matt,7,2,new_testament,Bible:Matt.7.2,Matt. vii. 2
volume_1,polycarp,epistle_to_the_philippians,Luke,Luke,6,38,new_testament,Bible:Luke.6.38,Luke vi. 38
volume_1,polycarp,epistle_to_the_philippians,Matt,Matt|Matt,5,3,new_testament,Bible:Matt.5.3 Bible:Matt.5.10,"Matt. v. 3, 10"
volume_1,polycarp,epistle_to_the_philippians,Luke,Luke,6,20,new_testament,Bible:Luke.6.20,Luke vi. 20
volume_1,polycarp,epistle_to_the_philippians,2Pet,2Pet,3,15,new_testament,Bible:2Pet.3.15,2 Pet. iii. 15
volume_1,polycarp,epistle_to_the_philippians,Gal,Gal,4,26,new_testament,Bible:Gal.4.26,Gal. iv. 26
volume_1,polycarp,epistle_to_the_philippians,1Tim,1Tim,6,10,new_testament,Bible:1Tim.6.10,1 Tim. vi. 10
volume_1,polycarp,epistle_to_the_philippians,1Tim,1Tim,6,7,new_testament,Bible:1Tim.6.7,1 Tim. vi. 7
volume_1,polycarp,epistle_to_the_philippians,Eph,Eph,6,11,new_testament,Bible:Eph.6.11,Eph. vi. 11
volume_1,polycarp,epistle_to_the_philippians,1Thess,1Thess,5,17,new_testament,Bible:1Thess.5.17,1 Thess. v. 17
volume_1,polycarp,epistle_to_the_philippians,Gal,Gal,6,7,new_testament,Bible:Gal.6.7,Gal. vi. 7
volume_1,polycarp,epistle_to_the_philippians,1Tim,1Tim,3,8,new_testament,Bible:1Tim.3.8,1 Tim. iii. 8
volume_1,polycarp,epistle_to_the_philippians,Matt,Matt,20,28,new_testament,Bible:Matt.20.28,Matt. xx. 28
volume_1,polycarp,epistle_to_the_philippians,Phil,Phil,1,27,new_testament,Bible:Phil.1.27,Phil. i. 27
volume_1,polycarp,epistle_to_the_philippians,2Tim,2Tim,2,12,new_testament,Bible:2Tim.2.12,2 Tim. ii. 12
volume_1,polycarp,epistle_to_the_philippians,1Pet,1Pet,2,11,new_testament,Bible:1Pet.2.11,1 Pet. ii. 11
volume_1,polycarp,epistle_to_the_philippians,1Cor,1Cor,6,9,new_testament,Bible:1Cor.6.9-1Cor.6.10,"1 Cor. vi. 9, 10"
volume_1,polycarp,epistle_to_the_philippians,Rom,Rom,12,17,new_testament,Bible:Rom.12.17,Rom. xii. 17
volume_1,polycarp,epistle_to_the_philippians,2Cor,2Cor,8,31,new_testament,Bible:2Cor.8.31,2 Cor. viii. 31
volume_1,polycarp,epistle_to_the_philippians,Matt,Matt,6,12,new_testament,Bible:Matt.6.12-Matt.6.14,Matt. vi. 12–14
volume_1,polycarp,epistle_to_the_philippians,Rom,Rom,14,10,new_testament,Bible:Rom.14.10-Rom.14.12,Rom. xiv. 10–12
volume_1,polycarp,epistle_to_the_philippians,2Cor,2Cor,5,10,new_testament,Bible:2Cor.5.10,2 Cor. v. 10
volume_1,polycarp,epistle_to_the_philippians,1John,1John,4,3,new_testament,Bible:1John.4.3,1 John iv. 3
volume_1,polycarp,epistle_to_the_philippians,Jude,Jude,1,3,new_testament,Bible:Jude.1.3,Jude 3
volume_1,polycarp,epistle_to_the_philippians,1Pet,1Pet,4,7,new_testament,Bible:1Pet.4.7,1 Pet. iv. 7
volume_1,polycarp,epistle_to_the_philippians,Matt,Matt,6,13,new_testament,Bible:Matt.6.13,Matt. vi. 13
volume_1,polycarp,epistle_to_the_philippians,Matt,Matt,26,41,new_testament,Bible:Matt.26.41,Matt. xxvi. 41
volume_1,polycarp,epistle_to_the_philippians,Mark,Mark,14,38,new_testament,Bible:Mark.14.38,Mark xiv. 38
volume_1,polycarp,epistle_to_the_philippians,1Pet,1Pet,2,24,new_testament,Bible:1Pet.2.24,1 Pet. ii. 24
volume_1,polycarp,epistle_to_the_philippians,1Pet,1Pet,2,22,new_testament,Bible:1Pet.2.22,1 Pet. ii. 22
volume_1,polycarp,epistle_to_the_philippians,1John,1John,4,9,new_testament,Bible:1John.4.9,1 John iv. 9
volume_1,polycarp,epistle_to_the_philippians,Acts,Acts,5,41,new_testament,Bible:Acts.5.41,Acts v. 41
volume_1,polycarp,epistle_to_the_philippians,1Pet,1Pet,4,16,new_testament,Bible:1Pet.4.16,1 Pet. iv. 16
volume_1,polycarp,epistle_to_the_philippians,1Pet,1Pet,2,21,new_testament,Bible:1Pet.2.21,1 Pet. ii. 21
volume_1,polycarp,epistle_to_the_philippians,Phil,Phil,2,16,new_testament,Bible:Phil.2.16,Phil. ii. 16
volume_1,polycarp,epistle_to_the_philippians,Gal,Gal,2,2,new_testament,Bible:Gal.2.2,Gal. ii. 2
volume_1,polycarp,epistle_to_the_philippians,1Pet,1Pet,2,17,new_testament,Bible:1Pet.2.17,1 Pet. ii. 17
volume_1,polycarp,epistle_to_the_philippians,Tob,Tob,4,10,deuterocanonical,Bible:Tob.4.10,Tobit iv. 10
volume_1,polycarp,epistle_to_the_philippians,Tob,Tob,12,9,deuterocanonical,Bible:Tob.12.9,Tobit xii. 9
volume_1,polycarp,epistle_to_the_philippians,1Pet,1Pet,5,5,new_testament,Bible:1Pet.5.5,1 Pet. v. 5
volume_1,polycarp,epistle_to_the_philippians,1Pet,1Pet,2,12,new_testament,Bible:1Pet.2.12,1 Pet. ii. 12
volume_1,polycarp,epistle_to_the_philippians,Isa,Isa,52,5,old_testament_or_other,Bible:Isa.52.5,Isa. lii. 5
volume_1,polycarp,epistle_to_the_philippians,1Thess,1Thess,5,22,new_testament,Bible:1Thess.5.22,1 Thess. v. 22
volume_1,polycarp,epistle_to_the_philippians,1Cor,1Cor,6,2,new_testament,Bible:1Cor.6.2,1 Cor. vi. 2
volume_1,polycarp,epistle_to_the_philippians,2Thess,2Thess,3,15,new_testament,Bible:2Thess.3.15,2 Thess. iii. 15
volume_1,polycarp,epistle_to_the_philippians,1Cor,1Cor,12,26,new_testament,Bible:1Cor.12.26,1 Cor. xii. 26
volume_1,polycarp,epistle_to_the_philippians,Ps,Ps,4,5,old_testament_or_other,Bible:Ps.4.5,Ps. iv. 5
volume_1,polycarp,epistle_to_the_philippians,Eph,Eph,4,26,new_testament,Bible:Eph.4.26,Eph. iv. 26
volume_1,polycarp,epistle_to_the_philippians,Gal,Gal,1,1,new_testament,Bible:Gal.1.1,Gal. i. 1
volume_1,polycarp,epistle_to_the_philippians,1Tim,1Tim,2,2,new_testament,Bible:1Tim.2.2,1 Tim. ii. 2
volume_1,polycarp,epistle_to_the_philippians,Matt,Matt,5,44,new_testament,Bible:Matt.5.44,Matt. v. 44
volume_1,polycarp,martyrdom_of_polycarp,1Cor,1Cor,2,9,new_testament,Bible:1Cor.2.9,1 Cor. ii. 9
volume_1,polycarp,martyrdom_of_polycarp,Matt,Matt,10,23,new_testament,Bible:Matt.10.23,Matt. x. 23
volume_1,polycarp,martyrdom_of_polycarp,Matt,Matt,26,55,new_testament,Bible:Matt.26.55,Matt. xxvi. 55
volume_1,polycarp,martyrdom_of_polycarp,Matt,Matt,6,10,new_testament,Bible:Matt.6.10,Matt. vi. 10
volume_1,polycarp,martyrdom_of_polycarp,Acts,Acts,21,14,new_testament,Bible:Acts.21.14,Acts xxi. 14
volume_1,polycarp,martyrdom_of_polycarp,Rom,Rom,13,1,new_testament,Bible:Rom.13.1-Rom.13.7,Rom. xiii. 1–7
volume_1,polycarp,martyrdom_of_polycarp,Titus,Titus,3,1,new_testament,Bible:Titus.3.1,Tit. iii. 1
volume_1,polycarp,martyrdom_of_polycarp,Matt,Matt,20,22,new_testament,Bible:Matt.20.22,Matt. xx. 22
volume_1,polycarp,martyrdom_of_polycarp,Matt,Matt,26,39,new_testament,Bible:Matt.26.39,Matt. xxvi. 39
volume_1,polycarp,martyrdom_of_polycarp,Mark,Mark,10,38,new_testament,Bible:Mark.10.38,Mark x. 38
volume_1,polycarp,martyrdom_of_polycarp,1Pet,1Pet,3,18,new_testament,Bible:1Pet.3.18,1 Pet. iii. 18
volume_1,ignatius,epistles_of_ignatius,Matt,Matt,18,2,new_testament,Bible:Matt.18.2,Matt. xviii. 2
volume_1,ignatius,epistles_of_ignatius,Rev,Rev,2,10,new_testament,Bible:Rev.2.10,Rev. ii. 10
volume_1,ignatius,epistles_of_ignatius,2Cor,2Cor,6,16,new_testament,Bible:2Cor.6.16,2 Cor. vi. 16
volume_1,ignatius,epistles_of_ignatius,Eph,Eph,5,1,new_testament,Bible:Eph.5.1,Eph. v. 1
volume_1,ignatius,epistles_of_ignatius,2Tim,2Tim,1,6,new_testament,Bible:2Tim.1.6,2 Tim. i. 6
volume_1,ignatius,epistles_of_ignatius,Eph,Eph,5,2,new_testament,Bible:Eph.5.2,Eph. v. 2
volume_1,ignatius,epistles_of_ignatius,1Cor,1Cor,16,18,new_testament,Bible:1Cor.16.18,1 Cor. xvi. 18
volume_1,ignatius,epistles_of_ignatius,1Cor,1Cor,1,10,new_testament,Bible:1Cor.1.10,1 Cor. i. 10
volume_1,ignatius,epistles_of_ignatius,2Tim,2Tim,1,16,new_testament,Bible:2Tim.1.16,2 Tim. i. 16
volume_1,ignatius,epistles_of_ignatius,Phlm,Phlm|Phlm,1,8,new_testament,Bible:Phlm.1.8 Bible:Phlm.1.9,"Philem. 8, 9"
volume_1,ignatius,epistles_of_ignatius,John,John,8,29,new_testament,Bible:John.8.29,John viii. 29
volume_1,ignatius,epistles_of_ignatius,1Cor,1Cor,11,1,new_testament,Bible:1Cor.11.1,1 Cor. xi. 1
volume_1,ignatius,epistles_of_ignatius,John,John,17,11,new_testament,Bible:John.17.11-John.17.12,"John xvii. 11, 12"
volume_1,ignatius,epistles_of_ignatius,Matt,Matt,18,19,new_testament,Bible:Matt.18.19,Matt. xviii. 19
volume_1,ignatius,epistles_of_ignatius,Prov,Prov,3,34,old_testament_or_other,Bible:Prov.3.34,Prov. iii. 34
volume_1,ignatius,epistles_of_ignatius,Jas,Jas,4,6,new_testament,Bible:Jas.4.6,Jas. iv. 6
volume_1,ignatius,epistles_of_ignatius,1Pet,1Pet,5,5,new_testament,Bible:1Pet.5.5,1 Pet. v. 5
volume_1,ignatius,epistles_of_ignatius,Matt,Matt,7,15,new_testament,Bible:Matt.7.15,Matt. vii. 15
volume_1,ignatius,epistles_of_ignatius,John,John,3,36,new_testament,Bible:John.3.36,John iii. 36
volume_1,ignatius,epistles_of_ignatius,Matt,Matt,24,25,new_testament,Bible:Matt.24.25,Matt. xxiv. 25
volume_1,ignatius,epistles_of_ignatius,Prov,Prov,22,29,old_testament_or_other,Bible:Prov.22.29,Prov. xxii. 29
volume_1,ignatius,epistles_of_ignatius,Eph,Eph,4,4,new_testament,Bible:Eph.4.4,Eph. iv. 4
volume_1,ignatius,epistles_of_ignatius,Eph,Eph,4,5,new_testament,Bible:Eph.4.5-Eph.4.6,"Eph. iv. 5, 6"
volume_1,ignatius,epistles_of_ignatius,Prov,Prov,10,25,old_testament_or_other,Bible:Prov.10.25,Prov. x. 25
volume_1,ignatius,epistles_of_ignatius,Prov,Prov,11,3,old_testament_or_other,Bible:Prov.11.3,Prov. xi. 3
volume_1,ignatius,epistles_of_ignatius,Isa,Isa,56,10,old_testament_or_other,Bible:Isa.56.10,Isa. lvi. 10
volume_1,ignatius,epistles_of_ignatius,John,John,1,14,new_testament,Bible:John.1.14,John i. 14
volume_1,ignatius,epistles_of_ignatius,1Cor,1Cor,4,13,new_testament,Bible:1Cor.4.13,1 Cor. iv. 13
volume_1,ignatius,epistles_of_ignatius,1Tim,1Tim,4,10,new_testament,Bible:1Tim.4.10,1 Tim. iv. 10
volume_1,ignatius,epistles_of_ignatius,1Pet,1Pet,2,5,new_testament,Bible:1Pet.2.5,1 Pet. ii. 5
volume_1,ignatius,epistles_of_ignatius,John,John,12,32,new_testament,Bible:John.12.32,John xii. 32
volume_1,ignatius,epistles_of_ignatius,John,John,14,24,new_testament,Bible:John.14.24,John xiv. 24
volume_1,ignatius,epistles_of_ignatius,John,John,16,13,new_testament,Bible:John.16.13,John xvi. 13
volume_1,ignatius,epistles_of_ignatius,John,John|John,17,4,new_testament,Bible:John.17.4 Bible:John.17.6,"John xvii. 4, 6"
volume_1,ignatius,epistles_of_ignatius,John,John,16,14,new_testament,Bible:John.16.14,John xvi. 14
volume_1,ignatius,epistles_of_ignatius,Ps,Ps,119,1,old_testament_or_other,Bible:Ps.119.1,Ps. cxix. 1
volume_1,ignatius,epistles_of_ignatius,John,John,14,6,new_testament,Bible:John.14.6,John xiv. 6
volume_1,ignatius,epistles_of_ignatius,1Pet,1Pet,2,9,new_testament,Bible:1Pet.2.9,1 Pet. ii. 9
volume_1,ignatius,epistles_of_ignatius,Eph,Eph,1,1,new_testament,Bible:Eph.1.1,Eph. i. 1
volume_1,ignatius,epistles_of_ignatius,Col,Col,1,23,new_testament,Bible:Col.1.23,Col. i. 23
volume_1,ignatius,epistles_of_ignatius,Jer,Jer,8,4,old_testament_or_other,Bible:Jer.8.4,Jer. viii. 4
volume_1,ignatius,epistles_of_ignatius,Jer,Jer,15,19,old_testament_or_other,Bible:Jer.15.19,Jer. xv. 19
volume_1,ignatius,epistles_of_ignatius,Matt,Matt,5,4,new_testament,Bible:Matt.5.4,Matt. v. 4
volume_1,ignatius,epistles_of_ignatius,Num,Num,12,3,old_testament_or_other,Bible:Num.12.3,Num. xii. 3
volume_1,ignatius,epistles_of_ignatius,Ps,Ps,131,2,old_testament_or_other,Bible:Ps.131.2,Ps. cxxxi. 2
volume_1,ignatius,epistles_of_ignatius,2Tim,2Tim,2,24,new_testament,Bible:2Tim.2.24-2Tim.2.25,"2 Tim. ii. 24, 25"
volume_1,ignatius,epistles_of_ignatius,Ps,Ps,7,4,old_testament_or_other,Bible:Ps.7.4,Ps. vii. 4
volume_1,ignatius,epistles_of_ignatius,1Pet,1Pet,2,23,new_testament,Bible:1Pet.2.23,1 Pet. ii. 23
volume_1,ignatius,epistles_of_ignatius,Luke,Luke,23,34,new_testament,Bible:Luke.23.34,Luke xxiii. 34
volume_1,ignatius,epistles_of_ignatius,1Pet,1Pet,4,7,new_testament,Bible:1Pet.4.7,1 Pet. iv. 7
volume_1,ignatius,epistles_of_ignatius,Rom,Rom,2,4,new_testament,Bible:Rom.2.4,Rom. ii. 4
volume_1,ignatius,epistles_of_ignatius,Phil,Phil,3,10,new_testament,Bible:Phil.3.10,Phil. iii. 10
volume_1,ignatius,epistles_of_ignatius,Matt,Matt,23,35,new_testament,Bible:Matt.23.35,Matt. xxiii. 35
volume_1,ignatius,epistles_of_ignatius,Acts,Acts,9,15,new_testament,Bible:Acts.9.15,Acts ix. 15
volume_1,ignatius,epistles_of_ignatius,Eph,Eph,6,16,new_testament,Bible:Eph.6.16,Eph. vi. 16
volume_1,ignatius,epistles_of_ignatius,Eph,Eph,6,12,new_testament,Bible:Eph.6.12,Eph. vi. 12
volume_1,ignatius,epistles_of_ignatius,1Tim,1Tim,1,14,new_testament,Bible:1Tim.1.14,1 Tim. i. 14
volume_1,ignatius,epistles_of_ignatius,1Tim,1Tim,1,5,new_testament,Bible:1Tim.1.5,1 Tim. i. 5
volume_1,ignatius,epistles_of_ignatius,1John,1John,3,7,new_testament,Bible:1John.3.7,1 John iii. 7
volume_1,ignatius,epistles_of_ignatius,Matt,Matt,12,33,new_testament,Bible:Matt.12.33,Matt. xii. 33
volume_1,ignatius,epistles_of_ignatius,Luke,Luke,10,27,new_testament,Bible:Luke.10.27,Luke x. 27
volume_1,ignatius,epistles_of_ignatius,1Cor,1Cor,6,19,new_testament,Bible:1Cor.6.19,1 Cor. vi. 19
volume_1,ignatius,epistles_of_ignatius,1Cor,1Cor,4,20,new_testament,Bible:1Cor.4.20,1 Cor. iv. 20
volume_1,ignatius,epistles_of_ignatius,Rom,Rom,10,10,new_testament,Bible:Rom.10.10,Rom. x. 10
volume_1,ignatius,epistles_of_ignatius,Matt,Matt,5,19,new_testament,Bible:Matt.5.19,Matt. v. 19
volume_1,ignatius,epistles_of_ignatius,2Cor,2Cor,8,18,new_testament,Bible:2Cor.8.18,2 Cor. viii. 18
volume_1,ignatius,epistles_of_ignatius,Jas,Jas,1,16,new_testament,Bible:Jas.1.16,Jas. i. 16
volume_1,ignatius,epistles_of_ignatius,1Cor,1Cor,6,9,new_testament,Bible:1Cor.6.9-1Cor.6.10,"1 Cor. vi. 9, 10"
volume_1,ignatius,epistles_of_ignatius,Deut,Deut,32,15,old_testament_or_other,Bible:Deut.32.15,Deut. xxxii. 15
volume_1,ignatius,epistles_of_ignatius,2Cor,2Cor,6,14,new_testament,Bible:2Cor.6.14-2Cor.6.16,2 Cor. vi. 14–16
volume_1,ignatius,epistles_of_ignatius,John,John,12,7,new_testament,Bible:John.12.7,John xii. 7
volume_1,ignatius,epistles_of_ignatius,Song,Song,1,3,old_testament_or_other,Bible:Song.1.3-Song.1.4,"Cant. i. 3, 4"
volume_1,ignatius,epistles_of_ignatius,1Cor,1Cor,1,18,new_testament,Bible:1Cor.1.18,1 Cor. i. 18
volume_1,ignatius,epistles_of_ignatius,1Cor,1Cor,1,20,new_testament,Bible:1Cor.1.20,1 Cor. i. 20
volume_1,ignatius,epistles_of_ignatius,Col,Col,1,25,new_testament,Bible:Col.1.25,Col. i. 25
volume_1,ignatius,epistles_of_ignatius,1Tim,1Tim,1,4,new_testament,Bible:1Tim.1.4,1 Tim. i. 4
volume_1,ignatius,epistles_of_ignatius,Isa,Isa,7,14,old_testament_or_other,Bible:Isa.7.14,Isa. vii. 14
volume_1,ignatius,epistles_of_ignatius,Matt,Matt,1,23,new_testament,Bible:Matt.1.23,Matt. i. 23
volume_1,ignatius,epistles_of_ignatius,Col,Col,1,15,new_testament,Bible:Col.1.15,Col. i. 15
volume_1,ignatius,epistles_of_ignatius,Gal,Gal,4,9,new_testament,Bible:Gal.4.9,Gal. iv. 9
volume_1,ignatius,epistles_of_ignatius,1Cor,1Cor,10,13,new_testament,Bible:1Cor.10.13,1 Cor. x. 13
volume_1,ignatius,epistles_of_ignatius,Job,Job,32,8,old_testament_or_other,Bible:Job.32.8-Job.32.9,"Job xxxii. 8, 9"
volume_1,ignatius,epistles_of_ignatius,1Sam,1Sam,3,1,old_testament_or_other,Bible:1Sam.3.1,1 Sam. iii. 1
volume_1,ignatius,epistles_of_ignatius,Jer,Jer,1,7,old_testament_or_other,Bible:Jer.1.7,Jer. i. 7
volume_1,ignatius,epistles_of_ignatius,1Kgs,1Kgs,3,16,old_testament_or_other,Bible:1Kgs.3.16,1 Kings iii. 16
volume_1,ignatius,epistles_of_ignatius,2Kgs,2Kgs|2Kgs,22,,old_testament_or_other,Bible:2Kgs.22 Bible:2Kgs.23,"2 Kings xxii., xxiii."
volume_1,ignatius,epistles_of_ignatius,Sus,Sus,1,52,deuterocanonical,Bible:Sus.1.52,Susanna 52
volume_1,ignatius,epistles_of_ignatius,1Tim,1Tim,4,12,new_testament,Bible:1Tim.4.12,1 Tim. iv. 12
volume_1,ignatius,epistles_of_ignatius,1Sam,1Sam,8,7,old_testament_or_other,Bible:1Sam.8.7,1 Sam. viii. 7
volume_1,ignatius,epistles_of_ignatius,Exod,Exod,16,8,old_testament_or_other,Bible:Exod.16.8,Ex. xvi. 8
volume_1,ignatius,epistles_of_ignatius,Num,Num,16,1,old_testament_or_other,Bible:Num.16.1,Num. xvi. 1
volume_1,ignatius,epistles_of_ignatius,Num,Num,16,31,old_testament_or_other,Bible:Num.16.31,Num. xvi. 31
volume_1,ignatius,epistles_of_ignatius,2Sam,2Sam,18,14,old_testament_or_other,Bible:2Sam.18.14,2 Sam. xviii. 14
volume_1,ignatius,epistles_of_ignatius,2Sam,2Sam,20,22,old_testament_or_other,Bible:2Sam.20.22,2 Sam. xx. 22
volume_1,ignatius,epistles_of_ignatius,2Chr,2Chr,26,20,old_testament_or_other,Bible:2Chr.26.20,2 Chron. xxvi. 20
volume_1,ignatius,epistles_of_ignatius,1Sam,1Sam,13,11,old_testament_or_other,Bible:1Sam.13.11,1 Sam. xiii. 11
volume_1,ignatius,epistles_of_ignatius,Luke,Luke,6,46,new_testament,Bible:Luke.6.46,Luke vi. 46
volume_1,ignatius,epistles_of_ignatius,Dan,Dan,2,44,old_testament_or_other,Bible:Dan.2.44,Dan. ii. 44
volume_1,ignatius,epistles_of_ignatius,Dan,Dan|Dan,7,14,old_testament_or_other,Bible:Dan.7.14 Bible:Dan.7.27,"Dan. vii. 14, 27"
volume_1,ignatius,epistles_of_ignatius,John,John,5,30,new_testament,Bible:John.5.30,John v. 30
volume_1,ignatius,epistles_of_ignatius,2Cor,2Cor,5,17,new_testament,Bible:2Cor.5.17,2 Cor. v. 17
volume_1,ignatius,epistles_of_ignatius,Matt,Matt,27,52,new_testament,Bible:Matt.27.52,Matt. xxvii. 52
volume_1,ignatius,epistles_of_ignatius,John,John,5,46,new_testament,Bible:John.5.46,John v. 46
volume_1,ignatius,epistles_of_ignatius,John,John|John,8,56,new_testament,Bible:John.8.56 Bible:John.8.58,"John viii. 56, 58"
volume_1,ignatius,epistles_of_ignatius,Isa,Isa,35,4,old_testament_or_other,Bible:Isa.35.4,Isa. xxxv. 4
volume_1,ignatius,epistles_of_ignatius,2Thess,2Thess,3,10,new_testament,Bible:2Thess.3.10,2 Thess. iii. 10
volume_1,ignatius,epistles_of_ignatius,Gen,Gen,3,19,old_testament_or_other,Bible:Gen.3.19,Gen. iii. 19
volume_1,ignatius,epistles_of_ignatius,Ps,Ps,6,,old_testament_or_other,Bible:Ps.6,Ps. vi.
volume_1,ignatius,epistles_of_ignatius,Ps,Ps,12,,old_testament_or_other,Bible:Ps.12,Ps. xii.
volume_1,ignatius,epistles_of_ignatius,Phil,Phil,3,18,new_testament,Bible:Phil.3.18-Phil.3.19,"Phil. iii. 18, 19"
volume_1,ignatius,epistles_of_ignatius,2Tim,2Tim,3,4,new_testament,Bible:2Tim.3.4,2 Tim. iii. 4
volume_1,ignatius,epistles_of_ignatius,Ps,Ps,130,3,old_testament_or_other,Bible:Ps.130.3,Ps. cxxx. 3
volume_1,ignatius,epistles_of_ignatius,Isa,Isa|Isa,62,2,old_testament_or_other,Bible:Isa.62.2 Bible:Isa.62.12,"Isa. lxii. 2, 12"
volume_1,ignatius,epistles_of_ignatius,Acts,Acts,11,26,new_testament,Bible:Acts.11.26,Acts xi. 26
volume_1,ignatius,epistles_of_ignatius,1Cor,1Cor,5,7,new_testament,Bible:1Cor.5.7,1 Cor. v. 7
volume_1,ignatius,epistles_of_ignatius,Matt,Matt,3,9,new_testament,Bible:Matt.3.9,Matt. iii. 9
volume_1,ignatius,epistles_of_ignatius,Isa,Isa,41,8,old_testament_or_other,Bible:Isa.41.8,Isa. xli. 8
volume_1,ignatius,epistles_of_ignatius,Jas,Jas,2,23,new_testament,Bible:Jas.2.23,Jas. ii. 23
volume_1,ignatius,epistles_of_ignatius,Gen,Gen,28,14,old_testament_or_other,Bible:Gen.28.14,Gen. xxviii. 14
volume_1,ignatius,epistles_of_ignatius,Acts,Acts,13,48,new_testament,Bible:Acts.13.48,Acts xiii. 48
volume_1,ignatius,epistles_of_ignatius,1Tim,1Tim,1,1,new_testament,Bible:1Tim.1.1,1 Tim. i. 1
volume_1,ignatius,epistles_of_ignatius,2Tim,2Tim,4,1,new_testament,Bible:2Tim.4.1,2 Tim. iv. 1
volume_1,ignatius,epistles_of_ignatius,Rom,Rom,2,6,new_testament,Bible:Rom.2.6,Rom. ii. 6
volume_1,ignatius,epistles_of_ignatius,Prov,Prov,18,17,old_testament_or_other,Bible:Prov.18.17,Prov. xviii. 17
volume_1,ignatius,epistles_of_ignatius,Isa,Isa,43,26,old_testament_or_other,Bible:Isa.43.26,Isa. xliii. 26
volume_1,ignatius,epistles_of_ignatius,Luke,Luke,17,10,new_testament,Bible:Luke.17.10,Luke xvii. 10
volume_1,ignatius,epistles_of_ignatius,Luke,Luke,16,15,new_testament,Bible:Luke.16.15,Luke xvi. 15
volume_1,ignatius,epistles_of_ignatius,Luke,Luke,18,13,new_testament,Bible:Luke.18.13,Luke xviii. 13
volume_1,ignatius,epistles_of_ignatius,Gen,Gen,18,27,old_testament_or_other,Bible:Gen.18.27,Gen. xviii. 27
volume_1,ignatius,epistles_of_ignatius,Job,Job,30,19,old_testament_or_other,Bible:Job.30.19,Job xxx. 19
volume_1,ignatius,epistles_of_ignatius,1Chr,1Chr,17,16,old_testament_or_other,Bible:1Chr.17.16,1 Chron. xvii. 16
volume_1,ignatius,epistles_of_ignatius,Exod,Exod,4,10,old_testament_or_other,Bible:Exod.4.10,Ex. iv. 10
volume_1,ignatius,epistles_of_ignatius,Luke,Luke,14,11,new_testament,Bible:Luke.14.11,Luke xiv. 11
volume_1,ignatius,epistles_of_ignatius,Heb,Heb,13,17,new_testament,Bible:Heb.13.17,Heb. xiii. 17
volume_1,ignatius,epistles_of_ignatius,1Cor,1Cor,1,31,new_testament,Bible:1Cor.1.31,1 Cor. i. 31
volume_1,ignatius,epistles_of_ignatius,Titus,Titus,1,10,new_testament,Bible:Titus.1.10,Tit. i. 10
volume_1,ignatius,epistles_of_ignatius,2Cor,2Cor,2,17,new_testament,Bible:2Cor.2.17,2 Cor. ii. 17
volume_1,ignatius,epistles_of_ignatius,Hos,Hos,5,1,old_testament_or_other,Bible:Hos.5.1,Hos. v. 1
volume_1,ignatius,epistles_of_ignatius,Prov,Prov,18,9,old_testament_or_other,Bible:Prov.18.9,Prov. xviii. 9
volume_1,ignatius,epistles_of_ignatius,Ps,Ps,85,9,old_testament_or_other,Bible:Ps.85.9,Ps. lxxxv. 9
volume_1,ignatius,epistles_of_ignatius,Isa,Isa,66,2,old_testament_or_other,Bible:Isa.66.2,Isa. lxvi. 2
volume_1,ignatius,epistles_of_ignatius,Isa,Isa,52,5,old_testament_or_other,Bible:Isa.52.5,Isa. lii. 5
volume_1,ignatius,epistles_of_ignatius,Rom,Rom,8,32,new_testament,Bible:Rom.8.32,Rom. viii. 32
volume_1,ignatius,epistles_of_ignatius,Eph,Eph,2,4,new_testament,Bible:Eph.2.4,Eph. ii. 4
volume_1,ignatius,epistles_of_ignatius,1Tim,1Tim,2,6,new_testament,Bible:1Tim.2.6,1 Tim. ii. 6
volume_1,ignatius,epistles_of_ignatius,Matt,Matt,6,14,new_testament,Bible:Matt.6.14,Matt. vi. 14
volume_1,ignatius,epistles_of_ignatius,1Tim,1Tim,6,1,new_testament,Bible:1Tim.6.1,1 Tim. vi. 1
volume_1,ignatius,epistles_of_ignatius,Titus,Titus,2,5,new_testament,Bible:Titus.2.5,Tit. ii. 5
volume_1,ignatius,epistles_of_ignatius,John,John,8,46,new_testament,Bible:John.8.46,John viii. 46
volume_1,ignatius,epistles_of_ignatius,Heb,Heb,10,12,new_testament,Bible:Heb.10.12-Heb.10.13,"Heb. x. 12, 13"
volume_1,ignatius,epistles_of_ignatius,Matt,Matt,12,40,new_testament,Bible:Matt.12.40,Matt. xii. 40
volume_1,ignatius,epistles_of_ignatius,Zech,Zech,12,10,old_testament_or_other,Bible:Zech.12.10,Zech. xii. 10
volume_1,ignatius,epistles_of_ignatius,Ps,Ps,41,10,old_testament_or_other,Bible:Ps.41.10,Ps. xli. 10
volume_1,ignatius,epistles_of_ignatius,John,John,11,42,new_testament,Bible:John.11.42,John xi. 42
volume_1,ignatius,epistles_of_ignatius,Ps,Ps,82,8,old_testament_or_other,Bible:Ps.82.8,Ps. lxxxii. 8
volume_1,ignatius,epistles_of_ignatius,John,John,11,25,new_testament,Bible:John.11.25-John.11.26,"John xi. 25, 26"
volume_1,ignatius,epistles_of_ignatius,Matt,Matt,15,13,new_testament,Bible:Matt.15.13,Matt. xv. 13
volume_1,ignatius,epistles_of_ignatius,Phil,Phil,3,18,new_testament,Bible:Phil.3.18,Phil. iii. 18
volume_1,ignatius,epistles_of_ignatius,1Cor,1Cor,2,8,new_testament,Bible:1Cor.2.8,1 Cor. ii. 8
volume_1,ignatius,epistles_of_ignatius,2Cor,2Cor,4,18,new_testament,Bible:2Cor.4.18,2 Cor. iv. 18
volume_1,ignatius,epistles_of_ignatius,John,John,15,19,new_testament,Bible:John.15.19,John xv. 19
volume_1,ignatius,epistles_of_ignatius,1Cor,1Cor,15,32,new_testament,Bible:1Cor.15.32,1 Cor. xv. 32
volume_1,ignatius,epistles_of_ignatius,1Cor,1Cor,4,4,new_testament,Bible:1Cor.4.4,1 Cor. iv. 4
volume_1,ignatius,epistles_of_ignatius,Matt,Matt,16,26,new_testament,Bible:Matt.16.26,Matt. xvi. 26
volume_1,ignatius,epistles_of_ignatius,John,John,7,38,new_testament,Bible:John.7.38,John vii. 38
volume_1,ignatius,epistles_of_ignatius,John,John,4,14,new_testament,Bible:John.4.14,John iv. 14
volume_1,ignatius,epistles_of_ignatius,Gal,Gal,2,20,new_testament,Bible:Gal.2.20,Gal. ii. 20
volume_1,ignatius,epistles_of_ignatius,Ps,Ps,116,12,old_testament_or_other,Bible:Ps.116.12,Ps. cxvi. 12
volume_1,ignatius,epistles_of_ignatius,1Cor,1Cor,15,8,new_testament,Bible:1Cor.15.8-1Cor.15.9,"1 Cor. xv. 8, 9"
volume_1,ignatius,epistles_of_ignatius,Titus,Titus,3,13,new_testament,Bible:Titus.3.13,Tit. iii. 13
volume_1,ignatius,epistles_of_ignatius,Matt,Matt,7,25,new_testament,Bible:Matt.7.25,Matt. vii. 25
volume_1,ignatius,epistles_of_ignatius,Gal,Gal,1,1,new_testament,Bible:Gal.1.1,Gal. i. 1
volume_1,ignatius,epistles_of_ignatius,Luke,Luke,1,6,new_testament,Bible:Luke.1.6,Luke i. 6
volume_1,ignatius,epistles_of_ignatius,2Tim,2Tim,3,6,new_testament,Bible:2Tim.3.6,2 Tim. iii. 6
volume_1,ignatius,epistles_of_ignatius,Jer,Jer,23,15,old_testament_or_other,Bible:Jer.23.15,Jer. xxiii. 15
volume_1,ignatius,epistles_of_ignatius,2Tim,2Tim,2,26,new_testament,Bible:2Tim.2.26,2 Tim. ii. 26
volume_1,ignatius,epistles_of_ignatius,Song,Song,2,15,old_testament_or_other,Bible:Song.2.15,Cant. ii. 15
volume_1,ignatius,epistles_of_ignatius,1Cor,1Cor,5,11,new_testament,Bible:1Cor.5.11,1 Cor. v. 11
volume_1,ignatius,epistles_of_ignatius,Deut,Deut|Deut,13,6,old_testament_or_other,Bible:Deut.13.6 Bible:Deut.13.18,"Deut. xiii. 6, 18"
volume_1,ignatius,epistles_of_ignatius,Ps,Ps,119,21,old_testament_or_other,Bible:Ps.119.21,Ps. cxix. 21
volume_1,ignatius,epistles_of_ignatius,1Thess,1Thess,4,5,new_testament,Bible:1Thess.4.5,1 Thess. iv. 5
volume_1,ignatius,epistles_of_ignatius,1Tim,1Tim,2,4,new_testament,Bible:1Tim.2.4,1 Tim. ii. 4
volume_1,ignatius,epistles_of_ignatius,Matt,Matt,5,45,new_testament,Bible:Matt.5.45,Matt. v. 45
volume_1,ignatius,epistles_of_ignatius,Matt,Matt,5,48,new_testament,Bible:Matt.5.48,Matt. v. 48
volume_1,ignatius,epistles_of_ignatius,Eph,Eph,4,5,new_testament,Bible:Eph.4.5,Eph. iv. 5
volume_1,ignatius,epistles_of_ignatius,Titus,Titus,2,14,new_testament,Bible:Titus.2.14,Tit. ii. 14
volume_1,ignatius,epistles_of_ignatius,Eph,Eph,5,22,new_testament,Bible:Eph.5.22,Eph. v. 22
volume_1,ignatius,epistles_of_ignatius,1Cor,1Cor,7,22,new_testament,Bible:1Cor.7.22,1 Cor. vii. 22
volume_1,ignatius,epistles_of_ignatius,Eph,Eph,6,4,new_testament,Bible:Eph.6.4,Eph. vi. 4
volume_1,ignatius,epistles_of_ignatius,Prov,Prov,23,24,old_testament_or_other,Bible:Prov.23.24,Prov. xxiii. 24
volume_1,ignatius,epistles_of_ignatius,Job,Job|Job,31,13,old_testament_or_other,Bible:Job.31.13 Bible:Job.31.15,"Job xxxi. 13, 15"
volume_1,ignatius,epistles_of_ignatius,Gal,Gal,3,28,new_testament,Bible:Gal.3.28,Gal. iii. 28
volume_1,ignatius,epistles_of_ignatius,1Sam,1Sam,18,18,old_testament_or_other,Bible:1Sam.18.18,1 Sam. xviii. 18
volume_1,ignatius,epistles_of_ignatius,2Sam,2Sam,7,18,old_testament_or_other,Bible:2Sam.7.18,2 Sam. vii. 18
volume_1,ignatius,epistles_of_ignatius,Phil,Phil,2,25,new_testament,Bible:Phil.2.25,Phil. ii. 25
volume_1,ignatius,epistles_of_ignatius,Ps,Ps,51,12,old_testament_or_other,Bible:Ps.51.12,Ps. li. 12
volume_1,ignatius,epistles_of_ignatius,John,John,1,18,new_testament,Bible:John.1.18,John i. 18
volume_1,ignatius,epistles_of_ignatius,Eph,Eph,2,2,new_testament,Bible:Eph.2.2,Eph. ii. 2
volume_1,ignatius,epistles_of_ignatius,Phil,Phil,2,2,new_testament,Bible:Phil.2.2,Phil. ii. 2
volume_1,ignatius,epistles_of_ignatius,John,John,3,8,new_testament,Bible:John.3.8,John iii. 8
volume_1,ignatius,epistles_of_ignatius,1Cor,1Cor,3,16,new_testament,Bible:1Cor.3.16,1 Cor. iii. 16
volume_1,ignatius,epistles_of_ignatius,Isa,Isa,58,6,old_testament_or_other,Bible:Isa.58.6,Isa. lviii. 6
volume_1,ignatius,epistles_of_ignatius,Phil,Phil,2,3,new_testament,Bible:Phil.2.3,Phil. ii. 3
volume_1,ignatius,epistles_of_ignatius,Acts,Acts,26,14,new_testament,Bible:Acts.26.14,Acts xxvi. 14
volume_1,ignatius,epistles_of_ignatius,2Tim,2Tim,1,10,new_testament,Bible:2Tim.1.10,2 Tim. i. 10
volume_1,ignatius,epistles_of_ignatius,1Cor,1Cor,10,4,new_testament,Bible:1Cor.10.4,1 Cor. x. 4
volume_1,ignatius,epistles_of_ignatius,John,John,10,11,new_testament,Bible:John.10.11,John x. 11
volume_1,ignatius,epistles_of_ignatius,John,John,10,9,new_testament,Bible:John.10.9,John x. 9
volume_1,ignatius,epistles_of_ignatius,Gen,Gen,49,10,old_testament_or_other,Bible:Gen.49.10,Gen. xlix. 10
volume_1,ignatius,epistles_of_ignatius,Matt,Matt,28,19,new_testament,Bible:Matt.28.19,Matt. xxviii. 19
volume_1,ignatius,epistles_of_ignatius,Ezek,Ezek|Ezek,18,23,old_testament_or_other,Bible:Ezek.18.23 Bible:Ezek.18.32,"Ezek. xviii. 23, 32"
volume_1,ignatius,epistles_of_ignatius,Ezek,Ezek,33,11,old_testament_or_other,Bible:Ezek.33.11,Ezek. xxxiii. 11
volume_1,ignatius,epistles_of_ignatius,2Pet,2Pet,3,9,new_testament,Bible:2Pet.3.9,2 Pet. iii. 9
volume_1,ignatius,epistles_of_ignatius,Rom,Rom,1,3,new_testament,Bible:Rom.1.3,Rom. i. 3
volume_1,ignatius,epistles_of_ignatius,Matt,Matt,3,15,new_testament,Bible:Matt.3.15,Matt. iii. 15
volume_1,ignatius,epistles_of_ignatius,Isa,Isa,5,26,old_testament_or_other,Bible:Isa.5.26,Isa. v. 26
volume_1,ignatius,epistles_of_ignatius,Isa,Isa,49,22,old_testament_or_other,Bible:Isa.49.22,Isa. xlix. 22
volume_1,ignatius,epistles_of_ignatius,John,John,2,19,new_testament,Bible:John.2.19,John ii. 19
volume_1,ignatius,epistles_of_ignatius,Prov,Prov,9,1,old_testament_or_other,Bible:Prov.9.1,Prov. ix. 1
volume_1,ignatius,epistles_of_ignatius,Num,Num,21,9,old_testament_or_other,Bible:Num.21.9,Num. xxi. 9
volume_1,ignatius,epistles_of_ignatius,John,John,3,14,new_testament,Bible:John.3.14,John iii. 14
volume_1,ignatius,epistles_of_ignatius,Luke,Luke,24,39,new_testament,Bible:Luke.24.39,Luke xxiv. 39
volume_1,ignatius,epistles_of_ignatius,John,John,20,27,new_testament,Bible:John.20.27,John xx. 27
volume_1,ignatius,epistles_of_ignatius,John,John,20,28,new_testament,Bible:John.20.28,John xx. 28
volume_1,ignatius,epistles_of_ignatius,Acts,Acts,1,11,new_testament,Bible:Acts.1.11,Acts i. 11
volume_1,ignatius,epistles_of_ignatius,Rev,Rev,1,7,new_testament,Bible:Rev.1.7,Rev. i. 7
volume_1,ignatius,epistles_of_ignatius,Rom,Rom,8,17,new_testament,Bible:Rom.8.17,Rom. viii. 17
volume_1,ignatius,epistles_of_ignatius,Phil,Phil,4,13,new_testament,Bible:Phil.4.13,Phil. iv. 13
volume_1,ignatius,epistles_of_ignatius,Matt,Matt,19,12,new_testament,Bible:Matt.19.12,Matt. xix. 12
volume_1,ignatius,epistles_of_ignatius,Deut,Deut,6,5,old_testament_or_other,Bible:Deut.6.5,Deut. vi. 5
volume_1,ignatius,epistles_of_ignatius,John,John,17,31,new_testament,Bible:John.17.31,John xvii. 31
volume_1,ignatius,epistles_of_ignatius,John,John,13,34,new_testament,Bible:John.13.34,John xiii. 34
volume_1,ignatius,epistles_of_ignatius,Matt,Matt,22,40,new_testament,Bible:Matt.22.40,Matt. xxii. 40
volume_1,ignatius,epistles_of_ignatius,Zech,Zech,3,1,old_testament_or_other,Bible:Zech.3.1,Zech. iii. 1
volume_1,ignatius,epistles_of_ignatius,Luke,Luke,22,31,new_testament,Bible:Luke.22.31,Luke xxii. 31
volume_1,ignatius,epistles_of_ignatius,Luke,Luke,22,32,new_testament,Bible:Luke.22.32,Luke xxii. 32
volume_1,ignatius,epistles_of_ignatius,Ps,Ps,6,5,old_testament_or_other,Bible:Ps.6.5,Ps. vi. 5
volume_1,ignatius,epistles_of_ignatius,Isa,Isa,62,11,old_testament_or_other,Bible:Isa.62.11,Isa. lxii. 11
volume_1,ignatius,epistles_of_ignatius,Prov,Prov,24,21,old_testament_or_other,Bible:Prov.24.21,Prov. xxiv. 21
volume_1,ignatius,epistles_of_ignatius,Heb,Heb,10,29,new_testament,Bible:Heb.10.29,Heb. x. 29
volume_1,ignatius,epistles_of_ignatius,Matt,Matt,10,41,new_testament,Bible:Matt.10.41,Matt. x. 41
volume_1,ignatius,epistles_of_ignatius,2Tim,2Tim,1,18,new_testament,Bible:2Tim.1.18,2 Tim. i. 18
volume_1,ignatius,epistles_of_ignatius,1Thess,1Thess,5,17,new_testament,Bible:1Thess.5.17,1 Thess. v. 17
volume_1,ignatius,epistles_of_ignatius,Matt,Matt,8,17,new_testament,Bible:Matt.8.17,Matt. viii. 17
volume_1,ignatius,epistles_of_ignatius,Matt,Matt,10,16,new_testament,Bible:Matt.10.16,Matt. x. 16
volume_1,ignatius,epistles_of_ignatius,1Tim,1Tim,1,3,new_testament,Bible:1Tim.1.3,1 Tim. i. 3
volume_1,ignatius,epistles_of_ignatius,1Tim,1Tim,6,3,new_testament,Bible:1Tim.6.3,1 Tim. vi. 3
volume_1,ignatius,epistles_of_ignatius,Eph,Eph,5,25,new_testament,Bible:Eph.5.25,Eph. v. 25
volume_1,ignatius,epistles_of_ignatius,1Cor,1Cor,10,31,new_testament,Bible:1Cor.10.31,1 Cor. x. 31
volume_1,ignatius,epistles_of_ignatius,Phil,Phil,1,4,new_testament,Bible:Phil.1.4,Phil. i. 4
volume_1,ignatius,epistles_of_ignatius,Mark,Mark,1,24,new_testament,Bible:Mark.1.24,Mark i. 24
volume_1,ignatius,epistles_of_ignatius,Luke,Luke,4,34,new_testament,Bible:Luke.4.34,Luke iv. 34
volume_1,ignatius,epistles_of_ignatius,Acts,Acts,20,24,new_testament,Bible:Acts.20.24,Acts xx. 24
volume_1,ignatius,epistles_of_ignatius,1Cor,1Cor,16,13,new_testament,Bible:1Cor.16.13,1 Cor. xvi. 13
volume_1,ignatius,epistles_of_ignatius,Hab,Hab,2,4,old_testament_or_other,Bible:Hab.2.4,Hab. ii. 4
volume_1,ignatius,epistles_of_ignatius,Gal,Gal,3,11,new_testament,Bible:Gal.3.11,Gal. iii. 11
volume_1,ignatius,epistles_of_ignatius,Ps,Ps,68,7,old_testament_or_other,Bible:Ps.68.7,Ps. lxviii. 7
volume_1,ignatius,epistles_of_ignatius,Gal,Gal,2,5,new_testament,Bible:Gal.2.5,Gal. ii. 5
volume_1,ignatius,epistles_of_ignatius,Rom,Rom,15,19,new_testament,Bible:Rom.15.19,Rom. xv. 19
volume_1,ignatius,epistles_of_ignatius,Gal,Gal,6,17,new_testament,Bible:Gal.6.17,Gal. vi. 17
volume_1,ignatius,epistles_of_ignatius,Gal,Gal,6,14,new_testament,Bible:Gal.6.14,Gal. vi. 14
volume_1,ignatius,epistles_of_ignatius,Acts,Acts,26,23,new_testament,Bible:Acts.26.23,Acts xxvi. 23
volume_1,ignatius,epistles_of_ignatius,Rom,Rom,6,10,new_testament,Bible:Rom.6.10,Rom. vi. 10
volume_1,ignatius,epistles_of_ignatius,1Cor,1Cor,8,6,new_testament,Bible:1Cor.8.6,1 Cor. viii. 6
volume_1,ignatius,epistles_of_ignatius,1Tim,1Tim,2,5,new_testament,Bible:1Tim.2.5,1 Tim. ii. 5
volume_1,ignatius,epistles_of_ignatius,Col,Col,1,16,new_testament,Bible:Col.1.16-Col.1.17,"Col. i. 16, 17"
volume_1,ignatius,epistles_of_ignatius,John,John,20,17,new_testament,Bible:John.20.17,John xx. 17
volume_1,ignatius,epistles_of_ignatius,1Cor,1Cor,15,28,new_testament,Bible:1Cor.15.28,1 Cor. xv. 28
volume_1,ignatius,epistles_of_ignatius,John,John,1,3,new_testament,Bible:John.1.3,John i. 3
volume_1,ignatius,epistles_of_ignatius,Prov,Prov|Prov,8,27,old_testament_or_other,Bible:Prov.8.27 Bible:Prov.8.30,"Prov. viii. 27, 30"
volume_1,ignatius,epistles_of_ignatius,Ps,Ps,110,1,old_testament_or_other,Bible:Ps.110.1,Ps. cx. 1
volume_1,ignatius,epistles_of_ignatius,John,John,8,58,new_testament,Bible:John.8.58,John viii. 58
volume_1,ignatius,epistles_of_ignatius,John,John,17,5,new_testament,Bible:John.17.5,John xvii. 5
volume_1,ignatius,epistles_of_ignatius,John,John,6,38,new_testament,Bible:John.6.38,John vi. 38
volume_1,ignatius,epistles_of_ignatius,John,John,1,9,new_testament,Bible:John.1.9-John.1.11,"John i. 9, 10, 11"
volume_1,ignatius,epistles_of_ignatius,John,John,1,1,new_testament,Bible:John.1.1,John i. 1
volume_1,ignatius,epistles_of_ignatius,Prov,Prov|Prov,8,22,old_testament_or_other,Bible:Prov.8.22-Prov.8.23 Bible:Prov.8.25,"Prov. viii. 22, 23, 25"
volume_1,ignatius,epistles_of_ignatius,John,John|John,5,25,new_testament,Bible:John.5.25 Bible:John.5.28,"John v. 25, 28"
volume_1,ignatius,epistles_of_ignatius,1Cor,1Cor,15,53,new_testament,Bible:1Cor.15.53,1 Cor. xv. 53
volume_1,ignatius,epistles_of_ignatius,1Cor,1Cor,6,9,new_testament,Bible:1Cor.6.9,1 Cor. vi. 9
volume_1,ignatius,epistles_of_ignatius,1Cor,1Cor|1Cor|1Cor|1Cor|1Cor,15,13,new_testament,Bible:1Cor.15.13-1Cor.15.14 Bible:1Cor.15.17 Bible:1Cor.15.18 Bible:1Cor.15.19 Bible:1Cor.15.32,"1 Cor. xv. 13, 14, 17, 18, 19, 32"
volume_1,ignatius,epistles_of_ignatius,Rom,Rom,13,14,new_testament,Bible:Rom.13.14,Rom. xiii. 14
volume_1,ignatius,epistles_of_ignatius,1Pet,1Pet,5,14,new_testament,Bible:1Pet.5.14,1 Pet. v. 14
volume_1,ignatius,epistles_of_ignatius,Eph,Eph,4,1,new_testament,Bible:Eph.4.1,Eph. iv. 1
volume_1,ignatius,epistles_of_ignatius,Deut,Deut,6,4,old_testament_or_other,Bible:Deut.6.4,Deut. vi. 4
volume_1,ignatius,epistles_of_ignatius,Mark,Mark,12,29,new_testament,Bible:Mark.12.29,Mark xii. 29
volume_1,ignatius,epistles_of_ignatius,Gen,Gen,19,24,old_testament_or_other,Bible:Gen.19.24,Gen. xix. 24
volume_1,ignatius,epistles_of_ignatius,Gen,Gen,1,26,old_testament_or_other,Bible:Gen.1.26-Gen.1.27,"Gen. i. 26, 27"
volume_1,ignatius,epistles_of_ignatius,Gen,Gen,5,1,old_testament_or_other,Bible:Gen.5.1,Gen. v. 1
volume_1,ignatius,epistles_of_ignatius,Gen,Gen,9,6,old_testament_or_other,Bible:Gen.9.6,Gen. ix. 6
volume_1,ignatius,epistles_of_ignatius,Deut,Deut,18,15,old_testament_or_other,Bible:Deut.18.15,Deut. xviii. 15
volume_1,ignatius,epistles_of_ignatius,Acts,Acts,3,22,new_testament,Bible:Acts.3.22,Acts iii. 22
volume_1,ignatius,epistles_of_ignatius,Acts,Acts,7,37,new_testament,Bible:Acts.7.37,Acts vii. 37
volume_1,ignatius,epistles_of_ignatius,Isa,Isa,44,6,old_testament_or_other,Bible:Isa.44.6,Isa. xliv. 6
volume_1,ignatius,epistles_of_ignatius,Isa,Isa,9,6,old_testament_or_other,Bible:Isa.9.6,Isa. ix. 6
volume_1,ignatius,epistles_of_ignatius,Isa,Isa,53,7,old_testament_or_other,Bible:Isa.53.7,Isa. liii. 7
volume_1,ignatius,epistles_of_ignatius,Jer,Jer,11,19,old_testament_or_other,Bible:Jer.11.19,Jer. xi. 19
volume_1,ignatius,epistles_of_ignatius,John,John,17,3,new_testament,Bible:John.17.3,John xvii. 3
volume_1,ignatius,epistles_of_ignatius,Matt,Matt,1,1,new_testament,Bible:Matt.1.1,Matt. i. 1
volume_1,ignatius,epistles_of_ignatius,1Cor,1Cor|1Cor,8,4,new_testament,Bible:1Cor.8.4 Bible:1Cor.8.6,"1 Cor. viii. 4, 6"
volume_1,ignatius,epistles_of_ignatius,Gal,Gal,3,20,new_testament,Bible:Gal.3.20,Gal. iii. 20
volume_1,ignatius,epistles_of_ignatius,John,John,6,70,new_testament,Bible:John.6.70,John vi. 70
volume_1,ignatius,epistles_of_ignatius,1John,1John,2,22,new_testament,Bible:1John.2.22,1 John ii. 22
volume_1,ignatius,epistles_of_ignatius,1John,1John,4,3,new_testament,Bible:1John.4.3,1 John iv. 3
volume_1,ignatius,epistles_of_ignatius,2John,2John,1,7,new_testament,Bible:2John.1.7,2 John 7
volume_1,ignatius,epistles_of_ignatius,Jer,Jer,17,5,old_testament_or_other,Bible:Jer.17.5,Jer. xvii. 5
volume_1,ignatius,epistles_of_ignatius,Phil,Phil,4,2,new_testament,Bible:Phil.4.2,Phil. iv. 2
volume_1,ignatius,epistles_of_ignatius,1Cor,1Cor,16,22,new_testament,Bible:1Cor.16.22,1 Cor. xvi. 22
volume_1,ignatius,epistles_of_ignatius,1Cor,1Cor,4,16,new_testament,Bible:1Cor.4.16,1 Cor. iv. 16
volume_1,ignatius,epistles_of_ignatius,Col,Col,4,18,new_testament,Bible:Col.4.18,Col. iv. 18
volume_1,ignatius,epistles_of_ignatius,1Pet,1Pet,5,2,new_testament,Bible:1Pet.5.2,1 Pet. v. 2
volume_1,ignatius,epistles_of_ignatius,2Tim,2Tim,4,6,new_testament,Bible:2Tim.4.6,2 Tim. iv. 6
volume_1,ignatius,epistles_of_ignatius,Phil,Phil,3,8,new_testament,Bible:Phil.3.8,Phil. iii. 8
volume_1,ignatius,epistles_of_ignatius,1Pet,1Pet,3,6,new_testament,Bible:1Pet.3.6,1 Pet. iii. 6
volume_1,ignatius,epistles_of_ignatius,Eph,Eph|Eph,6,1,new_testament,Bible:Eph.6.1 Bible:Eph.6.3,"Eph. vi. 1, 3"
volume_1,ignatius,epistles_of_ignatius,Job,Job,31,13,old_testament_or_other,Bible:Job.31.13-Job.31.14,"Job xxxi. 13, 14"
volume_1,ignatius,epistles_of_ignatius,Eph,Eph,5,3,new_testament,Bible:Eph.5.3,Eph. v. 3
volume_1,ignatius,epistles_of_ignatius,1Tim,1Tim|1Tim,5,6,new_testament,Bible:1Tim.5.6 Bible:1Tim.5.11,"1 Tim. v. 6, 11"
volume_1,ignatius,epistles_of_ignatius,2Cor,2Cor,13,12,new_testament,Bible:2Cor.13.12,2 Cor. xiii. 12
volume_1,ignatius,epistles_of_ignatius,Gal,Gal,1,4,new_testament,Bible:Gal.1.4,Gal. i. 4
volume_1,ignatius,epistles_of_ignatius,Gal,Gal,6,2,new_testament,Bible:Gal.6.2,Gal. vi. 2
volume_1,ignatius,epistles_of_ignatius,Isa,Isa,1,19,old_testament_or_other,Bible:Isa.1.19,Isa. i. 19
volume_1,ignatius,epistles_of_ignatius,Gen,Gen,9,3,old_testament_or_other,Bible:Gen.9.3,Gen. ix. 3
volume_1,ignatius,epistles_of_ignatius,Ps,Ps,104,15,old_testament_or_other,Bible:Ps.104.15,Ps. civ. 15
volume_1,ignatius,epistles_of_ignatius,Eccl,Eccl,2,25,old_testament_or_other,Bible:Eccl.2.25,Eccl. ii. 25
volume_1,ignatius,epistles_of_ignatius,Zech,Zech,9,17,old_testament_or_other,Bible:Zech.9.17,Zech. ix. 17
volume_1,ignatius,epistles_of_ignatius,1Tim,1Tim,4,13,new_testament,Bible:1Tim.4.13,1 Tim. iv. 13
volume_1,ignatius,epistles_of_ignatius,2Tim,2Tim,2,4,new_testament,Bible:2Tim.2.4,2 Tim. ii. 4
volume_1,ignatius,epistles_of_ignatius,1Cor,1Cor,13,2,new_testament,Bible:1Cor.13.2,1 Cor. xiii. 2
volume_1,ignatius,epistles_of_ignatius,1Tim,1Tim,5,3,new_testament,Bible:1Tim.5.3,1 Tim. v. 3
volume_1,ignatius,epistles_of_ignatius,Ps,Ps,68,5,old_testament_or_other,Bible:Ps.68.5,Ps. lxviii. 5
volume_1,ignatius,epistles_of_ignatius,Rom,Rom,15,16,new_testament,Bible:Rom.15.16,Rom. xv. 16
volume_1,ignatius,epistles_of_ignatius,Mal,Mal,1,11,old_testament_or_other,Bible:Mal.1.11,Mal. i. 11
volume_1,ignatius,epistles_of_ignatius,Heb,Heb,5,1,new_testament,Bible:Heb.5.1,Heb. v. 1
volume_1,ignatius,epistles_of_ignatius,1Cor,1Cor,11,11,new_testament,Bible:1Cor.11.11,1 Cor. xi. 11
volume_1,ignatius,epistles_of_ignatius,Ps,Ps,5,6,old_testament_or_other,Bible:Ps.5.6,Ps. v. 6
volume_1,ignatius,epistles_of_ignatius,Prov,Prov,14,29,old_testament_or_other,Bible:Prov.14.29,Prov. xiv. 29
volume_1,ignatius,epistles_of_ignatius,Prov,Prov,15,27,old_testament_or_other,Bible:Prov.15.27,Prov. xv. 27
volume_1,ignatius,epistles_of_ignatius,Prov,Prov,16,6,old_testament_or_other,Bible:Prov.16.6,Prov. xvi. 6
volume_1,ignatius,epistles_of_ignatius,2Cor,2Cor,10,17,new_testament,Bible:2Cor.10.17,2 Cor. x. 17
volume_1,ignatius,epistles_of_ignatius,Sir,Sir,19,4,deuterocanonical,Bible:Sir.19.4,Sirach xix. 4
volume_1,ignatius,epistles_of_ignatius,Jas,Jas|Jas,1,6,new_testament,Bible:Jas.1.6 Bible:Jas.1.8,"Jas. i. 6, 8"
volume_1,ignatius,epistles_of_ignatius,Deut,Deut|Deut,31,7,old_testament_or_other,Bible:Deut.31.7 Bible:Deut.31.23,"Deut. xxxi. 7, 23"
volume_1,ignatius,epistles_of_ignatius,Num,Num,27,17,old_testament_or_other,Bible:Num.27.17,Num. xxvii. 17
volume_1,ignatius,epistles_of_ignatius,Col,Col,4,15,new_testament,Bible:Col.4.15,Col. iv. 15
volume_1,ignatius,epistles_of_ignatius,Phil,Phil,3,16,new_testament,Bible:Phil.3.16,Phil. iii. 16
volume_1,ignatius,epistles_of_ignatius,1Cor,1Cor,12,11,new_testament,Bible:1Cor.12.11,1 Cor. xii. 11
volume_1,ignatius,epistles_of_ignatius,Mal,Mal,2,10,old_testament_or_other,Bible:Mal.2.10,Mal. ii. 10
volume_1,ignatius,epistles_of_ignatius,Prov,Prov,30,4,old_testament_or_other,Bible:Prov.30.4,Prov. xxx. 4
volume_1,ignatius,epistles_of_ignatius,John,John,14,16,new_testament,Bible:John.14.16,John xiv. 16
volume_1,ignatius,epistles_of_ignatius,1Cor,1Cor,12,13,new_testament,Bible:1Cor.12.13,1 Cor. xii. 13
volume_1,ignatius,epistles_of_ignatius,Matt,Matt,4,23,new_testament,Bible:Matt.4.23,Matt. iv. 23
volume_1,ignatius,epistles_of_ignatius,Matt,Matt,9,35,new_testament,Bible:Matt.9.35,Matt. ix. 35
volume_1,ignatius,epistles_of_ignatius,Matt,Matt,4,3,new_testament,Bible:Matt.4.3,Matt. iv. 3
volume_1,ignatius,epistles_of_ignatius,Luke,Luke,10,18,new_testament,Bible:Luke.10.18,Luke x. 18
volume_1,ignatius,epistles_of_ignatius,Matt,Matt,4,6,new_testament,Bible:Matt.4.6,Matt. iv. 6
volume_1,ignatius,epistles_of_ignatius,Rom,Rom,4,17,new_testament,Bible:Rom.4.17,Rom. iv. 17
volume_1,ignatius,epistles_of_ignatius,Ps,Ps,91,13,old_testament_or_other,Bible:Ps.91.13,Ps. xci. 13
volume_1,ignatius,epistles_of_ignatius,Deut,Deut,6,16,old_testament_or_other,Bible:Deut.6.16,Deut. vi. 16
volume_1,ignatius,epistles_of_ignatius,Luke,Luke,4,6,new_testament,Bible:Luke.4.6,Luke iv. 6
volume_1,ignatius,epistles_of_ignatius,Matt,Matt,4,9,new_testament,Bible:Matt.4.9,Matt. iv. 9
volume_1,ignatius,epistles_of_ignatius,Matt,Matt,4,10,new_testament,Bible:Matt.4.10,Matt. iv. 10
volume_1,ignatius,epistles_of_ignatius,Deut,Deut,6,13,old_testament_or_other,Bible:Deut.6.13,Deut. vi. 13
volume_1,ignatius,epistles_of_ignatius,Num,Num,27,16,old_testament_or_other,Bible:Num.27.16-Num.27.17,"Num. xxvii. 16, 17"
volume_1,ignatius,epistles_of_ignatius,1Sam,1Sam,16,,old_testament_or_other,Bible:1Sam.16,1 Sam. xvi.
volume_1,ignatius,epistles_of_ignatius,Ps,Ps,150,1,old_testament_or_other,Bible:Ps.150.1,Ps. cl. 1
volume_1,ignatius,epistles_of_ignatius,Rom,Rom,8,18,new_testament,Bible:Rom.8.18,Rom. viii. 18
volume_1,ignatius,epistles_of_ignatius,Prov,Prov,8,17,old_testament_or_other,Bible:Prov.8.17,Prov. viii. 17
volume_1,ignatius,epistles_of_ignatius,Jer,Jer,10,23,old_testament_or_other,Bible:Jer.10.23,Jer. x. 23
volume_1,ignatius,epistles_of_ignatius,Luke,Luke,1,47,new_testament,Bible:Luke.1.47,Luke i. 47
volume_1,ignatius,martyrdom_of_ignatius,2Cor,2Cor,6,16,new_testament,Bible:2Cor.6.16,2 Cor. vi. 16
volume_1,ignatius,martyrdom_of_ignatius,1Cor,1Cor,4,4,new_testament,Bible:1Cor.4.4,1 Cor. iv. 4
volume_1,ignatius,martyrdom_of_ignatius,1Cor,1Cor,13,3,new_testament,Bible:1Cor.13.3,1 Cor. xiii. 3
volume_1,ignatius,martyrdom_of_ignatius,Prov,Prov,18,17,old_testament_or_other,Bible:Prov.18.17,Prov. xviii. 17
volume_1,ignatius,martyrdom_of_ignatius,Acts,Acts,28,13,new_testament,Bible:Acts.28.13-Acts.28.14,"Acts xxviii. 13, 14"
volume_1,ignatius,martyrdom_of_ignatius,Prov,Prov,10,24,old_testament_or_other,Bible:Prov.10.24,Prov. x. 24
volume_1,ignatius,epistle_of_barnabas,Gal,Gal,4,24,new_testament,Bible:Gal.4.24,Galatians iv. 24
volume_1,ignatius,epistle_of_barnabas,2Cor,2Cor,12,16,new_testament,Bible:2Cor.12.16,2 Cor. xii. 16
volume_1,ignatius,epistle_of_barnabas,Rom,Rom,4,1,new_testament,Bible:Rom.4.1,Romans iv. 1
volume_1,ignatius,epistle_of_barnabas,Rom,Rom,11,13,new_testament,Bible:Rom.11.13,Rom. xi. 13
volume_1,ignatius,epistle_of_barnabas,Rom,Rom,5,18,new_testament,Bible:Rom.5.18,Rom. v. 18
volume_1,ignatius,epistle_of_barnabas,Isa,Isa,1,11,old_testament_or_other,Bible:Isa.1.11-Isa.1.14,Isa. i. 11–14
volume_1,ignatius,epistle_of_barnabas,Jer,Jer,7,22,old_testament_or_other,Bible:Jer.7.22,Jer. vii. 22
volume_1,ignatius,epistle_of_barnabas,Zech,Zech,8,17,old_testament_or_other,Bible:Zech.8.17,Zech. viii. 17
volume_1,ignatius,epistle_of_barnabas,Ps,Ps,51,19,old_testament_or_other,Bible:Ps.51.19,Ps. li. 19
volume_1,ignatius,epistle_of_barnabas,Isa,Isa,58,4,old_testament_or_other,Bible:Isa.58.4-Isa.58.5,"Isa. lviii. 4, 5"
volume_1,ignatius,epistle_of_barnabas,Isa,Isa,58,6,old_testament_or_other,Bible:Isa.58.6-Isa.58.10,Isa. lviii. 6–10
volume_1,ignatius,epistle_of_barnabas,Dan,Dan,9,24,old_testament_or_other,Bible:Dan.9.24-Dan.9.27,Dan. ix. 24–27
volume_1,ignatius,epistle_of_barnabas,Dan,Dan,7,24,old_testament_or_other,Bible:Dan.7.24,Dan. vii. 24
volume_1,ignatius,epistle_of_barnabas,Dan,Dan,7,7,old_testament_or_other,Bible:Dan.7.7-Dan.7.8,"Dan. vii. 7, 8"
volume_1,ignatius,epistle_of_barnabas,Exod,Exod,31,18,old_testament_or_other,Bible:Exod.31.18,Ex. xxxi. 18
volume_1,ignatius,epistle_of_barnabas,Exod,Exod,34,28,old_testament_or_other,Bible:Exod.34.28,Ex. xxxiv. 28
volume_1,ignatius,epistle_of_barnabas,Exod,Exod,32,7,old_testament_or_other,Bible:Exod.32.7,Ex. xxxii. 7
volume_1,ignatius,epistle_of_barnabas,Deut,Deut,9,12,old_testament_or_other,Bible:Deut.9.12,Deut. ix. 12
volume_1,ignatius,epistle_of_barnabas,Isa,Isa,5,21,old_testament_or_other,Bible:Isa.5.21,Isa. v. 21
volume_1,ignatius,epistle_of_barnabas,Matt,Matt,20,16,new_testament,Bible:Matt.20.16,Matt. xx. 16
volume_1,ignatius,epistle_of_barnabas,Matt,Matt,22,14,new_testament,Bible:Matt.22.14,Matt. xxii. 14
volume_1,ignatius,epistle_of_barnabas,Isa,Isa|Isa,53,5,old_testament_or_other,Bible:Isa.53.5 Bible:Isa.53.7,"Isa. liii. 5, 7"
volume_1,ignatius,epistle_of_barnabas,Prov,Prov,1,17,old_testament_or_other,Bible:Prov.1.17,Prov. i. 17
volume_1,ignatius,epistle_of_barnabas,Gen,Gen,1,26,old_testament_or_other,Bible:Gen.1.26,Gen. i. 26
volume_1,ignatius,epistle_of_barnabas,Matt,Matt,9,13,new_testament,Bible:Matt.9.13,Matt. ix. 13
volume_1,ignatius,epistle_of_barnabas,Mark,Mark,2,17,new_testament,Bible:Mark.2.17,Mark ii. 17
volume_1,ignatius,epistle_of_barnabas,Luke,Luke,5,32,new_testament,Bible:Luke.5.32,Luke v. 32
volume_1,ignatius,epistle_of_barnabas,Isa,Isa,53,8,old_testament_or_other,Bible:Isa.53.8,Isa. liii. 8
volume_1,ignatius,epistle_of_barnabas,Zech,Zech,13,7,old_testament_or_other,Bible:Zech.13.7,Zech. xiii. 7
volume_1,ignatius,epistle_of_barnabas,Ps,Ps|Ps,22,16,old_testament_or_other,Bible:Ps.22.16 Bible:Ps.22.20,"Ps. xxii. 16, 20"
volume_1,ignatius,epistle_of_barnabas,Ps,Ps,119,120,old_testament_or_other,Bible:Ps.119.120,Ps. cxix. 120
volume_1,ignatius,epistle_of_barnabas,Isa,Isa,50,6,old_testament_or_other,Bible:Isa.50.6-Isa.50.7,"Isa. l. 6, 7"
volume_1,ignatius,epistle_of_barnabas,Isa,Isa,50,8,old_testament_or_other,Bible:Isa.50.8,Isa. l. 8
volume_1,ignatius,epistle_of_barnabas,Isa,Isa,50,9,old_testament_or_other,Bible:Isa.50.9,Isa. l. 9
volume_1,ignatius,epistle_of_barnabas,Isa,Isa,8,14,old_testament_or_other,Bible:Isa.8.14,Isa. viii. 14
volume_1,ignatius,epistle_of_barnabas,Isa,Isa,28,16,old_testament_or_other,Bible:Isa.28.16,Isa. xxviii. 16
volume_1,ignatius,epistle_of_barnabas,Isa,Isa,50,7,old_testament_or_other,Bible:Isa.50.7,Isa. l. 7
volume_1,ignatius,epistle_of_barnabas,Ps,Ps,118,22,old_testament_or_other,Bible:Ps.118.22,Ps. cxviii. 22
volume_1,ignatius,epistle_of_barnabas,Ps,Ps,118,24,old_testament_or_other,Bible:Ps.118.24,Ps. cxviii. 24
volume_1,ignatius,epistle_of_barnabas,1Cor,1Cor,4,13,new_testament,Bible:1Cor.4.13,1 Cor. iv. 13
volume_1,ignatius,epistle_of_barnabas,Ps,Ps,22,17,old_testament_or_other,Bible:Ps.22.17,Ps. xxii. 17
volume_1,ignatius,epistle_of_barnabas,Ps,Ps,118,12,old_testament_or_other,Bible:Ps.118.12,Ps. cxviii. 12
volume_1,ignatius,epistle_of_barnabas,Ps,Ps,22,19,old_testament_or_other,Bible:Ps.22.19,Ps. xxii. 19
volume_1,ignatius,epistle_of_barnabas,Isa,Isa,3,9,old_testament_or_other,Bible:Isa.3.9,Isa. iii. 9
volume_1,ignatius,epistle_of_barnabas,Wis,Wis,2,12,deuterocanonical,Bible:Wis.2.12,Wisdom ii. 12
volume_1,ignatius,epistle_of_barnabas,Exod,Exod,33,1,old_testament_or_other,Bible:Exod.33.1,Ex. xxxiii. 1
volume_1,ignatius,epistle_of_barnabas,Lev,Lev,20,24,old_testament_or_other,Bible:Lev.20.24,Lev. xx. 24
volume_1,ignatius,epistle_of_barnabas,Isa,Isa,40,13,old_testament_or_other,Bible:Isa.40.13,Isa. xl. 13
volume_1,ignatius,epistle_of_barnabas,Prov,Prov,1,6,old_testament_or_other,Bible:Prov.1.6,Prov. i. 6
volume_1,ignatius,epistle_of_barnabas,Gen,Gen,1,28,old_testament_or_other,Bible:Gen.1.28,Gen. i. 28
volume_1,ignatius,epistle_of_barnabas,2Cor,2Cor,5,17,new_testament,Bible:2Cor.5.17,2 Cor. v. 17
volume_1,ignatius,epistle_of_barnabas,Exod,Exod,33,3,old_testament_or_other,Bible:Exod.33.3,Ex. xxxiii. 3
volume_1,ignatius,epistle_of_barnabas,Ezek,Ezek,11,19,old_testament_or_other,Bible:Ezek.11.19,Ezek. xi. 19
volume_1,ignatius,epistle_of_barnabas,Ezek,Ezek,36,26,old_testament_or_other,Bible:Ezek.36.26,Ezek. xxxvi. 26
volume_1,ignatius,epistle_of_barnabas,John,John,1,14,new_testament,Bible:John.1.14,John i. 14
volume_1,ignatius,epistle_of_barnabas,Eph,Eph,2,21,new_testament,Bible:Eph.2.21,Eph. ii. 21
volume_1,ignatius,epistle_of_barnabas,Ps,Ps,42,2,old_testament_or_other,Bible:Ps.42.2,Ps. xlii. 2
volume_1,ignatius,epistle_of_barnabas,Ps,Ps,22,23,old_testament_or_other,Bible:Ps.22.23,Ps. xxii. 23
volume_1,ignatius,epistle_of_barnabas,Heb,Heb,2,12,new_testament,Bible:Heb.2.12,Heb. ii. 12
volume_1,ignatius,epistle_of_barnabas,Acts,Acts,14,22,new_testament,Bible:Acts.14.22,Acts xiv. 22
volume_1,ignatius,epistle_of_barnabas,Ps,Ps,18,44,old_testament_or_other,Bible:Ps.18.44,Ps. xviii. 44
volume_1,ignatius,epistle_of_barnabas,Isa,Isa,33,13,old_testament_or_other,Bible:Isa.33.13,Isa. xxxiii. 13
volume_1,ignatius,epistle_of_barnabas,Jer,Jer,4,4,old_testament_or_other,Bible:Jer.4.4,Jer. iv. 4
volume_1,ignatius,epistle_of_barnabas,Jer,Jer,7,2,old_testament_or_other,Bible:Jer.7.2,Jer. vii. 2
volume_1,ignatius,epistle_of_barnabas,Ps,Ps,34,11,old_testament_or_other,Bible:Ps.34.11-Ps.34.13,Ps. xxxiv. 11–13
volume_1,ignatius,epistle_of_barnabas,Isa,Isa,1,2,old_testament_or_other,Bible:Isa.1.2,Isa. i. 2
volume_1,ignatius,epistle_of_barnabas,Isa,Isa,1,10,old_testament_or_other,Bible:Isa.1.10,Isa. i. 10
volume_1,ignatius,epistle_of_barnabas,Jer,Jer,4,3,old_testament_or_other,Bible:Jer.4.3,Jer. iv. 3
volume_1,ignatius,epistle_of_barnabas,Deut,Deut,10,16,old_testament_or_other,Bible:Deut.10.16,Deut. x. 16
volume_1,ignatius,epistle_of_barnabas,Jer,Jer,9,25,old_testament_or_other,Bible:Jer.9.25-Jer.9.26,"Jer. ix. 25, 26"
volume_1,ignatius,epistle_of_barnabas,Gen,Gen,17,26,old_testament_or_other,Bible:Gen.17.26-Gen.17.27,"Gen. xvii. 26, 27"
volume_1,ignatius,epistle_of_barnabas,Gen,Gen,14,14,old_testament_or_other,Bible:Gen.14.14,Gen. xiv. 14
volume_1,ignatius,epistle_of_barnabas,Lev,Lev,11,,old_testament_or_other,Bible:Lev.11,Lev. xi.
volume_1,ignatius,epistle_of_barnabas,Deut,Deut,14,,old_testament_or_other,Bible:Deut.14,Deut. xiv.
volume_1,ignatius,epistle_of_barnabas,Deut,Deut,4,1,old_testament_or_other,Bible:Deut.4.1,Deut. iv. 1
volume_1,ignatius,epistle_of_barnabas,Ps,Ps,1,1,old_testament_or_other,Bible:Ps.1.1,Ps. i. 1
volume_1,ignatius,epistle_of_barnabas,Jer,Jer,2,12,old_testament_or_other,Bible:Jer.2.12-Jer.2.13,"Jer. ii. 12, 13"
volume_1,ignatius,epistle_of_barnabas,Isa,Isa,16,1,old_testament_or_other,Bible:Isa.16.1-Isa.16.2,"Isa. xvi. 1, 2"
volume_1,ignatius,epistle_of_barnabas,Isa,Isa,45,2,old_testament_or_other,Bible:Isa.45.2-Isa.45.3,"Isa. xlv. 2, 3"
volume_1,ignatius,epistle_of_barnabas,Isa,Isa,33,16,old_testament_or_other,Bible:Isa.33.16,Isa. xxxiii. 16
volume_1,ignatius,epistle_of_barnabas,Isa,Isa,33,16,old_testament_or_other,Bible:Isa.33.16-Isa.33.18,Isa. xxxiii. 16–18
volume_1,ignatius,epistle_of_barnabas,Ps,Ps,1,3,old_testament_or_other,Bible:Ps.1.3-Ps.1.6,Ps. i. 3–6
volume_1,ignatius,epistle_of_barnabas,Zeph,Zeph,3,19,old_testament_or_other,Bible:Zeph.3.19,Zeph. iii. 19
volume_1,ignatius,epistle_of_barnabas,Ezek,Ezek,47,12,old_testament_or_other,Bible:Ezek.47.12,Ezek. xlvii. 12
volume_1,ignatius,epistle_of_barnabas,Hab,Hab,2,11,old_testament_or_other,Bible:Hab.2.11,Hab. ii. 11
volume_1,ignatius,epistle_of_barnabas,Isa,Isa,65,2,old_testament_or_other,Bible:Isa.65.2,Isa. lxv. 2
volume_1,ignatius,epistle_of_barnabas,Num,Num,21,6,old_testament_or_other,Bible:Num.21.6-Num.21.9,Num. xxi. 6–9
volume_1,ignatius,epistle_of_barnabas,John,John,3,14,new_testament,Bible:John.3.14-John.3.18,John iii. 14–18
volume_1,ignatius,epistle_of_barnabas,Deut,Deut,27,15,old_testament_or_other,Bible:Deut.27.15,Deut. xxvii. 15
volume_1,ignatius,epistle_of_barnabas,Num,Num,21,9,old_testament_or_other,Bible:Num.21.9,Num. xxi. 9
volume_1,ignatius,epistle_of_barnabas,Col,Col,1,16,new_testament,Bible:Col.1.16,Col. i. 16
volume_1,ignatius,epistle_of_barnabas,Exod,Exod,17,14,old_testament_or_other,Bible:Exod.17.14,Ex. xvii. 14
volume_1,ignatius,epistle_of_barnabas,1Tim,1Tim,3,16,new_testament,Bible:1Tim.3.16,1 Tim. iii. 16
volume_1,ignatius,epistle_of_barnabas,Ps,Ps,110,1,old_testament_or_other,Bible:Ps.110.1,Ps. cx. 1
volume_1,ignatius,epistle_of_barnabas,Matt,Matt,22,43,new_testament,Bible:Matt.22.43-Matt.22.45,Matt. xxii. 43–45
volume_1,ignatius,epistle_of_barnabas,Isa,Isa,45,1,old_testament_or_other,Bible:Isa.45.1,Isa. xlv. 1
volume_1,ignatius,epistle_of_barnabas,Gen,Gen,25,21,old_testament_or_other,Bible:Gen.25.21,Gen. xxv. 21
volume_1,ignatius,epistle_of_barnabas,Gen,Gen,25,23,old_testament_or_other,Bible:Gen.25.23,Gen. xxv. 23
volume_1,ignatius,epistle_of_barnabas,Gen,Gen|Gen,48,11,old_testament_or_other,Bible:Gen.48.11 Bible:Gen.48.9,"Gen. xlviii. 11, 9"
volume_1,ignatius,epistle_of_barnabas,Gen,Gen,48,18,old_testament_or_other,Bible:Gen.48.18,Gen. xlviii. 18
volume_1,ignatius,epistle_of_barnabas,Gen,Gen,48,19,old_testament_or_other,Bible:Gen.48.19,Gen. xlviii. 19
volume_1,ignatius,epistle_of_barnabas,Gen,Gen,15,6,old_testament_or_other,Bible:Gen.15.6,Gen. xv. 6
volume_1,ignatius,epistle_of_barnabas,Gen,Gen,17,5,old_testament_or_other,Bible:Gen.17.5,Gen. xvii. 5
volume_1,ignatius,epistle_of_barnabas,Rom,Rom,4,3,new_testament,Bible:Rom.4.3,Rom. iv. 3
volume_1,ignatius,epistle_of_barnabas,Exod,Exod,24,18,old_testament_or_other,Bible:Exod.24.18,Ex. xxiv. 18
volume_1,ignatius,epistle_of_barnabas,Heb,Heb,3,5,new_testament,Bible:Heb.3.5,Heb. iii. 5
volume_1,ignatius,epistle_of_barnabas,Isa,Isa,42,6,old_testament_or_other,Bible:Isa.42.6-Isa.42.7,"Isa. xlii. 6, 7"
volume_1,ignatius,epistle_of_barnabas,Isa,Isa,49,6,old_testament_or_other,Bible:Isa.49.6,Isa. xlix. 6
volume_1,ignatius,epistle_of_barnabas,Isa,Isa,61,1,old_testament_or_other,Bible:Isa.61.1-Isa.61.2,"Isa. lxi. 1, 2"
volume_1,ignatius,epistle_of_barnabas,Exod,Exod,20,8,old_testament_or_other,Bible:Exod.20.8,Ex. xx. 8
volume_1,ignatius,epistle_of_barnabas,Deut,Deut,5,12,old_testament_or_other,Bible:Deut.5.12,Deut. v. 12
volume_1,ignatius,epistle_of_barnabas,Jer,Jer,17,24,old_testament_or_other,Bible:Jer.17.24-Jer.17.25,"Jer. xvii. 24, 25"
volume_1,ignatius,epistle_of_barnabas,Gen,Gen,2,2,old_testament_or_other,Bible:Gen.2.2,Gen. ii. 2
volume_1,ignatius,epistle_of_barnabas,Ps,Ps,90,4,old_testament_or_other,Bible:Ps.90.4,Ps. xc. 4
volume_1,ignatius,epistle_of_barnabas,2Pet,2Pet,3,8,new_testament,Bible:2Pet.3.8,2 Pet. iii. 8
volume_1,ignatius,epistle_of_barnabas,Isa,Isa,1,13,old_testament_or_other,Bible:Isa.1.13,Isa. i. 13
volume_1,ignatius,epistle_of_barnabas,Isa,Isa,40,12,old_testament_or_other,Bible:Isa.40.12,Isa. xl. 12
volume_1,ignatius,epistle_of_barnabas,Isa,Isa,66,1,old_testament_or_other,Bible:Isa.66.1,Isa. lxvi. 1
volume_1,ignatius,epistle_of_barnabas,Isa,Isa,49,17,old_testament_or_other,Bible:Isa.49.17,Isa. xlix. 17
volume_1,ignatius,epistle_of_barnabas,Isa,Isa,5,,old_testament_or_other,Bible:Isa.5,Isa. v.
volume_1,ignatius,epistle_of_barnabas,Jer,Jer,25,,old_testament_or_other,Bible:Jer.25,Jer. xxv.
volume_1,ignatius,epistle_of_barnabas,Hag,Hag,2,10,old_testament_or_other,Bible:Hag.2.10,Hag. ii. 10
volume_1,ignatius,epistle_of_barnabas,2Cor,2Cor,12,7,new_testament,Bible:2Cor.12.7,2 Cor. xii. 7
volume_1,ignatius,epistle_of_barnabas,Isa,Isa,66,2,old_testament_or_other,Bible:Isa.66.2,Isa. lxvi. 2
volume_1,ignatius,epistle_of_barnabas,Jas,Jas,1,8,new_testament,Bible:Jas.1.8,Jas. i. 8
volume_1,ignatius,epistle_of_barnabas,Eph,Eph,6,9,new_testament,Bible:Eph.6.9,Eph. vi. 9
volume_1,ignatius,epistle_of_barnabas,Rom,Rom,8,29,new_testament,Bible:Rom.8.29-Rom.8.30,"Rom. viii. 29, 30"
volume_1,ignatius,epistle_of_barnabas,Matt,Matt,5,42,new_testament,Bible:Matt.5.42,Matt. v. 42
volume_1,ignatius,epistle_of_barnabas,Luke,Luke,6,30,new_testament,Bible:Luke.6.30,Luke vi. 30
volume_1,ignatius,fragments_of_papias,Isa,Isa,11,6,old_testament_or_other,Bible:Isa.11.6,Isa. xi. 6
volume_1,ignatius,fragments_of_papias,John,John,14,2,new_testament,Bible:John.14.2,John xiv. 2
volume_1,ignatius,fragments_of_papias,Matt,Matt,20,23,new_testament,Bible:Matt.20.23,Matt. xx. 23
volume_1,ignatius,fragments_of_papias,Matt,Matt,22,10,new_testament,Bible:Matt.22.10,Matt. xxii. 10
volume_1,ignatius,fragments_of_papias,1Cor,1Cor,15,25,new_testament,Bible:1Cor.15.25-1Cor.15.26,"1 Cor. xv. 25, 26"
volume_1,ignatius,fragments_of_papias,1Cor,1Cor,15,27,new_testament,Bible:1Cor.15.27-1Cor.15.28,"1 Cor. xv. 27, 28"
volume_1,ignatius,fragments_of_papias,John,John,8,1,new_testament,Bible:John.8.1-John.8.11,John viii. 1–11
volume_1,ignatius,fragments_of_papias,Gen,Gen,1,4,old_testament_or_other,Bible:Gen.1.4,Gen. i. 4
volume_1,justin_martyr,first_apology,1Cor,1Cor,10,20,new_testament,Bible:1Cor.10.20,1 Cor. x. 20
volume_1,justin_martyr,first_apology,Isa,Isa,44,9,old_testament_or_other,Bible:Isa.44.9-Isa.44.20,Isa. xliv. 9–20
volume_1,justin_martyr,first_apology,Jer,Jer,10,3,old_testament_or_other,Bible:Jer.10.3,Jer. x. 3
volume_1,justin_martyr,first_apology,Matt,Matt|Matt,5,28,new_testament,Bible:Matt.5.28-Matt.5.29 Bible:Matt.5.32,"Matt. v. 28, 29, 32"
volume_1,justin_martyr,first_apology,Matt,Matt,19,12,new_testament,Bible:Matt.19.12,Matt. xix. 12
volume_1,justin_martyr,first_apology,Matt,Matt,9,13,new_testament,Bible:Matt.9.13,Matt. ix. 13
volume_1,justin_martyr,first_apology,Matt,Matt|Matt,5,46,new_testament,Bible:Matt.5.46 Bible:Matt.5.44,"Matt. v. 46, 44"
volume_1,justin_martyr,first_apology,Luke,Luke,6,28,new_testament,Bible:Luke.6.28,Luke vi. 28
volume_1,justin_martyr,first_apology,Luke,Luke|Luke,6,30,new_testament,Bible:Luke.6.30 Bible:Luke.6.34,"Luke vi. 30, 34"
volume_1,justin_martyr,first_apology,Matt,Matt,6,19,new_testament,Bible:Matt.6.19,Matt. vi. 19
volume_1,justin_martyr,first_apology,Matt,Matt,16,26,new_testament,Bible:Matt.16.26,Matt. xvi. 26
volume_1,justin_martyr,first_apology,Matt,Matt,6,20,new_testament,Bible:Matt.6.20,Matt. vi. 20
volume_1,justin_martyr,first_apology,Luke,Luke,6,36,new_testament,Bible:Luke.6.36,Luke vi. 36
volume_1,justin_martyr,first_apology,Matt,Matt,5,45,new_testament,Bible:Matt.5.45,Matt. v. 45
volume_1,justin_martyr,first_apology,Matt,Matt|Matt|Matt,6,25,new_testament,Bible:Matt.6.25-Matt.6.26 Bible:Matt.6.33 Bible:Matt.6.21,"Matt. vi. 25, 26, 33, 21"
volume_1,justin_martyr,first_apology,Matt,Matt,6,1,new_testament,Bible:Matt.6.1,Matt. vi. 1
volume_1,justin_martyr,first_apology,Luke,Luke,6,29,new_testament,Bible:Luke.6.29,Luke vi. 29
volume_1,justin_martyr,first_apology,Matt,Matt|Matt|Matt,6,22,new_testament,Bible:Matt.6.22 Bible:Matt.6.41 Bible:Matt.6.16,"Matt. vi. 22, 41, 16"
volume_1,justin_martyr,first_apology,Matt,Matt|Matt,5,34,new_testament,Bible:Matt.5.34 Bible:Matt.5.27,"Matt. v. 34, 27"
volume_1,justin_martyr,first_apology,Mark,Mark,12,30,new_testament,Bible:Mark.12.30,Mark xii. 30
volume_1,justin_martyr,first_apology,Matt,Matt|Matt,19,6,new_testament,Bible:Matt.19.6 Bible:Matt.19.17,"Matt. xix. 6, 17"
volume_1,justin_martyr,first_apology,Matt,Matt,7,21,new_testament,Bible:Matt.7.21,Matt. vii. 21
volume_1,justin_martyr,first_apology,Luke,Luke,13,26,new_testament,Bible:Luke.13.26,Luke xiii. 26
volume_1,justin_martyr,first_apology,Matt,Matt,13,42,new_testament,Bible:Matt.13.42,Matt. xiii. 42
volume_1,justin_martyr,first_apology,Matt,Matt|Matt,7,15,new_testament,Bible:Matt.7.15-Matt.7.16 Bible:Matt.7.19,"Matt. vii. 15, 16, 19"
volume_1,justin_martyr,first_apology,Matt,Matt|Matt|Matt|Matt,22,17,new_testament,Bible:Matt.22.17 Bible:Matt.22.19 Bible:Matt.22.20 Bible:Matt.22.21,"Matt. xxii. 17, 19, 20, 21"
volume_1,justin_martyr,first_apology,Luke,Luke,12,48,new_testament,Bible:Luke.12.48,Luke xii. 48
volume_1,justin_martyr,first_apology,Matt,Matt,19,26,new_testament,Bible:Matt.19.26,Matt. xix. 26
volume_1,justin_martyr,first_apology,Matt,Matt,10,28,new_testament,Bible:Matt.10.28,Matt. x. 28
volume_1,justin_martyr,first_apology,Gen,Gen,49,10,old_testament_or_other,Bible:Gen.49.10,Gen. xlix. 10
volume_1,justin_martyr,first_apology,Isa,Isa,11,1,old_testament_or_other,Bible:Isa.11.1,Isa. xi. 1
volume_1,justin_martyr,first_apology,Isa,Isa,7,14,old_testament_or_other,Bible:Isa.7.14,Isa. vii. 14
volume_1,justin_martyr,first_apology,Luke,Luke,1,32,new_testament,Bible:Luke.1.32,Luke i. 32
volume_1,justin_martyr,first_apology,Matt,Matt,1,21,new_testament,Bible:Matt.1.21,Matt. i. 21
volume_1,justin_martyr,first_apology,Mic,Mic,5,2,old_testament_or_other,Bible:Mic.5.2,Mic. v. 2
volume_1,justin_martyr,first_apology,Isa,Isa,9,6,old_testament_or_other,Bible:Isa.9.6,Isa. ix. 6
volume_1,justin_martyr,first_apology,Isa,Isa,65,2,old_testament_or_other,Bible:Isa.65.2,Isa. lxv. 2
volume_1,justin_martyr,first_apology,Isa,Isa,58,2,old_testament_or_other,Bible:Isa.58.2,Isa. lviii. 2
volume_1,justin_martyr,first_apology,Ps,Ps,22,16,old_testament_or_other,Bible:Ps.22.16,Ps. xxii. 16
volume_1,justin_martyr,first_apology,Zech,Zech,9,9,old_testament_or_other,Bible:Zech.9.9,Zech. ix. 9
volume_1,justin_martyr,first_apology,Isa,Isa,1,3,old_testament_or_other,Bible:Isa.1.3,Isa. i. 3
volume_1,justin_martyr,first_apology,Isa,Isa,66,1,old_testament_or_other,Bible:Isa.66.1,Isa. lxvi. 1
volume_1,justin_martyr,first_apology,Isa,Isa,1,14,old_testament_or_other,Bible:Isa.1.14,Isa. i. 14
volume_1,justin_martyr,first_apology,Isa,Isa,58,6,old_testament_or_other,Bible:Isa.58.6,Isa. lviii. 6
volume_1,justin_martyr,first_apology,Isa,Isa,50,6,old_testament_or_other,Bible:Isa.50.6,Isa. l. 6
volume_1,justin_martyr,first_apology,Ps,Ps,22,18,old_testament_or_other,Bible:Ps.22.18,Ps. xxii. 18
volume_1,justin_martyr,first_apology,Ps,Ps,3,5,old_testament_or_other,Bible:Ps.3.5,Ps. iii. 5
volume_1,justin_martyr,first_apology,Ps,Ps,22,7,old_testament_or_other,Bible:Ps.22.7,Ps. xxii. 7
volume_1,justin_martyr,first_apology,Matt,Matt,27,39,new_testament,Bible:Matt.27.39,Matt. xxvii. 39
volume_1,justin_martyr,first_apology,Isa,Isa,2,3,old_testament_or_other,Bible:Isa.2.3,Isa. ii. 3
volume_1,justin_martyr,first_apology,Ps,Ps,19,2,old_testament_or_other,Bible:Ps.19.2,Ps. xix. 2
volume_1,justin_martyr,first_apology,Ps,Ps,1,,old_testament_or_other,Bible:Ps.1,Ps. i.
volume_1,justin_martyr,first_apology,Ps,Ps,2,,old_testament_or_other,Bible:Ps.2,Ps. ii.
volume_1,justin_martyr,first_apology,Ps,Ps,96,1,old_testament_or_other,Bible:Ps.96.1,Ps. xcvi. 1
volume_1,justin_martyr,first_apology,Deut,Deut|Deut,30,15,old_testament_or_other,Bible:Deut.30.15 Bible:Deut.30.19,"Deut. xxx. 15, 19"
volume_1,justin_martyr,first_apology,Isa,Isa,1,16,old_testament_or_other,Bible:Isa.1.16,Isa. i. 16
volume_1,justin_martyr,first_apology,2Thess,2Thess,2,6,new_testament,Bible:2Thess.2.6-2Thess.2.7,"2 Thess. ii. 6, 7"
volume_1,justin_martyr,first_apology,Ps,Ps,110,1,old_testament_or_other,Bible:Ps.110.1,Ps. cx. 1
volume_1,justin_martyr,first_apology,Matt,Matt,25,32,new_testament,Bible:Matt.25.32,Matt. xxv. 32
volume_1,justin_martyr,first_apology,Isa,Isa,64,10,old_testament_or_other,Bible:Isa.64.10-Isa.64.12,Isa. lxiv. 10–12
volume_1,justin_martyr,first_apology,Isa,Isa,1,7,old_testament_or_other,Bible:Isa.1.7,Isa. i. 7
volume_1,justin_martyr,first_apology,Isa,Isa,35,6,old_testament_or_other,Bible:Isa.35.6,Isa. xxxv. 6
volume_1,justin_martyr,first_apology,Isa,Isa,57,1,old_testament_or_other,Bible:Isa.57.1,Isa. lvii. 1
volume_1,justin_martyr,first_apology,Isa,Isa,65,1,old_testament_or_other,Bible:Isa.65.1-Isa.65.3,Isa. lxv. 1–3
volume_1,justin_martyr,first_apology,Isa,Isa,5,20,old_testament_or_other,Bible:Isa.5.20,Isa. v. 20
volume_1,justin_martyr,first_apology,Isa,Isa,52,13,old_testament_or_other,Bible:Isa.52.13-Isa.52.15,Isa. lii. 13–15
volume_1,justin_martyr,first_apology,Isa,Isa,53,1,old_testament_or_other,Bible:Isa.53.1-Isa.53.8,Isa. liii. 1–8
volume_1,justin_martyr,first_apology,Isa,Isa,53,8,old_testament_or_other,Bible:Isa.53.8-Isa.53.12,Isa. liii. 8–12
volume_1,justin_martyr,first_apology,Ps,Ps,24,7,old_testament_or_other,Bible:Ps.24.7,Ps. xxiv. 7
volume_1,justin_martyr,first_apology,Dan,Dan,7,13,old_testament_or_other,Bible:Dan.7.13,Dan. vii. 13
volume_1,justin_martyr,first_apology,Ezek,Ezek,37,7,old_testament_or_other,Bible:Ezek.37.7-Ezek.37.8,"Ezek. xxxvii. 7, 8"
volume_1,justin_martyr,first_apology,Isa,Isa,45,24,old_testament_or_other,Bible:Isa.45.24,Isa. xlv. 24
volume_1,justin_martyr,first_apology,Isa,Isa,66,24,old_testament_or_other,Bible:Isa.66.24,Isa. lxvi. 24
volume_1,justin_martyr,first_apology,Zech,Zech,12,3,old_testament_or_other,Bible:Zech.12.3-Zech.12.14,Zech. xii. 3–14
volume_1,justin_martyr,first_apology,Isa,Isa,63,17,old_testament_or_other,Bible:Isa.63.17,Isa. lxiii. 17
volume_1,justin_martyr,first_apology,Isa,Isa,64,11,old_testament_or_other,Bible:Isa.64.11,Isa. lxiv. 11
volume_1,justin_martyr,first_apology,Isa,Isa,54,1,old_testament_or_other,Bible:Isa.54.1,Isa. liv. 1
volume_1,justin_martyr,first_apology,Isa,Isa,1,9,old_testament_or_other,Bible:Isa.1.9,Isa. i. 9
volume_1,justin_martyr,first_apology,Jer,Jer,9,26,old_testament_or_other,Bible:Jer.9.26,Jer. ix. 26
volume_1,justin_martyr,first_apology,Ps,Ps,19,5,old_testament_or_other,Bible:Ps.19.5,Ps. xix. 5
volume_1,justin_martyr,first_apology,Lam,Lam,4,20,old_testament_or_other,Bible:Lam.4.20,Lam. iv. 20
volume_1,justin_martyr,first_apology,Deut,Deut,32,22,old_testament_or_other,Bible:Deut.32.22,Deut. xxxii. 22
volume_1,justin_martyr,first_apology,Num,Num,21,8,old_testament_or_other,Bible:Num.21.8,Num. xxi. 8
volume_1,justin_martyr,first_apology,John,John,3,5,new_testament,Bible:John.3.5,John iii. 5
volume_1,justin_martyr,first_apology,Isa,Isa,1,16,old_testament_or_other,Bible:Isa.1.16-Isa.1.20,Isa. i. 16–20
volume_1,justin_martyr,first_apology,Matt,Matt,11,27,new_testament,Bible:Matt.11.27,Matt. xi. 27
volume_1,justin_martyr,first_apology,Luke,Luke,10,16,new_testament,Bible:Luke.10.16,Luke x. 16
volume_1,justin_martyr,first_apology,Exod,Exod,3,6,old_testament_or_other,Bible:Exod.3.6,Ex. iii. 6
volume_1,justin_martyr,first_apology,Matt,Matt,26,27,new_testament,Bible:Matt.26.27,Matt. xxvi. 27
volume_1,justin_martyr,first_apology,Luke,Luke,22,19,new_testament,Bible:Luke.22.19,Luke xxii. 19
volume_1,justin_martyr,first_apology,Acts,Acts,14,12,new_testament,Bible:Acts.14.12,Acts xiv. 12
volume_1,justin_martyr,first_apology,Acts,Acts,8,10,new_testament,Bible:Acts.8.10,Acts viii. 10
volume_1,justin_martyr,second_apology,Jas,Jas,1,21,new_testament,Bible:Jas.1.21,Jas. i. 21
volume_1,justin_martyr,dialog_with_trypho,Phil,Phil,3,5,new_testament,Bible:Phil.3.5,Phil. iii. 5
volume_1,justin_martyr,dialog_with_trypho,Isa,Isa,51,4,old_testament_or_other,Bible:Isa.51.4-Isa.51.5,"Isa. li. 4, 5"
volume_1,justin_martyr,dialog_with_trypho,Jer,Jer,31,31,old_testament_or_other,Bible:Jer.31.31-Jer.31.32,"Jer. xxxi. 31, 32"
volume_1,justin_martyr,dialog_with_trypho,Isa,Isa,55,3,old_testament_or_other,Bible:Isa.55.3,Isa. lv. 3
volume_1,justin_martyr,dialog_with_trypho,John,John,12,40,new_testament,Bible:John.12.40,John xii. 40
volume_1,justin_martyr,dialog_with_trypho,Isa,Isa,6,10,old_testament_or_other,Bible:Isa.6.10,Isa. vi. 10
volume_1,justin_martyr,dialog_with_trypho,Jer,Jer|Jer,7,24,old_testament_or_other,Bible:Jer.7.24 Bible:Jer.7.26,"Jer. vii. 24, 26"
volume_1,justin_martyr,dialog_with_trypho,Jer,Jer,11,8,old_testament_or_other,Bible:Jer.11.8,Jer. xi. 8
volume_1,justin_martyr,dialog_with_trypho,Jer,Jer,17,23,old_testament_or_other,Bible:Jer.17.23,Jer. xvii. 23
volume_1,justin_martyr,dialog_with_trypho,1Cor,1Cor,10,4,new_testament,Bible:1Cor.10.4,1 Cor. x. 4
volume_1,justin_martyr,dialog_with_trypho,Isa,Isa,52,10,old_testament_or_other,Bible:Isa.52.10,Isa. lii. 10
volume_1,justin_martyr,dialog_with_trypho,Isa,Isa,58,1,old_testament_or_other,Bible:Isa.58.1-Isa.58.12,Isa. lviii. 1–12
volume_1,justin_martyr,dialog_with_trypho,Deut,Deut,10,16,old_testament_or_other,Bible:Deut.10.16,Deut. x. 16
volume_1,justin_martyr,dialog_with_trypho,Lev,Lev,26,40,old_testament_or_other,Bible:Lev.26.40-Lev.26.41,"Lev. xxvi. 40, 41"
volume_1,justin_martyr,dialog_with_trypho,Isa,Isa,57,1,old_testament_or_other,Bible:Isa.57.1-Isa.57.4,Isa. lvii. 1–4
volume_1,justin_martyr,dialog_with_trypho,Isa,Isa,52,5,old_testament_or_other,Bible:Isa.52.5,Isa. lii. 5
volume_1,justin_martyr,dialog_with_trypho,Isa,Isa,3,9,old_testament_or_other,Bible:Isa.3.9,Isa. iii. 9
volume_1,justin_martyr,dialog_with_trypho,Isa,Isa|Isa,5,18,old_testament_or_other,Bible:Isa.5.18 Bible:Isa.5.20,"Isa. v. 18, 20"
volume_1,justin_martyr,dialog_with_trypho,Matt,Matt,21,13,new_testament,Bible:Matt.21.13,Matt. xxi. 13
volume_1,justin_martyr,dialog_with_trypho,Matt,Matt,23,,new_testament,Bible:Matt.23,Matt. xxiii.
volume_1,justin_martyr,dialog_with_trypho,Luke,Luke,11,,new_testament,Bible:Luke.11,Luke xi.
volume_1,justin_martyr,dialog_with_trypho,Hos,Hos,1,,old_testament_or_other,Bible:Hos.1,Hos. i.
volume_1,justin_martyr,dialog_with_trypho,Hos,Hos,2,,old_testament_or_other,Bible:Hos.2,Hos. ii.
volume_1,justin_martyr,dialog_with_trypho,Gen,Gen,2,3,old_testament_or_other,Bible:Gen.2.3,Gen. ii. 3
volume_1,justin_martyr,dialog_with_trypho,Gen,Gen|Gen,8,10,old_testament_or_other,Bible:Gen.8.10 Bible:Gen.8.12,"Gen. viii. 10, 12"
volume_1,justin_martyr,dialog_with_trypho,Ezek,Ezek,20,12,old_testament_or_other,Bible:Ezek.20.12,Ezek. xx. 12
volume_1,justin_martyr,dialog_with_trypho,Exod,Exod,32,6,old_testament_or_other,Bible:Exod.32.6,Ex. xxxii. 6
volume_1,justin_martyr,dialog_with_trypho,Deut,Deut,32,15,old_testament_or_other,Bible:Deut.32.15,Deut. xxxii. 15
volume_1,justin_martyr,dialog_with_trypho,Deut,Deut|Deut,32,6,old_testament_or_other,Bible:Deut.32.6 Bible:Deut.32.20,"Deut. xxxii. 6, 20"
volume_1,justin_martyr,dialog_with_trypho,Ezek,Ezek,20,19,old_testament_or_other,Bible:Ezek.20.19-Ezek.20.26,Ezek. xx. 19–26
volume_1,justin_martyr,dialog_with_trypho,Amos,Amos,5,18,old_testament_or_other,Bible:Amos.5.18,Amos v. 18
volume_1,justin_martyr,dialog_with_trypho,Amos,Amos,6,1,old_testament_or_other,Bible:Amos.6.1-Amos.6.7,Amos vi. 1–7
volume_1,justin_martyr,dialog_with_trypho,Jer,Jer,7,21,old_testament_or_other,Bible:Jer.7.21,Jer. vii. 21
volume_1,justin_martyr,dialog_with_trypho,Ps,Ps,50,,old_testament_or_other,Bible:Ps.50,Ps. l.
volume_1,justin_martyr,dialog_with_trypho,Isa,Isa,66,1,old_testament_or_other,Bible:Isa.66.1,Isa. lxvi. 1
volume_1,justin_martyr,dialog_with_trypho,Josh,Josh,5,2,old_testament_or_other,Bible:Josh.5.2,Josh. v. 2
volume_1,justin_martyr,dialog_with_trypho,Isa,Isa,26,2,old_testament_or_other,Bible:Isa.26.2-Isa.26.3,"Isa. xxvi. 2, 3"
volume_1,justin_martyr,dialog_with_trypho,Isa,Isa,65,1,old_testament_or_other,Bible:Isa.65.1-Isa.65.3,Isa. lxv. 1–3
volume_1,justin_martyr,dialog_with_trypho,Isa,Isa,63,15,old_testament_or_other,Bible:Isa.63.15,Isa. lxiii. 15
volume_1,justin_martyr,dialog_with_trypho,Isa,Isa,64,,old_testament_or_other,Bible:Isa.64,Isa. lxiv.
volume_1,justin_martyr,dialog_with_trypho,Isa,Isa,42,6,old_testament_or_other,Bible:Isa.42.6-Isa.42.7,"Isa. xlii. 6, 7"
volume_1,justin_martyr,dialog_with_trypho,Isa,Isa,62,10,old_testament_or_other,Bible:Isa.62.10,Isa. lxii. 10
volume_1,justin_martyr,dialog_with_trypho,Isa,Isa,63,1,old_testament_or_other,Bible:Isa.63.1-Isa.63.6,Isa. lxiii. 1–6
volume_1,justin_martyr,dialog_with_trypho,Isa,Isa,58,13,old_testament_or_other,Bible:Isa.58.13-Isa.58.14,"Isa. lviii. 13, 14"
volume_1,justin_martyr,dialog_with_trypho,Isa,Isa,3,16,old_testament_or_other,Bible:Isa.3.16,Isa. iii. 16
volume_1,justin_martyr,dialog_with_trypho,Rom,Rom,3,10,new_testament,Bible:Rom.3.10,Rom. iii. 10
volume_1,justin_martyr,dialog_with_trypho,Jer,Jer,4,3,old_testament_or_other,Bible:Jer.4.3,Jer. iv. 3
volume_1,justin_martyr,dialog_with_trypho,Jer,Jer,9,25,old_testament_or_other,Bible:Jer.9.25,Jer. ix. 25
volume_1,justin_martyr,dialog_with_trypho,Mal,Mal,1,10,old_testament_or_other,Bible:Mal.1.10,Mal. i. 10
volume_1,justin_martyr,dialog_with_trypho,Ps,Ps,18,43,old_testament_or_other,Bible:Ps.18.43,Ps. xviii. 43
volume_1,justin_martyr,dialog_with_trypho,Ps,Ps,19,,old_testament_or_other,Bible:Ps.19,Ps. xix.
volume_1,justin_martyr,dialog_with_trypho,Dan,Dan,7,9,old_testament_or_other,Bible:Dan.7.9-Dan.7.28,Dan. vii. 9–28
volume_1,justin_martyr,dialog_with_trypho,Isa,Isa,29,14,old_testament_or_other,Bible:Isa.29.14,Isa. xxix. 14
volume_1,justin_martyr,dialog_with_trypho,Ps,Ps,110,,old_testament_or_other,Bible:Ps.110,Ps. cx.
volume_1,justin_martyr,dialog_with_trypho,Ps,Ps,72,,old_testament_or_other,Bible:Ps.72,Ps. lxxii.
volume_1,justin_martyr,dialog_with_trypho,Matt,Matt,7,15,new_testament,Bible:Matt.7.15,Matt. vii. 15
volume_1,justin_martyr,dialog_with_trypho,1Cor,1Cor,11,19,new_testament,Bible:1Cor.11.19,1 Cor. xi. 19
volume_1,justin_martyr,dialog_with_trypho,Matt,Matt,24,11,new_testament,Bible:Matt.24.11,Matt. xxiv. 11
volume_1,justin_martyr,dialog_with_trypho,Ps,Ps,24,,old_testament_or_other,Bible:Ps.24,Ps. xxiv.
volume_1,justin_martyr,dialog_with_trypho,Ps,Ps,47,5,old_testament_or_other,Bible:Ps.47.5-Ps.47.9,Ps. xlvii. 5–9
volume_1,justin_martyr,dialog_with_trypho,Ps,Ps,99,,old_testament_or_other,Bible:Ps.99,Ps. xcix.
volume_1,justin_martyr,dialog_with_trypho,Ps,Ps,45,,old_testament_or_other,Bible:Ps.45,Ps. xlv.
volume_1,justin_martyr,dialog_with_trypho,1Kgs,1Kgs|1Kgs,19,14,old_testament_or_other,Bible:1Kgs.19.14 Bible:1Kgs.19.18,"1 Kings xix. 14, 18"
volume_1,justin_martyr,dialog_with_trypho,Ps,Ps,68,19,old_testament_or_other,Bible:Ps.68.19,Ps. lxviii. 19
volume_1,justin_martyr,dialog_with_trypho,Isa,Isa,5,21,old_testament_or_other,Bible:Isa.5.21,Isa. v. 21
volume_1,justin_martyr,dialog_with_trypho,Mal,Mal,1,10,old_testament_or_other,Bible:Mal.1.10-Mal.1.12,Mal. i. 10–12
volume_1,justin_martyr,dialog_with_trypho,Exod,Exod,28,33,old_testament_or_other,Bible:Exod.28.33,Ex. xxviii. 33
volume_1,justin_martyr,dialog_with_trypho,Ps,Ps,19,4,old_testament_or_other,Bible:Ps.19.4,Ps. xix. 4
volume_1,justin_martyr,dialog_with_trypho,Isa,Isa,53,1,old_testament_or_other,Bible:Isa.53.1-Isa.53.2,"Isa. liii. 1, 2"
volume_1,justin_martyr,dialog_with_trypho,Isa,Isa,53,8,old_testament_or_other,Bible:Isa.53.8,Isa. liii. 8
volume_1,justin_martyr,dialog_with_trypho,Isa,Isa,7,10,old_testament_or_other,Bible:Isa.7.10-Isa.7.17,Isa. vii. 10–17
volume_1,justin_martyr,dialog_with_trypho,Isa,Isa,8,4,old_testament_or_other,Bible:Isa.8.4,Isa. viii. 4
volume_1,justin_martyr,dialog_with_trypho,Ezek,Ezek,14,20,old_testament_or_other,Bible:Ezek.14.20,Ezek. xiv. 20
volume_1,justin_martyr,dialog_with_trypho,Isa,Isa,66,24,old_testament_or_other,Bible:Isa.66.24,Isa. lxvi. 24
volume_1,justin_martyr,dialog_with_trypho,Num,Num,15,38,old_testament_or_other,Bible:Num.15.38,Num. xv. 38
volume_1,justin_martyr,dialog_with_trypho,Deut,Deut,6,6,old_testament_or_other,Bible:Deut.6.6,Deut. vi. 6
volume_1,justin_martyr,dialog_with_trypho,Ezek,Ezek,33,11,old_testament_or_other,Bible:Ezek.33.11-Ezek.33.20,Ezek. xxxiii. 11–20
volume_1,justin_martyr,dialog_with_trypho,John,John,12,47,new_testament,Bible:John.12.47-John.12.48,"John xii. 47, 48"
volume_1,justin_martyr,dialog_with_trypho,Isa,Isa,29,13,old_testament_or_other,Bible:Isa.29.13,Isa. xxix. 13
volume_1,justin_martyr,dialog_with_trypho,Mal,Mal,4,5,old_testament_or_other,Bible:Mal.4.5,Mal. iv. 5
volume_1,justin_martyr,dialog_with_trypho,Matt,Matt,3,11,new_testament,Bible:Matt.3.11-Matt.3.12,"Matt. iii. 11, 12"
volume_1,justin_martyr,dialog_with_trypho,Matt,Matt,17,12,new_testament,Bible:Matt.17.12,Matt. xvii. 12
volume_1,justin_martyr,dialog_with_trypho,Num,Num,11,17,old_testament_or_other,Bible:Num.11.17,Num. xi. 17
volume_1,justin_martyr,dialog_with_trypho,Num,Num,27,18,old_testament_or_other,Bible:Num.27.18,Num. xxvii. 18
volume_1,justin_martyr,dialog_with_trypho,Deut,Deut,34,9,old_testament_or_other,Bible:Deut.34.9,Deut. xxxiv. 9
volume_1,justin_martyr,dialog_with_trypho,Isa,Isa,39,8,old_testament_or_other,Bible:Isa.39.8,Isa. xxxix. 8
volume_1,justin_martyr,dialog_with_trypho,Isa,Isa,40,1,old_testament_or_other,Bible:Isa.40.1-Isa.40.17,Isa. xl. 1–17
volume_1,justin_martyr,dialog_with_trypho,Matt,Matt,11,12,new_testament,Bible:Matt.11.12-Matt.11.15,Matt. xi. 12–15
volume_1,justin_martyr,dialog_with_trypho,Gen,Gen|Gen|Gen|Gen|Gen|Gen|Gen,49,5,old_testament_or_other,Bible:Gen.49.5 Bible:Gen.49.8 Bible:Gen.49.9 Bible:Gen.49.10 Bible:Gen.49.11 Bible:Gen.49.18 Bible:Gen.49.24,"Gen. xlix. 5, 8, 9, 10, 11, 18, 24"
volume_1,justin_martyr,dialog_with_trypho,Gen,Gen,49,8,old_testament_or_other,Bible:Gen.49.8-Gen.49.12,Gen. xlix. 8–12
volume_1,justin_martyr,dialog_with_trypho,Zech,Zech,9,9,old_testament_or_other,Bible:Zech.9.9,Zech. ix. 9
volume_1,justin_martyr,dialog_with_trypho,Zech,Zech,13,7,old_testament_or_other,Bible:Zech.13.7,Zech. xiii. 7
volume_1,justin_martyr,dialog_with_trypho,Deut,Deut,4,19,old_testament_or_other,Bible:Deut.4.19,Deut. iv. 19
volume_1,justin_martyr,dialog_with_trypho,John,John,10,33,new_testament,Bible:John.10.33-John.10.36,John x. 33–36
volume_1,justin_martyr,dialog_with_trypho,Ps,Ps,96,5,old_testament_or_other,Bible:Ps.96.5,Ps. xcvi. 5
volume_1,justin_martyr,dialog_with_trypho,Gen,Gen,18,1,old_testament_or_other,Bible:Gen.18.1-Gen.18.2,"Gen. xviii. 1, 2"
volume_1,justin_martyr,dialog_with_trypho,Gen,Gen,19,27,old_testament_or_other,Bible:Gen.19.27-Gen.19.28,"Gen. xix. 27, 28"
volume_1,justin_martyr,dialog_with_trypho,Gen,Gen,18,10,old_testament_or_other,Bible:Gen.18.10,Gen. xviii. 10
volume_1,justin_martyr,dialog_with_trypho,Gen,Gen,21,9,old_testament_or_other,Bible:Gen.21.9-Gen.21.12,Gen. xxi. 9–12
volume_1,justin_martyr,dialog_with_trypho,Gen,Gen,19,23,old_testament_or_other,Bible:Gen.19.23,Gen. xix. 23
volume_1,justin_martyr,dialog_with_trypho,Ps,Ps,110,1,old_testament_or_other,Bible:Ps.110.1,Ps. cx. 1
volume_1,justin_martyr,dialog_with_trypho,Ps,Ps,45,6,old_testament_or_other,Bible:Ps.45.6-Ps.45.7,"Ps. xlv. 6, 7"
volume_1,justin_martyr,dialog_with_trypho,Acts,Acts,17,11,new_testament,Bible:Acts.17.11,Acts xvii. 11
volume_1,justin_martyr,dialog_with_trypho,Gen,Gen,18,13,old_testament_or_other,Bible:Gen.18.13-Gen.18.14,"Gen. xviii. 13, 14"
volume_1,justin_martyr,dialog_with_trypho,Gen,Gen,18,16,old_testament_or_other,Bible:Gen.18.16-Gen.18.17,"Gen. xviii. 16, 17"
volume_1,justin_martyr,dialog_with_trypho,Gen,Gen,18,20,old_testament_or_other,Bible:Gen.18.20-Gen.18.23,Gen. xviii. 20–23
volume_1,justin_martyr,dialog_with_trypho,Gen,Gen,18,33,old_testament_or_other,Bible:Gen.18.33,Gen. xviii. 33
volume_1,justin_martyr,dialog_with_trypho,Gen,Gen,19,1,old_testament_or_other,Bible:Gen.19.1,Gen. xix. 1
volume_1,justin_martyr,dialog_with_trypho,Gen,Gen,19,10,old_testament_or_other,Bible:Gen.19.10,Gen. xix. 10
volume_1,justin_martyr,dialog_with_trypho,Gen,Gen,19,16,old_testament_or_other,Bible:Gen.19.16-Gen.19.25,Gen. xix. 16–25
volume_1,justin_martyr,dialog_with_trypho,Gen,Gen,31,10,old_testament_or_other,Bible:Gen.31.10-Gen.31.13,Gen. xxxi. 10–13
volume_1,justin_martyr,dialog_with_trypho,Gen,Gen,32,22,old_testament_or_other,Bible:Gen.32.22-Gen.32.30,Gen. xxxii. 22–30
volume_1,justin_martyr,dialog_with_trypho,Gen,Gen,35,6,old_testament_or_other,Bible:Gen.35.6-Gen.35.10,Gen. xxxv. 6–10
volume_1,justin_martyr,dialog_with_trypho,Gen,Gen,28,10,old_testament_or_other,Bible:Gen.28.10-Gen.28.19,Gen. xxviii. 10–19
volume_1,justin_martyr,dialog_with_trypho,Gen,Gen,22,,old_testament_or_other,Bible:Gen.22,Gen. xxii.
volume_1,justin_martyr,dialog_with_trypho,Exod,Exod,2,23,old_testament_or_other,Bible:Exod.2.23,Ex. ii. 23
volume_1,justin_martyr,dialog_with_trypho,Exod,Exod,3,16,old_testament_or_other,Bible:Exod.3.16,Ex. iii. 16
volume_1,justin_martyr,dialog_with_trypho,Exod,Exod,3,2,old_testament_or_other,Bible:Exod.3.2-Exod.3.4,Ex. iii. 2–4
volume_1,justin_martyr,dialog_with_trypho,Gen,Gen,35,7,old_testament_or_other,Bible:Gen.35.7,Gen. xxxv. 7
volume_1,justin_martyr,dialog_with_trypho,Josh,Josh,1,13,old_testament_or_other,Bible:Josh.1.13-Josh.1.15,Josh. i. 13–15
volume_1,justin_martyr,dialog_with_trypho,Heb,Heb,4,8,new_testament,Bible:Heb.4.8,Heb. iv. 8
volume_1,justin_martyr,dialog_with_trypho,Prov,Prov,8,21,old_testament_or_other,Bible:Prov.8.21,Prov. viii. 21
volume_1,justin_martyr,dialog_with_trypho,Rev,Rev,1,23,new_testament,Bible:Rev.1.23,Ap. i. 23
volume_1,justin_martyr,dialog_with_trypho,Gen,Gen|Gen,1,26,old_testament_or_other,Bible:Gen.1.26 Bible:Gen.1.28,"Gen. i. 26, 28"
volume_1,justin_martyr,dialog_with_trypho,Gen,Gen,3,22,old_testament_or_other,Bible:Gen.3.22,Gen. iii. 22
volume_1,justin_martyr,dialog_with_trypho,Josh,Josh,5,13,old_testament_or_other,Bible:Josh.5.13,Josh. v. 13
volume_1,justin_martyr,dialog_with_trypho,Josh,Josh,6,1,old_testament_or_other,Bible:Josh.6.1-Josh.6.2,"Josh.vi. 1, 2"
volume_1,justin_martyr,dialog_with_trypho,Ps,Ps,110,3,old_testament_or_other,Bible:Ps.110.3,Ps. cx. 3
volume_1,justin_martyr,dialog_with_trypho,Ps,Ps,110,4,old_testament_or_other,Bible:Ps.110.4,Ps. cx. 4
volume_1,justin_martyr,dialog_with_trypho,Ps,Ps,45,6,old_testament_or_other,Bible:Ps.45.6-Ps.45.11,Ps. xlv. 6–11
volume_1,justin_martyr,dialog_with_trypho,Ps,Ps,99,1,old_testament_or_other,Bible:Ps.99.1-Ps.99.7,Ps. xcix. 1–7
volume_1,justin_martyr,dialog_with_trypho,Ps,Ps,72,1,old_testament_or_other,Bible:Ps.72.1,Ps. lxxii. 1
volume_1,justin_martyr,dialog_with_trypho,Ps,Ps,19,1,old_testament_or_other,Bible:Ps.19.1-Ps.19.6,Ps. xix. 1–6
volume_1,justin_martyr,dialog_with_trypho,Isa,Isa,42,8,old_testament_or_other,Bible:Isa.42.8,Isa. xlii. 8
volume_1,justin_martyr,dialog_with_trypho,Isa,Isa,42,5,old_testament_or_other,Bible:Isa.42.5-Isa.42.13,Isa. xlii. 5–13
volume_1,justin_martyr,dialog_with_trypho,Ps,Ps,19,5,old_testament_or_other,Bible:Ps.19.5,Ps. xix. 5
volume_1,justin_martyr,dialog_with_trypho,Isa,Isa,35,1,old_testament_or_other,Bible:Isa.35.1-Isa.35.7,Isa. xxxv. 1–7
volume_1,justin_martyr,dialog_with_trypho,Isa,Isa,33,13,old_testament_or_other,Bible:Isa.33.13-Isa.33.19,Isa. xxxiii. 13–19
volume_1,justin_martyr,dialog_with_trypho,Jer,Jer,11,19,old_testament_or_other,Bible:Jer.11.19,Jer. xi. 19
volume_1,justin_martyr,dialog_with_trypho,Ps,Ps,96,,old_testament_or_other,Bible:Ps.96,Ps. xcvi.
volume_1,justin_martyr,dialog_with_trypho,Deut,Deut,31,16,old_testament_or_other,Bible:Deut.31.16-Deut.31.18,Deut. xxxi. 16–18
volume_1,justin_martyr,dialog_with_trypho,Exod,Exod,23,20,old_testament_or_other,Bible:Exod.23.20-Exod.23.21,"Ex. xxiii. 20, 21"
volume_1,justin_martyr,dialog_with_trypho,Num,Num,13,16,old_testament_or_other,Bible:Num.13.16,Num. xiii. 16
volume_1,justin_martyr,dialog_with_trypho,Isa,Isa,6,8,old_testament_or_other,Bible:Isa.6.8,Isa. vi. 8
volume_1,justin_martyr,dialog_with_trypho,Isa,Isa,9,6,old_testament_or_other,Bible:Isa.9.6,Isa. ix. 6
volume_1,justin_martyr,dialog_with_trypho,Matt,Matt,8,11,new_testament,Bible:Matt.8.11,Matt. viii. 11
volume_1,justin_martyr,dialog_with_trypho,Matt,Matt,7,22,new_testament,Bible:Matt.7.22,Matt. vii. 22
volume_1,justin_martyr,dialog_with_trypho,Matt,Matt,25,41,new_testament,Bible:Matt.25.41,Matt. xxv. 41
volume_1,justin_martyr,dialog_with_trypho,Luke,Luke,10,19,new_testament,Bible:Luke.10.19,Luke x. 19
volume_1,justin_martyr,dialog_with_trypho,Luke,Luke,9,22,new_testament,Bible:Luke.9.22,Luke ix. 22
volume_1,justin_martyr,dialog_with_trypho,Prov,Prov,8,27,old_testament_or_other,Bible:Prov.8.27,Prov. viii. 27
volume_1,justin_martyr,dialog_with_trypho,Ezek,Ezek,16,3,old_testament_or_other,Bible:Ezek.16.3,Ezek. xvi. 3
volume_1,justin_martyr,dialog_with_trypho,Mic,Mic,5,2,old_testament_or_other,Bible:Mic.5.2,Mic. v. 2
volume_1,justin_martyr,dialog_with_trypho,Jer,Jer,31,15,old_testament_or_other,Bible:Jer.31.15,Jer. xxxi. 15
volume_1,justin_martyr,dialog_with_trypho,Isa,Isa,29,13,old_testament_or_other,Bible:Isa.29.13-Isa.29.14,"Isa. xxix. 13, 14"
volume_1,justin_martyr,dialog_with_trypho,Isa,Isa,30,1,old_testament_or_other,Bible:Isa.30.1-Isa.30.5,Isa. xxx. 1–5
volume_1,justin_martyr,dialog_with_trypho,Zech,Zech,3,1,old_testament_or_other,Bible:Zech.3.1,Zech. iii. 1
volume_1,justin_martyr,dialog_with_trypho,Job,Job,1,6,old_testament_or_other,Bible:Job.1.6,Job i. 6
volume_1,justin_martyr,dialog_with_trypho,Isa,Isa,65,17,old_testament_or_other,Bible:Isa.65.17,Isa. lxv. 17
volume_1,justin_martyr,dialog_with_trypho,Ps,Ps,90,4,old_testament_or_other,Bible:Ps.90.4,Ps. xc. 4
volume_1,justin_martyr,dialog_with_trypho,2Pet,2Pet,3,8,new_testament,Bible:2Pet.3.8,2 Pet. iii. 8
volume_1,justin_martyr,dialog_with_trypho,Rev,Rev,20,4,new_testament,Bible:Rev.20.4-Rev.20.5,Rev. xx. 4–5
volume_1,justin_martyr,dialog_with_trypho,Luke,Luke,20,35,new_testament,Bible:Luke.20.35,Luke xx. 35
volume_1,justin_martyr,dialog_with_trypho,Ezek,Ezek,3,17,old_testament_or_other,Bible:Ezek.3.17-Ezek.3.19,"Ezek. iii. 17, 18, 19"
volume_1,justin_martyr,dialog_with_trypho,Isa,Isa,1,23,old_testament_or_other,Bible:Isa.1.23,Isa. i. 23
volume_1,justin_martyr,dialog_with_trypho,Ps,Ps,24,7,old_testament_or_other,Bible:Ps.24.7,Ps. xxiv. 7
volume_1,justin_martyr,dialog_with_trypho,Ps,Ps,148,1,old_testament_or_other,Bible:Ps.148.1-Ps.148.2,"Ps. cxlviii. 1, 2"
volume_1,justin_martyr,dialog_with_trypho,Isa,Isa,66,5,old_testament_or_other,Bible:Isa.66.5-Isa.66.11,Isa. lxvi. 5–11
volume_1,justin_martyr,dialog_with_trypho,Gen,Gen,49,24,old_testament_or_other,Bible:Gen.49.24,Gen. xlix. 24
volume_1,justin_martyr,dialog_with_trypho,Ps,Ps,45,7,old_testament_or_other,Bible:Ps.45.7,Ps. xlv. 7
volume_1,justin_martyr,dialog_with_trypho,Ps,Ps,1,3,old_testament_or_other,Bible:Ps.1.3,Ps. i. 3
volume_1,justin_martyr,dialog_with_trypho,Exod,Exod,15,27,old_testament_or_other,Bible:Exod.15.27,Ex. xv. 27
volume_1,justin_martyr,dialog_with_trypho,Isa,Isa,11,1,old_testament_or_other,Bible:Isa.11.1,Isa. xi. 1
volume_1,justin_martyr,dialog_with_trypho,Ps,Ps,68,18,old_testament_or_other,Bible:Ps.68.18,Ps. lxviii. 18
volume_1,justin_martyr,dialog_with_trypho,Joel,Joel,2,28,old_testament_or_other,Bible:Joel.2.28,Joel ii. 28
volume_1,justin_martyr,dialog_with_trypho,Isa,Isa,1,27,old_testament_or_other,Bible:Isa.1.27,Isa. i. 27
volume_1,justin_martyr,dialog_with_trypho,Ps,Ps,2,7,old_testament_or_other,Bible:Ps.2.7,Ps. ii. 7
volume_1,justin_martyr,dialog_with_trypho,Deut,Deut,33,13,old_testament_or_other,Bible:Deut.33.13-Deut.33.17,Deut. xxxiii. 13–17
volume_1,justin_martyr,dialog_with_trypho,John,John,3,14,new_testament,Bible:John.3.14,John iii. 14
volume_1,justin_martyr,dialog_with_trypho,Gen,Gen,15,6,old_testament_or_other,Bible:Gen.15.6,Gen. xv. 6
volume_1,justin_martyr,dialog_with_trypho,Matt,Matt,22,37,new_testament,Bible:Matt.22.37,Matt. xxii. 37
volume_1,justin_martyr,dialog_with_trypho,Gal,Gal,3,13,new_testament,Bible:Gal.3.13,Gal. iii. 13
volume_1,justin_martyr,dialog_with_trypho,Deut,Deut,27,26,old_testament_or_other,Bible:Deut.27.26,Deut. xxvii. 26
volume_1,justin_martyr,dialog_with_trypho,Deut,Deut,21,23,old_testament_or_other,Bible:Deut.21.23,Deut. xxi. 23
volume_1,justin_martyr,dialog_with_trypho,Luke,Luke,6,35,new_testament,Bible:Luke.6.35,Luke vi. 35
volume_1,justin_martyr,dialog_with_trypho,Ps,Ps,3,4,old_testament_or_other,Bible:Ps.3.4-Ps.3.5,"Ps. iii. 4, 5"
volume_1,justin_martyr,dialog_with_trypho,Isa,Isa,65,2,old_testament_or_other,Bible:Isa.65.2,Isa. lxv. 2
volume_1,justin_martyr,dialog_with_trypho,Rom,Rom,10,21,new_testament,Bible:Rom.10.21,Rom. x. 21
volume_1,justin_martyr,dialog_with_trypho,Isa,Isa,53,9,old_testament_or_other,Bible:Isa.53.9,Isa. liii. 9
volume_1,justin_martyr,dialog_with_trypho,Ps,Ps,22,16,old_testament_or_other,Bible:Ps.22.16-Ps.22.18,Ps. xxii. 16–18
volume_1,justin_martyr,dialog_with_trypho,Ps,Ps,22,,old_testament_or_other,Bible:Ps.22,Ps. xxii.
volume_1,justin_martyr,dialog_with_trypho,Matt,Matt,26,39,new_testament,Bible:Matt.26.39,Matt. xxvi. 39
volume_1,justin_martyr,dialog_with_trypho,Matt,Matt,11,27,new_testament,Bible:Matt.11.27,Matt. xi. 27
volume_1,justin_martyr,dialog_with_trypho,Matt,Matt,16,21,new_testament,Bible:Matt.16.21,Matt. xvi. 21
volume_1,justin_martyr,dialog_with_trypho,Luke,Luke,1,78,new_testament,Bible:Luke.1.78,Luke i. 78
volume_1,justin_martyr,dialog_with_trypho,Zech,Zech,3,8,old_testament_or_other,Bible:Zech.3.8,Zech. iii. 8
volume_1,justin_martyr,dialog_with_trypho,Ps,Ps,118,24,old_testament_or_other,Bible:Ps.118.24,Ps. cxviii. 24
volume_1,justin_martyr,dialog_with_trypho,Luke,Luke,1,35,new_testament,Bible:Luke.1.35,Luke i. 35
volume_1,justin_martyr,dialog_with_trypho,Luke,Luke,1,38,new_testament,Bible:Luke.1.38,Luke i. 38
volume_1,justin_martyr,dialog_with_trypho,Luke,Luke,18,18,new_testament,Bible:Luke.18.18,Luke xviii. 18
volume_1,justin_martyr,dialog_with_trypho,Gen,Gen,3,15,old_testament_or_other,Bible:Gen.3.15,Gen. iii. 15
volume_1,justin_martyr,dialog_with_trypho,Gen,Gen,11,6,old_testament_or_other,Bible:Gen.11.6,Gen. xi. 6
volume_1,justin_martyr,dialog_with_trypho,Isa,Isa,50,4,old_testament_or_other,Bible:Isa.50.4,Isa. l. 4
volume_1,justin_martyr,dialog_with_trypho,Hos,Hos,10,6,old_testament_or_other,Bible:Hos.10.6,Hos. x. 6
volume_1,justin_martyr,dialog_with_trypho,Matt,Matt,3,17,new_testament,Bible:Matt.3.17,Matt. iii. 17
volume_1,justin_martyr,dialog_with_trypho,Matt,Matt,4,9,new_testament,Bible:Matt.4.9-Matt.4.10,"Matt. iv. 9, 10"
volume_1,justin_martyr,dialog_with_trypho,Luke,Luke|Luke,22,44,new_testament,Bible:Luke.22.44 Bible:Luke.22.42,"Luke xxii. 44, 42"
volume_1,justin_martyr,dialog_with_trypho,1Sam,1Sam,28,12,old_testament_or_other,Bible:1Sam.28.12-1Sam.28.13,"1 Sam. xxviii. 12, 13"
volume_1,justin_martyr,dialog_with_trypho,Luke,Luke,23,46,new_testament,Bible:Luke.23.46,Luke xxiii. 46
volume_1,justin_martyr,dialog_with_trypho,Matt,Matt,5,20,new_testament,Bible:Matt.5.20,Matt. v. 20
volume_1,justin_martyr,dialog_with_trypho,Num,Num,24,17,old_testament_or_other,Bible:Num.24.17,Num. xxiv. 17
volume_1,justin_martyr,dialog_with_trypho,Zech,Zech,6,12,old_testament_or_other,Bible:Zech.6.12,Zech. vi. 12
volume_1,justin_martyr,dialog_with_trypho,Matt,Matt,12,38,new_testament,Bible:Matt.12.38,Matt. xii. 38
volume_1,justin_martyr,dialog_with_trypho,Jonah,Jonah,4,10,old_testament_or_other,Bible:Jonah.4.10,Jon. iv. 10
volume_1,justin_martyr,dialog_with_trypho,Mic,Mic,4,1,old_testament_or_other,Bible:Mic.4.1,Mic. iv. 1
volume_1,justin_martyr,dialog_with_trypho,2Thess,2Thess,2,3,new_testament,Bible:2Thess.2.3,2 Thess. ii. 3
volume_1,justin_martyr,dialog_with_trypho,Ps,Ps,128,3,old_testament_or_other,Bible:Ps.128.3,Ps. cxxviii. 3
volume_1,justin_martyr,dialog_with_trypho,Isa,Isa,57,1,old_testament_or_other,Bible:Isa.57.1,Isa. lvii. 1
volume_1,justin_martyr,dialog_with_trypho,Isa,Isa,53,7,old_testament_or_other,Bible:Isa.53.7,Isa. liii. 7
volume_1,justin_martyr,dialog_with_trypho,Isa,Isa,27,1,old_testament_or_other,Bible:Isa.27.1,Isa. xxvii. 1
volume_1,justin_martyr,dialog_with_trypho,Matt,Matt|Matt|Matt,23,27,new_testament,Bible:Matt.23.27 Bible:Matt.23.23 Bible:Matt.23.24,"Matt. xxiii. 27, 23, 24"
volume_1,justin_martyr,dialog_with_trypho,Matt,Matt,19,28,new_testament,Bible:Matt.19.28,Matt. xix. 28
volume_1,justin_martyr,dialog_with_trypho,Isa,Isa,53,1,old_testament_or_other,Bible:Isa.53.1,Isa. liii. 1
volume_1,justin_martyr,dialog_with_trypho,Ps,Ps,8,3,old_testament_or_other,Bible:Ps.8.3,Ps. viii. 3
volume_1,justin_martyr,dialog_with_trypho,Jer,Jer,2,13,old_testament_or_other,Bible:Jer.2.13,Jer. ii. 13
volume_1,justin_martyr,dialog_with_trypho,Zech,Zech,2,10,old_testament_or_other,Bible:Zech.2.10-Zech.2.13,Zech. ii. 10–13
volume_1,justin_martyr,dialog_with_trypho,Zech,Zech,3,1,old_testament_or_other,Bible:Zech.3.1-Zech.3.2,"Zech. iii. 1, 2"
volume_1,justin_martyr,dialog_with_trypho,Isa,Isa,66,21,old_testament_or_other,Bible:Isa.66.21,Isa. lxvi. 21
volume_1,justin_martyr,dialog_with_trypho,Rom,Rom,15,15,new_testament,Bible:Rom.15.15-Rom.15.17,"Rom. xv. 15, 16, 17"
volume_1,justin_martyr,dialog_with_trypho,1Pet,1Pet,2,9,new_testament,Bible:1Pet.2.9,1 Pet. ii. 9
volume_1,justin_martyr,dialog_with_trypho,2Sam,2Sam,7,14,old_testament_or_other,Bible:2Sam.7.14,2 Sam. vii. 14
volume_1,justin_martyr,dialog_with_trypho,Ezek,Ezek,44,3,old_testament_or_other,Bible:Ezek.44.3,Ezek. xliv. 3
volume_1,justin_martyr,dialog_with_trypho,Isa,Isa,52,15,old_testament_or_other,Bible:Isa.52.15,Isa. lii. 15
volume_1,justin_martyr,dialog_with_trypho,Deut,Deut,32,16,old_testament_or_other,Bible:Deut.32.16-Deut.32.23,Deut. xxxii. 16–23
volume_1,justin_martyr,dialog_with_trypho,Zech,Zech,2,11,old_testament_or_other,Bible:Zech.2.11,Zech. ii. 11
volume_1,justin_martyr,dialog_with_trypho,Isa,Isa,62,12,old_testament_or_other,Bible:Isa.62.12,Isa. lxii. 12
volume_1,justin_martyr,dialog_with_trypho,Isa,Isa,65,1,old_testament_or_other,Bible:Isa.65.1,Isa. lxv. 1
volume_1,justin_martyr,dialog_with_trypho,Gen,Gen,26,4,old_testament_or_other,Bible:Gen.26.4,Gen. xxvi. 4
volume_1,justin_martyr,dialog_with_trypho,Gen,Gen,28,14,old_testament_or_other,Bible:Gen.28.14,Gen. xxviii. 14
volume_1,justin_martyr,dialog_with_trypho,Gen,Gen,49,10,old_testament_or_other,Bible:Gen.49.10,Gen. xlix. 10
volume_1,justin_martyr,dialog_with_trypho,Ps,Ps,72,17,old_testament_or_other,Bible:Ps.72.17,Ps. lxxii. 17
volume_1,justin_martyr,dialog_with_trypho,Rom,Rom,1,28,new_testament,Bible:Rom.1.28,Rom. i. 28
volume_1,justin_martyr,dialog_with_trypho,Zech,Zech,12,12,old_testament_or_other,Bible:Zech.12.12,Zech. xii. 12
volume_1,justin_martyr,dialog_with_trypho,Isa,Isa,49,6,old_testament_or_other,Bible:Isa.49.6,Isa. xlix. 6
volume_1,justin_martyr,dialog_with_trypho,Exod,Exod,12,19,old_testament_or_other,Bible:Exod.12.19,Ex. xii. 19
volume_1,justin_martyr,dialog_with_trypho,Isa,Isa,14,1,old_testament_or_other,Bible:Isa.14.1,Isa. xiv. 1
volume_1,justin_martyr,dialog_with_trypho,Matt,Matt,23,15,new_testament,Bible:Matt.23.15,Matt. xxiii. 15
volume_1,justin_martyr,dialog_with_trypho,Isa,Isa,42,16,old_testament_or_other,Bible:Isa.42.16,Isa. xlii. 16
volume_1,justin_martyr,dialog_with_trypho,Isa,Isa,43,10,old_testament_or_other,Bible:Isa.43.10,Isa. xliii. 10
volume_1,justin_martyr,dialog_with_trypho,Isa,Isa,42,6,old_testament_or_other,Bible:Isa.42.6,Isa. xlii. 6
volume_1,justin_martyr,dialog_with_trypho,Isa,Isa,49,8,old_testament_or_other,Bible:Isa.49.8,Isa. xlix. 8
volume_1,justin_martyr,dialog_with_trypho,Deut,Deut,32,20,old_testament_or_other,Bible:Deut.32.20,Deut. xxxii. 20
volume_1,justin_martyr,dialog_with_trypho,Isa,Isa,42,19,old_testament_or_other,Bible:Isa.42.19,Isa. xlii. 19
volume_1,justin_martyr,dialog_with_trypho,Jer,Jer,31,27,old_testament_or_other,Bible:Jer.31.27,Jer. xxxi. 27
volume_1,justin_martyr,dialog_with_trypho,Isa,Isa,19,24,old_testament_or_other,Bible:Isa.19.24,Isa. xix. 24
volume_1,justin_martyr,dialog_with_trypho,Ezek,Ezek,36,12,old_testament_or_other,Bible:Ezek.36.12,Ezek. xxxvi. 12
volume_1,justin_martyr,dialog_with_trypho,Isa,Isa,42,1,old_testament_or_other,Bible:Isa.42.1-Isa.42.4,Isa. xlii. 1–4
volume_1,justin_martyr,dialog_with_trypho,Ps,Ps,82,,old_testament_or_other,Bible:Ps.82,Ps. lxxxii.
volume_1,justin_martyr,dialog_with_trypho,Matt,Matt,13,3,new_testament,Bible:Matt.13.3,Matt. xiii. 3
volume_1,justin_martyr,dialog_with_trypho,Matt,Matt,4,10,new_testament,Bible:Matt.4.10,Matt. iv. 10
volume_1,justin_martyr,dialog_with_trypho,Exod,Exod,6,2,old_testament_or_other,Bible:Exod.6.2,Ex. vi. 2
volume_1,justin_martyr,dialog_with_trypho,Gen,Gen|Gen,32,24,old_testament_or_other,Bible:Gen.32.24 Bible:Gen.32.30,"Gen. xxxii. 24, 30"
volume_1,justin_martyr,dialog_with_trypho,Gen,Gen,18,2,old_testament_or_other,Bible:Gen.18.2,Gen. xviii. 2
volume_1,justin_martyr,dialog_with_trypho,Gen,Gen,18,13,old_testament_or_other,Bible:Gen.18.13,Gen. xviii. 13
volume_1,justin_martyr,dialog_with_trypho,Gen,Gen,18,16,old_testament_or_other,Bible:Gen.18.16,Gen. xviii. 16
volume_1,justin_martyr,dialog_with_trypho,Gen,Gen,18,17,old_testament_or_other,Bible:Gen.18.17,Gen. xviii. 17
volume_1,justin_martyr,dialog_with_trypho,Num,Num,11,23,old_testament_or_other,Bible:Num.11.23,Num. xi. 23
volume_1,justin_martyr,dialog_with_trypho,Deut,Deut,31,2,old_testament_or_other,Bible:Deut.31.2,Deut. xxxi. 2
volume_1,justin_martyr,dialog_with_trypho,Gen,Gen,18,22,old_testament_or_other,Bible:Gen.18.22,Gen. xviii. 22
volume_1,justin_martyr,dialog_with_trypho,Exod,Exod,6,29,old_testament_or_other,Bible:Exod.6.29,Ex. vi. 29
volume_1,justin_martyr,dialog_with_trypho,Gen,Gen,11,5,old_testament_or_other,Bible:Gen.11.5,Gen. xi. 5
volume_1,justin_martyr,dialog_with_trypho,Gen,Gen,7,16,old_testament_or_other,Bible:Gen.7.16,Gen. vii. 16
volume_1,justin_martyr,dialog_with_trypho,Gen,Gen,19,24,old_testament_or_other,Bible:Gen.19.24,Gen. xix. 24
volume_1,justin_martyr,dialog_with_trypho,Prov,Prov,8,22,old_testament_or_other,Bible:Prov.8.22,Prov. viii. 22
volume_1,justin_martyr,dialog_with_trypho,Deut,Deut,32,43,old_testament_or_other,Bible:Deut.32.43,Deut. xxxii. 43
volume_1,justin_martyr,dialog_with_trypho,Deut,Deut,32,7,old_testament_or_other,Bible:Deut.32.7,Deut. xxxii. 7
volume_1,justin_martyr,dialog_with_trypho,1Sam,1Sam,5,,old_testament_or_other,Bible:1Sam.5,1 Sam. v.
volume_1,justin_martyr,dialog_with_trypho,1Sam,1Sam,6,14,old_testament_or_other,Bible:1Sam.6.14,1 Sam. vi. 14
volume_1,justin_martyr,dialog_with_trypho,Isa,Isa,3,9,old_testament_or_other,Bible:Isa.3.9-Isa.3.15,Isa. iii. 9–15
volume_1,justin_martyr,dialog_with_trypho,Isa,Isa,5,18,old_testament_or_other,Bible:Isa.5.18-Isa.5.25,Isa. v. 18–25
volume_1,justin_martyr,dialog_with_trypho,Isa,Isa,43,15,old_testament_or_other,Bible:Isa.43.15,Isa. xliii. 15
volume_1,justin_martyr,dialog_with_trypho,Isa,Isa,65,9,old_testament_or_other,Bible:Isa.65.9-Isa.65.12,Isa. lxv. 9–12
volume_1,justin_martyr,dialog_with_trypho,Isa,Isa,2,5,old_testament_or_other,Bible:Isa.2.5,Isa. ii. 5
volume_1,justin_martyr,dialog_with_trypho,Isa,Isa,65,8,old_testament_or_other,Bible:Isa.65.8,Isa. lxv. 8
volume_1,justin_martyr,dialog_with_trypho,Zech,Zech,2,8,old_testament_or_other,Bible:Zech.2.8,Zech. ii. 8
volume_1,justin_martyr,dialog_with_trypho,Isa,Isa,54,9,old_testament_or_other,Bible:Isa.54.9,Isa. liv. 9
volume_1,justin_martyr,dialog_with_trypho,Matt,Matt,15,22,new_testament,Bible:Matt.15.22-Matt.15.28,Matt. xv. 22–28
volume_1,justin_martyr,dialog_with_trypho,Gen,Gen,9,24,old_testament_or_other,Bible:Gen.9.24-Gen.9.27,Gen. ix. 24–27
volume_1,justin_martyr,dialog_with_trypho,Isa,Isa,1,9,old_testament_or_other,Bible:Isa.1.9,Isa. i. 9
volume_1,justin_martyr,dialog_with_trypho,Ezek,Ezek|Ezek,14,18,old_testament_or_other,Bible:Ezek.14.18 Bible:Ezek.14.20,"Ezek. xiv. 18, 20"
volume_1,justin_martyr,dialog_with_trypho,Ezek,Ezek,18,20,old_testament_or_other,Bible:Ezek.18.20,Ezek. xviii. 20
volume_1,justin_martyr,dialog_with_trypho,Ps,Ps,32,2,old_testament_or_other,Bible:Ps.32.2,Ps. xxxii. 2
volume_1,justin_martyr,discourse_to_the_greeks,Gal,Gal,4,12,new_testament,Bible:Gal.4.12,Gal. iv. 12
volume_1,justin_martyr,hortatory_address_to_the_greeks,Isa,Isa,44,6,old_testament_or_other,Bible:Isa.44.6,Isa. xliv. 6
volume_1,justin_martyr,hortatory_address_to_the_greeks,Gen,Gen,1,1,old_testament_or_other,Bible:Gen.1.1,Gen. i. 1
volume_1,justin_martyr,hortatory_address_to_the_greeks,Exod,Exod,25,,old_testament_or_other,Bible:Exod.25,Ex. xxv.
volume_1,justin_martyr,hortatory_address_to_the_greeks,Exod,Exod,25,9,old_testament_or_other,Bible:Exod.25.9,Ex. xxv. 9
volume_1,justin_martyr,hortatory_address_to_the_greeks,Exod,Exod,25,40,old_testament_or_other,Bible:Exod.25.40,Ex. xxv. 40
volume_1,justin_martyr,hortatory_address_to_the_greeks,Ps,Ps,115,16,old_testament_or_other,Bible:Ps.115.16,Ps. cxv. 16
volume_1,justin_martyr,hortatory_address_to_the_greeks,Gen,Gen,2,7,old_testament_or_other,Bible:Gen.2.7,Gen. ii. 7
volume_1,justin_martyr,hortatory_address_to_the_greeks,Gen,Gen,3,19,old_testament_or_other,Bible:Gen.3.19,Gen. iii. 19
volume_1,justin_martyr,hortatory_address_to_the_greeks,Ezek,Ezek,11,22,old_testament_or_other,Bible:Ezek.11.22,Ezek. xi. 22
volume_1,justin_martyr,hortatory_address_to_the_greeks,1Kgs,1Kgs,19,11,old_testament_or_other,Bible:1Kgs.19.11-1Kgs.19.12,"1 Kings xix. 11, 12"
volume_1,justin_martyr,on_the_sole_government_of_god,2Pet,2Pet,3,7,new_testament,Bible:2Pet.3.7,2 Pet. iii. 7
volume_1,justin_martyr,on_the_resurrection_fragments,Mark,Mark,12,25,new_testament,Bible:Mark.12.25,Mark xii. 25
volume_1,justin_martyr,on_the_resurrection_fragments,John,John,12,31,new_testament,Bible:John.12.31,John xii. 31
volume_1,justin_martyr,on_the_resurrection_fragments,John,John,14,30,new_testament,Bible:John.14.30,John xiv. 30
volume_1,justin_martyr,on_the_resurrection_fragments,John,John,16,11,new_testament,Bible:John.16.11,John xvi. 11
volume_1,justin_martyr,on_the_resurrection_fragments,Luke,Luke,20,34,new_testament,Bible:Luke.20.34-Luke.20.35,"Luke xx. 34, 35"
volume_1,justin_martyr,on_the_resurrection_fragments,Isa,Isa,35,5,old_testament_or_other,Bible:Isa.35.5,Isa. xxxv. 5
volume_1,justin_martyr,on_the_resurrection_fragments,Ps,Ps,115,5,old_testament_or_other,Bible:Ps.115.5,Ps. cxv. 5
volume_1,justin_martyr,on_the_resurrection_fragments,Ps,Ps,96,5,old_testament_or_other,Bible:Ps.96.5,Ps. xcvi. 5
volume_1,justin_martyr,on_the_resurrection_fragments,Gen,Gen,1,26,old_testament_or_other,Bible:Gen.1.26,Gen. i. 26
volume_1,justin_martyr,on_the_resurrection_fragments,Gen,Gen,2,7,old_testament_or_other,Bible:Gen.2.7,Gen. ii. 7
volume_1,justin_martyr,on_the_resurrection_fragments,Mark,Mark,2,17,new_testament,Bible:Mark.2.17,Mark ii. 17
volume_1,justin_martyr,on_the_resurrection_fragments,Luke,Luke,24,32,new_testament,Bible:Luke.24.32,Luke xxiv. 32
volume_1,justin_martyr,on_the_resurrection_fragments,Acts,Acts,1,9,new_testament,Bible:Acts.1.9,Acts i. 9
volume_1,justin_martyr,other_fragments,Lev,Lev,14,49,old_testament_or_other,Bible:Lev.14.49-Lev.14.53,Lev. xiv. 49–53
volume_1,justin_martyr,other_fragments,Jer,Jer,2,19,old_testament_or_other,Bible:Jer.2.19,Jer. ii. 19
volume_1,justin_martyr,martyrdom_of_justin_martyr,Acts,Acts,22,25,new_testament,Bible:Acts.22.25-Acts.22.29,Acts xxii. 25–29
volume_1,justin_martyr,martyrdom_of_justin_martyr,1Cor,1Cor,11,19,new_testament,Bible:1Cor.11.19,1 Cor. xi. 19
volume_1,justin_martyr,martyrdom_of_justin_martyr,2Tim,2Tim,2,24,new_testament,Bible:2Tim.2.24-2Tim.2.26,"2 Tim. ii. 24, 25, 26"
volume_1,irenaeus,against_heresies_i,1Tim,1Tim,1,4,new_testament,Bible:1Tim.1.4,1 Tim. i. 4
volume_1,irenaeus,against_heresies_i,Matt,Matt,7,15,new_testament,Bible:Matt.7.15,Matt. vii. 15
volume_1,irenaeus,against_heresies_i,Matt,Matt,10,26,new_testament,Bible:Matt.10.26,Matt. x. 26
volume_1,irenaeus,against_heresies_i,Luke,Luke,3,23,new_testament,Bible:Luke.3.23,Luke iii. 23
volume_1,irenaeus,against_heresies_i,Matt,Matt,20,1,new_testament,Bible:Matt.20.1-Matt.20.16,Matt. xx. 1–16
volume_1,irenaeus,against_heresies_i,Eph,Eph,3,21,new_testament,Bible:Eph.3.21,Eph. iii. 21
volume_1,irenaeus,against_heresies_i,Luke,Luke,2,42,new_testament,Bible:Luke.2.42,Luke ii. 42
volume_1,irenaeus,against_heresies_i,Luke,Luke,6,13,new_testament,Bible:Luke.6.13,Luke vi. 13
volume_1,irenaeus,against_heresies_i,Acts,Acts,1,3,new_testament,Bible:Acts.1.3,Acts i. 3
volume_1,irenaeus,against_heresies_i,Matt,Matt,5,18,new_testament,Bible:Matt.5.18,Matt. v. 18
volume_1,irenaeus,against_heresies_i,Mark,Mark,5,31,new_testament,Bible:Mark.5.31,Mark v. 31
volume_1,irenaeus,against_heresies_i,Exod,Exod,13,2,old_testament_or_other,Bible:Exod.13.2,Ex. xiii. 2
volume_1,irenaeus,against_heresies_i,Luke,Luke,2,23,new_testament,Bible:Luke.2.23,Luke ii. 23
volume_1,irenaeus,against_heresies_i,Col,Col,3,11,new_testament,Bible:Col.3.11,Col. iii. 11
volume_1,irenaeus,against_heresies_i,Rom,Rom,11,36,new_testament,Bible:Rom.11.36,Rom. xi. 36
volume_1,irenaeus,against_heresies_i,Col,Col,2,9,new_testament,Bible:Col.2.9,Col. ii. 9
volume_1,irenaeus,against_heresies_i,Eph,Eph,1,10,new_testament,Bible:Eph.1.10,Eph. i. 10
volume_1,irenaeus,against_heresies_i,Luke,Luke,14,27,new_testament,Bible:Luke.14.27,Luke xiv. 27
volume_1,irenaeus,against_heresies_i,Matt,Matt,10,21,new_testament,Bible:Matt.10.21,Matt. x. 21
volume_1,irenaeus,against_heresies_i,Matt,Matt,10,34,new_testament,Bible:Matt.10.34,Matt. x. 34
volume_1,irenaeus,against_heresies_i,Luke,Luke,3,17,new_testament,Bible:Luke.3.17,Luke iii. 17
volume_1,irenaeus,against_heresies_i,1Cor,1Cor,1,18,new_testament,Bible:1Cor.1.18,1 Cor. i. 18
volume_1,irenaeus,against_heresies_i,Gal,Gal,6,14,new_testament,Bible:Gal.6.14,Gal. vi. 14
volume_1,irenaeus,against_heresies_i,Matt,Matt,10,8,new_testament,Bible:Matt.10.8,Matt. x. 8
volume_1,irenaeus,against_heresies_i,Col,Col,1,16,new_testament,Bible:Col.1.16,Col. i. 16
volume_1,irenaeus,against_heresies_i,Isa,Isa,45,5,old_testament_or_other,Bible:Isa.45.5-Isa.45.6,"Isa. xlv. 5, 6"
volume_1,irenaeus,against_heresies_i,Isa,Isa,46,9,old_testament_or_other,Bible:Isa.46.9,Isa. xlvi. 9
volume_1,irenaeus,against_heresies_i,Matt,Matt,5,13,new_testament,Bible:Matt.5.13-Matt.5.14,"Matt. v. 13, 14"
volume_1,irenaeus,against_heresies_i,Rom,Rom,8,6,new_testament,Bible:Rom.8.6,Rom. viii. 6
volume_1,irenaeus,against_heresies_i,Gal,Gal,5,21,new_testament,Bible:Gal.5.21,Gal. v. 21
volume_1,irenaeus,against_heresies_i,Luke,Luke,19,26,new_testament,Bible:Luke.19.26,Luke xix. 26
volume_1,irenaeus,against_heresies_i,John,John,17,16,new_testament,Bible:John.17.16,John xvii. 16
volume_1,irenaeus,against_heresies_i,Matt,Matt,8,9,new_testament,Bible:Matt.8.9,Matt. viii. 9
volume_1,irenaeus,against_heresies_i,Luke,Luke,7,8,new_testament,Bible:Luke.7.8,Luke vii. 8
volume_1,irenaeus,against_heresies_i,Luke,Luke,8,41,new_testament,Bible:Luke.8.41,Luke viii. 41
volume_1,irenaeus,against_heresies_i,1Cor,1Cor,15,8,new_testament,Bible:1Cor.15.8,1 Cor. xv. 8
volume_1,irenaeus,against_heresies_i,1Cor,1Cor,11,10,new_testament,Bible:1Cor.11.10,1 Cor. xi. 10
volume_1,irenaeus,against_heresies_i,Matt,Matt,27,46,new_testament,Bible:Matt.27.46,Matt. xxvii. 46
volume_1,irenaeus,against_heresies_i,Matt,Matt,26,38,new_testament,Bible:Matt.26.38,Matt. xxvi. 38
volume_1,irenaeus,against_heresies_i,Matt,Matt,26,39,new_testament,Bible:Matt.26.39,Matt. xxvi. 39
volume_1,irenaeus,against_heresies_i,John,John,12,27,new_testament,Bible:John.12.27,John xii. 27
volume_1,irenaeus,against_heresies_i,Luke,Luke,9,57,new_testament,Bible:Luke.9.57-Luke.9.58,"Luke ix. 57, 58"
volume_1,irenaeus,against_heresies_i,Luke,Luke,9,61,new_testament,Bible:Luke.9.61-Luke.9.62,"Luke ix. 61, 62"
volume_1,irenaeus,against_heresies_i,Luke,Luke,9,60,new_testament,Bible:Luke.9.60,Luke ix. 60
volume_1,irenaeus,against_heresies_i,Luke,Luke,19,5,new_testament,Bible:Luke.19.5,Luke xix. 5
volume_1,irenaeus,against_heresies_i,1Cor,1Cor,15,48,new_testament,Bible:1Cor.15.48,1 Cor. xv. 48
volume_1,irenaeus,against_heresies_i,1Cor,1Cor,2,14,new_testament,Bible:1Cor.2.14,1 Cor. ii. 14
volume_1,irenaeus,against_heresies_i,1Cor,1Cor,2,15,new_testament,Bible:1Cor.2.15,1 Cor. ii. 15
volume_1,irenaeus,against_heresies_i,Rom,Rom,11,16,new_testament,Bible:Rom.11.16,Rom. xi. 16
volume_1,irenaeus,against_heresies_i,Luke,Luke|Luke,15,4,new_testament,Bible:Luke.15.4 Bible:Luke.15.8,"Luke xv. 4, 8"
volume_1,irenaeus,against_heresies_i,Luke,Luke,2,28,new_testament,Bible:Luke.2.28,Luke ii. 28
volume_1,irenaeus,against_heresies_i,Luke,Luke,2,36,new_testament,Bible:Luke.2.36,Luke ii. 36
volume_1,irenaeus,against_heresies_i,Luke,Luke,7,35,new_testament,Bible:Luke.7.35,Luke vii. 35
volume_1,irenaeus,against_heresies_i,1Cor,1Cor,2,6,new_testament,Bible:1Cor.2.6,1 Cor. ii. 6
volume_1,irenaeus,against_heresies_i,Eph,Eph,5,32,new_testament,Bible:Eph.5.32,Eph. v. 32
volume_1,irenaeus,against_heresies_i,John,John,1,1,new_testament,Bible:John.1.1-John.1.2,"John i. 1, 2"
volume_1,irenaeus,against_heresies_i,John,John,1,3,new_testament,Bible:John.1.3,John i. 3
volume_1,irenaeus,against_heresies_i,John,John,1,3,new_testament,Bible:John.1.3-John.1.4,"John i. 3, 4"
volume_1,irenaeus,against_heresies_i,Eph,Eph,5,13,new_testament,Bible:Eph.5.13,Eph. v. 13
volume_1,irenaeus,against_heresies_i,John,John,1,5,new_testament,Bible:John.1.5,John i. 5
volume_1,irenaeus,against_heresies_i,John,John,1,14,new_testament,Bible:John.1.14,John i. 14
volume_1,irenaeus,against_heresies_i,Phil,Phil,2,10,new_testament,Bible:Phil.2.10-Phil.2.11,"Phil. ii. 10, 11"
volume_1,irenaeus,against_heresies_i,Eph,Eph,6,12,new_testament,Bible:Eph.6.12,Eph. vi. 12
volume_1,irenaeus,against_heresies_i,Rom,Rom,11,32,new_testament,Bible:Rom.11.32,Rom. xi. 32
volume_1,irenaeus,against_heresies_i,1Cor,1Cor,15,54,new_testament,Bible:1Cor.15.54,1 Cor. xv. 54
volume_1,irenaeus,against_heresies_i,Hos,Hos,2,23,old_testament_or_other,Bible:Hos.2.23,Hos. ii. 23
volume_1,irenaeus,against_heresies_i,Rom,Rom,9,25,new_testament,Bible:Rom.9.25,Rom. ix. 25
volume_1,irenaeus,against_heresies_i,Isa,Isa,54,1,old_testament_or_other,Bible:Isa.54.1,Isa. liv. 1
volume_1,irenaeus,against_heresies_i,Gal,Gal,4,27,new_testament,Bible:Gal.4.27,Gal. iv. 27
volume_1,irenaeus,against_heresies_i,Rom,Rom,11,33,new_testament,Bible:Rom.11.33,Rom. xi. 33
volume_1,irenaeus,against_heresies_i,1Kgs,1Kgs,18,27,old_testament_or_other,Bible:1Kgs.18.27,1 Kings xviii. 27
volume_1,irenaeus,against_heresies_i,Acts,Acts,16,16,new_testament,Bible:Acts.16.16,Acts xvi. 16
volume_1,irenaeus,against_heresies_i,2Tim,2Tim,3,6,new_testament,Bible:2Tim.3.6,2 Tim. iii. 6
volume_1,irenaeus,against_heresies_i,1Cor,1Cor,14,16,new_testament,Bible:1Cor.14.16,1 Cor. xiv. 16
volume_1,irenaeus,against_heresies_i,Matt,Matt,18,10,new_testament,Bible:Matt.18.10,Matt. xviii. 10
volume_1,irenaeus,against_heresies_i,Matt,Matt,17,7,new_testament,Bible:Matt.17.7,Matt. xvii. 7
volume_1,irenaeus,against_heresies_i,Mark,Mark,9,2,new_testament,Bible:Mark.9.2,Mark ix. 2
volume_1,irenaeus,against_heresies_i,Ps,Ps,8,2,old_testament_or_other,Bible:Ps.8.2,Ps. viii. 2
volume_1,irenaeus,against_heresies_i,Ps,Ps,19,1,old_testament_or_other,Bible:Ps.19.1,Ps. xix. 1
volume_1,irenaeus,against_heresies_i,John,John,14,6,new_testament,Bible:John.14.6,John xiv. 6
volume_1,irenaeus,against_heresies_i,Gen,Gen,31,2,old_testament_or_other,Bible:Gen.31.2,Gen. xxxi. 2
volume_1,irenaeus,against_heresies_i,Luke,Luke,15,4,new_testament,Bible:Luke.15.4,Luke xv. 4
volume_1,irenaeus,against_heresies_i,Luke,Luke,15,8,new_testament,Bible:Luke.15.8,Luke xv. 8
volume_1,irenaeus,against_heresies_i,Titus,Titus,3,10,new_testament,Bible:Titus.3.10,Tit. iii. 10
volume_1,irenaeus,against_heresies_i,2John,2John|2John,1,10,new_testament,Bible:2John.1.10 Bible:2John.1.11,"2 John 10, 11"
volume_1,irenaeus,against_heresies_i,Isa,Isa,48,22,old_testament_or_other,Bible:Isa.48.22,Isa. xlviii. 22
volume_1,irenaeus,against_heresies_i,Matt,Matt,12,43,new_testament,Bible:Matt.12.43,Matt. xii. 43
volume_1,irenaeus,against_heresies_i,Gen,Gen,1,1,old_testament_or_other,Bible:Gen.1.1,Gen. i. 1
volume_1,irenaeus,against_heresies_i,Gen,Gen,1,2,old_testament_or_other,Bible:Gen.1.2,Gen. i. 2
volume_1,irenaeus,against_heresies_i,Exod,Exod,26,1,old_testament_or_other,Bible:Exod.26.1,Ex. xxvi. 1
volume_1,irenaeus,against_heresies_i,Exod,Exod,28,17,old_testament_or_other,Bible:Exod.28.17,Ex. xxviii. 17
volume_1,irenaeus,against_heresies_i,Gen,Gen,6,18,old_testament_or_other,Bible:Gen.6.18,Gen. vi. 18
volume_1,irenaeus,against_heresies_i,1Pet,1Pet,3,20,new_testament,Bible:1Pet.3.20,1 Pet. iii. 20
volume_1,irenaeus,against_heresies_i,1Sam,1Sam,16,10,old_testament_or_other,Bible:1Sam.16.10,1 Sam. xvi. 10
volume_1,irenaeus,against_heresies_i,Gen,Gen,17,12,old_testament_or_other,Bible:Gen.17.12,Gen. xvii. 12
volume_1,irenaeus,against_heresies_i,Gen,Gen,15,19,old_testament_or_other,Bible:Gen.15.19,Gen. xv. 19
volume_1,irenaeus,against_heresies_i,Gen,Gen,16,2,old_testament_or_other,Bible:Gen.16.2,Gen. xvi. 2
volume_1,irenaeus,against_heresies_i,Gen,Gen|Gen,24,22,old_testament_or_other,Bible:Gen.24.22 Bible:Gen.24.25,"Gen. xxiv. 22, 25"
volume_1,irenaeus,against_heresies_i,1Kgs,1Kgs,11,31,old_testament_or_other,Bible:1Kgs.11.31,1 Kings xi. 31
volume_1,irenaeus,against_heresies_i,Exod,Exod,36,8,old_testament_or_other,Bible:Exod.36.8,Ex. xxxvi. 8
volume_1,irenaeus,against_heresies_i,Exod,Exod,36,21,old_testament_or_other,Bible:Exod.36.21,Ex. xxxvi. 21
volume_1,irenaeus,against_heresies_i,Gen,Gen,42,3,old_testament_or_other,Bible:Gen.42.3,Gen. xlii. 3
volume_1,irenaeus,against_heresies_i,John,John,20,24,new_testament,Bible:John.20.24,John xx. 24
volume_1,irenaeus,against_heresies_i,Gen,Gen,35,22,old_testament_or_other,Bible:Gen.35.22,Gen. xxxv. 22
volume_1,irenaeus,against_heresies_i,Gen,Gen,49,28,old_testament_or_other,Bible:Gen.49.28,Gen. xlix. 28
volume_1,irenaeus,against_heresies_i,Exod,Exod,28,2,old_testament_or_other,Bible:Exod.28.2,Ex. xxviii. 2
volume_1,irenaeus,against_heresies_i,Exod,Exod,24,4,old_testament_or_other,Bible:Exod.24.4,Ex. xxiv. 4
volume_1,irenaeus,against_heresies_i,Josh,Josh,4,3,old_testament_or_other,Bible:Josh.4.3,Josh. iv. 3
volume_1,irenaeus,against_heresies_i,Josh,Josh,3,12,old_testament_or_other,Bible:Josh.3.12,Josh. iii. 12
volume_1,irenaeus,against_heresies_i,1Kgs,1Kgs,18,31,old_testament_or_other,Bible:1Kgs.18.31,1 Kings xviii. 31
volume_1,irenaeus,against_heresies_i,Gen,Gen,6,15,old_testament_or_other,Bible:Gen.6.15,Gen. vi. 15
volume_1,irenaeus,against_heresies_i,1Sam,1Sam,9,22,old_testament_or_other,Bible:1Sam.9.22,1 Sam. ix. 22
volume_1,irenaeus,against_heresies_i,1Sam,1Sam,20,5,old_testament_or_other,Bible:1Sam.20.5,1 Sam. xx. 5
volume_1,irenaeus,against_heresies_i,Exod,Exod,26,8,old_testament_or_other,Bible:Exod.26.8,Ex. xxvi. 8
volume_1,irenaeus,against_heresies_i,Isa,Isa,1,3,old_testament_or_other,Bible:Isa.1.3,Isa. i. 3
volume_1,irenaeus,against_heresies_i,Hos,Hos,4,1,old_testament_or_other,Bible:Hos.4.1,Hos. iv. 1
volume_1,irenaeus,against_heresies_i,Rom,Rom,3,11,new_testament,Bible:Rom.3.11,Rom. iii. 11
volume_1,irenaeus,against_heresies_i,Ps,Ps,14,3,old_testament_or_other,Bible:Ps.14.3,Ps. xiv. 3
volume_1,irenaeus,against_heresies_i,Exod,Exod,33,20,old_testament_or_other,Bible:Exod.33.20,Ex. xxxiii. 20
volume_1,irenaeus,against_heresies_i,Dan,Dan,12,9,old_testament_or_other,Bible:Dan.12.9-Dan.12.10,"Dan. xii. 9, 10"
volume_1,irenaeus,against_heresies_i,Luke,Luke,2,49,new_testament,Bible:Luke.2.49,Luke ii. 49
volume_1,irenaeus,against_heresies_i,Mark,Mark,10,17,new_testament,Bible:Mark.10.17,Mark x. 17
volume_1,irenaeus,against_heresies_i,Luke,Luke,18,18,new_testament,Bible:Luke.18.18,Luke xviii. 18
volume_1,irenaeus,against_heresies_i,Matt,Matt,21,23,new_testament,Bible:Matt.21.23,Matt. xxi. 23
volume_1,irenaeus,against_heresies_i,Luke,Luke,19,42,new_testament,Bible:Luke.19.42,Luke xix. 42
volume_1,irenaeus,against_heresies_i,Matt,Matt,11,28,new_testament,Bible:Matt.11.28,Matt. xi. 28
volume_1,irenaeus,against_heresies_i,Matt,Matt,11,25,new_testament,Bible:Matt.11.25-Matt.11.27,Matt. xi. 25–27
volume_1,irenaeus,against_heresies_i,Luke,Luke,12,50,new_testament,Bible:Luke.12.50,Luke xii. 50
volume_1,irenaeus,against_heresies_i,Mark,Mark,10,38,new_testament,Bible:Mark.10.38,Mark x. 38
volume_1,irenaeus,against_heresies_i,Ps,Ps,33,6,old_testament_or_other,Bible:Ps.33.6,Ps. xxxiii. 6
volume_1,irenaeus,against_heresies_i,Acts,Acts,8,9,new_testament,Bible:Acts.8.9-Acts.8.11,Acts viii. 9–11
volume_1,irenaeus,against_heresies_i,Acts,Acts|Acts,8,20,new_testament,Bible:Acts.8.20-Acts.8.21 Bible:Acts.8.23,"Acts viii. 20, 21, 23"
volume_1,irenaeus,against_heresies_i,Matt,Matt,18,12,new_testament,Bible:Matt.18.12,Matt. xviii. 12
volume_1,irenaeus,against_heresies_i,1Tim,1Tim,6,20,new_testament,Bible:1Tim.6.20,1 Tim. vi. 20
volume_1,irenaeus,against_heresies_i,Gen,Gen,1,26,old_testament_or_other,Bible:Gen.1.26,Gen. i. 26
volume_1,irenaeus,against_heresies_i,1Tim,1Tim,4,3,new_testament,Bible:1Tim.4.3,1 Tim. iv. 3
volume_1,irenaeus,against_heresies_i,Isa,Isa,28,10,old_testament_or_other,Bible:Isa.28.10-Isa.28.13,Isa. xxviii. 10–13
volume_1,irenaeus,against_heresies_i,Rom,Rom,3,8,new_testament,Bible:Rom.3.8,Rom. iii. 8
volume_1,irenaeus,against_heresies_i,Isa,Isa,5,20,old_testament_or_other,Bible:Isa.5.20,Isa. v. 20
volume_1,irenaeus,against_heresies_i,Matt,Matt,5,25,new_testament,Bible:Matt.5.25-Matt.5.26,"Matt. v. 25, 26"
volume_1,irenaeus,against_heresies_i,Luke,Luke,12,58,new_testament,Bible:Luke.12.58-Luke.12.59,"Luke xii. 58, 59"
volume_1,irenaeus,against_heresies_i,Rev,Rev,2,6,new_testament,Bible:Rev.2.6,Rev. ii. 6
volume_1,irenaeus,against_heresies_i,Rev,Rev,12,9,new_testament,Bible:Rev.12.9,Rev. xii. 9
volume_1,irenaeus,against_heresies_i,Exod,Exod,20,5,old_testament_or_other,Bible:Exod.20.5,Ex. xx. 5
volume_1,irenaeus,against_heresies_i,1Cor,1Cor,15,50,new_testament,Bible:1Cor.15.50,1 Cor. xv. 50
volume_1,irenaeus,against_heresies_i,Song,Song,2,15,old_testament_or_other,Bible:Song.2.15,Cant. ii. 15
volume_1,irenaeus,against_heresies_i,Luke,Luke,13,32,new_testament,Bible:Luke.13.32,Luke xiii. 32
volume_1,irenaeus,against_heresies_ii,1Tim,1Tim,6,20,new_testament,Bible:1Tim.6.20,1 Tim. vi. 20
volume_1,irenaeus,against_heresies_ii,Heb,Heb,1,,new_testament,Bible:Heb.1,Heb. i.
volume_1,irenaeus,against_heresies_ii,John,John,1,3,new_testament,Bible:John.1.3,John i. 3
volume_1,irenaeus,against_heresies_ii,Ps,Ps,33,9,old_testament_or_other,Bible:Ps.33.9,Ps. xxxiii. 9
volume_1,irenaeus,against_heresies_ii,Ps,Ps,148,5,old_testament_or_other,Bible:Ps.148.5,Ps. cxlviii. 5
volume_1,irenaeus,against_heresies_ii,Gen,Gen,1,1,old_testament_or_other,Bible:Gen.1.1,Gen. i. 1
volume_1,irenaeus,against_heresies_ii,Eph,Eph,4,6,new_testament,Bible:Eph.4.6,Eph. iv. 6
volume_1,irenaeus,against_heresies_ii,Matt,Matt,11,27,new_testament,Bible:Matt.11.27,Matt. xi. 27
volume_1,irenaeus,against_heresies_ii,Matt,Matt,25,41,new_testament,Bible:Matt.25.41,Matt. xxv. 41
volume_1,irenaeus,against_heresies_ii,Dan,Dan,7,10,old_testament_or_other,Bible:Dan.7.10,Dan. vii. 10
volume_1,irenaeus,against_heresies_ii,Matt,Matt,5,16,new_testament,Bible:Matt.5.16,Matt. v. 16
volume_1,irenaeus,against_heresies_ii,Matt,Matt,5,45,new_testament,Bible:Matt.5.45,Matt. v. 45
volume_1,irenaeus,against_heresies_ii,Matt,Matt,6,9,new_testament,Bible:Matt.6.9,Matt. vi. 9
volume_1,irenaeus,against_heresies_ii,Rom,Rom,1,25,new_testament,Bible:Rom.1.25,Rom. i. 25
volume_1,irenaeus,against_heresies_ii,Gal,Gal,4,8,new_testament,Bible:Gal.4.8,Gal. iv. 8
volume_1,irenaeus,against_heresies_ii,Isa,Isa,46,9,old_testament_or_other,Bible:Isa.46.9,Isa. xlvi. 9
volume_1,irenaeus,against_heresies_ii,Luke,Luke,18,27,new_testament,Bible:Luke.18.27,Luke xviii. 27
volume_1,irenaeus,against_heresies_ii,Isa,Isa,55,8,old_testament_or_other,Bible:Isa.55.8,Isa. lv. 8
volume_1,irenaeus,against_heresies_ii,Matt,Matt,7,7,new_testament,Bible:Matt.7.7,Matt. vii. 7
volume_1,irenaeus,against_heresies_ii,1Cor,1Cor,15,41,new_testament,Bible:1Cor.15.41,1 Cor. xv. 41
volume_1,irenaeus,against_heresies_ii,John,John,9,1,new_testament,Bible:John.9.1,John ix. 1
volume_1,irenaeus,against_heresies_ii,1Pet,1Pet,1,12,new_testament,Bible:1Pet.1.12,1 Pet. i. 12
volume_1,irenaeus,against_heresies_ii,Matt,Matt,12,36,new_testament,Bible:Matt.12.36,Matt. xii. 36
volume_1,irenaeus,against_heresies_ii,1Thess,1Thess,5,23,new_testament,Bible:1Thess.5.23,1 Thess. v. 23
volume_1,irenaeus,against_heresies_ii,1Cor,1Cor,15,44,new_testament,Bible:1Cor.15.44,1 Cor. xv. 44
volume_1,irenaeus,against_heresies_ii,2Cor,2Cor,5,4,new_testament,Bible:2Cor.5.4,2 Cor. v. 4
volume_1,irenaeus,against_heresies_ii,1Cor,1Cor|1Cor,1,26,new_testament,Bible:1Cor.1.26 Bible:1Cor.1.28,"1 Cor. i. 26, 28"
volume_1,irenaeus,against_heresies_ii,Acts,Acts,1,20,new_testament,Bible:Acts.1.20,Acts i. 20
volume_1,irenaeus,against_heresies_ii,Ps,Ps,109,8,old_testament_or_other,Bible:Ps.109.8,Ps. cix. 8
volume_1,irenaeus,against_heresies_ii,Ps,Ps,68,18,old_testament_or_other,Bible:Ps.68.18,Ps. lxviii. 18
volume_1,irenaeus,against_heresies_ii,Eph,Eph,4,8,new_testament,Bible:Eph.4.8,Eph. iv. 8
volume_1,irenaeus,against_heresies_ii,Luke,Luke,10,19,new_testament,Bible:Luke.10.19,Luke x. 19
volume_1,irenaeus,against_heresies_ii,Mark,Mark,16,17,new_testament,Bible:Mark.16.17-Mark.16.18,"Mark xvi. 17, 18"
volume_1,irenaeus,against_heresies_ii,Matt,Matt,26,24,new_testament,Bible:Matt.26.24,Matt. xxvi. 24
volume_1,irenaeus,against_heresies_ii,Mark,Mark,14,21,new_testament,Bible:Mark.14.21,Mark xiv. 21
volume_1,irenaeus,against_heresies_ii,John,John,17,12,new_testament,Bible:John.17.12,John xvii. 12
volume_1,irenaeus,against_heresies_ii,Luke,Luke,10,1,new_testament,Bible:Luke.10.1,Luke x. 1
volume_1,irenaeus,against_heresies_ii,2Tim,2Tim,4,3,new_testament,Bible:2Tim.4.3,2 Tim. iv. 3
volume_1,irenaeus,against_heresies_ii,1Tim,1Tim,4,2,new_testament,Bible:1Tim.4.2,1 Tim. iv. 2
volume_1,irenaeus,against_heresies_ii,Isa,Isa,61,2,old_testament_or_other,Bible:Isa.61.2,Isa. lxi. 2
volume_1,irenaeus,against_heresies_ii,Isa,Isa,5,12,old_testament_or_other,Bible:Isa.5.12,Isa. v. 12
volume_1,irenaeus,against_heresies_ii,Rom,Rom,8,36,new_testament,Bible:Rom.8.36,Rom. viii. 36
volume_1,irenaeus,against_heresies_ii,John,John,2,23,new_testament,Bible:John.2.23,John ii. 23
volume_1,irenaeus,against_heresies_ii,John,John,4,50,new_testament,Bible:John.4.50,John iv. 50
volume_1,irenaeus,against_heresies_ii,John,John,5,1,new_testament,Bible:John.5.1,John v. 1
volume_1,irenaeus,against_heresies_ii,John,John,2,13,new_testament,Bible:John.2.13,John ii. 13
volume_1,irenaeus,against_heresies_ii,John,John,6,4,new_testament,Bible:John.6.4,John vi. 4
volume_1,irenaeus,against_heresies_ii,John,John,13,1,new_testament,Bible:John.13.1,John xiii. 1
volume_1,irenaeus,against_heresies_ii,John,John,6,1,new_testament,Bible:John.6.1,John vi. 1
volume_1,irenaeus,against_heresies_ii,John,John,11,54,new_testament,Bible:John.11.54,John xi. 54
volume_1,irenaeus,against_heresies_ii,John,John,12,1,new_testament,Bible:John.12.1,John xii. 1
volume_1,irenaeus,against_heresies_ii,Col,Col,1,18,new_testament,Bible:Col.1.18,Col. i. 18
volume_1,irenaeus,against_heresies_ii,Acts,Acts,3,15,new_testament,Bible:Acts.3.15,Acts iii. 15
volume_1,irenaeus,against_heresies_ii,John,John,8,56,new_testament,Bible:John.8.56-John.8.57,"John viii. 56, 57"
volume_1,irenaeus,against_heresies_ii,Isa,Isa,53,2,old_testament_or_other,Bible:Isa.53.2,Isa. liii. 2
volume_1,irenaeus,against_heresies_ii,Luke,Luke,3,23,new_testament,Bible:Luke.3.23,Luke iii. 23
volume_1,irenaeus,against_heresies_ii,Luke,Luke,13,16,new_testament,Bible:Luke.13.16,Luke xiii. 16
volume_1,irenaeus,against_heresies_ii,John,John,5,5,new_testament,Bible:John.5.5,John v. 5
volume_1,irenaeus,against_heresies_ii,Exod,Exod,25,10,old_testament_or_other,Bible:Exod.25.10,Ex. xxv. 10
volume_1,irenaeus,against_heresies_ii,Exod,Exod,25,17,old_testament_or_other,Bible:Exod.25.17,Ex. xxv. 17
volume_1,irenaeus,against_heresies_ii,Exod,Exod,25,23,old_testament_or_other,Bible:Exod.25.23,Ex. xxv. 23
volume_1,irenaeus,against_heresies_ii,Exod,Exod,25,31,old_testament_or_other,Bible:Exod.25.31,Ex. xxv. 31
volume_1,irenaeus,against_heresies_ii,Exod,Exod,25,32,old_testament_or_other,Bible:Exod.25.32,Ex. xxv. 32
volume_1,irenaeus,against_heresies_ii,Exod,Exod,26,1,old_testament_or_other,Bible:Exod.26.1,Ex. xxvi. 1
volume_1,irenaeus,against_heresies_ii,Exod,Exod,26,7,old_testament_or_other,Bible:Exod.26.7,Ex. xxvi. 7
volume_1,irenaeus,against_heresies_ii,Exod,Exod,26,2,old_testament_or_other,Bible:Exod.26.2,Ex. xxvi. 2
volume_1,irenaeus,against_heresies_ii,Exod,Exod,26,16,old_testament_or_other,Bible:Exod.26.16,Ex. xxvi. 16
volume_1,irenaeus,against_heresies_ii,Exod,Exod,26,26,old_testament_or_other,Bible:Exod.26.26,Ex. xxvi. 26
volume_1,irenaeus,against_heresies_ii,Exod,Exod,30,23,old_testament_or_other,Bible:Exod.30.23,Ex. xxx. 23
volume_1,irenaeus,against_heresies_ii,Exod,Exod,30,34,old_testament_or_other,Bible:Exod.30.34,Ex. xxx. 34
volume_1,irenaeus,against_heresies_ii,Matt,Matt|Matt,14,19,new_testament,Bible:Matt.14.19 Bible:Matt.14.21,"Matt. xiv. 19, 21"
volume_1,irenaeus,against_heresies_ii,Mark,Mark|Mark,6,41,new_testament,Bible:Mark.6.41 Bible:Mark.6.44,"Mark vi. 41, 44"
volume_1,irenaeus,against_heresies_ii,Luke,Luke,9,13,new_testament,Bible:Luke.9.13-Luke.9.14,"Luke ix. 13, 14"
volume_1,irenaeus,against_heresies_ii,John,John,6,9,new_testament,Bible:John.6.9-John.6.11,"John vi. 9, 10, 11"
volume_1,irenaeus,against_heresies_ii,Matt,Matt,25,2,new_testament,Bible:Matt.25.2,Matt. xxv. 2
volume_1,irenaeus,against_heresies_ii,Matt,Matt,17,1,new_testament,Bible:Matt.17.1,Matt. xvii. 1
volume_1,irenaeus,against_heresies_ii,Luke,Luke,8,51,new_testament,Bible:Luke.8.51,Luke viii. 51
volume_1,irenaeus,against_heresies_ii,Luke,Luke,16,28,new_testament,Bible:Luke.16.28,Luke xvi. 28
volume_1,irenaeus,against_heresies_ii,Exod,Exod,26,37,old_testament_or_other,Bible:Exod.26.37,Ex. xxvi. 37
volume_1,irenaeus,against_heresies_ii,Exod,Exod,27,1,old_testament_or_other,Bible:Exod.27.1,Ex. xxvii. 1
volume_1,irenaeus,against_heresies_ii,Exod,Exod,28,1,old_testament_or_other,Bible:Exod.28.1,Ex. xxviii. 1
volume_1,irenaeus,against_heresies_ii,Exod,Exod,28,5,old_testament_or_other,Bible:Exod.28.5,Ex. xxviii. 5
volume_1,irenaeus,against_heresies_ii,Josh,Josh,10,17,old_testament_or_other,Bible:Josh.10.17,Josh. x. 17
volume_1,irenaeus,against_heresies_ii,1Cor,1Cor,8,1,new_testament,Bible:1Cor.8.1,1 Cor. viii. 1
volume_1,irenaeus,against_heresies_ii,Matt,Matt,10,30,new_testament,Bible:Matt.10.30,Matt. x. 30
volume_1,irenaeus,against_heresies_ii,Matt,Matt,10,29,new_testament,Bible:Matt.10.29,Matt. x. 29
volume_1,irenaeus,against_heresies_ii,Matt,Matt,25,5,new_testament,Bible:Matt.25.5,Matt. xxv. 5
volume_1,irenaeus,against_heresies_ii,Matt,Matt,7,25,new_testament,Bible:Matt.7.25,Matt. vii. 25
volume_1,irenaeus,against_heresies_ii,1Cor,1Cor,13,13,new_testament,Bible:1Cor.13.13,1 Cor. xiii. 13
volume_1,irenaeus,against_heresies_ii,Isa,Isa,53,8,old_testament_or_other,Bible:Isa.53.8,Isa. liii. 8
volume_1,irenaeus,against_heresies_ii,Mark,Mark,13,32,new_testament,Bible:Mark.13.32,Mark xiii. 32
volume_1,irenaeus,against_heresies_ii,Matt,Matt,10,24,new_testament,Bible:Matt.10.24,Matt. x. 24
volume_1,irenaeus,against_heresies_ii,Luke,Luke,11,40,new_testament,Bible:Luke.11.40,Luke xi. 40
volume_1,irenaeus,against_heresies_ii,Ps,Ps,110,1,old_testament_or_other,Bible:Ps.110.1,Ps. cx. 1
volume_1,irenaeus,against_heresies_ii,1Cor,1Cor,2,10,new_testament,Bible:1Cor.2.10,1 Cor. ii. 10
volume_1,irenaeus,against_heresies_ii,1Cor,1Cor,12,4,new_testament,Bible:1Cor.12.4-1Cor.12.6,"1 Cor. xii. 4, 5, 6"
volume_1,irenaeus,against_heresies_ii,1Cor,1Cor,13,9,new_testament,Bible:1Cor.13.9,1 Cor. xiii. 9
volume_1,irenaeus,against_heresies_ii,Gen,Gen,40,8,old_testament_or_other,Bible:Gen.40.8,Gen. xl. 8
volume_1,irenaeus,against_heresies_ii,Deut,Deut,29,29,old_testament_or_other,Bible:Deut.29.29,Deut. xxix. 29
volume_1,irenaeus,against_heresies_ii,Ps,Ps,131,,old_testament_or_other,Bible:Ps.131,Ps. cxxxi.
volume_1,irenaeus,against_heresies_ii,John,John,14,28,new_testament,Bible:John.14.28,John xiv. 28
volume_1,irenaeus,against_heresies_ii,Wis,Wis|Wis,9,13,deuterocanonical,Bible:Wis.9.13 Bible:Wis.9.17,"Wisdom ix. 13, 17"
volume_1,irenaeus,against_heresies_ii,Ps,Ps|Ps,104,2,old_testament_or_other,Bible:Ps.104.2 Bible:Ps.104.4,"Ps. civ. 2, 4"
volume_1,irenaeus,against_heresies_ii,Isa,Isa|Isa,40,12,old_testament_or_other,Bible:Isa.40.12 Bible:Isa.40.22,"Isa. xl. 12, 22"
volume_1,irenaeus,against_heresies_ii,2Cor,2Cor,12,2,new_testament,Bible:2Cor.12.2-2Cor.12.4,"2 Cor. xii. 2, 3, 4"
volume_1,irenaeus,against_heresies_ii,2Cor,2Cor,12,3,new_testament,Bible:2Cor.12.3,2 Cor. xii. 3
volume_1,irenaeus,against_heresies_ii,Heb,Heb,1,3,new_testament,Bible:Heb.1.3,Heb. i. 3
volume_1,irenaeus,against_heresies_ii,2Tim,2Tim,2,17,new_testament,Bible:2Tim.2.17-2Tim.2.18,"2 Tim. ii. 17, 18"
volume_1,irenaeus,against_heresies_ii,Rev,Rev,12,14,new_testament,Bible:Rev.12.14,Rev. xii. 14
volume_1,irenaeus,against_heresies_ii,Matt,Matt,5,21,new_testament,Bible:Matt.5.21,Matt. v. 21
volume_1,irenaeus,against_heresies_ii,Matt,Matt,13,43,new_testament,Bible:Matt.13.43,Matt. xiii. 43
volume_1,irenaeus,against_heresies_ii,Mark,Mark,9,44,new_testament,Bible:Mark.9.44,Mark ix. 44
volume_1,irenaeus,against_heresies_ii,Acts,Acts|Acts,8,9,new_testament,Bible:Acts.8.9 Bible:Acts.8.18,"Acts viii. 9, 18"
volume_1,irenaeus,against_heresies_ii,Matt,Matt,10,8,new_testament,Bible:Matt.10.8,Matt. x. 8
volume_1,irenaeus,against_heresies_ii,Luke,Luke,16,19,new_testament,Bible:Luke.16.19,Luke xvi. 19
volume_1,irenaeus,against_heresies_ii,Ps,Ps,148,5,old_testament_or_other,Bible:Ps.148.5-Ps.148.6,"Ps. cxlviii. 5, 6"
volume_1,irenaeus,against_heresies_ii,Ps,Ps,21,4,old_testament_or_other,Bible:Ps.21.4,Ps. xxi. 4
volume_1,irenaeus,against_heresies_ii,Luke,Luke,16,11,new_testament,Bible:Luke.16.11,Luke xvi. 11
volume_1,irenaeus,against_heresies_ii,Gen,Gen,2,7,old_testament_or_other,Bible:Gen.2.7,Gen. ii. 7
volume_1,irenaeus,against_heresies_iii,Luke,Luke,10,16,new_testament,Bible:Luke.10.16,Luke x. 16
volume_1,irenaeus,against_heresies_iii,1Tim,1Tim,3,15,new_testament,Bible:1Tim.3.15,1 Tim. iii. 15
volume_1,irenaeus,against_heresies_iii,1Cor,1Cor,2,6,new_testament,Bible:1Cor.2.6,1 Cor. ii. 6
volume_1,irenaeus,against_heresies_iii,Titus,Titus,3,10,new_testament,Bible:Titus.3.10,Tit. iii. 10
volume_1,irenaeus,against_heresies_iii,Rev,Rev,22,17,new_testament,Bible:Rev.22.17,Rev. xxii. 17
volume_1,irenaeus,against_heresies_iii,2Thess,2Thess,2,15,new_testament,Bible:2Thess.2.15,2 Thess. ii. 15
volume_1,irenaeus,against_heresies_iii,2Thess,2Thess,3,6,new_testament,Bible:2Thess.3.6,2 Thess. iii. 6
volume_1,irenaeus,against_heresies_iii,John,John,14,6,new_testament,Bible:John.14.6,John xiv. 6
volume_1,irenaeus,against_heresies_iii,Ps,Ps,85,11,old_testament_or_other,Bible:Ps.85.11,Ps. lxxxv. 11
volume_1,irenaeus,against_heresies_iii,Luke,Luke,5,31,new_testament,Bible:Luke.5.31-Luke.5.32,"Luke v. 31, 32"
volume_1,irenaeus,against_heresies_iii,Eph,Eph,2,17,new_testament,Bible:Eph.2.17,Eph. ii. 17
volume_1,irenaeus,against_heresies_iii,Gen,Gen,9,27,old_testament_or_other,Bible:Gen.9.27,Gen. ix. 27
volume_1,irenaeus,against_heresies_iii,Ps,Ps,110,1,old_testament_or_other,Bible:Ps.110.1,Ps. cx. 1
volume_1,irenaeus,against_heresies_iii,Gen,Gen,19,24,old_testament_or_other,Bible:Gen.19.24,Gen. xix. 24
volume_1,irenaeus,against_heresies_iii,Ps,Ps,45,6,old_testament_or_other,Bible:Ps.45.6,Ps. xlv. 6
volume_1,irenaeus,against_heresies_iii,Ps,Ps,82,1,old_testament_or_other,Bible:Ps.82.1,Ps. lxxxii. 1
volume_1,irenaeus,against_heresies_iii,Ps,Ps,50,1,old_testament_or_other,Bible:Ps.50.1,Ps. l. 1
volume_1,irenaeus,against_heresies_iii,Ps,Ps,50,3,old_testament_or_other,Bible:Ps.50.3,Ps. l. 3
volume_1,irenaeus,against_heresies_iii,Isa,Isa,65,1,old_testament_or_other,Bible:Isa.65.1,Isa. lxv. 1
volume_1,irenaeus,against_heresies_iii,Ps,Ps,82,6,old_testament_or_other,Bible:Ps.82.6,Ps. lxxxii. 6
volume_1,irenaeus,against_heresies_iii,Rom,Rom,8,15,new_testament,Bible:Rom.8.15,Rom. viii. 15
volume_1,irenaeus,against_heresies_iii,Exod,Exod,3,14,old_testament_or_other,Bible:Exod.3.14,Ex. iii. 14
volume_1,irenaeus,against_heresies_iii,Exod,Exod,3,8,old_testament_or_other,Bible:Exod.3.8,Ex. iii. 8
volume_1,irenaeus,against_heresies_iii,Isa,Isa,43,10,old_testament_or_other,Bible:Isa.43.10,Isa. xliii. 10
volume_1,irenaeus,against_heresies_iii,Ps,Ps,96,5,old_testament_or_other,Bible:Ps.96.5,Ps. xcvi. 5
volume_1,irenaeus,against_heresies_iii,Ps,Ps,81,9,old_testament_or_other,Bible:Ps.81.9,Ps. lxxxi. 9
volume_1,irenaeus,against_heresies_iii,Isa,Isa,44,9,old_testament_or_other,Bible:Isa.44.9,Isa. xliv. 9
volume_1,irenaeus,against_heresies_iii,Jer,Jer,10,11,old_testament_or_other,Bible:Jer.10.11,Jer. x. 11
volume_1,irenaeus,against_heresies_iii,1Kgs,1Kgs,18,21,old_testament_or_other,Bible:1Kgs.18.21,1 Kings xviii. 21
volume_1,irenaeus,against_heresies_iii,1Kgs,1Kgs,18,36,old_testament_or_other,Bible:1Kgs.18.36,1 Kings xviii. 36
volume_1,irenaeus,against_heresies_iii,Gal,Gal,4,8,new_testament,Bible:Gal.4.8-Gal.4.9,"Gal. iv. 8, 9"
volume_1,irenaeus,against_heresies_iii,2Thess,2Thess,2,4,new_testament,Bible:2Thess.2.4,2 Thess. ii. 4
volume_1,irenaeus,against_heresies_iii,1Cor,1Cor,8,4,new_testament,Bible:1Cor.8.4,1 Cor. viii. 4
volume_1,irenaeus,against_heresies_iii,Deut,Deut,5,8,old_testament_or_other,Bible:Deut.5.8,Deut. v. 8
volume_1,irenaeus,against_heresies_iii,Deut,Deut,4,19,old_testament_or_other,Bible:Deut.4.19,Deut. iv. 19
volume_1,irenaeus,against_heresies_iii,Exod,Exod,7,1,old_testament_or_other,Bible:Exod.7.1,Ex. vii. 1
volume_1,irenaeus,against_heresies_iii,Heb,Heb,3,5,new_testament,Bible:Heb.3.5,Heb. iii. 5
volume_1,irenaeus,against_heresies_iii,Num,Num,12,7,old_testament_or_other,Bible:Num.12.7,Num. xii. 7
volume_1,irenaeus,against_heresies_iii,2Cor,2Cor,4,4,new_testament,Bible:2Cor.4.4,2 Cor. iv. 4
volume_1,irenaeus,against_heresies_iii,Gal,Gal,3,19,new_testament,Bible:Gal.3.19,Gal. iii. 19
volume_1,irenaeus,against_heresies_iii,2Thess,2Thess,2,8,new_testament,Bible:2Thess.2.8,2 Thess. ii. 8
volume_1,irenaeus,against_heresies_iii,Matt,Matt,6,24,new_testament,Bible:Matt.6.24,Matt. vi. 24
volume_1,irenaeus,against_heresies_iii,Matt,Matt,22,21,new_testament,Bible:Matt.22.21,Matt. xxii. 21
volume_1,irenaeus,against_heresies_iii,John,John,8,34,new_testament,Bible:John.8.34,John viii. 34
volume_1,irenaeus,against_heresies_iii,Matt,Matt,12,29,new_testament,Bible:Matt.12.29,Matt. xii. 29
volume_1,irenaeus,against_heresies_iii,Jer,Jer,31,11,old_testament_or_other,Bible:Jer.31.11,Jer. xxxi. 11
volume_1,irenaeus,against_heresies_iii,John,John,1,3,new_testament,Bible:John.1.3,John i. 3
volume_1,irenaeus,against_heresies_iii,Ps,Ps,33,6,old_testament_or_other,Bible:Ps.33.6,Ps. xxxiii. 6
volume_1,irenaeus,against_heresies_iii,Ps,Ps,115,3,old_testament_or_other,Bible:Ps.115.3,Ps. cxv. 3
volume_1,irenaeus,against_heresies_iii,Gen,Gen,15,5,old_testament_or_other,Bible:Gen.15.5,Gen. xv. 5
volume_1,irenaeus,against_heresies_iii,Rom,Rom,9,25,new_testament,Bible:Rom.9.25,Rom. ix. 25
volume_1,irenaeus,against_heresies_iii,Matt,Matt,3,7,new_testament,Bible:Matt.3.7,Matt. iii. 7
volume_1,irenaeus,against_heresies_iii,Matt,Matt,3,3,new_testament,Bible:Matt.3.3,Matt. iii. 3
volume_1,irenaeus,against_heresies_iii,Matt,Matt,1,20,new_testament,Bible:Matt.1.20,Matt. i. 20
volume_1,irenaeus,against_heresies_iii,Matt,Matt,2,15,new_testament,Bible:Matt.2.15,Matt. ii. 15
volume_1,irenaeus,against_heresies_iii,Matt,Matt,1,23,new_testament,Bible:Matt.1.23,Matt. i. 23
volume_1,irenaeus,against_heresies_iii,Ps,Ps,132,11,old_testament_or_other,Bible:Ps.132.11,Ps. cxxxii. 11
volume_1,irenaeus,against_heresies_iii,Ps,Ps,76,1,old_testament_or_other,Bible:Ps.76.1,Ps. lxxvi. 1
volume_1,irenaeus,against_heresies_iii,Num,Num,24,17,old_testament_or_other,Bible:Num.24.17,Num. xxiv. 17
volume_1,irenaeus,against_heresies_iii,Matt,Matt,2,2,new_testament,Bible:Matt.2.2,Matt. ii. 2
volume_1,irenaeus,against_heresies_iii,Luke,Luke,1,33,new_testament,Bible:Luke.1.33,Luke i. 33
volume_1,irenaeus,against_heresies_iii,Matt,Matt,3,16,new_testament,Bible:Matt.3.16,Matt. iii. 16
volume_1,irenaeus,against_heresies_iii,Isa,Isa,11,1,old_testament_or_other,Bible:Isa.11.1,Isa. xi. 1
volume_1,irenaeus,against_heresies_iii,Isa,Isa,61,1,old_testament_or_other,Bible:Isa.61.1,Isa. lxi. 1
volume_1,irenaeus,against_heresies_iii,John,John,2,25,new_testament,Bible:John.2.25,John ii. 25
volume_1,irenaeus,against_heresies_iii,Prov,Prov,5,22,old_testament_or_other,Bible:Prov.5.22,Prov. v. 22
volume_1,irenaeus,against_heresies_iii,Luke,Luke,1,6,new_testament,Bible:Luke.1.6,Luke i. 6
volume_1,irenaeus,against_heresies_iii,Luke,Luke,1,8,new_testament,Bible:Luke.1.8,Luke i. 8
volume_1,irenaeus,against_heresies_iii,Luke,Luke,1,15,new_testament,Bible:Luke.1.15,Luke i. 15
volume_1,irenaeus,against_heresies_iii,Matt,Matt|Matt,11,9,new_testament,Bible:Matt.11.9 Bible:Matt.11.11,"Matt. xi. 9, 11"
volume_1,irenaeus,against_heresies_iii,Ps,Ps,58,3,old_testament_or_other,Bible:Ps.58.3,Ps. lviii. 3
volume_1,irenaeus,against_heresies_iii,Luke,Luke,1,26,new_testament,Bible:Luke.1.26,Luke i. 26
volume_1,irenaeus,against_heresies_iii,Luke,Luke,1,32,new_testament,Bible:Luke.1.32-Luke.1.33,"Luke i. 32, 33"
volume_1,irenaeus,against_heresies_iii,Luke,Luke,1,46,new_testament,Bible:Luke.1.46-Luke.1.47,"Luke i. 46, 47"
volume_1,irenaeus,against_heresies_iii,Luke,Luke,1,78,new_testament,Bible:Luke.1.78,Luke i. 78
volume_1,irenaeus,against_heresies_iii,Rom,Rom,3,30,new_testament,Bible:Rom.3.30,Rom. iii. 30
volume_1,irenaeus,against_heresies_iii,Luke,Luke,1,68,new_testament,Bible:Luke.1.68,Luke i. 68
volume_1,irenaeus,against_heresies_iii,Luke,Luke,1,76,new_testament,Bible:Luke.1.76,Luke i. 76
volume_1,irenaeus,against_heresies_iii,John,John,1,29,new_testament,Bible:John.1.29,John i. 29
volume_1,irenaeus,against_heresies_iii,John,John,1,15,new_testament,Bible:John.1.15-John.1.16,"John i. 15, 16"
volume_1,irenaeus,against_heresies_iii,Gen,Gen,49,18,old_testament_or_other,Bible:Gen.49.18,Gen. xlix. 18
volume_1,irenaeus,against_heresies_iii,Isa,Isa,12,2,old_testament_or_other,Bible:Isa.12.2,Isa. xii. 2
volume_1,irenaeus,against_heresies_iii,Ps,Ps,98,2,old_testament_or_other,Bible:Ps.98.2,Ps. xcviii. 2
volume_1,irenaeus,against_heresies_iii,Lam,Lam,4,20,old_testament_or_other,Bible:Lam.4.20,Lam. iv. 20
volume_1,irenaeus,against_heresies_iii,John,John,1,14,new_testament,Bible:John.1.14,John i. 14
volume_1,irenaeus,against_heresies_iii,Luke,Luke,2,11,new_testament,Bible:Luke.2.11,Luke ii. 11
volume_1,irenaeus,against_heresies_iii,Ps,Ps,124,8,old_testament_or_other,Bible:Ps.124.8,Ps. cxxiv. 8
volume_1,irenaeus,against_heresies_iii,Ps,Ps,95,4,old_testament_or_other,Bible:Ps.95.4,Ps. xcv. 4
volume_1,irenaeus,against_heresies_iii,Luke,Luke,2,20,new_testament,Bible:Luke.2.20,Luke ii. 20
volume_1,irenaeus,against_heresies_iii,Luke,Luke,2,22,new_testament,Bible:Luke.2.22,Luke ii. 22
volume_1,irenaeus,against_heresies_iii,Luke,Luke,2,29,new_testament,Bible:Luke.2.29,Luke ii. 29
volume_1,irenaeus,against_heresies_iii,Luke,Luke,2,38,new_testament,Bible:Luke.2.38,Luke ii. 38
volume_1,irenaeus,against_heresies_iii,Mark,Mark,1,2,new_testament,Bible:Mark.1.2,Mark i. 2
volume_1,irenaeus,against_heresies_iii,Luke,Luke,1,17,new_testament,Bible:Luke.1.17,Luke i. 17
volume_1,irenaeus,against_heresies_iii,Mark,Mark,16,19,new_testament,Bible:Mark.16.19,Mark xvi. 19
volume_1,irenaeus,against_heresies_iii,John,John,1,1,new_testament,Bible:John.1.1,John i. 1
volume_1,irenaeus,against_heresies_iii,John,John,1,10,new_testament,Bible:John.1.10-John.1.11,"John i. 10, 11"
volume_1,irenaeus,against_heresies_iii,John,John,1,6,new_testament,Bible:John.1.6,John i. 6
volume_1,irenaeus,against_heresies_iii,Mal,Mal,3,1,old_testament_or_other,Bible:Mal.3.1,Mal. iii. 1
volume_1,irenaeus,against_heresies_iii,Matt,Matt,11,9,new_testament,Bible:Matt.11.9,Matt. xi. 9
volume_1,irenaeus,against_heresies_iii,Luke,Luke,7,26,new_testament,Bible:Luke.7.26,Luke vii. 26
volume_1,irenaeus,against_heresies_iii,1Cor,1Cor,12,28,new_testament,Bible:1Cor.12.28,1 Cor. xii. 28
volume_1,irenaeus,against_heresies_iii,John,John,2,3,new_testament,Bible:John.2.3,John ii. 3
volume_1,irenaeus,against_heresies_iii,John,John,6,11,new_testament,Bible:John.6.11,John vi. 11
volume_1,irenaeus,against_heresies_iii,John,John,1,18,new_testament,Bible:John.1.18,John i. 18
volume_1,irenaeus,against_heresies_iii,John,John,1,47,new_testament,Bible:John.1.47,John i. 47
volume_1,irenaeus,against_heresies_iii,John,John,1,49,new_testament,Bible:John.1.49,John i. 49
volume_1,irenaeus,against_heresies_iii,John,John,6,69,new_testament,Bible:John.6.69,John vi. 69
volume_1,irenaeus,against_heresies_iii,Matt,Matt,12,18,new_testament,Bible:Matt.12.18,Matt. xii. 18
volume_1,irenaeus,against_heresies_iii,Ps,Ps,80,1,old_testament_or_other,Bible:Ps.80.1,Ps. lxxx. 1
volume_1,irenaeus,against_heresies_iii,Rev,Rev,4,7,new_testament,Bible:Rev.4.7,Rev. iv. 7
volume_1,irenaeus,against_heresies_iii,Matt,Matt|Matt,1,1,new_testament,Bible:Matt.1.1 Bible:Matt.1.18,"Matt. i. 1, 18"
volume_1,irenaeus,against_heresies_iii,Gen,Gen,3,24,old_testament_or_other,Bible:Gen.3.24,Gen. iii. 24
volume_1,irenaeus,against_heresies_iii,Gen,Gen,4,16,old_testament_or_other,Bible:Gen.4.16,Gen. iv. 16
volume_1,irenaeus,against_heresies_iii,John,John,14,16,new_testament,Bible:John.14.16,John xiv. 16
volume_1,irenaeus,against_heresies_iii,1Cor,1Cor,11,4,new_testament,Bible:1Cor.11.4-1Cor.11.5,"1 Cor. xi. 4, 5"
volume_1,irenaeus,against_heresies_iii,Matt,Matt,12,31,new_testament,Bible:Matt.12.31,Matt. xii. 31
volume_1,irenaeus,against_heresies_iii,Acts,Acts,1,16,new_testament,Bible:Acts.1.16,Acts i. 16
volume_1,irenaeus,against_heresies_iii,Ps,Ps,69,25,old_testament_or_other,Bible:Ps.69.25,Ps. lxix. 25
volume_1,irenaeus,against_heresies_iii,Ps,Ps,109,8,old_testament_or_other,Bible:Ps.109.8,Ps. cix. 8
volume_1,irenaeus,against_heresies_iii,Joel,Joel,2,28,old_testament_or_other,Bible:Joel.2.28,Joel ii. 28
volume_1,irenaeus,against_heresies_iii,Ps,Ps,15,8,old_testament_or_other,Bible:Ps.15.8,Ps. xv. 8
volume_1,irenaeus,against_heresies_iii,Acts,Acts,2,22,new_testament,Bible:Acts.2.22-Acts.2.27,Acts ii. 22–27
volume_1,irenaeus,against_heresies_iii,Acts,Acts,2,30,new_testament,Bible:Acts.2.30-Acts.2.37,Acts ii. 30–37
volume_1,irenaeus,against_heresies_iii,Acts,Acts,2,37,new_testament,Bible:Acts.2.37-Acts.2.38,"Acts ii. 37, 38"
volume_1,irenaeus,against_heresies_iii,Acts,Acts,3,6,new_testament,Bible:Acts.3.6,Acts iii. 6
volume_1,irenaeus,against_heresies_iii,Acts,Acts,3,12,new_testament,Bible:Acts.3.12,Acts iii. 12
volume_1,irenaeus,against_heresies_iii,Acts,Acts,4,2,new_testament,Bible:Acts.4.2,Acts iv. 2
volume_1,irenaeus,against_heresies_iii,Acts,Acts,4,8,new_testament,Bible:Acts.4.8,Acts iv. 8
volume_1,irenaeus,against_heresies_iii,Acts,Acts,4,22,new_testament,Bible:Acts.4.22,Acts iv. 22
volume_1,irenaeus,against_heresies_iii,Acts,Acts,4,24,new_testament,Bible:Acts.4.24,Acts iv. 24
volume_1,irenaeus,against_heresies_iii,Acts,Acts,4,31,new_testament,Bible:Acts.4.31,Acts iv. 31
volume_1,irenaeus,against_heresies_iii,Acts,Acts,4,33,new_testament,Bible:Acts.4.33,Acts iv. 33
volume_1,irenaeus,against_heresies_iii,Acts,Acts,5,30,new_testament,Bible:Acts.5.30,Acts v. 30
volume_1,irenaeus,against_heresies_iii,Acts,Acts,5,42,new_testament,Bible:Acts.5.42,Acts v. 42
volume_1,irenaeus,against_heresies_iii,Acts,Acts,10,1,new_testament,Bible:Acts.10.1-Acts.10.5,Acts x. 1–5
volume_1,irenaeus,against_heresies_iii,Acts,Acts,10,15,new_testament,Bible:Acts.10.15,Acts x. 15
volume_1,irenaeus,against_heresies_iii,Acts,Acts,10,34,new_testament,Bible:Acts.10.34-Acts.10.35,"Acts x. 34, 35"
volume_1,irenaeus,against_heresies_iii,Acts,Acts,10,37,new_testament,Bible:Acts.10.37-Acts.10.44,Acts x. 37–44
volume_1,irenaeus,against_heresies_iii,Acts,Acts,8,32,new_testament,Bible:Acts.8.32,Acts viii. 32
volume_1,irenaeus,against_heresies_iii,Isa,Isa,53,7,old_testament_or_other,Bible:Isa.53.7-Isa.53.8,"Isa. liii. 7, 8"
volume_1,irenaeus,against_heresies_iii,Acts,Acts,8,37,new_testament,Bible:Acts.8.37,Acts viii. 37
volume_1,irenaeus,against_heresies_iii,Acts,Acts,9,20,new_testament,Bible:Acts.9.20,Acts ix. 20
volume_1,irenaeus,against_heresies_iii,Phil,Phil,2,8,new_testament,Bible:Phil.2.8,Phil. ii. 8
volume_1,irenaeus,against_heresies_iii,Acts,Acts,17,24,new_testament,Bible:Acts.17.24,Acts xvii. 24
volume_1,irenaeus,against_heresies_iii,Deut,Deut,32,8,old_testament_or_other,Bible:Deut.32.8,Deut. xxxii. 8
volume_1,irenaeus,against_heresies_iii,Deut,Deut,32,9,old_testament_or_other,Bible:Deut.32.9,Deut. xxxii. 9
volume_1,irenaeus,against_heresies_iii,Acts,Acts,14,15,new_testament,Bible:Acts.14.15-Acts.14.17,Acts xiv. 15–17
volume_1,irenaeus,against_heresies_iii,Acts,Acts,7,2,new_testament,Bible:Acts.7.2-Acts.7.8,Acts vii. 2–8
volume_1,irenaeus,against_heresies_iii,1Tim,1Tim,6,4,new_testament,Bible:1Tim.6.4,1 Tim. vi. 4
volume_1,irenaeus,against_heresies_iii,Acts,Acts,7,56,new_testament,Bible:Acts.7.56,Acts vii. 56
volume_1,irenaeus,against_heresies_iii,Hos,Hos,12,10,old_testament_or_other,Bible:Hos.12.10,Hos. xii. 10
volume_1,irenaeus,against_heresies_iii,Acts,Acts,15,15,new_testament,Bible:Acts.15.15,Acts xv. 15
volume_1,irenaeus,against_heresies_iii,Amos,Amos,9,11,old_testament_or_other,Bible:Amos.9.11-Amos.9.12,"Amos ix. 11, 12"
volume_1,irenaeus,against_heresies_iii,Acts,Acts,15,14,new_testament,Bible:Acts.15.14,Acts xv. 14
volume_1,irenaeus,against_heresies_iii,Acts,Acts,10,28,new_testament,Bible:Acts.10.28-Acts.10.29,"Acts x. 28, 29"
volume_1,irenaeus,against_heresies_iii,Acts,Acts,10,47,new_testament,Bible:Acts.10.47,Acts x. 47
volume_1,irenaeus,against_heresies_iii,Gal,Gal,2,12,new_testament,Bible:Gal.2.12-Gal.2.13,"Gal. ii. 12, 13"
volume_1,irenaeus,against_heresies_iii,Gal,Gal,2,8,new_testament,Bible:Gal.2.8,Gal. ii. 8
volume_1,irenaeus,against_heresies_iii,Rom,Rom,10,15,new_testament,Bible:Rom.10.15,Rom. x. 15
volume_1,irenaeus,against_heresies_iii,Isa,Isa,52,7,old_testament_or_other,Bible:Isa.52.7,Isa. lii. 7
volume_1,irenaeus,against_heresies_iii,1Cor,1Cor,15,11,new_testament,Bible:1Cor.15.11,1 Cor. xv. 11
volume_1,irenaeus,against_heresies_iii,John,John|John|John,14,7,new_testament,Bible:John.14.7 Bible:John.14.9 Bible:John.14.10,"John xiv. 7, 9, 10"
volume_1,irenaeus,against_heresies_iii,Matt,Matt,10,6,new_testament,Bible:Matt.10.6,Matt. x. 6
volume_1,irenaeus,against_heresies_iii,Matt,Matt,16,17,new_testament,Bible:Matt.16.17,Matt. xvi. 17
volume_1,irenaeus,against_heresies_iii,Gal,Gal,1,1,new_testament,Bible:Gal.1.1,Gal. i. 1
volume_1,irenaeus,against_heresies_iii,Gal,Gal,2,1,new_testament,Bible:Gal.2.1-Gal.2.2,"Gal. ii. 1, 2"
volume_1,irenaeus,against_heresies_iii,Gal,Gal,2,5,new_testament,Bible:Gal.2.5,Gal. ii. 5
volume_1,irenaeus,against_heresies_iii,Acts,Acts,16,8,new_testament,Bible:Acts.16.8,Acts xvi. 8
volume_1,irenaeus,against_heresies_iii,Acts,Acts,16,13,new_testament,Bible:Acts.16.13,Acts xvi. 13
volume_1,irenaeus,against_heresies_iii,Acts,Acts,20,5,new_testament,Bible:Acts.20.5-Acts.20.6,"Acts xx. 5, 6"
volume_1,irenaeus,against_heresies_iii,Acts,Acts,21,,new_testament,Bible:Acts.21,Acts xxi.
volume_1,irenaeus,against_heresies_iii,Acts,Acts,27,,new_testament,Bible:Acts.27,Acts xxvii.
volume_1,irenaeus,against_heresies_iii,Acts,Acts,28,11,new_testament,Bible:Acts.28.11,Acts xxviii. 11
volume_1,irenaeus,against_heresies_iii,2Tim,2Tim,4,10,new_testament,Bible:2Tim.4.10-2Tim.4.11,"2 Tim. iv. 10, 11"
volume_1,irenaeus,against_heresies_iii,Col,Col,4,14,new_testament,Bible:Col.4.14,Col. iv. 14
volume_1,irenaeus,against_heresies_iii,Acts,Acts,20,25,new_testament,Bible:Acts.20.25,Acts xx. 25
volume_1,irenaeus,against_heresies_iii,Luke,Luke,1,2,new_testament,Bible:Luke.1.2,Luke i. 2
volume_1,irenaeus,against_heresies_iii,Luke,Luke,6,24,new_testament,Bible:Luke.6.24,Luke vi. 24
volume_1,irenaeus,against_heresies_iii,Luke,Luke,5,,new_testament,Bible:Luke.5,Luke v.
volume_1,irenaeus,against_heresies_iii,Luke,Luke,13,,new_testament,Bible:Luke.13,Luke xiii.
volume_1,irenaeus,against_heresies_iii,Luke,Luke,11,,new_testament,Bible:Luke.11,Luke xi.
volume_1,irenaeus,against_heresies_iii,Luke,Luke,7,,new_testament,Bible:Luke.7,Luke vii.
volume_1,irenaeus,against_heresies_iii,Luke,Luke,12,20,new_testament,Bible:Luke.12.20,Luke xii. 20
volume_1,irenaeus,against_heresies_iii,Luke,Luke,16,,new_testament,Bible:Luke.16,Luke xvi.
volume_1,irenaeus,against_heresies_iii,Luke,Luke,17,5,new_testament,Bible:Luke.17.5,Luke xvii. 5
volume_1,irenaeus,against_heresies_iii,Luke,Luke,19,,new_testament,Bible:Luke.19,Luke xix.
volume_1,irenaeus,against_heresies_iii,Luke,Luke,18,,new_testament,Bible:Luke.18,Luke xviii.
volume_1,irenaeus,against_heresies_iii,Luke,Luke,17,,new_testament,Bible:Luke.17,Luke xvii.
volume_1,irenaeus,against_heresies_iii,Luke,Luke,24,,new_testament,Bible:Luke.24,Luke xxiv.
volume_1,irenaeus,against_heresies_iii,Acts,Acts,22,8,new_testament,Bible:Acts.22.8,Acts xxii. 8
volume_1,irenaeus,against_heresies_iii,Acts,Acts,26,15,new_testament,Bible:Acts.26.15,Acts xxvi. 15
volume_1,irenaeus,against_heresies_iii,Acts,Acts,9,15,new_testament,Bible:Acts.9.15-Acts.9.16,"Acts ix. 15, 16"
volume_1,irenaeus,against_heresies_iii,Matt,Matt,1,1,new_testament,Bible:Matt.1.1,Matt. i. 1
volume_1,irenaeus,against_heresies_iii,Matt,Matt,1,18,new_testament,Bible:Matt.1.18,Matt. i. 18
volume_1,irenaeus,against_heresies_iii,John,John,1,13,new_testament,Bible:John.1.13-John.1.14,"John i. 13, 14"
volume_1,irenaeus,against_heresies_iii,Rom,Rom,1,1,new_testament,Bible:Rom.1.1-Rom.1.4,Rom. i. 1–4
volume_1,irenaeus,against_heresies_iii,Rom,Rom,9,5,new_testament,Bible:Rom.9.5,Rom. ix. 5
volume_1,irenaeus,against_heresies_iii,Gal,Gal,4,4,new_testament,Bible:Gal.4.4-Gal.4.5,"Gal. iv. 4, 5"
volume_1,irenaeus,against_heresies_iii,Col,Col,1,14,new_testament,Bible:Col.1.14-Col.1.15,"Col. i. 14, 15"
volume_1,irenaeus,against_heresies_iii,Mark,Mark,1,1,new_testament,Bible:Mark.1.1,Mark i. 1
volume_1,irenaeus,against_heresies_iii,Isa,Isa,9,6,old_testament_or_other,Bible:Isa.9.6,Isa. ix. 6
volume_1,irenaeus,against_heresies_iii,Luke,Luke,1,69,new_testament,Bible:Luke.1.69,Luke i. 69
volume_1,irenaeus,against_heresies_iii,Ps,Ps,78,5,old_testament_or_other,Bible:Ps.78.5,Ps. lxxviii. 5
volume_1,irenaeus,against_heresies_iii,Luke,Luke,1,32,new_testament,Bible:Luke.1.32,Luke i. 32
volume_1,irenaeus,against_heresies_iii,Isa,Isa,8,3,old_testament_or_other,Bible:Isa.8.3,Isa. viii. 3
volume_1,irenaeus,against_heresies_iii,Isa,Isa,8,4,old_testament_or_other,Bible:Isa.8.4,Isa. viii. 4
volume_1,irenaeus,against_heresies_iii,Exod,Exod,17,16,old_testament_or_other,Bible:Exod.17.16,Ex. xvii. 16
volume_1,irenaeus,against_heresies_iii,Matt,Matt,2,16,new_testament,Bible:Matt.2.16,Matt. ii. 16
volume_1,irenaeus,against_heresies_iii,Luke,Luke,24,25,new_testament,Bible:Luke.24.25,Luke xxiv. 25
volume_1,irenaeus,against_heresies_iii,Luke,Luke,24,44,new_testament,Bible:Luke.24.44,Luke xxiv. 44
volume_1,irenaeus,against_heresies_iii,Mark,Mark,8,31,new_testament,Bible:Mark.8.31,Mark viii. 31
volume_1,irenaeus,against_heresies_iii,Luke,Luke,9,22,new_testament,Bible:Luke.9.22,Luke ix. 22
volume_1,irenaeus,against_heresies_iii,John,John,20,31,new_testament,Bible:John.20.31,John xx. 31
volume_1,irenaeus,against_heresies_iii,1John,1John,2,18,new_testament,Bible:1John.2.18,1 John ii. 18
volume_1,irenaeus,against_heresies_iii,Eph,Eph,1,10,new_testament,Bible:Eph.1.10,Eph. i. 10
volume_1,irenaeus,against_heresies_iii,John,John,2,4,new_testament,Bible:John.2.4,John ii. 4
volume_1,irenaeus,against_heresies_iii,John,John,7,30,new_testament,Bible:John.7.30,John vii. 30
volume_1,irenaeus,against_heresies_iii,Hab,Hab,3,2,old_testament_or_other,Bible:Hab.3.2,Hab. iii. 2
volume_1,irenaeus,against_heresies_iii,Gal,Gal,4,4,new_testament,Bible:Gal.4.4,Gal. iv. 4
volume_1,irenaeus,against_heresies_iii,2John,2John|2John,1,7,new_testament,Bible:2John.1.7 Bible:2John.1.8,"2 John 7, 8"
volume_1,irenaeus,against_heresies_iii,1John,1John,4,1,new_testament,Bible:1John.4.1-1John.4.2,"1 John iv. 1, 2"
volume_1,irenaeus,against_heresies_iii,1John,1John,5,1,new_testament,Bible:1John.5.1,1 John v. 1
volume_1,irenaeus,against_heresies_iii,Rom,Rom,5,17,new_testament,Bible:Rom.5.17,Rom. v. 17
volume_1,irenaeus,against_heresies_iii,Rom,Rom,6,3,new_testament,Bible:Rom.6.3-Rom.6.4,"Rom. vi. 3, 4"
volume_1,irenaeus,against_heresies_iii,Rom,Rom,5,6,new_testament,Bible:Rom.5.6-Rom.5.10,Rom. v. 6–10
volume_1,irenaeus,against_heresies_iii,Rom,Rom,8,34,new_testament,Bible:Rom.8.34,Rom. viii. 34
volume_1,irenaeus,against_heresies_iii,Rom,Rom,6,9,new_testament,Bible:Rom.6.9,Rom. vi. 9
volume_1,irenaeus,against_heresies_iii,Rom,Rom,8,11,new_testament,Bible:Rom.8.11,Rom. viii. 11
volume_1,irenaeus,against_heresies_iii,1Pet,1Pet,2,23,new_testament,Bible:1Pet.2.23,1 Pet. ii. 23
volume_1,irenaeus,against_heresies_iii,Isa,Isa,11,2,old_testament_or_other,Bible:Isa.11.2,Isa. xi. 2
volume_1,irenaeus,against_heresies_iii,Matt,Matt,10,20,new_testament,Bible:Matt.10.20,Matt. x. 20
volume_1,irenaeus,against_heresies_iii,Matt,Matt,28,19,new_testament,Bible:Matt.28.19,Matt. xxviii. 19
volume_1,irenaeus,against_heresies_iii,Ps,Ps,51,12,old_testament_or_other,Bible:Ps.51.12,Ps. li. 12
volume_1,irenaeus,against_heresies_iii,John,John,16,7,new_testament,Bible:John.16.7,John xvi. 7
volume_1,irenaeus,against_heresies_iii,Judg,Judg,6,37,old_testament_or_other,Bible:Judg.6.37,Judg. vi. 37
volume_1,irenaeus,against_heresies_iii,Isa,Isa,5,6,old_testament_or_other,Bible:Isa.5.6,Isa. v. 6
volume_1,irenaeus,against_heresies_iii,Luke,Luke,10,18,new_testament,Bible:Luke.10.18,Luke x. 18
volume_1,irenaeus,against_heresies_iii,1John,1John,2,1,new_testament,Bible:1John.2.1,1 John ii. 1
volume_1,irenaeus,against_heresies_iii,Luke,Luke,10,35,new_testament,Bible:Luke.10.35,Luke x. 35
volume_1,irenaeus,against_heresies_iii,Matt,Matt,25,14,new_testament,Bible:Matt.25.14,Matt. xxv. 14
volume_1,irenaeus,against_heresies_iii,1Cor,1Cor,15,47,new_testament,Bible:1Cor.15.47,1 Cor. xv. 47
volume_1,irenaeus,against_heresies_iii,Rom,Rom,10,6,new_testament,Bible:Rom.10.6-Rom.10.7,"Rom. x. 6, 7"
volume_1,irenaeus,against_heresies_iii,Rom,Rom,10,9,new_testament,Bible:Rom.10.9,Rom. x. 9
volume_1,irenaeus,against_heresies_iii,Rom,Rom,14,9,new_testament,Bible:Rom.14.9,Rom. xiv. 9
volume_1,irenaeus,against_heresies_iii,1Cor,1Cor,1,23,new_testament,Bible:1Cor.1.23,1 Cor. i. 23
volume_1,irenaeus,against_heresies_iii,1Cor,1Cor,10,16,new_testament,Bible:1Cor.10.16,1 Cor. x. 16
volume_1,irenaeus,against_heresies_iii,Isa,Isa,8,14,old_testament_or_other,Bible:Isa.8.14,Isa. viii. 14
volume_1,irenaeus,against_heresies_iii,Jer,Jer,17,9,old_testament_or_other,Bible:Jer.17.9,Jer. xvii. 9
volume_1,irenaeus,against_heresies_iii,1Cor,1Cor,15,3,new_testament,Bible:1Cor.15.3-1Cor.15.4,"1 Cor. xv. 3, 4"
volume_1,irenaeus,against_heresies_iii,1Cor,1Cor,15,12,new_testament,Bible:1Cor.15.12,1 Cor. xv. 12
volume_1,irenaeus,against_heresies_iii,Rom,Rom,14,15,new_testament,Bible:Rom.14.15,Rom. xiv. 15
volume_1,irenaeus,against_heresies_iii,Eph,Eph,2,13,new_testament,Bible:Eph.2.13,Eph. ii. 13
volume_1,irenaeus,against_heresies_iii,Gal,Gal,3,13,new_testament,Bible:Gal.3.13,Gal. iii. 13
volume_1,irenaeus,against_heresies_iii,Deut,Deut,21,23,old_testament_or_other,Bible:Deut.21.23,Deut. xxi. 23
volume_1,irenaeus,against_heresies_iii,1Cor,1Cor,8,11,new_testament,Bible:1Cor.8.11,1 Cor. viii. 11
volume_1,irenaeus,against_heresies_iii,Matt,Matt,16,13,new_testament,Bible:Matt.16.13,Matt. xvi. 13
volume_1,irenaeus,against_heresies_iii,Matt,Matt,16,21,new_testament,Bible:Matt.16.21,Matt. xvi. 21
volume_1,irenaeus,against_heresies_iii,Matt,Matt,16,24,new_testament,Bible:Matt.16.24-Matt.16.25,"Matt. xvi. 24, 25"
volume_1,irenaeus,against_heresies_iii,Matt,Matt,23,24,new_testament,Bible:Matt.23.24,Matt. xxiii. 24
volume_1,irenaeus,against_heresies_iii,Matt,Matt,10,17,new_testament,Bible:Matt.10.17-Matt.10.18,"Matt. x. 17, 18"
volume_1,irenaeus,against_heresies_iii,Matt,Matt,10,28,new_testament,Bible:Matt.10.28,Matt. x. 28
volume_1,irenaeus,against_heresies_iii,Ps,Ps,9,12,old_testament_or_other,Bible:Ps.9.12,Ps. ix. 12
volume_1,irenaeus,against_heresies_iii,Luke,Luke,23,34,new_testament,Bible:Luke.23.34,Luke xxiii. 34
volume_1,irenaeus,against_heresies_iii,Matt,Matt,5,44,new_testament,Bible:Matt.5.44,Matt. v. 44
volume_1,irenaeus,against_heresies_iii,Matt,Matt,5,39,new_testament,Bible:Matt.5.39,Matt. v. 39
volume_1,irenaeus,against_heresies_iii,Rom,Rom,5,14,new_testament,Bible:Rom.5.14,Rom. v. 14
volume_1,irenaeus,against_heresies_iii,Rom,Rom,5,19,new_testament,Bible:Rom.5.19,Rom. v. 19
volume_1,irenaeus,against_heresies_iii,Deut,Deut,32,4,old_testament_or_other,Bible:Deut.32.4,Deut. xxxii. 4
volume_1,irenaeus,against_heresies_iii,John,John,8,36,new_testament,Bible:John.8.36,John viii. 36
volume_1,irenaeus,against_heresies_iii,Rom,Rom,6,23,new_testament,Bible:Rom.6.23,Rom. vi. 23
volume_1,irenaeus,against_heresies_iii,Ps,Ps,82,6,old_testament_or_other,Bible:Ps.82.6-Ps.82.7,"Ps. lxxxii. 6, 7"
volume_1,irenaeus,against_heresies_iii,Isa,Isa,53,8,old_testament_or_other,Bible:Isa.53.8,Isa. liii. 8
volume_1,irenaeus,against_heresies_iii,Matt,Matt,16,16,new_testament,Bible:Matt.16.16,Matt. xvi. 16
volume_1,irenaeus,against_heresies_iii,John,John,1,13,new_testament,Bible:John.1.13,John i. 13
volume_1,irenaeus,against_heresies_iii,Isa,Isa,7,14,old_testament_or_other,Bible:Isa.7.14,Isa. vii. 14
volume_1,irenaeus,against_heresies_iii,Isa,Isa,53,2,old_testament_or_other,Bible:Isa.53.2,Isa. liii. 2
volume_1,irenaeus,against_heresies_iii,Zech,Zech,9,9,old_testament_or_other,Bible:Zech.9.9,Zech. ix. 9
volume_1,irenaeus,against_heresies_iii,Ps,Ps,69,21,old_testament_or_other,Bible:Ps.69.21,Ps. lxix. 21
volume_1,irenaeus,against_heresies_iii,Dan,Dan,7,13,old_testament_or_other,Bible:Dan.7.13,Dan. vii. 13
volume_1,irenaeus,against_heresies_iii,Isa,Isa,7,13,old_testament_or_other,Bible:Isa.7.13,Isa. vii. 13
volume_1,irenaeus,against_heresies_iii,Eph,Eph,4,16,new_testament,Bible:Eph.4.16,Eph. iv. 16
volume_1,irenaeus,against_heresies_iii,John,John,14,2,new_testament,Bible:John.14.2,John xiv. 2
volume_1,irenaeus,against_heresies_iii,2Cor,2Cor,12,9,new_testament,Bible:2Cor.12.9,2 Cor. xii. 9
volume_1,irenaeus,against_heresies_iii,Jonah,Jonah,3,8,old_testament_or_other,Bible:Jonah.3.8-Jonah.3.9,"Jon. iii. 8, 9"
volume_1,irenaeus,against_heresies_iii,Jonah,Jonah,1,9,old_testament_or_other,Bible:Jonah.1.9,Jon. i. 9
volume_1,irenaeus,against_heresies_iii,Jonah,Jonah,2,2,old_testament_or_other,Bible:Jonah.2.2,Jon. ii. 2
volume_1,irenaeus,against_heresies_iii,1Cor,1Cor,1,29,new_testament,Bible:1Cor.1.29,1 Cor. i. 29
volume_1,irenaeus,against_heresies_iii,Luke,Luke,7,43,new_testament,Bible:Luke.7.43,Luke vii. 43
volume_1,irenaeus,against_heresies_iii,Rom,Rom,11,32,new_testament,Bible:Rom.11.32,Rom. xi. 32
volume_1,irenaeus,against_heresies_iii,John,John,15,9,new_testament,Bible:John.15.9,John xv. 9
volume_1,irenaeus,against_heresies_iii,Rom,Rom,8,3,new_testament,Bible:Rom.8.3,Rom. viii. 3
volume_1,irenaeus,against_heresies_iii,Isa,Isa,7,4,old_testament_or_other,Bible:Isa.7.4,Isa. vii. 4
volume_1,irenaeus,against_heresies_iii,Rom,Rom,7,18,new_testament,Bible:Rom.7.18,Rom. vii. 18
volume_1,irenaeus,against_heresies_iii,Rom,Rom,7,24,new_testament,Bible:Rom.7.24,Rom. vii. 24
volume_1,irenaeus,against_heresies_iii,Isa,Isa,25,3,old_testament_or_other,Bible:Isa.25.3,Isa. xxv. 3
volume_1,irenaeus,against_heresies_iii,Isa,Isa,63,9,old_testament_or_other,Bible:Isa.63.9,Isa. lxiii. 9
volume_1,irenaeus,against_heresies_iii,Isa,Isa,33,20,old_testament_or_other,Bible:Isa.33.20,Isa. xxxiii. 20
volume_1,irenaeus,against_heresies_iii,Mic,Mic,7,9,old_testament_or_other,Bible:Mic.7.9,Mic. vii. 9
volume_1,irenaeus,against_heresies_iii,Joel,Joel,3,16,old_testament_or_other,Bible:Joel.3.16,Joel iii. 16
volume_1,irenaeus,against_heresies_iii,Amos,Amos,1,2,old_testament_or_other,Bible:Amos.1.2,Amos i. 2
volume_1,irenaeus,against_heresies_iii,Hab,Hab|Hab,3,3,old_testament_or_other,Bible:Hab.3.3 Bible:Hab.3.5,"Hab. iii. 3, 5"
volume_1,irenaeus,against_heresies_iii,Luke,Luke,1,35,new_testament,Bible:Luke.1.35,Luke i. 35
volume_1,irenaeus,against_heresies_iii,Isa,Isa,7,10,old_testament_or_other,Bible:Isa.7.10-Isa.7.17,Isa. vii. 10–17
volume_1,irenaeus,against_heresies_iii,Luke,Luke,1,42,new_testament,Bible:Luke.1.42,Luke i. 42
volume_1,irenaeus,against_heresies_iii,Isa,Isa,7,11,old_testament_or_other,Bible:Isa.7.11,Isa. vii. 11
volume_1,irenaeus,against_heresies_iii,Eph,Eph,4,10,new_testament,Bible:Eph.4.10,Eph. iv. 10
volume_1,irenaeus,against_heresies_iii,Dan,Dan,2,34,old_testament_or_other,Bible:Dan.2.34,Dan. ii. 34
volume_1,irenaeus,against_heresies_iii,Isa,Isa,28,16,old_testament_or_other,Bible:Isa.28.16,Isa. xxviii. 16
volume_1,irenaeus,against_heresies_iii,Exod,Exod,7,9,old_testament_or_other,Bible:Exod.7.9,Ex. vii. 9
volume_1,irenaeus,against_heresies_iii,Exod,Exod,8,19,old_testament_or_other,Bible:Exod.8.19,Ex. viii. 19
volume_1,irenaeus,against_heresies_iii,Matt,Matt,12,41,new_testament,Bible:Matt.12.41-Matt.12.42,"Matt. xii. 41, 42"
volume_1,irenaeus,against_heresies_iii,Matt,Matt,22,43,new_testament,Bible:Matt.22.43,Matt. xxii. 43
volume_1,irenaeus,against_heresies_iii,Matt,Matt,1,12,new_testament,Bible:Matt.1.12-Matt.1.16,Matt. i. 12–16
volume_1,irenaeus,against_heresies_iii,Jer,Jer,22,24,old_testament_or_other,Bible:Jer.22.24-Jer.22.25,"Jer. xxii. 24, 25"
volume_1,irenaeus,against_heresies_iii,Jer,Jer,22,28,old_testament_or_other,Bible:Jer.22.28,Jer. xxii. 28
volume_1,irenaeus,against_heresies_iii,Jer,Jer,36,30,old_testament_or_other,Bible:Jer.36.30-Jer.36.31,"Jer. xxxvi. 30, 31"
volume_1,irenaeus,against_heresies_iii,Gen,Gen,2,5,old_testament_or_other,Bible:Gen.2.5,Gen. ii. 5
volume_1,irenaeus,against_heresies_iii,Matt,Matt,5,5,new_testament,Bible:Matt.5.5,Matt. v. 5
volume_1,irenaeus,against_heresies_iii,Rom,Rom,1,3,new_testament,Bible:Rom.1.3-Rom.1.4,"Rom. i. 3, 4"
volume_1,irenaeus,against_heresies_iii,John,John,4,6,new_testament,Bible:John.4.6,John iv. 6
volume_1,irenaeus,against_heresies_iii,Ps,Ps,69,27,old_testament_or_other,Bible:Ps.69.27,Ps. lxix. 27
volume_1,irenaeus,against_heresies_iii,Matt,Matt,26,38,new_testament,Bible:Matt.26.38,Matt. xxvi. 38
volume_1,irenaeus,against_heresies_iii,Luke,Luke,1,38,new_testament,Bible:Luke.1.38,Luke i. 38
volume_1,irenaeus,against_heresies_iii,Gen,Gen,2,25,old_testament_or_other,Bible:Gen.2.25,Gen. ii. 25
volume_1,irenaeus,against_heresies_iii,Matt,Matt,19,30,new_testament,Bible:Matt.19.30,Matt. xix. 30
volume_1,irenaeus,against_heresies_iii,Matt,Matt,20,16,new_testament,Bible:Matt.20.16,Matt. xx. 16
volume_1,irenaeus,against_heresies_iii,Ps,Ps,45,17,old_testament_or_other,Bible:Ps.45.17,Ps. xlv. 17
volume_1,irenaeus,against_heresies_iii,Rev,Rev,1,5,new_testament,Bible:Rev.1.5,Rev. i. 5
volume_1,irenaeus,against_heresies_iii,1Cor,1Cor,15,20,new_testament,Bible:1Cor.15.20-1Cor.15.22,1 Cor. xv. 20–22
volume_1,irenaeus,against_heresies_iii,Acts,Acts,1,7,new_testament,Bible:Acts.1.7,Acts i. 7
volume_1,irenaeus,against_heresies_iii,Gen,Gen,1,26,old_testament_or_other,Bible:Gen.1.26,Gen. i. 26
volume_1,irenaeus,against_heresies_iii,Gen,Gen,3,16,old_testament_or_other,Bible:Gen.3.16,Gen. iii. 16
volume_1,irenaeus,against_heresies_iii,Gen,Gen,3,14,old_testament_or_other,Bible:Gen.3.14,Gen. iii. 14
volume_1,irenaeus,against_heresies_iii,Matt,Matt,25,41,new_testament,Bible:Matt.25.41,Matt. xxv. 41
volume_1,irenaeus,against_heresies_iii,Gen,Gen,4,7,old_testament_or_other,Bible:Gen.4.7,Gen. iv. 7
volume_1,irenaeus,against_heresies_iii,Prov,Prov,1,7,old_testament_or_other,Bible:Prov.1.7,Prov. i. 7
volume_1,irenaeus,against_heresies_iii,Prov,Prov,9,10,old_testament_or_other,Bible:Prov.9.10,Prov. ix. 10
volume_1,irenaeus,against_heresies_iii,Gen,Gen,3,13,old_testament_or_other,Bible:Gen.3.13,Gen. iii. 13
volume_1,irenaeus,against_heresies_iii,Rom,Rom,6,7,new_testament,Bible:Rom.6.7,Rom. vi. 7
volume_1,irenaeus,against_heresies_iii,Ps,Ps,91,13,old_testament_or_other,Bible:Ps.91.13,Ps. xci. 13
volume_1,irenaeus,against_heresies_iii,Rev,Rev,20,2,new_testament,Bible:Rev.20.2,Rev. xx. 2
volume_1,irenaeus,against_heresies_iii,Luke,Luke,10,19,new_testament,Bible:Luke.10.19,Luke x. 19
volume_1,irenaeus,against_heresies_iii,1Cor,1Cor,15,26,new_testament,Bible:1Cor.15.26,1 Cor. xv. 26
volume_1,irenaeus,against_heresies_iii,1Cor,1Cor,15,54,new_testament,Bible:1Cor.15.54-1Cor.15.55,"1 Cor. xv. 54, 55"
volume_1,irenaeus,against_heresies_iii,Luke,Luke,15,4,new_testament,Bible:Luke.15.4,Luke xv. 4
volume_1,irenaeus,against_heresies_iii,1Cor,1Cor,15,22,new_testament,Bible:1Cor.15.22,1 Cor. xv. 22
volume_1,irenaeus,against_heresies_iii,Rom,Rom,5,20,new_testament,Bible:Rom.5.20,Rom. v. 20
volume_1,irenaeus,against_heresies_iii,Jer,Jer,2,13,old_testament_or_other,Bible:Jer.2.13,Jer. ii. 13
volume_1,irenaeus,against_heresies_iii,Prov,Prov,22,3,old_testament_or_other,Bible:Prov.22.3,Prov. xxii. 3
volume_1,irenaeus,against_heresies_iii,Prov,Prov,27,12,old_testament_or_other,Bible:Prov.27.12,Prov. xxvii. 12
volume_1,irenaeus,against_heresies_iii,Matt,Matt,5,45,new_testament,Bible:Matt.5.45,Matt. v. 45
volume_1,irenaeus,against_heresies_iv,Luke,Luke,1,2,new_testament,Bible:Luke.1.2,Luke i. 2
volume_1,irenaeus,against_heresies_iv,2Tim,2Tim,2,23,new_testament,Bible:2Tim.2.23,2 Tim. ii. 23
volume_1,irenaeus,against_heresies_iv,1John,1John,2,18,new_testament,Bible:1John.2.18,1 John ii. 18
volume_1,irenaeus,against_heresies_iv,2Pet,2Pet,2,19,new_testament,Bible:2Pet.2.19,2 Pet. ii. 19
volume_1,irenaeus,against_heresies_iv,Rev,Rev,12,9,new_testament,Bible:Rev.12.9,Rev. xii. 9
volume_1,irenaeus,against_heresies_iv,Gen,Gen,1,26,old_testament_or_other,Bible:Gen.1.26,Gen. i. 26
volume_1,irenaeus,against_heresies_iv,John,John,17,3,new_testament,Bible:John.17.3,John xvii. 3
volume_1,irenaeus,against_heresies_iv,Matt,Matt,23,9,new_testament,Bible:Matt.23.9,Matt. xxiii. 9
volume_1,irenaeus,against_heresies_iv,Deut,Deut,32,1,old_testament_or_other,Bible:Deut.32.1,Deut. xxxii. 1
volume_1,irenaeus,against_heresies_iv,Ps,Ps,124,8,old_testament_or_other,Bible:Ps.124.8,Ps. cxxiv. 8
volume_1,irenaeus,against_heresies_iv,Isa,Isa,1,2,old_testament_or_other,Bible:Isa.1.2,Isa. i. 2
volume_1,irenaeus,against_heresies_iv,Isa,Isa,42,5,old_testament_or_other,Bible:Isa.42.5,Isa. xlii. 5
volume_1,irenaeus,against_heresies_iv,Matt,Matt,11,25,new_testament,Bible:Matt.11.25,Matt. xi. 25
volume_1,irenaeus,against_heresies_iv,Luke,Luke,10,21,new_testament,Bible:Luke.10.21,Luke x. 21
volume_1,irenaeus,against_heresies_iv,Deut,Deut,6,4,old_testament_or_other,Bible:Deut.6.4,Deut. vi. 4
volume_1,irenaeus,against_heresies_iv,John,John,5,46,new_testament,Bible:John.5.46-John.5.47,"John v. 46, 47"
volume_1,irenaeus,against_heresies_iv,Luke,Luke,16,31,new_testament,Bible:Luke.16.31,Luke xvi. 31
volume_1,irenaeus,against_heresies_iv,Luke,Luke,16,19,new_testament,Bible:Luke.16.19,Luke xvi. 19
volume_1,irenaeus,against_heresies_iv,Isa,Isa,5,12,old_testament_or_other,Bible:Isa.5.12,Isa. v. 12
volume_1,irenaeus,against_heresies_iv,Matt,Matt,5,34,new_testament,Bible:Matt.5.34,Matt. v. 34
volume_1,irenaeus,against_heresies_iv,Isa,Isa,66,1,old_testament_or_other,Bible:Isa.66.1,Isa. lxvi. 1
volume_1,irenaeus,against_heresies_iv,Matt,Matt,21,13,new_testament,Bible:Matt.21.13,Matt. xxi. 13
volume_1,irenaeus,against_heresies_iv,Isa,Isa,1,23,old_testament_or_other,Bible:Isa.1.23,Isa. i. 23
volume_1,irenaeus,against_heresies_iv,Jer,Jer,4,22,old_testament_or_other,Bible:Jer.4.22,Jer. iv. 22
volume_1,irenaeus,against_heresies_iv,Matt,Matt,10,6,new_testament,Bible:Matt.10.6,Matt. x. 6
volume_1,irenaeus,against_heresies_iv,John,John,4,41,new_testament,Bible:John.4.41,John iv. 41
volume_1,irenaeus,against_heresies_iv,Rom,Rom,11,26,new_testament,Bible:Rom.11.26,Rom. xi. 26
volume_1,irenaeus,against_heresies_iv,Gal,Gal,3,24,new_testament,Bible:Gal.3.24,Gal. iii. 24
volume_1,irenaeus,against_heresies_iv,Num,Num,21,8,old_testament_or_other,Bible:Num.21.8,Num. xxi. 8
volume_1,irenaeus,against_heresies_iv,John,John,12,32,new_testament,Bible:John.12.32,John xii. 32
volume_1,irenaeus,against_heresies_iv,John,John,3,14,new_testament,Bible:John.3.14,John iii. 14
volume_1,irenaeus,against_heresies_iv,1Cor,1Cor,7,31,new_testament,Bible:1Cor.7.31,1 Cor. vii. 31
volume_1,irenaeus,against_heresies_iv,Ps,Ps,102,25,old_testament_or_other,Bible:Ps.102.25-Ps.102.28,Ps. cii. 25–28
volume_1,irenaeus,against_heresies_iv,Isa,Isa,51,6,old_testament_or_other,Bible:Isa.51.6,Isa. li. 6
volume_1,irenaeus,against_heresies_iv,Matt,Matt,5,35,new_testament,Bible:Matt.5.35,Matt. v. 35
volume_1,irenaeus,against_heresies_iv,Jer,Jer,7,4,old_testament_or_other,Bible:Jer.7.4,Jer. vii. 4
volume_1,irenaeus,against_heresies_iv,Rev,Rev,2,5,new_testament,Bible:Rev.2.5,Rev. ii. 5
volume_1,irenaeus,against_heresies_iv,Rom,Rom,11,21,new_testament,Bible:Rom.11.21,Rom. xi. 21
volume_1,irenaeus,against_heresies_iv,Isa,Isa,27,6,old_testament_or_other,Bible:Isa.27.6,Isa. xxvii. 6
volume_1,irenaeus,against_heresies_iv,Luke,Luke,16,16,new_testament,Bible:Luke.16.16,Luke xvi. 16
volume_1,irenaeus,against_heresies_iv,2Sam,2Sam,5,7,old_testament_or_other,Bible:2Sam.5.7,2 Sam. v. 7
volume_1,irenaeus,against_heresies_iv,Isa,Isa,1,8,old_testament_or_other,Bible:Isa.1.8,Isa. i. 8
volume_1,irenaeus,against_heresies_iv,Mal,Mal,4,1,old_testament_or_other,Bible:Mal.4.1,Mal. iv. 1
volume_1,irenaeus,against_heresies_iv,Matt,Matt,3,11,new_testament,Bible:Matt.3.11,Matt. iii. 11
volume_1,irenaeus,against_heresies_iv,Ps,Ps,49,12,old_testament_or_other,Bible:Ps.49.12,Ps. xlix. 12
volume_1,irenaeus,against_heresies_iv,Eph,Eph,2,7,new_testament,Bible:Eph.2.7,Eph. ii. 7
volume_1,irenaeus,against_heresies_iv,Isa,Isa,43,10,old_testament_or_other,Bible:Isa.43.10,Isa. xliii. 10
volume_1,irenaeus,against_heresies_iv,Isa,Isa,12,4,old_testament_or_other,Bible:Isa.12.4,Isa. xii. 4
volume_1,irenaeus,against_heresies_iv,Matt,Matt,22,29,new_testament,Bible:Matt.22.29,Matt. xxii. 29
volume_1,irenaeus,against_heresies_iv,Exod,Exod,3,6,old_testament_or_other,Bible:Exod.3.6,Ex. iii. 6
volume_1,irenaeus,against_heresies_iv,John,John,11,25,new_testament,Bible:John.11.25,John xi. 25
volume_1,irenaeus,against_heresies_iv,Ps,Ps,45,16,old_testament_or_other,Bible:Ps.45.16,Ps. xlv. 16
volume_1,irenaeus,against_heresies_iv,John,John,8,56,new_testament,Bible:John.8.56,John viii. 56
volume_1,irenaeus,against_heresies_iv,Rom,Rom,4,3,new_testament,Bible:Rom.4.3,Rom. iv. 3
volume_1,irenaeus,against_heresies_iv,Phil,Phil,2,15,new_testament,Bible:Phil.2.15,Phil. ii. 15
volume_1,irenaeus,against_heresies_iv,Gen,Gen,22,6,old_testament_or_other,Bible:Gen.22.6,Gen. xxii. 6
volume_1,irenaeus,against_heresies_iv,Gen,Gen,14,22,old_testament_or_other,Bible:Gen.14.22,Gen. xiv. 22
volume_1,irenaeus,against_heresies_iv,Matt,Matt,11,27,new_testament,Bible:Matt.11.27,Matt. xi. 27
volume_1,irenaeus,against_heresies_iv,Luke,Luke,10,22,new_testament,Bible:Luke.10.22,Luke x. 22
volume_1,irenaeus,against_heresies_iv,John,John,5,30,new_testament,Bible:John.5.30-John.5.39,John v. 30–39
volume_1,irenaeus,against_heresies_iv,Mark,Mark,1,24,new_testament,Bible:Mark.1.24,Mark i. 24
volume_1,irenaeus,against_heresies_iv,Matt,Matt,4,3,new_testament,Bible:Matt.4.3,Matt. iv. 3
volume_1,irenaeus,against_heresies_iv,Luke,Luke,4,3,new_testament,Bible:Luke.4.3,Luke iv. 3
volume_1,irenaeus,against_heresies_iv,Gen,Gen,17,17,old_testament_or_other,Bible:Gen.17.17,Gen. xvii. 17
volume_1,irenaeus,against_heresies_iv,Luke,Luke,2,29,new_testament,Bible:Luke.2.29,Luke ii. 29
volume_1,irenaeus,against_heresies_iv,Luke,Luke,2,8,new_testament,Bible:Luke.2.8,Luke ii. 8
volume_1,irenaeus,against_heresies_iv,Luke,Luke,1,46,new_testament,Bible:Luke.1.46,Luke i. 46
volume_1,irenaeus,against_heresies_iv,Gen,Gen,15,5,old_testament_or_other,Bible:Gen.15.5,Gen. xv. 5
volume_1,irenaeus,against_heresies_iv,Matt,Matt,3,9,new_testament,Bible:Matt.3.9,Matt. iii. 9
volume_1,irenaeus,against_heresies_iv,Rom,Rom,4,12,new_testament,Bible:Rom.4.12,Rom. iv. 12
volume_1,irenaeus,against_heresies_iv,Gal,Gal,4,28,new_testament,Bible:Gal.4.28,Gal. iv. 28
volume_1,irenaeus,against_heresies_iv,Matt,Matt,5,14,new_testament,Bible:Matt.5.14,Matt. v. 14
volume_1,irenaeus,against_heresies_iv,John,John,14,6,new_testament,Bible:John.14.6-John.14.7,"John xiv. 6, 7"
volume_1,irenaeus,against_heresies_iv,Gen,Gen,18,1,old_testament_or_other,Bible:Gen.18.1,Gen. xviii. 1
volume_1,irenaeus,against_heresies_iv,Exod,Exod,3,7,old_testament_or_other,Bible:Exod.3.7-Exod.3.8,"Ex. iii. 7, 8"
volume_1,irenaeus,against_heresies_iv,Matt,Matt,8,11,new_testament,Bible:Matt.8.11,Matt. viii. 11
volume_1,irenaeus,against_heresies_iv,Luke,Luke,13,28,new_testament,Bible:Luke.13.28,Luke xiii. 28
volume_1,irenaeus,against_heresies_iv,Luke,Luke,13,15,new_testament,Bible:Luke.13.15-Luke.13.16,"Luke xiii. 15, 16"
volume_1,irenaeus,against_heresies_iv,Luke,Luke,6,3,new_testament,Bible:Luke.6.3-Luke.6.4,"Luke vi. 3, 4"
volume_1,irenaeus,against_heresies_iv,1Pet,1Pet|1Pet,2,5,new_testament,Bible:1Pet.2.5 Bible:1Pet.2.9,"1 Pet. ii. 5, 9"
volume_1,irenaeus,against_heresies_iv,Exod,Exod,19,6,old_testament_or_other,Bible:Exod.19.6,Ex. xix. 6
volume_1,irenaeus,against_heresies_iv,Deut,Deut,33,9,old_testament_or_other,Bible:Deut.33.9,Deut. xxxiii. 9
volume_1,irenaeus,against_heresies_iv,Num,Num,18,20,old_testament_or_other,Bible:Num.18.20,Num. xviii. 20
volume_1,irenaeus,against_heresies_iv,Deut,Deut,18,1,old_testament_or_other,Bible:Deut.18.1,Deut. xviii. 1
volume_1,irenaeus,against_heresies_iv,Phil,Phil,4,17,new_testament,Bible:Phil.4.17,Phil. iv. 17
volume_1,irenaeus,against_heresies_iv,Matt,Matt,10,10,new_testament,Bible:Matt.10.10,Matt. x. 10
volume_1,irenaeus,against_heresies_iv,Num,Num,15,32,old_testament_or_other,Bible:Num.15.32,Num. xv. 32
volume_1,irenaeus,against_heresies_iv,Matt,Matt,3,10,new_testament,Bible:Matt.3.10,Matt. iii. 10
volume_1,irenaeus,against_heresies_iv,1Cor,1Cor,3,17,new_testament,Bible:1Cor.3.17,1 Cor. iii. 17
volume_1,irenaeus,against_heresies_iv,Matt,Matt,13,52,new_testament,Bible:Matt.13.52,Matt. xiii. 52
volume_1,irenaeus,against_heresies_iv,Matt,Matt,23,34,new_testament,Bible:Matt.23.34,Matt. xxiii. 34
volume_1,irenaeus,against_heresies_iv,Ps,Ps,96,1,old_testament_or_other,Bible:Ps.96.1,Ps. xcvi. 1
volume_1,irenaeus,against_heresies_iv,Isa,Isa,42,10,old_testament_or_other,Bible:Isa.42.10,Isa. xlii. 10
volume_1,irenaeus,against_heresies_iv,Jer,Jer,31,31,old_testament_or_other,Bible:Jer.31.31,Jer. xxxi. 31
volume_1,irenaeus,against_heresies_iv,Matt,Matt,12,6,new_testament,Bible:Matt.12.6,Matt. xii. 6
volume_1,irenaeus,against_heresies_iv,John,John,1,50,new_testament,Bible:John.1.50,John i. 50
volume_1,irenaeus,against_heresies_iv,Phil,Phil,3,12,new_testament,Bible:Phil.3.12,Phil. iii. 12
volume_1,irenaeus,against_heresies_iv,1Cor,1Cor,4,4,new_testament,Bible:1Cor.4.4,1 Cor. iv. 4
volume_1,irenaeus,against_heresies_iv,1Cor,1Cor,13,9,new_testament,Bible:1Cor.13.9-1Cor.13.10,"1 Cor. xiii. 9, 10"
volume_1,irenaeus,against_heresies_iv,Matt,Matt,5,8,new_testament,Bible:Matt.5.8,Matt. v. 8
volume_1,irenaeus,against_heresies_iv,Isa,Isa,25,9,old_testament_or_other,Bible:Isa.25.9,Isa. xxv. 9
volume_1,irenaeus,against_heresies_iv,1Pet,1Pet,1,8,new_testament,Bible:1Pet.1.8,1 Pet. i. 8
volume_1,irenaeus,against_heresies_iv,Rom,Rom,8,15,new_testament,Bible:Rom.8.15,Rom. viii. 15
volume_1,irenaeus,against_heresies_iv,2Tim,2Tim,3,7,new_testament,Bible:2Tim.3.7,2 Tim. iii. 7
volume_1,irenaeus,against_heresies_iv,Matt,Matt,15,3,new_testament,Bible:Matt.15.3-Matt.15.4,"Matt. xv. 3, 4"
volume_1,irenaeus,against_heresies_iv,Exod,Exod,20,12,old_testament_or_other,Bible:Exod.20.12,Ex. xx. 12
volume_1,irenaeus,against_heresies_iv,John,John,5,39,new_testament,Bible:John.5.39-John.5.40,"John v. 39, 40"
volume_1,irenaeus,against_heresies_iv,John,John,5,46,new_testament,Bible:John.5.46,John v. 46
volume_1,irenaeus,against_heresies_iv,Gen,Gen,18,13,old_testament_or_other,Bible:Gen.18.13,Gen. xviii. 13
volume_1,irenaeus,against_heresies_iv,Gen,Gen,31,11,old_testament_or_other,Bible:Gen.31.11,Gen. xxxi. 11
volume_1,irenaeus,against_heresies_iv,Exod,Exod,3,4,old_testament_or_other,Bible:Exod.3.4,Ex. iii. 4
volume_1,irenaeus,against_heresies_iv,Deut,Deut,16,5,old_testament_or_other,Bible:Deut.16.5-Deut.16.6,"Deut. xvi. 5, 6"
volume_1,irenaeus,against_heresies_iv,Gen,Gen,49,10,old_testament_or_other,Bible:Gen.49.10-Gen.49.12,Gen. xlix. 10–12
volume_1,irenaeus,against_heresies_iv,Deut,Deut,32,6,old_testament_or_other,Bible:Deut.32.6,Deut. xxxii. 6
volume_1,irenaeus,against_heresies_iv,Deut,Deut,28,66,old_testament_or_other,Bible:Deut.28.66,Deut. xxviii. 66
volume_1,irenaeus,against_heresies_iv,Matt,Matt,13,17,new_testament,Bible:Matt.13.17,Matt. xiii. 17
volume_1,irenaeus,against_heresies_iv,Gen,Gen,1,28,old_testament_or_other,Bible:Gen.1.28,Gen. i. 28
volume_1,irenaeus,against_heresies_iv,Matt,Matt,25,21,new_testament,Bible:Matt.25.21,Matt. xxv. 21
volume_1,irenaeus,against_heresies_iv,Ps,Ps,35,9,old_testament_or_other,Bible:Ps.35.9,Ps. xxxv. 9
volume_1,irenaeus,against_heresies_iv,Matt,Matt,21,8,new_testament,Bible:Matt.21.8,Matt. xxi. 8
volume_1,irenaeus,against_heresies_iv,Matt,Matt,21,16,new_testament,Bible:Matt.21.16,Matt. xxi. 16
volume_1,irenaeus,against_heresies_iv,Ps,Ps,8,3,old_testament_or_other,Bible:Ps.8.3,Ps. viii. 3
volume_1,irenaeus,against_heresies_iv,Isa,Isa,1,22,old_testament_or_other,Bible:Isa.1.22,Isa. i. 22
volume_1,irenaeus,against_heresies_iv,Matt,Matt,15,3,new_testament,Bible:Matt.15.3,Matt. xv. 3
volume_1,irenaeus,against_heresies_iv,Rom,Rom,13,10,new_testament,Bible:Rom.13.10,Rom. xiii. 10
volume_1,irenaeus,against_heresies_iv,1Cor,1Cor,13,13,new_testament,Bible:1Cor.13.13,1 Cor. xiii. 13
volume_1,irenaeus,against_heresies_iv,1Cor,1Cor,13,2,new_testament,Bible:1Cor.13.2,1 Cor. xiii. 2
volume_1,irenaeus,against_heresies_iv,Matt,Matt,23,2,new_testament,Bible:Matt.23.2-Matt.23.4,Matt. xxiii. 2–4
volume_1,irenaeus,against_heresies_iv,Isa,Isa,29,13,old_testament_or_other,Bible:Isa.29.13,Isa. xxix. 13
volume_1,irenaeus,against_heresies_iv,Rom,Rom,10,3,new_testament,Bible:Rom.10.3-Rom.10.4,"Rom. x. 3, 4"
volume_1,irenaeus,against_heresies_iv,Matt,Matt,19,17,new_testament,Bible:Matt.19.17-Matt.19.18,"Matt. xix. 17, 18"
volume_1,irenaeus,against_heresies_iv,Luke,Luke,19,8,new_testament,Bible:Luke.19.8,Luke xix. 8
volume_1,irenaeus,against_heresies_iv,Rom,Rom,2,27,new_testament,Bible:Rom.2.27,Rom. ii. 27
volume_1,irenaeus,against_heresies_iv,Matt,Matt,5,27,new_testament,Bible:Matt.5.27-Matt.5.28,"Matt. v. 27, 28"
volume_1,irenaeus,against_heresies_iv,Matt,Matt,5,21,new_testament,Bible:Matt.5.21-Matt.5.22,"Matt. v. 21, 22"
volume_1,irenaeus,against_heresies_iv,Matt,Matt,5,33,new_testament,Bible:Matt.5.33,Matt. v. 33
volume_1,irenaeus,against_heresies_iv,Matt,Matt,5,20,new_testament,Bible:Matt.5.20,Matt. v. 20
volume_1,irenaeus,against_heresies_iv,Matt,Matt,19,21,new_testament,Bible:Matt.19.21,Matt. xix. 21
volume_1,irenaeus,against_heresies_iv,Luke,Luke,6,29,new_testament,Bible:Luke.6.29-Luke.6.31,Luke vi. 29–31
volume_1,irenaeus,against_heresies_iv,Matt,Matt,5,41,new_testament,Bible:Matt.5.41,Matt. v. 41
volume_1,irenaeus,against_heresies_iv,Matt,Matt,5,45,new_testament,Bible:Matt.5.45,Matt. v. 45
volume_1,irenaeus,against_heresies_iv,John,John,15,15,new_testament,Bible:John.15.15,John xv. 15
volume_1,irenaeus,against_heresies_iv,Jas,Jas,2,23,new_testament,Bible:Jas.2.23,Jas. ii. 23
volume_1,irenaeus,against_heresies_iv,John,John,8,58,new_testament,Bible:John.8.58,John viii. 58
volume_1,irenaeus,against_heresies_iv,John,John,17,5,new_testament,Bible:John.17.5,John xvii. 5
volume_1,irenaeus,against_heresies_iv,John,John,15,16,new_testament,Bible:John.15.16,John xv. 16
volume_1,irenaeus,against_heresies_iv,John,John,17,24,new_testament,Bible:John.17.24,John xvii. 24
volume_1,irenaeus,against_heresies_iv,Isa,Isa,43,5,old_testament_or_other,Bible:Isa.43.5,Isa. xliii. 5
volume_1,irenaeus,against_heresies_iv,Matt,Matt,24,28,new_testament,Bible:Matt.24.28,Matt. xxiv. 28
volume_1,irenaeus,against_heresies_iv,Luke,Luke,15,22,new_testament,Bible:Luke.15.22-Luke.15.23,"Luke xv. 22, 23"
volume_1,irenaeus,against_heresies_iv,Rev,Rev,1,15,new_testament,Bible:Rev.1.15,Rev. i. 15
volume_1,irenaeus,against_heresies_iv,Exod,Exod,25,40,old_testament_or_other,Bible:Exod.25.40,Ex. xxv. 40
volume_1,irenaeus,against_heresies_iv,1Cor,1Cor,10,11,new_testament,Bible:1Cor.10.11,1 Cor. x. 11
volume_1,irenaeus,against_heresies_iv,Deut,Deut,5,22,old_testament_or_other,Bible:Deut.5.22,Deut. v. 22
volume_1,irenaeus,against_heresies_iv,Ezek,Ezek,20,24,old_testament_or_other,Bible:Ezek.20.24,Ezek. xx. 24
volume_1,irenaeus,against_heresies_iv,Acts,Acts,6,3,new_testament,Bible:Acts.6.3-Acts.6.7,Acts vi. 3–7
volume_1,irenaeus,against_heresies_iv,Amos,Amos,5,25,old_testament_or_other,Bible:Amos.5.25-Amos.5.26,"Amos v. 25, 26"
volume_1,irenaeus,against_heresies_iv,Acts,Acts,7,38,new_testament,Bible:Acts.7.38,Acts vii. 38
volume_1,irenaeus,against_heresies_iv,Exod,Exod,33,2,old_testament_or_other,Bible:Exod.33.2-Exod.33.3,"Ex. xxxiii. 2, 3"
volume_1,irenaeus,against_heresies_iv,Matt,Matt,19,7,new_testament,Bible:Matt.19.7-Matt.19.8,"Matt. xix. 7, 8"
volume_1,irenaeus,against_heresies_iv,1Cor,1Cor,7,12,new_testament,Bible:1Cor.7.12,1 Cor. vii. 12
volume_1,irenaeus,against_heresies_iv,1Cor,1Cor,7,6,new_testament,Bible:1Cor.7.6,1 Cor. vii. 6
volume_1,irenaeus,against_heresies_iv,1Cor,1Cor,7,25,new_testament,Bible:1Cor.7.25,1 Cor. vii. 25
volume_1,irenaeus,against_heresies_iv,1Cor,1Cor,7,5,new_testament,Bible:1Cor.7.5,1 Cor. vii. 5
volume_1,irenaeus,against_heresies_iv,Matt,Matt,20,16,new_testament,Bible:Matt.20.16,Matt. xx. 16
volume_1,irenaeus,against_heresies_iv,Gen,Gen,17,9,old_testament_or_other,Bible:Gen.17.9-Gen.17.11,Gen. xvii. 9–11
volume_1,irenaeus,against_heresies_iv,Ezek,Ezek,20,12,old_testament_or_other,Bible:Ezek.20.12,Ezek. xx. 12
volume_1,irenaeus,against_heresies_iv,Exod,Exod,21,13,old_testament_or_other,Bible:Exod.21.13,Ex. xxi. 13
volume_1,irenaeus,against_heresies_iv,Col,Col,2,11,new_testament,Bible:Col.2.11,Col. ii. 11
volume_1,irenaeus,against_heresies_iv,Deut,Deut,10,16,old_testament_or_other,Bible:Deut.10.16,Deut. x. 16
volume_1,irenaeus,against_heresies_iv,Rom,Rom,8,36,new_testament,Bible:Rom.8.36,Rom. viii. 36
volume_1,irenaeus,against_heresies_iv,Matt,Matt,6,19,new_testament,Bible:Matt.6.19,Matt. vi. 19
volume_1,irenaeus,against_heresies_iv,Gen,Gen,6,2,old_testament_or_other,Bible:Gen.6.2,Gen. vi. 2
volume_1,irenaeus,against_heresies_iv,Deut,Deut,5,2,old_testament_or_other,Bible:Deut.5.2,Deut. v. 2
volume_1,irenaeus,against_heresies_iv,1Tim,1Tim,1,9,new_testament,Bible:1Tim.1.9,1 Tim. i. 9
volume_1,irenaeus,against_heresies_iv,Deut,Deut,8,3,old_testament_or_other,Bible:Deut.8.3,Deut. viii. 3
volume_1,irenaeus,against_heresies_iv,Deut,Deut,10,12,old_testament_or_other,Bible:Deut.10.12,Deut. x. 12
volume_1,irenaeus,against_heresies_iv,Deut,Deut,30,19,old_testament_or_other,Bible:Deut.30.19-Deut.30.20,"Deut. xxx. 19, 20"
volume_1,irenaeus,against_heresies_iv,Deut,Deut,4,14,old_testament_or_other,Bible:Deut.4.14,Deut. iv. 14
volume_1,irenaeus,against_heresies_iv,Matt,Matt,12,36,new_testament,Bible:Matt.12.36,Matt. xii. 36
volume_1,irenaeus,against_heresies_iv,Matt,Matt,5,28,new_testament,Bible:Matt.5.28,Matt. v. 28
volume_1,irenaeus,against_heresies_iv,Matt,Matt,5,22,new_testament,Bible:Matt.5.22,Matt. v. 22
volume_1,irenaeus,against_heresies_iv,1Pet,1Pet,2,16,new_testament,Bible:1Pet.2.16,1 Pet. ii. 16
volume_1,irenaeus,against_heresies_iv,1Sam,1Sam,15,22,old_testament_or_other,Bible:1Sam.15.22,1 Sam. xv. 22
volume_1,irenaeus,against_heresies_iv,Heb,Heb,10,9,new_testament,Bible:Heb.10.9,Heb. x. 9
volume_1,irenaeus,against_heresies_iv,Exod,Exod,21,6,old_testament_or_other,Bible:Exod.21.6,Ex. xxi. 6
volume_1,irenaeus,against_heresies_iv,Heb,Heb,5,7,new_testament,Bible:Heb.5.7-Heb.5.9,Heb. v. 7–9
volume_1,irenaeus,against_heresies_iv,Ps,Ps,40,6,old_testament_or_other,Bible:Ps.40.6,Ps. xl. 6
volume_1,irenaeus,against_heresies_iv,Ps,Ps,51,17,old_testament_or_other,Bible:Ps.51.17,Ps. li. 17
volume_1,irenaeus,against_heresies_iv,Ps,Ps,50,9,old_testament_or_other,Bible:Ps.50.9,Ps. l. 9
volume_1,irenaeus,against_heresies_iv,Ps,Ps,50,14,old_testament_or_other,Bible:Ps.50.14-Ps.50.15,"Ps. l. 14, 15"
volume_1,irenaeus,against_heresies_iv,Isa,Isa,1,11,old_testament_or_other,Bible:Isa.1.11,Isa. i. 11
volume_1,irenaeus,against_heresies_iv,Ps,Ps,51,19,old_testament_or_other,Bible:Ps.51.19,Ps. li. 19
volume_1,irenaeus,against_heresies_iv,Jer,Jer,6,20,old_testament_or_other,Bible:Jer.6.20,Jer. vi. 20
volume_1,irenaeus,against_heresies_iv,Jer,Jer,7,2,old_testament_or_other,Bible:Jer.7.2-Jer.7.3,"Jer. vii. 2, 3"
volume_1,irenaeus,against_heresies_iv,Jer,Jer,7,21,old_testament_or_other,Bible:Jer.7.21,Jer. vii. 21
volume_1,irenaeus,against_heresies_iv,Jer,Jer,9,24,old_testament_or_other,Bible:Jer.9.24,Jer. ix. 24
volume_1,irenaeus,against_heresies_iv,Isa,Isa,43,23,old_testament_or_other,Bible:Isa.43.23-Isa.43.24,"Isa. xliii. 23, 24"
volume_1,irenaeus,against_heresies_iv,Isa,Isa,46,2,old_testament_or_other,Bible:Isa.46.2,Isa. xlvi. 2
volume_1,irenaeus,against_heresies_iv,Jer,Jer,11,15,old_testament_or_other,Bible:Jer.11.15,Jer. xi. 15
volume_1,irenaeus,against_heresies_iv,Isa,Isa,58,6,old_testament_or_other,Bible:Isa.58.6,Isa. lviii. 6
volume_1,irenaeus,against_heresies_iv,Zech,Zech,7,9,old_testament_or_other,Bible:Zech.7.9-Zech.7.10,"Zech. vii. 9, 10"
volume_1,irenaeus,against_heresies_iv,Zech,Zech,8,16,old_testament_or_other,Bible:Zech.8.16-Zech.8.17,"Zech. viii. 16, 17"
volume_1,irenaeus,against_heresies_iv,Ps,Ps,34,13,old_testament_or_other,Bible:Ps.34.13-Ps.34.14,"Ps. xxxiv. 13, 14"
volume_1,irenaeus,against_heresies_iv,Hos,Hos,6,6,old_testament_or_other,Bible:Hos.6.6,Hos. vi. 6
volume_1,irenaeus,against_heresies_iv,Matt,Matt,12,7,new_testament,Bible:Matt.12.7,Matt. xii. 7
volume_1,irenaeus,against_heresies_iv,Matt,Matt,26,26,new_testament,Bible:Matt.26.26,Matt. xxvi. 26
volume_1,irenaeus,against_heresies_iv,Mal,Mal,1,10,old_testament_or_other,Bible:Mal.1.10-Mal.1.11,"Mal. i. 10, 11"
volume_1,irenaeus,against_heresies_iv,Rev,Rev,5,8,new_testament,Bible:Rev.5.8,Rev. v. 8
volume_1,irenaeus,against_heresies_iv,Matt,Matt,5,23,new_testament,Bible:Matt.5.23-Matt.5.24,"Matt. v. 23, 24"
volume_1,irenaeus,against_heresies_iv,Deut,Deut,16,16,old_testament_or_other,Bible:Deut.16.16,Deut. xvi. 16
volume_1,irenaeus,against_heresies_iv,Luke,Luke,21,4,new_testament,Bible:Luke.21.4,Luke xxi. 4
volume_1,irenaeus,against_heresies_iv,Acts,Acts,2,44,new_testament,Bible:Acts.2.44-Acts.2.45,"Acts ii. 44, 45"
volume_1,irenaeus,against_heresies_iv,Gen,Gen,4,7,old_testament_or_other,Bible:Gen.4.7,Gen. iv. 7
volume_1,irenaeus,against_heresies_iv,Matt,Matt,23,27,new_testament,Bible:Matt.23.27-Matt.23.28,"Matt. xxiii. 27, 28"
volume_1,irenaeus,against_heresies_iv,Matt,Matt,23,26,new_testament,Bible:Matt.23.26,Matt. xxiii. 26
volume_1,irenaeus,against_heresies_iv,Jer,Jer,22,17,old_testament_or_other,Bible:Jer.22.17,Jer. xxii. 17
volume_1,irenaeus,against_heresies_iv,Isa,Isa,30,1,old_testament_or_other,Bible:Isa.30.1,Isa. xxx. 1
volume_1,irenaeus,against_heresies_iv,John,John,19,11,new_testament,Bible:John.19.11,John xix. 11
volume_1,irenaeus,against_heresies_iv,Isa,Isa,66,3,old_testament_or_other,Bible:Isa.66.3,Isa. lxvi. 3
volume_1,irenaeus,against_heresies_iv,Phil,Phil,4,18,new_testament,Bible:Phil.4.18,Phil. iv. 18
volume_1,irenaeus,against_heresies_iv,Mark,Mark,4,28,new_testament,Bible:Mark.4.28,Mark iv. 28
volume_1,irenaeus,against_heresies_iv,Prov,Prov,19,17,old_testament_or_other,Bible:Prov.19.17,Prov. xix. 17
volume_1,irenaeus,against_heresies_iv,Matt,Matt,25,34,new_testament,Bible:Matt.25.34,Matt. xxv. 34
volume_1,irenaeus,against_heresies_iv,Rev,Rev,11,19,new_testament,Bible:Rev.11.19,Rev. xi. 19
volume_1,irenaeus,against_heresies_iv,Isa,Isa,40,12,old_testament_or_other,Bible:Isa.40.12,Isa. xl. 12
volume_1,irenaeus,against_heresies_iv,Eph,Eph,1,21,new_testament,Bible:Eph.1.21,Eph. i. 21
volume_1,irenaeus,against_heresies_iv,Jer,Jer,23,23,old_testament_or_other,Bible:Jer.23.23,Jer. xxiii. 23
volume_1,irenaeus,against_heresies_iv,Gen,Gen,2,7,old_testament_or_other,Bible:Gen.2.7,Gen. ii. 7
volume_1,irenaeus,against_heresies_iv,Mal,Mal,2,10,old_testament_or_other,Bible:Mal.2.10,Mal. ii. 10
volume_1,irenaeus,against_heresies_iv,Eph,Eph,4,6,new_testament,Bible:Eph.4.6,Eph. iv. 6
volume_1,irenaeus,against_heresies_iv,Rev,Rev,3,7,new_testament,Bible:Rev.3.7,Rev. iii. 7
volume_1,irenaeus,against_heresies_iv,1Pet,1Pet,2,23,new_testament,Bible:1Pet.2.23,1 Pet. ii. 23
volume_1,irenaeus,against_heresies_iv,Col,Col,1,18,new_testament,Bible:Col.1.18,Col. i. 18
volume_1,irenaeus,against_heresies_iv,Prov,Prov,3,19,old_testament_or_other,Bible:Prov.3.19-Prov.3.20,"Prov. iii. 19, 20"
volume_1,irenaeus,against_heresies_iv,Prov,Prov,8,22,old_testament_or_other,Bible:Prov.8.22-Prov.8.25,Prov. viii. 22–25
volume_1,irenaeus,against_heresies_iv,Prov,Prov,8,27,old_testament_or_other,Bible:Prov.8.27-Prov.8.31,Prov. viii. 27–31
volume_1,irenaeus,against_heresies_iv,Luke,Luke|Luke,1,71,new_testament,Bible:Luke.1.71 Bible:Luke.1.75,"Luke i. 71, 75"
volume_1,irenaeus,against_heresies_iv,Exod,Exod,33,20,old_testament_or_other,Bible:Exod.33.20,Ex. xxxiii. 20
volume_1,irenaeus,against_heresies_iv,Luke,Luke,18,27,new_testament,Bible:Luke.18.27,Luke xviii. 27
volume_1,irenaeus,against_heresies_iv,Deut,Deut,5,24,old_testament_or_other,Bible:Deut.5.24,Deut. v. 24
volume_1,irenaeus,against_heresies_iv,Hos,Hos,12,10,old_testament_or_other,Bible:Hos.12.10,Hos. xii. 10
volume_1,irenaeus,against_heresies_iv,1Cor,1Cor,12,4,new_testament,Bible:1Cor.12.4-1Cor.12.7,1 Cor. xii. 4–7
volume_1,irenaeus,against_heresies_iv,John,John,1,18,new_testament,Bible:John.1.18,John i. 18
volume_1,irenaeus,against_heresies_iv,Isa,Isa,6,5,old_testament_or_other,Bible:Isa.6.5,Isa. vi. 5
volume_1,irenaeus,against_heresies_iv,Ps,Ps,22,15,old_testament_or_other,Bible:Ps.22.15,Ps. xxii. 15
volume_1,irenaeus,against_heresies_iv,Deut,Deut,4,24,old_testament_or_other,Bible:Deut.4.24,Deut. iv. 24
volume_1,irenaeus,against_heresies_iv,Exod,Exod,34,6,old_testament_or_other,Bible:Exod.34.6-Exod.34.7,"Ex. xxxiv. 6, 7"
volume_1,irenaeus,against_heresies_iv,Num,Num,12,8,old_testament_or_other,Bible:Num.12.8,Num. xii. 8
volume_1,irenaeus,against_heresies_iv,Exod,Exod,33,20,old_testament_or_other,Bible:Exod.33.20-Exod.33.22,Ex. xxxiii. 20–22
volume_1,irenaeus,against_heresies_iv,Matt,Matt,17,3,new_testament,Bible:Matt.17.3,Matt. xvii. 3
volume_1,irenaeus,against_heresies_iv,1Kgs,1Kgs,19,11,old_testament_or_other,Bible:1Kgs.19.11-1Kgs.19.12,"1 Kings xix. 11, 12"
volume_1,irenaeus,against_heresies_iv,Isa,Isa,42,3,old_testament_or_other,Bible:Isa.42.3,Isa. xlii. 3
volume_1,irenaeus,against_heresies_iv,Ezek,Ezek,1,1,old_testament_or_other,Bible:Ezek.1.1,Ezek. i. 1
volume_1,irenaeus,against_heresies_iv,Ezek,Ezek,2,1,old_testament_or_other,Bible:Ezek.2.1,Ezek. ii. 1
volume_1,irenaeus,against_heresies_iv,Dan,Dan,3,26,old_testament_or_other,Bible:Dan.3.26,Dan. iii. 26
volume_1,irenaeus,against_heresies_iv,Dan,Dan,7,13,old_testament_or_other,Bible:Dan.7.13-Dan.7.14,"Dan. vii. 13, 14"
volume_1,irenaeus,against_heresies_iv,Dan,Dan,7,4,old_testament_or_other,Bible:Dan.7.4,Dan. vii. 4
volume_1,irenaeus,against_heresies_iv,Rev,Rev,1,12,new_testament,Bible:Rev.1.12,Rev. i. 12
volume_1,irenaeus,against_heresies_iv,Rev,Rev,1,17,new_testament,Bible:Rev.1.17,Rev. i. 17
volume_1,irenaeus,against_heresies_iv,Rev,Rev,5,6,new_testament,Bible:Rev.5.6,Rev. v. 6
volume_1,irenaeus,against_heresies_iv,Rev,Rev,19,11,new_testament,Bible:Rev.19.11-Rev.19.17,Rev. xix. 11–17
volume_1,irenaeus,against_heresies_iv,Hos,Hos,1,2,old_testament_or_other,Bible:Hos.1.2-Hos.1.3,"Hos. i. 2, 3"
volume_1,irenaeus,against_heresies_iv,Acts,Acts,15,14,new_testament,Bible:Acts.15.14,Acts xv. 14
volume_1,irenaeus,against_heresies_iv,1Cor,1Cor,7,14,new_testament,Bible:1Cor.7.14,1 Cor. vii. 14
volume_1,irenaeus,against_heresies_iv,Hos,Hos,1,6,old_testament_or_other,Bible:Hos.1.6-Hos.1.9,Hos. i. 6–9
volume_1,irenaeus,against_heresies_iv,Rom,Rom,9,25,new_testament,Bible:Rom.9.25-Rom.9.26,"Rom. ix. 25, 26"
volume_1,irenaeus,against_heresies_iv,Matt,Matt,21,31,new_testament,Bible:Matt.21.31,Matt. xxi. 31
volume_1,irenaeus,against_heresies_iv,Gal,Gal,3,5,new_testament,Bible:Gal.3.5-Gal.3.9,Gal. iii. 5–9
volume_1,irenaeus,against_heresies_iv,Gen,Gen,12,3,old_testament_or_other,Bible:Gen.12.3,Gen. xii. 3
volume_1,irenaeus,against_heresies_iv,Rom,Rom,9,10,new_testament,Bible:Rom.9.10-Rom.9.13,Rom. ix. 10–13
volume_1,irenaeus,against_heresies_iv,Gen,Gen,25,23,old_testament_or_other,Bible:Gen.25.23,Gen. xxv. 23
volume_1,irenaeus,against_heresies_iv,Rom,Rom,9,13,new_testament,Bible:Rom.9.13,Rom. ix. 13
volume_1,irenaeus,against_heresies_iv,Mal,Mal,1,2,old_testament_or_other,Bible:Mal.1.2,Mal. i. 2
volume_1,irenaeus,against_heresies_iv,Gen,Gen,25,26,old_testament_or_other,Bible:Gen.25.26,Gen. xxv. 26
volume_1,irenaeus,against_heresies_iv,Rev,Rev,6,2,new_testament,Bible:Rev.6.2,Rev. vi. 2
volume_1,irenaeus,against_heresies_iv,John,John,19,15,new_testament,Bible:John.19.15,John xix. 15
volume_1,irenaeus,against_heresies_iv,Ps,Ps,2,8,old_testament_or_other,Bible:Ps.2.8,Ps. ii. 8
volume_1,irenaeus,against_heresies_iv,Isa,Isa,4,4,old_testament_or_other,Bible:Isa.4.4,Isa. iv. 4
volume_1,irenaeus,against_heresies_iv,John,John,13,5,new_testament,Bible:John.13.5,John xiii. 5
volume_1,irenaeus,against_heresies_iv,Eph,Eph,4,9,new_testament,Bible:Eph.4.9,Eph. iv. 9
volume_1,irenaeus,against_heresies_iv,Rom,Rom,3,30,new_testament,Bible:Rom.3.30,Rom. iii. 30
volume_1,irenaeus,against_heresies_iv,John,John,4,35,new_testament,Bible:John.4.35,John iv. 35
volume_1,irenaeus,against_heresies_iv,Matt,Matt,1,20,new_testament,Bible:Matt.1.20,Matt. i. 20
volume_1,irenaeus,against_heresies_iv,Luke,Luke,4,18,new_testament,Bible:Luke.4.18,Luke iv. 18
volume_1,irenaeus,against_heresies_iv,Isa,Isa,61,1,old_testament_or_other,Bible:Isa.61.1,Isa. lxi. 1
volume_1,irenaeus,against_heresies_iv,Acts,Acts,8,27,new_testament,Bible:Acts.8.27,Acts viii. 27
volume_1,irenaeus,against_heresies_iv,Isa,Isa,53,7,old_testament_or_other,Bible:Isa.53.7,Isa. liii. 7
volume_1,irenaeus,against_heresies_iv,Acts,Acts,2,41,new_testament,Bible:Acts.2.41,Acts ii. 41
volume_1,irenaeus,against_heresies_iv,Acts,Acts,4,4,new_testament,Bible:Acts.4.4,Acts iv. 4
volume_1,irenaeus,against_heresies_iv,1Cor,1Cor,15,10,new_testament,Bible:1Cor.15.10,1 Cor. xv. 10
volume_1,irenaeus,against_heresies_iv,Phil,Phil,2,8,new_testament,Bible:Phil.2.8,Phil. ii. 8
volume_1,irenaeus,against_heresies_iv,Eph,Eph,2,20,new_testament,Bible:Eph.2.20,Eph. ii. 20
volume_1,irenaeus,against_heresies_iv,Gal,Gal,3,14,new_testament,Bible:Gal.3.14-Gal.3.20,Gal. iii. 14–20
volume_1,irenaeus,against_heresies_iv,Gen,Gen,38,28,old_testament_or_other,Bible:Gen.38.28,Gen. xxxviii. 28
volume_1,irenaeus,against_heresies_iv,John,John,4,37,new_testament,Bible:John.4.37,John iv. 37
volume_1,irenaeus,against_heresies_iv,1Cor,1Cor,3,7,new_testament,Bible:1Cor.3.7,1 Cor. iii. 7
volume_1,irenaeus,against_heresies_iv,Jer,Jer,9,2,old_testament_or_other,Bible:Jer.9.2,Jer. ix. 2
volume_1,irenaeus,against_heresies_iv,Matt,Matt,13,44,new_testament,Bible:Matt.13.44,Matt. xiii. 44
volume_1,irenaeus,against_heresies_iv,Matt,Matt,13,38,new_testament,Bible:Matt.13.38,Matt. xiii. 38
volume_1,irenaeus,against_heresies_iv,Dan,Dan|Dan,12,4,old_testament_or_other,Bible:Dan.12.4 Bible:Dan.12.7,"Dan. xii. 4, 7"
volume_1,irenaeus,against_heresies_iv,Jer,Jer,23,20,old_testament_or_other,Bible:Jer.23.20,Jer. xxiii. 20
volume_1,irenaeus,against_heresies_iv,Dan,Dan,12,3,old_testament_or_other,Bible:Dan.12.3,Dan. xii. 3
volume_1,irenaeus,against_heresies_iv,Luke,Luke|Luke,24,26,new_testament,Bible:Luke.24.26 Bible:Luke.24.47,"Luke xxiv. 26, 47"
volume_1,irenaeus,against_heresies_iv,Acts,Acts,1,3,new_testament,Bible:Acts.1.3,Acts i. 3
volume_1,irenaeus,against_heresies_iv,Sir,Sir,4,31,deuterocanonical,Bible:Sir.4.31,Sirach iv. 31
volume_1,irenaeus,against_heresies_iv,Lev,Lev,10,1,old_testament_or_other,Bible:Lev.10.1-Lev.10.2,"Lev. x. 1, 2"
volume_1,irenaeus,against_heresies_iv,Num,Num,16,33,old_testament_or_other,Bible:Num.16.33,Num. xvi. 33
volume_1,irenaeus,against_heresies_iv,1Kgs,1Kgs,14,10,old_testament_or_other,Bible:1Kgs.14.10,1 Kings xiv. 10
volume_1,irenaeus,against_heresies_iv,Sus,Sus,1,56,deuterocanonical,Bible:Sus.1.56,Susanna 56
volume_1,irenaeus,against_heresies_iv,Exod,Exod,23,7,old_testament_or_other,Bible:Exod.23.7,Ex. xxiii. 7
volume_1,irenaeus,against_heresies_iv,Matt,Matt,24,48,new_testament,Bible:Matt.24.48,Matt. xxiv. 48
volume_1,irenaeus,against_heresies_iv,Luke,Luke,12,45,new_testament,Bible:Luke.12.45,Luke xii. 45
volume_1,irenaeus,against_heresies_iv,Num,Num,16,15,old_testament_or_other,Bible:Num.16.15,Num. xvi. 15
volume_1,irenaeus,against_heresies_iv,1Sam,1Sam,12,3,old_testament_or_other,Bible:1Sam.12.3,1 Sam. xii. 3
volume_1,irenaeus,against_heresies_iv,2Cor,2Cor,2,17,new_testament,Bible:2Cor.2.17,2 Cor. ii. 17
volume_1,irenaeus,against_heresies_iv,2Cor,2Cor,7,2,new_testament,Bible:2Cor.7.2,2 Cor. vii. 2
volume_1,irenaeus,against_heresies_iv,Isa,Isa,60,17,old_testament_or_other,Bible:Isa.60.17,Isa. lx. 17
volume_1,irenaeus,against_heresies_iv,Matt,Matt,24,45,new_testament,Bible:Matt.24.45-Matt.24.46,"Matt. xxiv. 45, 46"
volume_1,irenaeus,against_heresies_iv,1Cor,1Cor,12,28,new_testament,Bible:1Cor.12.28,1 Cor. xii. 28
volume_1,irenaeus,against_heresies_iv,Rom,Rom,2,12,new_testament,Bible:Rom.2.12-Rom.2.16,Rom. ii. 12–16
volume_1,irenaeus,against_heresies_iv,1Sam,1Sam,18,,old_testament_or_other,Bible:1Sam.18,1 Sam. xviii.
volume_1,irenaeus,against_heresies_iv,2Sam,2Sam,11,27,old_testament_or_other,Bible:2Sam.11.27,2 Sam. xi. 27
volume_1,irenaeus,against_heresies_iv,2Sam,2Sam,12,1,old_testament_or_other,Bible:2Sam.12.1,2 Sam. xii. 1
volume_1,irenaeus,against_heresies_iv,1Kgs,1Kgs,8,27,old_testament_or_other,Bible:1Kgs.8.27,1 Kings viii. 27
volume_1,irenaeus,against_heresies_iv,1Kgs,1Kgs,4,34,old_testament_or_other,Bible:1Kgs.4.34,1 Kings iv. 34
volume_1,irenaeus,against_heresies_iv,1Kgs,1Kgs,10,1,old_testament_or_other,Bible:1Kgs.10.1,1 Kings x. 1
volume_1,irenaeus,against_heresies_iv,1Kgs,1Kgs,11,1,old_testament_or_other,Bible:1Kgs.11.1,1 Kings xi. 1
volume_1,irenaeus,against_heresies_iv,1Pet,1Pet,3,19,new_testament,Bible:1Pet.3.19-1Pet.3.20,"1 Pet. iii. 19, 20"
volume_1,irenaeus,against_heresies_iv,Rom,Rom,3,23,new_testament,Bible:Rom.3.23,Rom. iii. 23
volume_1,irenaeus,against_heresies_iv,Rom,Rom|Rom,11,17,new_testament,Bible:Rom.11.17 Bible:Rom.11.21,"Rom. xi. 17, 21"
volume_1,irenaeus,against_heresies_iv,Exod,Exod,32,6,old_testament_or_other,Bible:Exod.32.6,Ex. xxxii. 6
volume_1,irenaeus,against_heresies_iv,1Cor,1Cor,10,1,new_testament,Bible:1Cor.10.1,1 Cor. x. 1
volume_1,irenaeus,against_heresies_iv,Matt,Matt,25,41,new_testament,Bible:Matt.25.41,Matt. xxv. 41
volume_1,irenaeus,against_heresies_iv,1Cor,1Cor,6,9,new_testament,Bible:1Cor.6.9-1Cor.6.10,"1 Cor. vi. 9, 10"
volume_1,irenaeus,against_heresies_iv,Matt,Matt,18,8,new_testament,Bible:Matt.18.8-Matt.18.9,"Matt. xviii. 8, 9"
volume_1,irenaeus,against_heresies_iv,1Cor,1Cor,5,11,new_testament,Bible:1Cor.5.11,1 Cor. v. 11
volume_1,irenaeus,against_heresies_iv,Eph,Eph,5,6,new_testament,Bible:Eph.5.6-Eph.5.7,"Eph. v. 6, 7"
volume_1,irenaeus,against_heresies_iv,1Cor,1Cor,5,6,new_testament,Bible:1Cor.5.6,1 Cor. v. 6
volume_1,irenaeus,against_heresies_iv,Rom,Rom,1,18,new_testament,Bible:Rom.1.18,Rom. i. 18
volume_1,irenaeus,against_heresies_iv,Luke,Luke,18,7,new_testament,Bible:Luke.18.7-Luke.18.8,"Luke xviii. 7, 8"
volume_1,irenaeus,against_heresies_iv,2Thess,2Thess,1,6,new_testament,Bible:2Thess.1.6-2Thess.1.10,2 Thess. i. 6–10
volume_1,irenaeus,against_heresies_iv,Ps,Ps,34,16,old_testament_or_other,Bible:Ps.34.16,Ps. xxxiv. 16
volume_1,irenaeus,against_heresies_iv,Matt,Matt,26,24,new_testament,Bible:Matt.26.24,Matt. xxvi. 24
volume_1,irenaeus,against_heresies_iv,Matt,Matt,10,15,new_testament,Bible:Matt.10.15,Matt. x. 15
volume_1,irenaeus,against_heresies_iv,Eph,Eph,5,4,new_testament,Bible:Eph.5.4,Eph. v. 4
volume_1,irenaeus,against_heresies_iv,2Cor,2Cor,2,15,new_testament,Bible:2Cor.2.15-2Cor.2.16,"2 Cor. ii. 15, 16"
volume_1,irenaeus,against_heresies_iv,Num,Num,14,30,old_testament_or_other,Bible:Num.14.30,Num. xiv. 30
volume_1,irenaeus,against_heresies_iv,Jonah,Jonah,4,11,old_testament_or_other,Bible:Jonah.4.11,Jon. iv. 11
volume_1,irenaeus,against_heresies_iv,1Cor,1Cor,14,20,new_testament,Bible:1Cor.14.20,1 Cor. xiv. 20
volume_1,irenaeus,against_heresies_iv,Exod,Exod,9,35,old_testament_or_other,Bible:Exod.9.35,Ex. ix. 35
volume_1,irenaeus,against_heresies_iv,Matt,Matt,13,11,new_testament,Bible:Matt.13.11-Matt.13.16,Matt. xiii. 11–16
volume_1,irenaeus,against_heresies_iv,Isa,Isa,6,10,old_testament_or_other,Bible:Isa.6.10,Isa. vi. 10
volume_1,irenaeus,against_heresies_iv,2Cor,2Cor,4,4,new_testament,Bible:2Cor.4.4,2 Cor. iv. 4
volume_1,irenaeus,against_heresies_iv,Rom,Rom,1,28,new_testament,Bible:Rom.1.28,Rom. i. 28
volume_1,irenaeus,against_heresies_iv,2Thess,2Thess,2,11,new_testament,Bible:2Thess.2.11,2 Thess. ii. 11
volume_1,irenaeus,against_heresies_iv,Exod,Exod,3,19,old_testament_or_other,Bible:Exod.3.19,Ex. iii. 19
volume_1,irenaeus,against_heresies_iv,Exod,Exod,3,22,old_testament_or_other,Bible:Exod.3.22,Ex. iii. 22
volume_1,irenaeus,against_heresies_iv,Exod,Exod,11,2,old_testament_or_other,Bible:Exod.11.2,Ex. xi. 2
volume_1,irenaeus,against_heresies_iv,Exod,Exod,1,13,old_testament_or_other,Bible:Exod.1.13-Exod.1.14,"Ex. i. 13, 14"
volume_1,irenaeus,against_heresies_iv,Luke,Luke,6,29,new_testament,Bible:Luke.6.29,Luke vi. 29
volume_1,irenaeus,against_heresies_iv,Matt,Matt,7,5,new_testament,Bible:Matt.7.5,Matt. vii. 5
volume_1,irenaeus,against_heresies_iv,Matt,Matt,7,1,new_testament,Bible:Matt.7.1-Matt.7.2,"Matt. vii. 1, 2"
volume_1,irenaeus,against_heresies_iv,Luke,Luke,3,11,new_testament,Bible:Luke.3.11,Luke iii. 11
volume_1,irenaeus,against_heresies_iv,Matt,Matt,25,35,new_testament,Bible:Matt.25.35-Matt.25.36,"Matt. xxv. 35, 36"
volume_1,irenaeus,against_heresies_iv,Matt,Matt,6,3,new_testament,Bible:Matt.6.3,Matt. vi. 3
volume_1,irenaeus,against_heresies_iv,Luke,Luke,16,9,new_testament,Bible:Luke.16.9,Luke xvi. 9
volume_1,irenaeus,against_heresies_iv,Rev,Rev,15,,new_testament,Bible:Rev.15,Rev. xv.
volume_1,irenaeus,against_heresies_iv,Rev,Rev,16,,new_testament,Bible:Rev.16,Rev. xvi.
volume_1,irenaeus,against_heresies_iv,Titus,Titus,1,15,new_testament,Bible:Titus.1.15,Tit. i. 15
volume_1,irenaeus,against_heresies_iv,Gen,Gen,19,33,old_testament_or_other,Bible:Gen.19.33,Gen. xix. 33
volume_1,irenaeus,against_heresies_iv,Gen,Gen,19,35,old_testament_or_other,Bible:Gen.19.35,Gen. xix. 35
volume_1,irenaeus,against_heresies_iv,Gen,Gen,19,31,old_testament_or_other,Bible:Gen.19.31-Gen.19.32,"Gen. xix. 31, 32"
volume_1,irenaeus,against_heresies_iv,Gal,Gal,4,24,new_testament,Bible:Gal.4.24,Gal. iv. 24
volume_1,irenaeus,against_heresies_iv,Matt,Matt,11,19,new_testament,Bible:Matt.11.19,Matt. xi. 19
volume_1,irenaeus,against_heresies_iv,Ps,Ps,3,6,old_testament_or_other,Bible:Ps.3.6,Ps. iii. 6
volume_1,irenaeus,against_heresies_iv,Jer,Jer,31,26,old_testament_or_other,Bible:Jer.31.26,Jer. xxxi. 26
volume_1,irenaeus,against_heresies_iv,Matt,Matt,5,13,new_testament,Bible:Matt.5.13,Matt. v. 13
volume_1,irenaeus,against_heresies_iv,Gen,Gen,1,3,old_testament_or_other,Bible:Gen.1.3,Gen. i. 3
volume_1,irenaeus,against_heresies_iv,John,John,1,3,new_testament,Bible:John.1.3,John i. 3
volume_1,irenaeus,against_heresies_iv,Eph,Eph,4,5,new_testament,Bible:Eph.4.5-Eph.4.6,"Eph. iv. 5, 6"
volume_1,irenaeus,against_heresies_iv,Eph,Eph,4,16,new_testament,Bible:Eph.4.16,Eph. iv. 16
volume_1,irenaeus,against_heresies_iv,Col,Col,2,19,new_testament,Bible:Col.2.19,Col. ii. 19
volume_1,irenaeus,against_heresies_iv,1Cor,1Cor,2,15,new_testament,Bible:1Cor.2.15,1 Cor. ii. 15
volume_1,irenaeus,against_heresies_iv,Ps,Ps,25,14,old_testament_or_other,Bible:Ps.25.14,Ps. xxv. 14
volume_1,irenaeus,against_heresies_iv,Rom,Rom,1,21,new_testament,Bible:Rom.1.21,Rom. i. 21
volume_1,irenaeus,against_heresies_iv,Isa,Isa,53,3,old_testament_or_other,Bible:Isa.53.3,Isa. liii. 3
volume_1,irenaeus,against_heresies_iv,Zech,Zech,9,9,old_testament_or_other,Bible:Zech.9.9,Zech. ix. 9
volume_1,irenaeus,against_heresies_iv,Ps,Ps,118,22,old_testament_or_other,Bible:Ps.118.22,Ps. cxviii. 22
volume_1,irenaeus,against_heresies_iv,Exod,Exod,17,11,old_testament_or_other,Bible:Exod.17.11,Ex. xvii. 11
volume_1,irenaeus,against_heresies_iv,Isa,Isa,11,12,old_testament_or_other,Bible:Isa.11.12,Isa. xi. 12
volume_1,irenaeus,against_heresies_iv,Dan,Dan,7,13,old_testament_or_other,Bible:Dan.7.13,Dan. vii. 13
volume_1,irenaeus,against_heresies_iv,Isa,Isa,11,4,old_testament_or_other,Bible:Isa.11.4,Isa. xi. 4
volume_1,irenaeus,against_heresies_iv,Matt,Matt,3,12,new_testament,Bible:Matt.3.12,Matt. iii. 12
volume_1,irenaeus,against_heresies_iv,Luke,Luke,3,17,new_testament,Bible:Luke.3.17,Luke iii. 17
volume_1,irenaeus,against_heresies_iv,1John,1John,5,6,new_testament,Bible:1John.5.6,1 John v. 6
volume_1,irenaeus,against_heresies_iv,John,John,19,34,new_testament,Bible:John.19.34-John.19.35,"John xix. 34, 35"
volume_1,irenaeus,against_heresies_iv,John,John,19,34,new_testament,Bible:John.19.34,John xix. 34
volume_1,irenaeus,against_heresies_iv,Matt,Matt,12,41,new_testament,Bible:Matt.12.41-Matt.12.42,"Matt. xii. 41, 42"
volume_1,irenaeus,against_heresies_iv,Matt,Matt,22,43,new_testament,Bible:Matt.22.43,Matt. xxii. 43
volume_1,irenaeus,against_heresies_iv,Luke,Luke,11,21,new_testament,Bible:Luke.11.21-Luke.11.22,"Luke xi. 21, 22"
volume_1,irenaeus,against_heresies_iv,Matt,Matt,23,24,new_testament,Bible:Matt.23.24,Matt. xxiii. 24
volume_1,irenaeus,against_heresies_iv,John,John,1,14,new_testament,Bible:John.1.14,John i. 14
volume_1,irenaeus,against_heresies_iv,2Cor,2Cor,8,1,new_testament,Bible:2Cor.8.1,2 Cor. viii. 1
volume_1,irenaeus,against_heresies_iv,1Cor,1Cor,13,,new_testament,Bible:1Cor.13,1 Cor. xiii.
volume_1,irenaeus,against_heresies_iv,Matt,Matt,5,12,new_testament,Bible:Matt.5.12,Matt. v. 12
volume_1,irenaeus,against_heresies_iv,1Pet,1Pet,4,14,new_testament,Bible:1Pet.4.14,1 Pet. iv. 14
volume_1,irenaeus,against_heresies_iv,Isa,Isa,6,1,old_testament_or_other,Bible:Isa.6.1,Isa. vi. 1
volume_1,irenaeus,against_heresies_iv,Ps,Ps,110,1,old_testament_or_other,Bible:Ps.110.1,Ps. cx. 1
volume_1,irenaeus,against_heresies_iv,Zech,Zech,12,10,old_testament_or_other,Bible:Zech.12.10,Zech. xii. 10
volume_1,irenaeus,against_heresies_iv,Luke,Luke,18,8,new_testament,Bible:Luke.18.8,Luke xviii. 8
volume_1,irenaeus,against_heresies_iv,2Thess,2Thess,1,6,new_testament,Bible:2Thess.1.6-2Thess.1.8,2 Thess. i. 6–8
volume_1,irenaeus,against_heresies_iv,2Thess,2Thess,1,9,new_testament,Bible:2Thess.1.9-2Thess.1.10,"2 Thess. i. 9, 10"
volume_1,irenaeus,against_heresies_iv,Ps,Ps,45,2,old_testament_or_other,Bible:Ps.45.2,Ps. xlv. 2
volume_1,irenaeus,against_heresies_iv,Ps,Ps,45,7,old_testament_or_other,Bible:Ps.45.7,Ps. xlv. 7
volume_1,irenaeus,against_heresies_iv,Ps,Ps,45,3,old_testament_or_other,Bible:Ps.45.3-Ps.45.4,"Ps. xlv. 3, 4"
volume_1,irenaeus,against_heresies_iv,Jer,Jer,17,9,old_testament_or_other,Bible:Jer.17.9,Jer. xvii. 9
volume_1,irenaeus,against_heresies_iv,Isa,Isa,8,3,old_testament_or_other,Bible:Isa.8.3,Isa. viii. 3
volume_1,irenaeus,against_heresies_iv,Isa,Isa,9,6,old_testament_or_other,Bible:Isa.9.6,Isa. ix. 6
volume_1,irenaeus,against_heresies_iv,Isa,Isa,7,14,old_testament_or_other,Bible:Isa.7.14,Isa. vii. 14
volume_1,irenaeus,against_heresies_iv,Joel,Joel,3,16,old_testament_or_other,Bible:Joel.3.16,Joel iii. 16
volume_1,irenaeus,against_heresies_iv,Ps,Ps,76,1,old_testament_or_other,Bible:Ps.76.1,Ps. lxxvi. 1
volume_1,irenaeus,against_heresies_iv,Hab,Hab,3,3,old_testament_or_other,Bible:Hab.3.3,Hab. iii. 3
volume_1,irenaeus,against_heresies_iv,Isa,Isa,35,5,old_testament_or_other,Bible:Isa.35.5-Isa.35.6,"Isa. xxxv. 5, 6"
volume_1,irenaeus,against_heresies_iv,Isa,Isa,35,3,old_testament_or_other,Bible:Isa.35.3,Isa. xxxv. 3
volume_1,irenaeus,against_heresies_iv,Isa,Isa,26,19,old_testament_or_other,Bible:Isa.26.19,Isa. xxvi. 19
volume_1,irenaeus,against_heresies_iv,Isa,Isa,53,4,old_testament_or_other,Bible:Isa.53.4,Isa. liii. 4
volume_1,irenaeus,against_heresies_iv,Isa,Isa,50,6,old_testament_or_other,Bible:Isa.50.6,Isa. l. 6
volume_1,irenaeus,against_heresies_iv,Ps,Ps,69,21,old_testament_or_other,Bible:Ps.69.21,Ps. lxix. 21
volume_1,irenaeus,against_heresies_iv,Ps,Ps,38,11,old_testament_or_other,Bible:Ps.38.11,Ps. xxxviii. 11
volume_1,irenaeus,against_heresies_iv,Isa,Isa,65,2,old_testament_or_other,Bible:Isa.65.2,Isa. lxv. 2
volume_1,irenaeus,against_heresies_iv,Ps,Ps,22,7,old_testament_or_other,Bible:Ps.22.7,Ps. xxii. 7
volume_1,irenaeus,against_heresies_iv,Ps,Ps,22,18,old_testament_or_other,Bible:Ps.22.18,Ps. xxii. 18
volume_1,irenaeus,against_heresies_iv,Amos,Amos,8,9,old_testament_or_other,Bible:Amos.8.9-Amos.8.10,"Amos viii. 9, 10"
volume_1,irenaeus,against_heresies_iv,Jer,Jer,15,9,old_testament_or_other,Bible:Jer.15.9,Jer. xv. 9
volume_1,irenaeus,against_heresies_iv,Ps,Ps,3,5,old_testament_or_other,Bible:Ps.3.5,Ps. iii. 5
volume_1,irenaeus,against_heresies_iv,Ps,Ps,24,7,old_testament_or_other,Bible:Ps.24.7,Ps. xxiv. 7
volume_1,irenaeus,against_heresies_iv,Ps,Ps,19,6,old_testament_or_other,Bible:Ps.19.6,Ps. xix. 6
volume_1,irenaeus,against_heresies_iv,Ps,Ps,99,1,old_testament_or_other,Bible:Ps.99.1,Ps. xcix. 1
volume_1,irenaeus,against_heresies_iv,Matt,Matt,24,21,new_testament,Bible:Matt.24.21,Matt. xxiv. 21
volume_1,irenaeus,against_heresies_iv,Isa,Isa,50,8,old_testament_or_other,Bible:Isa.50.8-Isa.50.9,"Isa. l. 8, 9"
volume_1,irenaeus,against_heresies_iv,Isa,Isa,2,17,old_testament_or_other,Bible:Isa.2.17,Isa. ii. 17
volume_1,irenaeus,against_heresies_iv,Jer,Jer,31,31,old_testament_or_other,Bible:Jer.31.31-Jer.31.32,"Jer. xxxi. 31, 32"
volume_1,irenaeus,against_heresies_iv,Ezek,Ezek,36,26,old_testament_or_other,Bible:Ezek.36.26,Ezek. xxxvi. 26
volume_1,irenaeus,against_heresies_iv,Isa,Isa,43,19,old_testament_or_other,Bible:Isa.43.19-Isa.43.21,Isa. xliii. 19–21
volume_1,irenaeus,against_heresies_iv,Matt,Matt,9,17,new_testament,Bible:Matt.9.17,Matt. ix. 17
volume_1,irenaeus,against_heresies_iv,Rom,Rom,2,5,new_testament,Bible:Rom.2.5,Rom. ii. 5
volume_1,irenaeus,against_heresies_iv,1Pet,1Pet,1,12,new_testament,Bible:1Pet.1.12,1 Pet. i. 12
volume_1,irenaeus,against_heresies_iv,Rom,Rom,3,21,new_testament,Bible:Rom.3.21,Rom. iii. 21
volume_1,irenaeus,against_heresies_iv,Matt,Matt,5,17,new_testament,Bible:Matt.5.17-Matt.5.18,"Matt. v. 17, 18"
volume_1,irenaeus,against_heresies_iv,Rom,Rom,1,17,new_testament,Bible:Rom.1.17,Rom. i. 17
volume_1,irenaeus,against_heresies_iv,Hab,Hab,2,4,old_testament_or_other,Bible:Hab.2.4,Hab. ii. 4
volume_1,irenaeus,against_heresies_iv,Isa,Isa,2,3,old_testament_or_other,Bible:Isa.2.3-Isa.2.4,"Isa. ii. 3, 4"
volume_1,irenaeus,against_heresies_iv,Mic,Mic,4,2,old_testament_or_other,Bible:Mic.4.2-Mic.4.3,"Mic. iv. 2, 3"
volume_1,irenaeus,against_heresies_iv,Matt,Matt,5,39,new_testament,Bible:Matt.5.39,Matt. v. 39
volume_1,irenaeus,against_heresies_iv,Isa,Isa,57,1,old_testament_or_other,Bible:Isa.57.1,Isa. lvii. 1
volume_1,irenaeus,against_heresies_iv,Luke,Luke,5,36,new_testament,Bible:Luke.5.36-Luke.5.37,"Luke v. 36, 37"
volume_1,irenaeus,against_heresies_iv,Matt,Matt,21,33,new_testament,Bible:Matt.21.33-Matt.21.41,Matt. xxi. 33–41
volume_1,irenaeus,against_heresies_iv,Matt,Matt,21,42,new_testament,Bible:Matt.21.42-Matt.21.44,Matt. xxi. 42–44
volume_1,irenaeus,against_heresies_iv,Jer,Jer,7,3,old_testament_or_other,Bible:Jer.7.3,Jer. vii. 3
volume_1,irenaeus,against_heresies_iv,Zech,Zech,8,17,old_testament_or_other,Bible:Zech.8.17,Zech. viii. 17
volume_1,irenaeus,against_heresies_iv,Isa,Isa,1,17,old_testament_or_other,Bible:Isa.1.17-Isa.1.19,Isa. i. 17–19
volume_1,irenaeus,against_heresies_iv,Jer,Jer,7,29,old_testament_or_other,Bible:Jer.7.29-Jer.7.30,"Jer. vii. 29, 30"
volume_1,irenaeus,against_heresies_iv,Jer,Jer,6,17,old_testament_or_other,Bible:Jer.6.17-Jer.6.18,"Jer. vi. 17, 18"
volume_1,irenaeus,against_heresies_iv,Luke,Luke,21,34,new_testament,Bible:Luke.21.34-Luke.21.35,"Luke xxi. 34, 35"
volume_1,irenaeus,against_heresies_iv,Luke,Luke,12,35,new_testament,Bible:Luke.12.35-Luke.12.36,"Luke xii. 35, 36"
volume_1,irenaeus,against_heresies_iv,Luke,Luke,17,26,new_testament,Bible:Luke.17.26,Luke xvii. 26
volume_1,irenaeus,against_heresies_iv,Matt,Matt,24,42,new_testament,Bible:Matt.24.42,Matt. xxiv. 42
volume_1,irenaeus,against_heresies_iv,Matt,Matt,11,23,new_testament,Bible:Matt.11.23-Matt.11.24,"Matt. xi. 23, 24"
volume_1,irenaeus,against_heresies_iv,John,John,4,14,new_testament,Bible:John.4.14,John iv. 14
volume_1,irenaeus,against_heresies_iv,1Pet,1Pet,3,20,new_testament,Bible:1Pet.3.20,1 Pet. iii. 20
volume_1,irenaeus,against_heresies_iv,Gen,Gen,6,1,old_testament_or_other,Bible:Gen.6.1-Gen.6.3,"Gen. vi. 1, 2, 3"
volume_1,irenaeus,against_heresies_iv,Jude,Jude,1,7,new_testament,Bible:Jude.1.7,Jude 7
volume_1,irenaeus,against_heresies_iv,Gen,Gen,19,4,old_testament_or_other,Bible:Gen.19.4-Gen.19.5,"Gen. xix. 4, 5"
volume_1,irenaeus,against_heresies_iv,Matt,Matt,11,24,new_testament,Bible:Matt.11.24,Matt. xi. 24
volume_1,irenaeus,against_heresies_iv,Luke,Luke,10,12,new_testament,Bible:Luke.10.12,Luke x. 12
volume_1,irenaeus,against_heresies_iv,Matt,Matt,22,1,new_testament,Bible:Matt.22.1,Matt. xxii. 1
volume_1,irenaeus,against_heresies_iv,Jer,Jer,35,15,old_testament_or_other,Bible:Jer.35.15,Jer. xxxv. 15
volume_1,irenaeus,against_heresies_iv,Jer,Jer,7,25,old_testament_or_other,Bible:Jer.7.25,Jer. vii. 25
volume_1,irenaeus,against_heresies_iv,2Cor,2Cor,5,4,new_testament,Bible:2Cor.5.4,2 Cor. v. 4
volume_1,irenaeus,against_heresies_iv,Matt,Matt,22,13,new_testament,Bible:Matt.22.13,Matt. xxii. 13
volume_1,irenaeus,against_heresies_iv,1Cor,1Cor,10,5,new_testament,Bible:1Cor.10.5,1 Cor. x. 5
volume_1,irenaeus,against_heresies_iv,Matt,Matt,22,14,new_testament,Bible:Matt.22.14,Matt. xxii. 14
volume_1,irenaeus,against_heresies_iv,John,John,5,14,new_testament,Bible:John.5.14,John v. 14
volume_1,irenaeus,against_heresies_iv,Matt,Matt,22,7,new_testament,Bible:Matt.22.7,Matt. xxii. 7
volume_1,irenaeus,against_heresies_iv,Ps,Ps,24,1,old_testament_or_other,Bible:Ps.24.1,Ps. xxiv. 1
volume_1,irenaeus,against_heresies_iv,Rom,Rom,13,1,new_testament,Bible:Rom.13.1-Rom.13.7,Rom. xiii. 1–7
volume_1,irenaeus,against_heresies_iv,Luke,Luke,15,11,new_testament,Bible:Luke.15.11,Luke xv. 11
volume_1,irenaeus,against_heresies_iv,Matt,Matt,20,1,new_testament,Bible:Matt.20.1,Matt. xx. 1
volume_1,irenaeus,against_heresies_iv,Luke,Luke,18,10,new_testament,Bible:Luke.18.10,Luke xviii. 10
volume_1,irenaeus,against_heresies_iv,Ps,Ps,116,2,old_testament_or_other,Bible:Ps.116.2,Ps. cxvi. 2
volume_1,irenaeus,against_heresies_iv,Rom,Rom,7,18,new_testament,Bible:Rom.7.18,Rom. vii. 18
volume_1,irenaeus,against_heresies_iv,Luke,Luke,13,6,new_testament,Bible:Luke.13.6,Luke xiii. 6
volume_1,irenaeus,against_heresies_iv,Luke,Luke,13,34,new_testament,Bible:Luke.13.34,Luke xiii. 34
volume_1,irenaeus,against_heresies_iv,Matt,Matt,23,37,new_testament,Bible:Matt.23.37,Matt. xxiii. 37
volume_1,irenaeus,against_heresies_iv,Matt,Matt,8,11,new_testament,Bible:Matt.8.11-Matt.8.12,"Matt. viii. 11, 12"
volume_1,irenaeus,against_heresies_iv,Rom,Rom|Rom,2,4,new_testament,Bible:Rom.2.4-Rom.2.5 Bible:Rom.2.7,"Rom. ii. 4, 5, 7"
volume_1,irenaeus,against_heresies_iv,Matt,Matt,5,16,new_testament,Bible:Matt.5.16,Matt. v. 16
volume_1,irenaeus,against_heresies_iv,Luke,Luke,21,34,new_testament,Bible:Luke.21.34,Luke xxi. 34
volume_1,irenaeus,against_heresies_iv,Luke,Luke,12,47,new_testament,Bible:Luke.12.47,Luke xii. 47
volume_1,irenaeus,against_heresies_iv,Luke,Luke,6,46,new_testament,Bible:Luke.6.46,Luke vi. 46
volume_1,irenaeus,against_heresies_iv,Luke,Luke,12,45,new_testament,Bible:Luke.12.45-Luke.12.46,"Luke xii. 45, 46"
volume_1,irenaeus,against_heresies_iv,Matt,Matt,24,48,new_testament,Bible:Matt.24.48-Matt.24.51,Matt. xxiv. 48–51
volume_1,irenaeus,against_heresies_iv,1Cor,1Cor,6,12,new_testament,Bible:1Cor.6.12,1 Cor. vi. 12
volume_1,irenaeus,against_heresies_iv,Eph,Eph,4,25,new_testament,Bible:Eph.4.25,Eph. iv. 25
volume_1,irenaeus,against_heresies_iv,Eph,Eph,4,29,new_testament,Bible:Eph.4.29,Eph. iv. 29
volume_1,irenaeus,against_heresies_iv,1Cor,1Cor,6,11,new_testament,Bible:1Cor.6.11,1 Cor. vi. 11
volume_1,irenaeus,against_heresies_iv,Matt,Matt,9,29,new_testament,Bible:Matt.9.29,Matt. ix. 29
volume_1,irenaeus,against_heresies_iv,Mark,Mark,9,23,new_testament,Bible:Mark.9.23,Mark ix. 23
volume_1,irenaeus,against_heresies_iv,Matt,Matt,8,13,new_testament,Bible:Matt.8.13,Matt. viii. 13
volume_1,irenaeus,against_heresies_iv,John,John,3,36,new_testament,Bible:John.3.36,John iii. 36
volume_1,irenaeus,against_heresies_iv,Matt,Matt,23,37,new_testament,Bible:Matt.23.37-Matt.23.38,"Matt. xxiii. 37, 38"
volume_1,irenaeus,against_heresies_iv,Matt,Matt,11,12,new_testament,Bible:Matt.11.12,Matt. xi. 12
volume_1,irenaeus,against_heresies_iv,1Cor,1Cor,9,24,new_testament,Bible:1Cor.9.24-1Cor.9.27,1 Cor. ix. 24–27
volume_1,irenaeus,against_heresies_iv,Jer,Jer,2,19,old_testament_or_other,Bible:Jer.2.19,Jer. ii. 19
volume_1,irenaeus,against_heresies_iv,1Cor,1Cor,3,2,new_testament,Bible:1Cor.3.2,1 Cor. iii. 2
volume_1,irenaeus,against_heresies_iv,1Cor,1Cor,3,3,new_testament,Bible:1Cor.3.3,1 Cor. iii. 3
volume_1,irenaeus,against_heresies_iv,Ps,Ps,82,6,old_testament_or_other,Bible:Ps.82.6-Ps.82.7,"Ps. lxxxii. 6, 7"
volume_1,irenaeus,against_heresies_iv,Ps,Ps,45,11,old_testament_or_other,Bible:Ps.45.11,Ps. xlv. 11
volume_1,irenaeus,against_heresies_iv,Matt,Matt,22,3,new_testament,Bible:Matt.22.3,Matt. xxii. 3
volume_1,irenaeus,against_heresies_iv,Isa,Isa,45,7,old_testament_or_other,Bible:Isa.45.7,Isa. xlv. 7
volume_1,irenaeus,against_heresies_iv,Matt,Matt,25,32,new_testament,Bible:Matt.25.32,Matt. xxv. 32
volume_1,irenaeus,against_heresies_iv,Matt,Matt,13,40,new_testament,Bible:Matt.13.40-Matt.13.43,Matt. xiii. 40–43
volume_1,irenaeus,against_heresies_iv,Matt,Matt,13,34,new_testament,Bible:Matt.13.34,Matt. xiii. 34
volume_1,irenaeus,against_heresies_iv,Matt,Matt,13,28,new_testament,Bible:Matt.13.28,Matt. xiii. 28
volume_1,irenaeus,against_heresies_iv,Gen,Gen,3,15,old_testament_or_other,Bible:Gen.3.15,Gen. iii. 15
volume_1,irenaeus,against_heresies_iv,Ps,Ps,149,5,old_testament_or_other,Bible:Ps.149.5,Ps. cxlix. 5
volume_1,irenaeus,against_heresies_iv,Ps,Ps,18,45,old_testament_or_other,Bible:Ps.18.45,Ps. xviii. 45
volume_1,irenaeus,against_heresies_iv,Ps,Ps,58,3,old_testament_or_other,Bible:Ps.58.3-Ps.58.4,"Ps. lviii. 3, 4"
volume_1,irenaeus,against_heresies_iv,Matt,Matt,23,33,new_testament,Bible:Matt.23.33,Matt. xxiii. 33
volume_1,irenaeus,against_heresies_iv,Matt,Matt,16,6,new_testament,Bible:Matt.16.6,Matt. xvi. 6
volume_1,irenaeus,against_heresies_iv,Luke,Luke,13,32,new_testament,Bible:Luke.13.32,Luke xiii. 32
volume_1,irenaeus,against_heresies_iv,Ps,Ps,49,21,old_testament_or_other,Bible:Ps.49.21,Ps. xlix. 21
volume_1,irenaeus,against_heresies_iv,Jer,Jer,5,8,old_testament_or_other,Bible:Jer.5.8,Jer. v. 8
volume_1,irenaeus,against_heresies_iv,Isa,Isa,1,10,old_testament_or_other,Bible:Isa.1.10,Isa. i. 10
volume_1,irenaeus,against_heresies_iv,Isa,Isa,1,16,old_testament_or_other,Bible:Isa.1.16,Isa. i. 16
volume_1,irenaeus,against_heresies_v,Rom,Rom,11,34,new_testament,Bible:Rom.11.34,Rom. xi. 34
volume_1,irenaeus,against_heresies_v,Jas,Jas,1,18,new_testament,Bible:Jas.1.18,Jas. i. 18
volume_1,irenaeus,against_heresies_v,Luke,Luke,1,35,new_testament,Bible:Luke.1.35,Luke i. 35
volume_1,irenaeus,against_heresies_v,1Cor,1Cor,15,22,new_testament,Bible:1Cor.15.22,1 Cor. xv. 22
volume_1,irenaeus,against_heresies_v,John,John,1,13,new_testament,Bible:John.1.13,John i. 13
volume_1,irenaeus,against_heresies_v,1Cor,1Cor,10,16,new_testament,Bible:1Cor.10.16,1 Cor. x. 16
volume_1,irenaeus,against_heresies_v,Col,Col,1,14,new_testament,Bible:Col.1.14,Col. i. 14
volume_1,irenaeus,against_heresies_v,Matt,Matt,5,45,new_testament,Bible:Matt.5.45,Matt. v. 45
volume_1,irenaeus,against_heresies_v,Eph,Eph,5,30,new_testament,Bible:Eph.5.30,Eph. v. 30
volume_1,irenaeus,against_heresies_v,Luke,Luke,24,39,new_testament,Bible:Luke.24.39,Luke xxiv. 39
volume_1,irenaeus,against_heresies_v,1Cor,1Cor,15,53,new_testament,Bible:1Cor.15.53,1 Cor. xv. 53
volume_1,irenaeus,against_heresies_v,2Cor,2Cor,12,3,new_testament,Bible:2Cor.12.3,2 Cor. xii. 3
volume_1,irenaeus,against_heresies_v,2Cor,2Cor,12,7,new_testament,Bible:2Cor.12.7-2Cor.12.9,2 Cor. xii. 7–9
volume_1,irenaeus,against_heresies_v,Gen,Gen,2,8,old_testament_or_other,Bible:Gen.2.8,Gen. ii. 8
volume_1,irenaeus,against_heresies_v,2Cor,2Cor,12,4,new_testament,Bible:2Cor.12.4,2 Cor. xii. 4
volume_1,irenaeus,against_heresies_v,Jonah,Jonah,2,11,old_testament_or_other,Bible:Jonah.2.11,Jon. ii. 11
volume_1,irenaeus,against_heresies_v,Dan,Dan,3,19,old_testament_or_other,Bible:Dan.3.19-Dan.3.25,Dan. iii. 19–25
volume_1,irenaeus,against_heresies_v,Luke,Luke,18,27,new_testament,Bible:Luke.18.27,Luke xviii. 27
volume_1,irenaeus,against_heresies_v,1Cor,1Cor,2,6,new_testament,Bible:1Cor.2.6,1 Cor. ii. 6
volume_1,irenaeus,against_heresies_v,1Thess,1Thess,5,23,new_testament,Bible:1Thess.5.23,1 Thess. v. 23
volume_1,irenaeus,against_heresies_v,1Cor,1Cor,3,16,new_testament,Bible:1Cor.3.16,1 Cor. iii. 16
volume_1,irenaeus,against_heresies_v,John,John,2,19,new_testament,Bible:John.2.19-John.2.21,John ii. 19–21
volume_1,irenaeus,against_heresies_v,1Cor,1Cor,3,17,new_testament,Bible:1Cor.3.17,1 Cor. iii. 17
volume_1,irenaeus,against_heresies_v,1Cor,1Cor,6,13,new_testament,Bible:1Cor.6.13-1Cor.6.14,"1 Cor. vi. 13, 14"
volume_1,irenaeus,against_heresies_v,John,John|John,20,20,new_testament,Bible:John.20.20 Bible:John.20.25-John.20.27,"John xx. 20, 25–27"
volume_1,irenaeus,against_heresies_v,1Cor,1Cor,6,14,new_testament,Bible:1Cor.6.14,1 Cor. vi. 14
volume_1,irenaeus,against_heresies_v,Rom,Rom,8,11,new_testament,Bible:Rom.8.11,Rom. viii. 11
volume_1,irenaeus,against_heresies_v,Ps,Ps,22,31,old_testament_or_other,Bible:Ps.22.31,Ps. xxii. 31
volume_1,irenaeus,against_heresies_v,1Cor,1Cor,15,42,new_testament,Bible:1Cor.15.42,1 Cor. xv. 42
volume_1,irenaeus,against_heresies_v,1Cor,1Cor,15,36,new_testament,Bible:1Cor.15.36,1 Cor. xv. 36
volume_1,irenaeus,against_heresies_v,1Cor,1Cor,15,43,new_testament,Bible:1Cor.15.43,1 Cor. xv. 43
volume_1,irenaeus,against_heresies_v,1Cor,1Cor,15,44,new_testament,Bible:1Cor.15.44,1 Cor. xv. 44
volume_1,irenaeus,against_heresies_v,1Cor,1Cor|1Cor,13,9,new_testament,Bible:1Cor.13.9 Bible:1Cor.13.12,"1 Cor. xiii. 9, 12"
volume_1,irenaeus,against_heresies_v,1Pet,1Pet,1,8,new_testament,Bible:1Pet.1.8,1 Pet. i. 8
volume_1,irenaeus,against_heresies_v,Eph,Eph,1,13,new_testament,Bible:Eph.1.13,Eph. i. 13
volume_1,irenaeus,against_heresies_v,2Cor,2Cor,5,4,new_testament,Bible:2Cor.5.4,2 Cor. v. 4
volume_1,irenaeus,against_heresies_v,Rom,Rom,8,9,new_testament,Bible:Rom.8.9,Rom. viii. 9
volume_1,irenaeus,against_heresies_v,Rom,Rom,8,15,new_testament,Bible:Rom.8.15,Rom. viii. 15
volume_1,irenaeus,against_heresies_v,Jer,Jer,5,3,old_testament_or_other,Bible:Jer.5.3,Jer. v. 3
volume_1,irenaeus,against_heresies_v,Ps,Ps,49,20,old_testament_or_other,Bible:Ps.49.20,Ps. xlix. 20
volume_1,irenaeus,against_heresies_v,Lev,Lev,11,2,old_testament_or_other,Bible:Lev.11.2,Lev. xi. 2
volume_1,irenaeus,against_heresies_v,Deut,Deut,14,3,old_testament_or_other,Bible:Deut.14.3,Deut. xiv. 3
volume_1,irenaeus,against_heresies_v,Ps,Ps,1,2,old_testament_or_other,Bible:Ps.1.2,Ps. i. 2
volume_1,irenaeus,against_heresies_v,Luke,Luke,6,46,new_testament,Bible:Luke.6.46,Luke vi. 46
volume_1,irenaeus,against_heresies_v,1Cor,1Cor,2,14,new_testament,Bible:1Cor.2.14,1 Cor. ii. 14
volume_1,irenaeus,against_heresies_v,1Cor,1Cor,3,1,new_testament,Bible:1Cor.3.1,1 Cor. iii. 1
volume_1,irenaeus,against_heresies_v,1Cor,1Cor,15,50,new_testament,Bible:1Cor.15.50,1 Cor. xv. 50
volume_1,irenaeus,against_heresies_v,Luke,Luke,10,60,new_testament,Bible:Luke.10.60,Luke x. 60
volume_1,irenaeus,against_heresies_v,Matt,Matt,26,41,new_testament,Bible:Matt.26.41,Matt. xxvi. 41
volume_1,irenaeus,against_heresies_v,1Cor,1Cor,15,48,new_testament,Bible:1Cor.15.48,1 Cor. xv. 48
volume_1,irenaeus,against_heresies_v,1Cor,1Cor,15,49,new_testament,Bible:1Cor.15.49,1 Cor. xv. 49
volume_1,irenaeus,against_heresies_v,Matt,Matt,5,5,new_testament,Bible:Matt.5.5,Matt. v. 5
volume_1,irenaeus,against_heresies_v,Rom,Rom,11,17,new_testament,Bible:Rom.11.17,Rom. xi. 17
volume_1,irenaeus,against_heresies_v,Matt,Matt,7,19,new_testament,Bible:Matt.7.19,Matt. vii. 19
volume_1,irenaeus,against_heresies_v,Matt,Matt,13,25,new_testament,Bible:Matt.13.25,Matt. xiii. 25
volume_1,irenaeus,against_heresies_v,Matt,Matt,24,42,new_testament,Bible:Matt.24.42,Matt. xxiv. 42
volume_1,irenaeus,against_heresies_v,Matt,Matt,25,13,new_testament,Bible:Matt.25.13,Matt. xxv. 13
volume_1,irenaeus,against_heresies_v,Mark,Mark,13,33,new_testament,Bible:Mark.13.33,Mark xiii. 33
volume_1,irenaeus,against_heresies_v,Jas,Jas,1,21,new_testament,Bible:Jas.1.21,Jas. i. 21
volume_1,irenaeus,against_heresies_v,Rev,Rev,2,17,new_testament,Bible:Rev.2.17,Rev. ii. 17
volume_1,irenaeus,against_heresies_v,Rom,Rom,8,8,new_testament,Bible:Rom.8.8,Rom. viii. 8
volume_1,irenaeus,against_heresies_v,Rom,Rom,8,10,new_testament,Bible:Rom.8.10,Rom. viii. 10
volume_1,irenaeus,against_heresies_v,Rom,Rom,8,13,new_testament,Bible:Rom.8.13,Rom. viii. 13
volume_1,irenaeus,against_heresies_v,Gal,Gal,5,19,new_testament,Bible:Gal.5.19,Gal. v. 19
volume_1,irenaeus,against_heresies_v,Gal,Gal,5,22,new_testament,Bible:Gal.5.22,Gal. v. 22
volume_1,irenaeus,against_heresies_v,1Cor,1Cor,6,9,new_testament,Bible:1Cor.6.9-1Cor.6.11,1 Cor. vi. 9–11
volume_1,irenaeus,against_heresies_v,Isa,Isa,25,8,old_testament_or_other,Bible:Isa.25.8,Isa. xxv. 8
volume_1,irenaeus,against_heresies_v,Isa,Isa,42,5,old_testament_or_other,Bible:Isa.42.5,Isa. xlii. 5
volume_1,irenaeus,against_heresies_v,Isa,Isa,57,16,old_testament_or_other,Bible:Isa.57.16,Isa. lvii. 16
volume_1,irenaeus,against_heresies_v,1Cor,1Cor,15,46,new_testament,Bible:1Cor.15.46,1 Cor. xv. 46
volume_1,irenaeus,against_heresies_v,1Cor,1Cor,15,45,new_testament,Bible:1Cor.15.45,1 Cor. xv. 45
volume_1,irenaeus,against_heresies_v,Col,Col,3,5,new_testament,Bible:Col.3.5,Col. iii. 5
volume_1,irenaeus,against_heresies_v,Col,Col,3,9,new_testament,Bible:Col.3.9,Col. iii. 9
volume_1,irenaeus,against_heresies_v,Phil,Phil,1,22,new_testament,Bible:Phil.1.22,Phil. i. 22
volume_1,irenaeus,against_heresies_v,Col,Col,3,10,new_testament,Bible:Col.3.10,Col. iii. 10
volume_1,irenaeus,against_heresies_v,Gal,Gal,1,15,new_testament,Bible:Gal.1.15-Gal.1.16,"Gal. i. 15, 16"
volume_1,irenaeus,against_heresies_v,Mark,Mark,5,22,new_testament,Bible:Mark.5.22,Mark v. 22
volume_1,irenaeus,against_heresies_v,Luke,Luke,7,12,new_testament,Bible:Luke.7.12,Luke vii. 12
volume_1,irenaeus,against_heresies_v,John,John,9,30,new_testament,Bible:John.9.30,John ix. 30
volume_1,irenaeus,against_heresies_v,1Cor,1Cor,15,52,new_testament,Bible:1Cor.15.52,1 Cor. xv. 52
volume_1,irenaeus,against_heresies_v,John,John,5,28,new_testament,Bible:John.5.28,John v. 28
volume_1,irenaeus,against_heresies_v,Phil,Phil,3,29,new_testament,Bible:Phil.3.29,Phil. iii. 29
volume_1,irenaeus,against_heresies_v,1Cor,1Cor,6,20,new_testament,Bible:1Cor.6.20,1 Cor. vi. 20
volume_1,irenaeus,against_heresies_v,2Cor,2Cor,4,10,new_testament,Bible:2Cor.4.10,2 Cor. iv. 10
volume_1,irenaeus,against_heresies_v,2Cor,2Cor,3,3,new_testament,Bible:2Cor.3.3,2 Cor. iii. 3
volume_1,irenaeus,against_heresies_v,Phil,Phil,3,11,new_testament,Bible:Phil.3.11,Phil. iii. 11
volume_1,irenaeus,against_heresies_v,1Cor,1Cor,15,13,new_testament,Bible:1Cor.15.13,1 Cor. xv. 13
volume_1,irenaeus,against_heresies_v,2Cor,2Cor,4,11,new_testament,Bible:2Cor.4.11,2 Cor. iv. 11
volume_1,irenaeus,against_heresies_v,Gen,Gen,4,10,old_testament_or_other,Bible:Gen.4.10,Gen. iv. 10
volume_1,irenaeus,against_heresies_v,Gen,Gen,9,5,old_testament_or_other,Bible:Gen.9.5-Gen.9.6,"Gen. ix. 5, 6"
volume_1,irenaeus,against_heresies_v,Matt,Matt,23,35,new_testament,Bible:Matt.23.35,Matt. xxiii. 35
volume_1,irenaeus,against_heresies_v,Luke,Luke,11,50,new_testament,Bible:Luke.11.50,Luke xi. 50
volume_1,irenaeus,against_heresies_v,Col,Col,1,21,new_testament,Bible:Col.1.21,Col. i. 21
volume_1,irenaeus,against_heresies_v,Eph,Eph,1,7,new_testament,Bible:Eph.1.7,Eph. i. 7
volume_1,irenaeus,against_heresies_v,Eph,Eph,2,13,new_testament,Bible:Eph.2.13,Eph. ii. 13
volume_1,irenaeus,against_heresies_v,Eph,Eph,2,15,new_testament,Bible:Eph.2.15,Eph. ii. 15
volume_1,irenaeus,against_heresies_v,Rom,Rom,6,12,new_testament,Bible:Rom.6.12-Rom.6.13,"Rom. vi. 12, 13"
volume_1,irenaeus,against_heresies_v,Col,Col,2,19,new_testament,Bible:Col.2.19,Col. ii. 19
volume_1,irenaeus,against_heresies_v,Isa,Isa,26,19,old_testament_or_other,Bible:Isa.26.19,Isa. xxvi. 19
volume_1,irenaeus,against_heresies_v,Isa,Isa,66,13,old_testament_or_other,Bible:Isa.66.13,Isa. lxvi. 13
volume_1,irenaeus,against_heresies_v,Ezek,Ezek,37,1,old_testament_or_other,Bible:Ezek.37.1,Ezek. xxxvii. 1
volume_1,irenaeus,against_heresies_v,Ezek,Ezek,37,12,old_testament_or_other,Bible:Ezek.37.12,Ezek. xxxvii. 12
volume_1,irenaeus,against_heresies_v,Isa,Isa,65,22,old_testament_or_other,Bible:Isa.65.22,Isa. lxv. 22
volume_1,irenaeus,against_heresies_v,John,John,5,14,new_testament,Bible:John.5.14,John v. 14
volume_1,irenaeus,against_heresies_v,John,John,9,3,new_testament,Bible:John.9.3,John ix. 3
volume_1,irenaeus,against_heresies_v,Gen,Gen,2,7,old_testament_or_other,Bible:Gen.2.7,Gen. ii. 7
volume_1,irenaeus,against_heresies_v,Jer,Jer,1,5,old_testament_or_other,Bible:Jer.1.5,Jer. i. 5
volume_1,irenaeus,against_heresies_v,Gal,Gal,1,15,new_testament,Bible:Gal.1.15,Gal. i. 15
volume_1,irenaeus,against_heresies_v,John,John,9,7,new_testament,Bible:John.9.7,John ix. 7
volume_1,irenaeus,against_heresies_v,Gen,Gen,1,25,old_testament_or_other,Bible:Gen.1.25,Gen. i. 25
volume_1,irenaeus,against_heresies_v,Gen,Gen,3,9,old_testament_or_other,Bible:Gen.3.9,Gen. iii. 9
volume_1,irenaeus,against_heresies_v,Gen,Gen,3,19,old_testament_or_other,Bible:Gen.3.19,Gen. iii. 19
volume_1,irenaeus,against_heresies_v,Phil,Phil,2,8,new_testament,Bible:Phil.2.8,Phil. ii. 8
volume_1,irenaeus,against_heresies_v,1Tim,1Tim,2,5,new_testament,Bible:1Tim.2.5,1 Tim. ii. 5
volume_1,irenaeus,against_heresies_v,Matt,Matt,6,12,new_testament,Bible:Matt.6.12,Matt. vi. 12
volume_1,irenaeus,against_heresies_v,Gen,Gen,3,8,old_testament_or_other,Bible:Gen.3.8,Gen. iii. 8
volume_1,irenaeus,against_heresies_v,Matt,Matt,9,2,new_testament,Bible:Matt.9.2,Matt. ix. 2
volume_1,irenaeus,against_heresies_v,Luke,Luke,5,20,new_testament,Bible:Luke.5.20,Luke v. 20
volume_1,irenaeus,against_heresies_v,Luke,Luke,1,78,new_testament,Bible:Luke.1.78,Luke i. 78
volume_1,irenaeus,against_heresies_v,Matt,Matt,9,8,new_testament,Bible:Matt.9.8,Matt. ix. 8
volume_1,irenaeus,against_heresies_v,Matt,Matt,9,6,new_testament,Bible:Matt.9.6,Matt. ix. 6
volume_1,irenaeus,against_heresies_v,Ps,Ps,32,1,old_testament_or_other,Bible:Ps.32.1-Ps.32.2,"Ps. xxxii. 1, 2"
volume_1,irenaeus,against_heresies_v,Col,Col,2,14,new_testament,Bible:Col.2.14,Col. ii. 14
volume_1,irenaeus,against_heresies_v,2Kgs,2Kgs,6,6,old_testament_or_other,Bible:2Kgs.6.6,2 Kings vi. 6
volume_1,irenaeus,against_heresies_v,Matt,Matt,3,10,new_testament,Bible:Matt.3.10,Matt. iii. 10
volume_1,irenaeus,against_heresies_v,Jer,Jer,23,29,old_testament_or_other,Bible:Jer.23.29,Jer. xxiii. 29
volume_1,irenaeus,against_heresies_v,John,John,14,11,new_testament,Bible:John.14.11,John xiv. 11
volume_1,irenaeus,against_heresies_v,John,John,7,39,new_testament,Bible:John.7.39,John vii. 39
volume_1,irenaeus,against_heresies_v,Eph,Eph,4,6,new_testament,Bible:Eph.4.6,Eph. iv. 6
volume_1,irenaeus,against_heresies_v,John,John,1,1,new_testament,Bible:John.1.1,John i. 1
volume_1,irenaeus,against_heresies_v,John,John,1,10,new_testament,Bible:John.1.10,John i. 10
volume_1,irenaeus,against_heresies_v,John,John,1,14,new_testament,Bible:John.1.14,John i. 14
volume_1,irenaeus,against_heresies_v,Deut,Deut,28,66,old_testament_or_other,Bible:Deut.28.66,Deut. xxviii. 66
volume_1,irenaeus,against_heresies_v,John,John,1,12,new_testament,Bible:John.1.12,John i. 12
volume_1,irenaeus,against_heresies_v,Ps,Ps,50,3,old_testament_or_other,Bible:Ps.50.3-Ps.50.4,"Ps. l. 3, 4"
volume_1,irenaeus,against_heresies_v,Prov,Prov,1,20,old_testament_or_other,Bible:Prov.1.20-Prov.1.21,"Prov. i. 20, 21"
volume_1,irenaeus,against_heresies_v,2Tim,2Tim,3,7,new_testament,Bible:2Tim.3.7,2 Tim. iii. 7
volume_1,irenaeus,against_heresies_v,Gen,Gen,2,16,old_testament_or_other,Bible:Gen.2.16,Gen. ii. 16
volume_1,irenaeus,against_heresies_v,Rom,Rom,12,3,new_testament,Bible:Rom.12.3,Rom. xii. 3
volume_1,irenaeus,against_heresies_v,Eph,Eph,1,10,new_testament,Bible:Eph.1.10,Eph. i. 10
volume_1,irenaeus,against_heresies_v,Gen,Gen,3,15,old_testament_or_other,Bible:Gen.3.15,Gen. iii. 15
volume_1,irenaeus,against_heresies_v,Gal,Gal,3,19,new_testament,Bible:Gal.3.19,Gal. iii. 19
volume_1,irenaeus,against_heresies_v,Gal,Gal,4,4,new_testament,Bible:Gal.4.4,Gal. iv. 4
volume_1,irenaeus,against_heresies_v,Matt,Matt,4,3,new_testament,Bible:Matt.4.3,Matt. iv. 3
volume_1,irenaeus,against_heresies_v,Deut,Deut,8,3,old_testament_or_other,Bible:Deut.8.3,Deut. viii. 3
volume_1,irenaeus,against_heresies_v,Ps,Ps,89,11,old_testament_or_other,Bible:Ps.89.11,Ps. lxxxix. 11
volume_1,irenaeus,against_heresies_v,Deut,Deut,6,16,old_testament_or_other,Bible:Deut.6.16,Deut. vi. 16
volume_1,irenaeus,against_heresies_v,Luke,Luke,4,6,new_testament,Bible:Luke.4.6-Luke.4.7,"Luke iv. 6, 7"
volume_1,irenaeus,against_heresies_v,Matt,Matt,4,10,new_testament,Bible:Matt.4.10,Matt. iv. 10
volume_1,irenaeus,against_heresies_v,Matt,Matt,12,29,new_testament,Bible:Matt.12.29,Matt. xii. 29
volume_1,irenaeus,against_heresies_v,Mark,Mark,3,27,new_testament,Bible:Mark.3.27,Mark iii. 27
volume_1,irenaeus,against_heresies_v,Rom,Rom,3,30,new_testament,Bible:Rom.3.30,Rom. iii. 30
volume_1,irenaeus,against_heresies_v,Deut,Deut|Deut,6,4,old_testament_or_other,Bible:Deut.6.4-Deut.6.5 Bible:Deut.6.13,"Deut. vi. 4, 5, 13"
volume_1,irenaeus,against_heresies_v,Matt,Matt,4,7,new_testament,Bible:Matt.4.7,Matt. iv. 7
volume_1,irenaeus,against_heresies_v,Rom,Rom,12,16,new_testament,Bible:Rom.12.16,Rom. xii. 16
volume_1,irenaeus,against_heresies_v,Matt,Matt,10,29,new_testament,Bible:Matt.10.29,Matt. x. 29
volume_1,irenaeus,against_heresies_v,John,John,8,44,new_testament,Bible:John.8.44,John viii. 44
volume_1,irenaeus,against_heresies_v,Luke,Luke,4,6,new_testament,Bible:Luke.4.6,Luke iv. 6
volume_1,irenaeus,against_heresies_v,Gen,Gen,2,16,old_testament_or_other,Bible:Gen.2.16-Gen.2.17,"Gen. ii. 16, 17"
volume_1,irenaeus,against_heresies_v,Gen,Gen,3,1,old_testament_or_other,Bible:Gen.3.1,Gen. iii. 1
volume_1,irenaeus,against_heresies_v,Gen,Gen,3,2,old_testament_or_other,Bible:Gen.3.2-Gen.3.3,"Gen. iii. 2, 3"
volume_1,irenaeus,against_heresies_v,Gen,Gen,3,4,old_testament_or_other,Bible:Gen.3.4,Gen. iii. 4
volume_1,irenaeus,against_heresies_v,2Pet,2Pet,3,8,new_testament,Bible:2Pet.3.8,2 Pet. iii. 8
volume_1,irenaeus,against_heresies_v,Matt,Matt,4,9,new_testament,Bible:Matt.4.9,Matt. iv. 9
volume_1,irenaeus,against_heresies_v,Prov,Prov,21,1,old_testament_or_other,Bible:Prov.21.1,Prov. xxi. 1
volume_1,irenaeus,against_heresies_v,Prov,Prov,8,15,old_testament_or_other,Bible:Prov.8.15,Prov. viii. 15
volume_1,irenaeus,against_heresies_v,Rom,Rom,13,1,new_testament,Bible:Rom.13.1,Rom. xiii. 1
volume_1,irenaeus,against_heresies_v,Rom,Rom,13,4,new_testament,Bible:Rom.13.4,Rom. xiii. 4
volume_1,irenaeus,against_heresies_v,Rom,Rom,13,6,new_testament,Bible:Rom.13.6,Rom. xiii. 6
volume_1,irenaeus,against_heresies_v,Matt,Matt,17,27,new_testament,Bible:Matt.17.27,Matt. xvii. 27
volume_1,irenaeus,against_heresies_v,Eph,Eph,2,2,new_testament,Bible:Eph.2.2,Eph. ii. 2
volume_1,irenaeus,against_heresies_v,Luke,Luke,10,19,new_testament,Bible:Luke.10.19,Luke x. 19
volume_1,irenaeus,against_heresies_v,Matt,Matt|Matt,24,15,new_testament,Bible:Matt.24.15 Bible:Matt.24.21,"Matt. xxiv. 15, 21"
volume_1,irenaeus,against_heresies_v,Dan,Dan,7,8,old_testament_or_other,Bible:Dan.7.8,Dan. vii. 8
volume_1,irenaeus,against_heresies_v,Dan,Dan,7,23,old_testament_or_other,Bible:Dan.7.23,Dan. vii. 23
volume_1,irenaeus,against_heresies_v,2Thess,2Thess,2,8,new_testament,Bible:2Thess.2.8,2 Thess. ii. 8
volume_1,irenaeus,against_heresies_v,John,John,5,43,new_testament,Bible:John.5.43,John v. 43
volume_1,irenaeus,against_heresies_v,Luke,Luke,18,2,new_testament,Bible:Luke.18.2,Luke xviii. 2
volume_1,irenaeus,against_heresies_v,Dan,Dan,8,12,old_testament_or_other,Bible:Dan.8.12,Dan. viii. 12
volume_1,irenaeus,against_heresies_v,Dan,Dan,8,23,old_testament_or_other,Bible:Dan.8.23,Dan. viii. 23
volume_1,irenaeus,against_heresies_v,Dan,Dan,9,27,old_testament_or_other,Bible:Dan.9.27,Dan. ix. 27
volume_1,irenaeus,against_heresies_v,Matt,Matt,24,15,new_testament,Bible:Matt.24.15,Matt. xxiv. 15
volume_1,irenaeus,against_heresies_v,Rev,Rev,17,12,new_testament,Bible:Rev.17.12,Rev. xvii. 12
volume_1,irenaeus,against_heresies_v,Matt,Matt,12,25,new_testament,Bible:Matt.12.25,Matt. xii. 25
volume_1,irenaeus,against_heresies_v,Dan,Dan,2,33,old_testament_or_other,Bible:Dan.2.33-Dan.2.34,"Dan. ii. 33, 34"
volume_1,irenaeus,against_heresies_v,Dan,Dan,2,41,old_testament_or_other,Bible:Dan.2.41-Dan.2.42,"Dan. ii. 41, 42"
volume_1,irenaeus,against_heresies_v,Dan,Dan,2,42,old_testament_or_other,Bible:Dan.2.42-Dan.2.43,"Dan. ii. 42, 43"
volume_1,irenaeus,against_heresies_v,Dan,Dan,2,44,old_testament_or_other,Bible:Dan.2.44-Dan.2.45,"Dan. ii. 44, 45"
volume_1,irenaeus,against_heresies_v,Matt,Matt,10,25,new_testament,Bible:Matt.10.25,Matt. x. 25
volume_1,irenaeus,against_heresies_v,Luke,Luke,17,34,new_testament,Bible:Luke.17.34,Luke xvii. 34
volume_1,irenaeus,against_heresies_v,Matt,Matt,13,30,new_testament,Bible:Matt.13.30,Matt. xiii. 30
volume_1,irenaeus,against_heresies_v,Matt,Matt,25,33,new_testament,Bible:Matt.25.33,Matt. xxv. 33
volume_1,irenaeus,against_heresies_v,Luke,Luke,10,12,new_testament,Bible:Luke.10.12,Luke x. 12
volume_1,irenaeus,against_heresies_v,John,John,3,18,new_testament,Bible:John.3.18-John.3.21,John iii. 18–21
volume_1,irenaeus,against_heresies_v,2Thess,2Thess,2,10,new_testament,Bible:2Thess.2.10-2Thess.2.12,2 Thess. ii. 10–12
volume_1,irenaeus,against_heresies_v,Rev,Rev,19,20,new_testament,Bible:Rev.19.20,Rev. xix. 20
volume_1,irenaeus,against_heresies_v,Rev,Rev,13,2,new_testament,Bible:Rev.13.2,Rev. xiii. 2
volume_1,irenaeus,against_heresies_v,Rev,Rev,13,11,new_testament,Bible:Rev.13.11,Rev. xiii. 11
volume_1,irenaeus,against_heresies_v,Rev,Rev,13,14,new_testament,Bible:Rev.13.14,Rev. xiii. 14
volume_1,irenaeus,against_heresies_v,Gen,Gen,2,2,old_testament_or_other,Bible:Gen.2.2,Gen. ii. 2
volume_1,irenaeus,against_heresies_v,Isa,Isa,40,15,old_testament_or_other,Bible:Isa.40.15,Isa. xl. 15
volume_1,irenaeus,against_heresies_v,Matt,Matt,24,21,new_testament,Bible:Matt.24.21,Matt. xxiv. 21
volume_1,irenaeus,against_heresies_v,Rev,Rev,22,19,new_testament,Bible:Rev.22.19,Rev. xxii. 19
volume_1,irenaeus,against_heresies_v,1Thess,1Thess,5,3,new_testament,Bible:1Thess.5.3,1 Thess. v. 3
volume_1,irenaeus,against_heresies_v,Jer,Jer,8,16,old_testament_or_other,Bible:Jer.8.16,Jer. viii. 16
volume_1,irenaeus,against_heresies_v,Rev,Rev,7,5,new_testament,Bible:Rev.7.5-Rev.7.7,Rev. vii. 5–7
volume_1,irenaeus,against_heresies_v,Judg,Judg,18,,old_testament_or_other,Bible:Judg.18,Judg. xviii.
volume_1,irenaeus,against_heresies_v,Rev,Rev,17,8,new_testament,Bible:Rev.17.8,Rev. xvii. 8
volume_1,irenaeus,against_heresies_v,Matt,Matt,8,11,new_testament,Bible:Matt.8.11,Matt. viii. 11
volume_1,irenaeus,against_heresies_v,Matt,Matt,11,40,new_testament,Bible:Matt.11.40,Matt. xi. 40
volume_1,irenaeus,against_heresies_v,Eph,Eph,4,9,new_testament,Bible:Eph.4.9,Eph. iv. 9
volume_1,irenaeus,against_heresies_v,Ps,Ps,86,23,old_testament_or_other,Bible:Ps.86.23,Ps. lxxxvi. 23
volume_1,irenaeus,against_heresies_v,John,John,20,17,new_testament,Bible:John.20.17,John xx. 17
volume_1,irenaeus,against_heresies_v,John,John|John,20,20,new_testament,Bible:John.20.20 Bible:John.20.27,"John xx. 20, 27"
volume_1,irenaeus,against_heresies_v,Ps,Ps,23,4,old_testament_or_other,Bible:Ps.23.4,Ps. xxiii. 4
volume_1,irenaeus,against_heresies_v,Luke,Luke,6,40,new_testament,Bible:Luke.6.40,Luke vi. 40
volume_1,irenaeus,against_heresies_v,Rom,Rom,8,19,new_testament,Bible:Rom.8.19,Rom. viii. 19
volume_1,irenaeus,against_heresies_v,Gen,Gen,13,13,old_testament_or_other,Bible:Gen.13.13-Gen.13.14,"Gen. xiii. 13, 14"
volume_1,irenaeus,against_heresies_v,Gen,Gen,13,17,old_testament_or_other,Bible:Gen.13.17,Gen. xiii. 17
volume_1,irenaeus,against_heresies_v,Acts,Acts,7,5,new_testament,Bible:Acts.7.5,Acts vii. 5
volume_1,irenaeus,against_heresies_v,Heb,Heb,11,13,new_testament,Bible:Heb.11.13,Heb. xi. 13
volume_1,irenaeus,against_heresies_v,Gen,Gen,23,11,old_testament_or_other,Bible:Gen.23.11,Gen. xxiii. 11
volume_1,irenaeus,against_heresies_v,Gen,Gen,15,13,old_testament_or_other,Bible:Gen.15.13,Gen. xv. 13
volume_1,irenaeus,against_heresies_v,Luke,Luke,3,8,new_testament,Bible:Luke.3.8,Luke iii. 8
volume_1,irenaeus,against_heresies_v,Gal,Gal,4,28,new_testament,Bible:Gal.4.28,Gal. iv. 28
volume_1,irenaeus,against_heresies_v,Gal,Gal,3,16,new_testament,Bible:Gal.3.16,Gal. iii. 16
volume_1,irenaeus,against_heresies_v,Gal,Gal,3,6,new_testament,Bible:Gal.3.6,Gal. iii. 6
volume_1,irenaeus,against_heresies_v,Matt,Matt,26,27,new_testament,Bible:Matt.26.27,Matt. xxvi. 27
volume_1,irenaeus,against_heresies_v,Ps,Ps,104,30,old_testament_or_other,Bible:Ps.104.30,Ps. civ. 30
volume_1,irenaeus,against_heresies_v,Luke,Luke,14,12,new_testament,Bible:Luke.14.12-Luke.14.13,"Luke xiv. 12, 13"
volume_1,irenaeus,against_heresies_v,Matt,Matt,19,29,new_testament,Bible:Matt.19.29,Matt. xix. 29
volume_1,irenaeus,against_heresies_v,Luke,Luke,18,29,new_testament,Bible:Luke.18.29-Luke.18.30,"Luke xviii. 29, 30"
volume_1,irenaeus,against_heresies_v,Gen,Gen,27,27,old_testament_or_other,Bible:Gen.27.27,Gen. xxvii. 27
volume_1,irenaeus,against_heresies_v,Matt,Matt,13,38,new_testament,Bible:Matt.13.38,Matt. xiii. 38
volume_1,irenaeus,against_heresies_v,Gen,Gen,27,28,old_testament_or_other,Bible:Gen.27.28-Gen.27.29,"Gen. xxvii. 28, 29"
volume_1,irenaeus,against_heresies_v,Gen,Gen,31,41,old_testament_or_other,Bible:Gen.31.41,Gen. xxxi. 41
volume_1,irenaeus,against_heresies_v,Gen,Gen,33,3,old_testament_or_other,Bible:Gen.33.3,Gen. xxxiii. 3
volume_1,irenaeus,against_heresies_v,Isa,Isa,40,6,old_testament_or_other,Bible:Isa.40.6,Isa. xl. 6
volume_1,irenaeus,against_heresies_v,Ezek,Ezek,28,25,old_testament_or_other,Bible:Ezek.28.25-Ezek.28.26,"Ezek. xxviii. 25, 26"
volume_1,irenaeus,against_heresies_v,Matt,Matt,3,9,new_testament,Bible:Matt.3.9,Matt. iii. 9
volume_1,irenaeus,against_heresies_v,Jer,Jer,23,6,old_testament_or_other,Bible:Jer.23.6-Jer.23.7,"Jer. xxiii. 6, 7"
volume_1,irenaeus,against_heresies_v,Isa,Isa,30,25,old_testament_or_other,Bible:Isa.30.25-Isa.30.26,"Isa. xxx. 25, 26"
volume_1,irenaeus,against_heresies_v,Isa,Isa,58,14,old_testament_or_other,Bible:Isa.58.14,Isa. lviii. 14
volume_1,irenaeus,against_heresies_v,Luke,Luke,12,37,new_testament,Bible:Luke.12.37-Luke.12.38,"Luke xii. 37, 38"
volume_1,irenaeus,against_heresies_v,Rev,Rev,20,6,new_testament,Bible:Rev.20.6,Rev. xx. 6
volume_1,irenaeus,against_heresies_v,Isa,Isa,6,11,old_testament_or_other,Bible:Isa.6.11,Isa. vi. 11
volume_1,irenaeus,against_heresies_v,Dan,Dan,7,27,old_testament_or_other,Bible:Dan.7.27,Dan. vii. 27
volume_1,irenaeus,against_heresies_v,Dan,Dan,12,13,old_testament_or_other,Bible:Dan.12.13,Dan. xii. 13
volume_1,irenaeus,against_heresies_v,Jer,Jer,31,10,old_testament_or_other,Bible:Jer.31.10,Jer. xxxi. 10
volume_1,irenaeus,against_heresies_v,Matt,Matt,12,5,new_testament,Bible:Matt.12.5,Matt. xii. 5
volume_1,irenaeus,against_heresies_v,Isa,Isa,31,9,old_testament_or_other,Bible:Isa.31.9,Isa. xxxi. 9
volume_1,irenaeus,against_heresies_v,Isa,Isa,32,1,old_testament_or_other,Bible:Isa.32.1,Isa. xxxii. 1
volume_1,irenaeus,against_heresies_v,Isa,Isa,54,11,old_testament_or_other,Bible:Isa.54.11-Isa.54.14,Isa. liv. 11–14
volume_1,irenaeus,against_heresies_v,Isa,Isa,65,18,old_testament_or_other,Bible:Isa.65.18,Isa. lxv. 18
volume_1,irenaeus,against_heresies_v,Isa,Isa,13,9,old_testament_or_other,Bible:Isa.13.9,Isa. xiii. 9
volume_1,irenaeus,against_heresies_v,Isa,Isa,26,10,old_testament_or_other,Bible:Isa.26.10,Isa. xxvi. 10
volume_1,irenaeus,against_heresies_v,Isa,Isa,6,12,old_testament_or_other,Bible:Isa.6.12,Isa. vi. 12
volume_1,irenaeus,against_heresies_v,Isa,Isa,65,21,old_testament_or_other,Bible:Isa.65.21,Isa. lxv. 21
volume_1,irenaeus,against_heresies_v,Bar,Bar,4,36,deuterocanonical,Bible:Bar.4.36,Baruch iv. 36
volume_1,irenaeus,against_heresies_v,Bar,Bar,5,,deuterocanonical,Bible:Bar.5,Baruch v.
volume_1,irenaeus,against_heresies_v,Isa,Isa,49,16,old_testament_or_other,Bible:Isa.49.16,Isa. xlix. 16
volume_1,irenaeus,against_heresies_v,Gal,Gal,4,26,new_testament,Bible:Gal.4.26,Gal. iv. 26
volume_1,irenaeus,against_heresies_v,Rev,Rev,21,2,new_testament,Bible:Rev.21.2,Rev. xxi. 2
volume_1,irenaeus,against_heresies_v,Rev,Rev,20,11,new_testament,Bible:Rev.20.11,Rev. xx. 11
volume_1,irenaeus,against_heresies_v,Rev,Rev,20,12,new_testament,Bible:Rev.20.12-Rev.20.14,Rev. xx. 12–14
volume_1,irenaeus,against_heresies_v,Matt,Matt,25,41,new_testament,Bible:Matt.25.41,Matt. xxv. 41
volume_1,irenaeus,against_heresies_v,Rev,Rev,20,15,new_testament,Bible:Rev.20.15,Rev. xx. 15
volume_1,irenaeus,against_heresies_v,Rev,Rev,21,1,new_testament,Bible:Rev.21.1-Rev.21.4,Rev. xxi. 1–4
volume_1,irenaeus,against_heresies_v,Isa,Isa,65,17,old_testament_or_other,Bible:Isa.65.17-Isa.65.18,"Isa. lxv. 17, 18"
volume_1,irenaeus,against_heresies_v,1Cor,1Cor,7,31,new_testament,Bible:1Cor.7.31,1 Cor. vii. 31
volume_1,irenaeus,against_heresies_v,Matt,Matt,26,35,new_testament,Bible:Matt.26.35,Matt. xxvi. 35
volume_1,irenaeus,against_heresies_v,Exod,Exod,25,40,old_testament_or_other,Bible:Exod.25.40,Ex. xxv. 40
volume_1,irenaeus,against_heresies_v,Rev,Rev,21,5,new_testament,Bible:Rev.21.5-Rev.21.6,"Rev. xxi. 5, 6"
volume_1,irenaeus,against_heresies_v,Isa,Isa,66,22,old_testament_or_other,Bible:Isa.66.22,Isa. lxvi. 22
volume_1,irenaeus,against_heresies_v,John,John,14,2,new_testament,Bible:John.14.2,John xiv. 2
volume_1,irenaeus,against_heresies_v,Matt,Matt,22,10,new_testament,Bible:Matt.22.10,Matt. xxii. 10
volume_1,irenaeus,against_heresies_v,1Cor,1Cor,15,25,new_testament,Bible:1Cor.15.25-1Cor.15.26,"1 Cor. xv. 25, 26"
volume_1,irenaeus,against_heresies_v,1Cor,1Cor,15,27,new_testament,Bible:1Cor.15.27-1Cor.15.28,"1 Cor. xv. 27, 28"
volume_1,irenaeus,against_heresies_v,Luke,Luke,14,14,new_testament,Bible:Luke.14.14,Luke xiv. 14
volume_1,irenaeus,against_heresies_v,Rom,Rom,8,21,new_testament,Bible:Rom.8.21,Rom. viii. 21
volume_1,irenaeus,against_heresies_v,1Cor,1Cor,2,9,new_testament,Bible:1Cor.2.9,1 Cor. ii. 9
volume_1,irenaeus,against_heresies_v,Isa,Isa,64,4,old_testament_or_other,Bible:Isa.64.4,Isa. lxiv. 4
volume_1,irenaeus,against_heresies_v,1Pet,1Pet,1,12,new_testament,Bible:1Pet.1.12,1 Pet. i. 12
volume_1,irenaeus,fragments_of_the_lost_writings_of_irenaeus,Phil,Phil,4,22,new_testament,Bible:Phil.4.22,Phil. iv. 22
volume_1,irenaeus,fragments_of_the_lost_writings_of_irenaeus,Ps,Ps,130,7,old_testament_or_other,Bible:Ps.130.7,Ps. cxxx. 7
volume_1,irenaeus,fragments_of_the_lost_writings_of_irenaeus,1Pet,1Pet,100,,new_testament,Bible:1Pet.100,1 Pet. c.
volume_1,irenaeus,fragments_of_the_lost_writings_of_irenaeus,Matt,Matt,15,17,new_testament,Bible:Matt.15.17,Matt. xv. 17
volume_1,irenaeus,fragments_of_the_lost_writings_of_irenaeus,Gen,Gen,3,19,old_testament_or_other,Bible:Gen.3.19,Gen. iii. 19
volume_1,irenaeus,fragments_of_the_lost_writings_of_irenaeus,Num,Num,24,23,old_testament_or_other,Bible:Num.24.23,Num. xxiv. 23
volume_1,irenaeus,fragments_of_the_lost_writings_of_irenaeus,Isa,Isa,9,1,old_testament_or_other,Bible:Isa.9.1,Isa. ix. 1
volume_1,irenaeus,fragments_of_the_lost_writings_of_irenaeus,Judg,Judg,6,27,old_testament_or_other,Bible:Judg.6.27,Judg. vi. 27
volume_1,irenaeus,fragments_of_the_lost_writings_of_irenaeus,Num,Num,27,18,old_testament_or_other,Bible:Num.27.18,Num. xxvii. 18
volume_1,irenaeus,fragments_of_the_lost_writings_of_irenaeus,Josh,Josh,5,12,old_testament_or_other,Bible:Josh.5.12,Josh. v. 12
volume_1,irenaeus,fragments_of_the_lost_writings_of_irenaeus,Num,Num,27,23,old_testament_or_other,Bible:Num.27.23,Num. xxvii. 23
volume_1,irenaeus,fragments_of_the_lost_writings_of_irenaeus,Num,Num,27,20,old_testament_or_other,Bible:Num.27.20,Num. xxvii. 20
volume_1,irenaeus,fragments_of_the_lost_writings_of_irenaeus,Num,Num,22,12,old_testament_or_other,Bible:Num.22.12,Num. xxii. 12
volume_1,irenaeus,fragments_of_the_lost_writings_of_irenaeus,Num,Num,22,22,old_testament_or_other,Bible:Num.22.22-Num.22.23,"Num. xxii. 22, 23"
volume_1,irenaeus,fragments_of_the_lost_writings_of_irenaeus,1Pet,1Pet,2,24,new_testament,Bible:1Pet.2.24,1 Pet. ii. 24
volume_1,irenaeus,fragments_of_the_lost_writings_of_irenaeus,Num,Num,23,19,old_testament_or_other,Bible:Num.23.19,Num. xxiii. 19
volume_1,irenaeus,fragments_of_the_lost_writings_of_irenaeus,Num,Num,31,3,old_testament_or_other,Bible:Num.31.3,Num. xxxi. 3
volume_1,irenaeus,fragments_of_the_lost_writings_of_irenaeus,Num,Num,31,16,old_testament_or_other,Bible:Num.31.16,Num. xxxi. 16
volume_1,irenaeus,fragments_of_the_lost_writings_of_irenaeus,Num,Num,31,8,old_testament_or_other,Bible:Num.31.8,Num. xxxi. 8
volume_1,irenaeus,fragments_of_the_lost_writings_of_irenaeus,Lev,Lev,26,12,old_testament_or_other,Bible:Lev.26.12,Lev. xxvi. 12
volume_1,irenaeus,fragments_of_the_lost_writings_of_irenaeus,Judg,Judg,16,26,old_testament_or_other,Bible:Judg.16.26,Judg. xvi. 26
volume_1,irenaeus,fragments_of_the_lost_writings_of_irenaeus,2Kgs,2Kgs,6,6,old_testament_or_other,Bible:2Kgs.6.6,2 Kings vi. 6
volume_1,irenaeus,fragments_of_the_lost_writings_of_irenaeus,Matt,Matt,27,52,new_testament,Bible:Matt.27.52,Matt. xxvii. 52
volume_1,irenaeus,fragments_of_the_lost_writings_of_irenaeus,Matt,Matt,3,10,new_testament,Bible:Matt.3.10,Matt. iii. 10
volume_1,irenaeus,fragments_of_the_lost_writings_of_irenaeus,Acts,Acts,7,22,new_testament,Bible:Acts.7.22,Acts vii. 22
volume_1,irenaeus,fragments_of_the_lost_writings_of_irenaeus,Num,Num,12,1,old_testament_or_other,Bible:Num.12.1,Num. xii. 1
volume_1,irenaeus,fragments_of_the_lost_writings_of_irenaeus,Num,Num,12,14,old_testament_or_other,Bible:Num.12.14,Num. xii. 14
volume_1,irenaeus,fragments_of_the_lost_writings_of_irenaeus,2Kgs,2Kgs,5,14,old_testament_or_other,Bible:2Kgs.5.14,2 Kings v. 14
volume_1,irenaeus,fragments_of_the_lost_writings_of_irenaeus,John,John,3,5,new_testament,Bible:John.3.5,John iii. 5
volume_1,irenaeus,fragments_of_the_lost_writings_of_irenaeus,2Kgs,2Kgs,13,21,old_testament_or_other,Bible:2Kgs.13.21,2 Kings xiii. 21
volume_1,irenaeus,fragments_of_the_lost_writings_of_irenaeus,1Cor,1Cor,2,14,new_testament,Bible:1Cor.2.14,1 Cor. ii. 14
volume_1,irenaeus,fragments_of_the_lost_writings_of_irenaeus,1Pet,1Pet,2,3,new_testament,Bible:1Pet.2.3,1 Pet. ii. 3
volume_1,irenaeus,fragments_of_the_lost_writings_of_irenaeus,1Tim,1Tim,6,4,new_testament,Bible:1Tim.6.4-1Tim.6.5,"1 Tim. vi. 4, 5"
volume_1,irenaeus,fragments_of_the_lost_writings_of_irenaeus,Col,Col,2,18,new_testament,Bible:Col.2.18,Col. ii. 18
volume_1,irenaeus,fragments_of_the_lost_writings_of_irenaeus,Rom,Rom,10,8,new_testament,Bible:Rom.10.8,Rom. x. 8
volume_1,irenaeus,fragments_of_the_lost_writings_of_irenaeus,Deut,Deut,30,14,old_testament_or_other,Bible:Deut.30.14,Deut. xxx. 14
volume_1,irenaeus,fragments_of_the_lost_writings_of_irenaeus,Phil,Phil,3,10,new_testament,Bible:Phil.3.10,Phil. iii. 10
volume_1,irenaeus,fragments_of_the_lost_writings_of_irenaeus,Jude,Jude,1,3,new_testament,Bible:Jude.1.3,Jude 3
volume_1,irenaeus,fragments_of_the_lost_writings_of_irenaeus,1Tim,1Tim,1,4,new_testament,Bible:1Tim.1.4,1 Tim. i. 4
volume_1,irenaeus,fragments_of_the_lost_writings_of_irenaeus,Mal,Mal,1,11,old_testament_or_other,Bible:Mal.1.11,Mal. i. 11
volume_1,irenaeus,fragments_of_the_lost_writings_of_irenaeus,Rev,Rev,5,8,new_testament,Bible:Rev.5.8,Rev. v. 8
volume_1,irenaeus,fragments_of_the_lost_writings_of_irenaeus,Rom,Rom,12,1,new_testament,Bible:Rom.12.1,Rom. xii. 1
volume_1,irenaeus,fragments_of_the_lost_writings_of_irenaeus,Heb,Heb,13,15,new_testament,Bible:Heb.13.15,Heb. xiii. 15
volume_1,irenaeus,fragments_of_the_lost_writings_of_irenaeus,Col,Col,2,14,new_testament,Bible:Col.2.14,Col. ii. 14
volume_1,irenaeus,fragments_of_the_lost_writings_of_irenaeus,John,John,4,24,new_testament,Bible:John.4.24,John iv. 24
volume_1,irenaeus,fragments_of_the_lost_writings_of_irenaeus,Col,Col,2,16,new_testament,Bible:Col.2.16,Col. ii. 16
volume_1,irenaeus,fragments_of_the_lost_writings_of_irenaeus,Isa,Isa,1,14,old_testament_or_other,Bible:Isa.1.14,Isa. i. 14
volume_1,irenaeus,fragments_of_the_lost_writings_of_irenaeus,Judg,Judg,15,15,old_testament_or_other,Bible:Judg.15.15,Judg. xv. 15
volume_1,irenaeus,fragments_of_the_lost_writings_of_irenaeus,Judg,Judg,14,6,old_testament_or_other,Bible:Judg.14.6-Judg.14.19,Judg. xiv. 6–19
volume_1,irenaeus,fragments_of_the_lost_writings_of_irenaeus,1Cor,1Cor,3,16,new_testament,Bible:1Cor.3.16-1Cor.3.17,"1 Cor. iii. 16, 17"
volume_1,irenaeus,fragments_of_the_lost_writings_of_irenaeus,Judg,Judg,15,11,old_testament_or_other,Bible:Judg.15.11,Judg. xv. 11
volume_1,irenaeus,fragments_of_the_lost_writings_of_irenaeus,Rev,Rev,2,14,new_testament,Bible:Rev.2.14,Rev. ii. 14
volume_1,irenaeus,fragments_of_the_lost_writings_of_irenaeus,2Cor,2Cor,4,4,new_testament,Bible:2Cor.4.4,2 Cor. iv. 4
volume_1,irenaeus,fragments_of_the_lost_writings_of_irenaeus,John,John,5,35,new_testament,Bible:John.5.35,John v. 35
volume_1,irenaeus,fragments_of_the_lost_writings_of_irenaeus,1Cor,1Cor,10,4,new_testament,Bible:1Cor.10.4,1 Cor. x. 4
volume_1,irenaeus,fragments_of_the_lost_writings_of_irenaeus,John,John,4,14,new_testament,Bible:John.4.14,John iv. 14
volume_1,irenaeus,fragments_of_the_lost_writings_of_irenaeus,John,John,8,58,new_testament,Bible:John.8.58,John viii. 58
volume_1,irenaeus,fragments_of_the_lost_writings_of_irenaeus,John,John,20,22,new_testament,Bible:John.20.22,John xx. 22
volume_1,irenaeus,fragments_of_the_lost_writings_of_irenaeus,John,John,8,59,new_testament,Bible:John.8.59,John viii. 59
volume_1,irenaeus,fragments_of_the_lost_writings_of_irenaeus,John,John,20,26,new_testament,Bible:John.20.26,John xx. 26
volume_1,irenaeus,fragments_of_the_lost_writings_of_irenaeus,2Cor,2Cor,13,4,new_testament,Bible:2Cor.13.4,2 Cor. xiii. 4
volume_1,irenaeus,fragments_of_the_lost_writings_of_irenaeus,Eph,Eph,4,9,new_testament,Bible:Eph.4.9-Eph.4.10,"Eph. iv. 9, 10"
volume_1,irenaeus,fragments_of_the_lost_writings_of_irenaeus,Matt,Matt,20,20,new_testament,Bible:Matt.20.20,Matt. xx. 20
volume_1,irenaeus,fragments_of_the_lost_writings_of_irenaeus,Hos,Hos,9,10,old_testament_or_other,Bible:Hos.9.10,Hos. ix. 10
volume_1,irenaeus,fragments_of_the_lost_writings_of_irenaeus,Matt,Matt,20,18,new_testament,Bible:Matt.20.18-Matt.20.19,"Matt. xx. 18, 19"
volume_2,hermas,pastor,Acts,Acts,17,21,new_testament,Bible:Acts.17.21,"Acts xvii.
21"
volume_2,hermas,pastor,1Cor,1Cor,14,,new_testament,Bible:1Cor.14,1 Cor. xiv.
volume_2,hermas,pastor,Acts,Acts,16,16,new_testament,Bible:Acts.16.16-Acts.16.19,Acts xvi. 16–19
volume_2,hermas,pastor,Rom,Rom,16,14,new_testament,Bible:Rom.16.14,Rom. xvi. 14
volume_2,hermas,pastor,Acts,Acts,12,13,new_testament,Bible:Acts.12.13,Acts xii. 13
volume_2,hermas,pastor,Rev,Rev,17,3,new_testament,Bible:Rev.17.3,Rev. xvii. 3
volume_2,hermas,pastor,Eph,Eph,3,9,new_testament,Bible:Eph.3.9-Eph.3.10,"Eph. iii. 9, 10"
volume_2,hermas,pastor,Prov,Prov,21,10,old_testament_or_other,Bible:Prov.21.10,Prov. xxi. 10
volume_2,hermas,pastor,Matt,Matt,5,28,new_testament,Bible:Matt.5.28,Matt. v. 28
volume_2,hermas,pastor,Prov,Prov,10,24,old_testament_or_other,Bible:Prov.10.24,Prov. x. 24
volume_2,hermas,pastor,Col,Col,3,2,new_testament,Bible:Col.3.2,Col. iii. 2
volume_2,hermas,pastor,Ps,Ps,49,6,old_testament_or_other,Bible:Ps.49.6,Ps. xlix. 6
volume_2,hermas,pastor,Eph,Eph,2,12,new_testament,Bible:Eph.2.12,Eph. ii. 12
volume_2,hermas,pastor,Job,Job,42,8,old_testament_or_other,Bible:Job.42.8,Job xlii. 8
volume_2,hermas,pastor,Mic,Mic,6,6,old_testament_or_other,Bible:Mic.6.6-Mic.6.8,"Mic. vi.  6, 7, 8"
volume_2,hermas,pastor,1Sam,1Sam|1Sam,3,11,old_testament_or_other,Bible:1Sam.3.11 Bible:1Sam.3.14,"1 Sam. iii. 11,
14"
volume_2,hermas,pastor,Neh,Neh,9,17,old_testament_or_other,Bible:Neh.9.17,Neh. ix. 17
volume_2,hermas,pastor,Phil,Phil,4,3,new_testament,Bible:Phil.4.3,Phil. iv. 3
volume_2,hermas,pastor,Rev,Rev,20,15,new_testament,Bible:Rev.20.15,Rev. xx. 15
volume_2,hermas,pastor,Dan,Dan,10,9,old_testament_or_other,Bible:Dan.10.9,Dan. x. 9
volume_2,hermas,pastor,Prov,Prov,3,19,old_testament_or_other,Bible:Prov.3.19,Prov. iii. 19
volume_2,hermas,pastor,Ps,Ps,24,2,old_testament_or_other,Bible:Ps.24.2,Ps. xxiv. 2
volume_2,hermas,pastor,Isa,Isa,65,22,old_testament_or_other,Bible:Isa.65.22,Isa. lxv. 22
volume_2,hermas,pastor,1Cor,1Cor,16,13,new_testament,Bible:1Cor.16.13,1 Cor. xvi. 13
volume_2,hermas,pastor,Ezek,Ezek,1,1,old_testament_or_other,Bible:Ezek.1.1,Ezek. i. 1
volume_2,hermas,pastor,Ezek,Ezek,2,9,old_testament_or_other,Bible:Ezek.2.9,Ezek. ii. 9
volume_2,hermas,pastor,Rev,Rev,10,4,new_testament,Bible:Rev.10.4,Rev. x. 4
volume_2,hermas,pastor,Jas,Jas,3,5,new_testament,Bible:Jas.3.5-Jas.3.10,Jas. iii. 5–10
volume_2,hermas,pastor,Matt,Matt,12,31,new_testament,Bible:Matt.12.31,Matt. xii. 31
volume_2,hermas,pastor,Gal,Gal,2,17,new_testament,Bible:Gal.2.17,Gal. ii. 17
volume_2,hermas,pastor,Jas,Jas,1,5,new_testament,Bible:Jas.1.5,Jas. i. 5
volume_2,hermas,pastor,Luke,Luke,16,22,new_testament,Bible:Luke.16.22,"Luke
xvi. 22"
volume_2,hermas,pastor,Matt,Matt,10,39,new_testament,Bible:Matt.10.39,Matt. x. 39
volume_2,hermas,pastor,Luke,Luke,14,26,new_testament,Bible:Luke.14.26,"Luke xiv.
26"
volume_2,hermas,pastor,2Thess,2Thess,2,3,new_testament,Bible:2Thess.2.3,2 Thess. ii. 3
volume_2,hermas,pastor,Matt,Matt,10,33,new_testament,Bible:Matt.10.33,Matt. x. 33
volume_2,hermas,pastor,Lev,Lev,19,18,old_testament_or_other,Bible:Lev.19.18,Lev. xix. 18
volume_2,hermas,pastor,Num,Num,11,26,old_testament_or_other,Bible:Num.11.26-Num.11.27,"Num. xi. 26,
27"
volume_2,hermas,pastor,Ps,Ps,34,9,old_testament_or_other,Bible:Ps.34.9,Ps. xxxiv. 9
volume_2,hermas,pastor,Acts,Acts,3,1,new_testament,Bible:Acts.3.1,Acts iii. 1
volume_2,hermas,pastor,Ezek,Ezek,1,28,old_testament_or_other,Bible:Ezek.1.28,Ezek. i. 28
volume_2,hermas,pastor,Heb,Heb,11,36,new_testament,Bible:Heb.11.36-Heb.11.37,"Heb. xi. 36, 37"
volume_2,hermas,pastor,Rev,Rev,11,1,new_testament,Bible:Rev.11.1,Rev. xi. 1
volume_2,hermas,pastor,Rev,Rev,21,16,new_testament,Bible:Rev.21.16,Rev. xxi. 16
volume_2,hermas,pastor,1Kgs,1Kgs,6,7,old_testament_or_other,Bible:1Kgs.6.7,1 Kings vi. 7
volume_2,hermas,pastor,1Pet,1Pet,2,4,new_testament,Bible:1Pet.2.4-1Pet.2.8,1 Pet. ii. 4–8
volume_2,hermas,pastor,2Cor,2Cor,12,1,new_testament,Bible:2Cor.12.1-2Cor.12.11,2 Cor. xii. 1–11
volume_2,hermas,pastor,1Pet,1Pet,3,20,new_testament,Bible:1Pet.3.20,1 Pet. iii. 20
volume_2,hermas,pastor,Eph,Eph,5,26,new_testament,Bible:Eph.5.26,Eph. v. 26
volume_2,hermas,pastor,Num,Num,24,6,old_testament_or_other,Bible:Num.24.6-Num.24.7,"Num. xxiv. 6,
7"
volume_2,hermas,pastor,2Cor,2Cor,12,1,new_testament,Bible:2Cor.12.1-2Cor.12.11,2 Cor. xii. 1-11
volume_2,hermas,pastor,1Cor,1Cor|1Cor,15,6,new_testament,Bible:1Cor.15.6 Bible:1Cor.15.18,"1 Cor. xv. 6, 18"
volume_2,hermas,pastor,Phil,Phil,2,2,new_testament,Bible:Phil.2.2,Phil. ii. 2
volume_2,hermas,pastor,1Thess,1Thess,5,13,new_testament,Bible:1Thess.5.13,1 Thess v.  13
volume_2,hermas,pastor,Heb,Heb,6,6,new_testament,Bible:Heb.6.6-Heb.6.8,Heb. vi. 6–8
volume_2,hermas,pastor,Heb,Heb,10,25,new_testament,Bible:Heb.10.25,Heb. x. 25
volume_2,hermas,pastor,Matt,Matt,13,21,new_testament,Bible:Matt.13.21,Matt. xiii. 21
volume_2,hermas,pastor,1Cor,1Cor,3,9,new_testament,Bible:1Cor.3.9-1Cor.3.15,1 Cor. iii. 9–15
volume_2,hermas,pastor,Lev,Lev,19,23,old_testament_or_other,Bible:Lev.19.23,Lev. xix. 23
volume_2,hermas,pastor,Luke,Luke,11,41,new_testament,Bible:Luke.11.41,Luke xi. 41
volume_2,hermas,pastor,Heb,Heb,3,12,new_testament,Bible:Heb.3.12,Heb. iii. 12
volume_2,hermas,pastor,John,John,1,,new_testament,Bible:John.1,John i.
volume_2,hermas,pastor,Heb,Heb,11,3,new_testament,Bible:Heb.11.3,Heb. xi. 3
volume_2,hermas,pastor,Hos,Hos,10,12,old_testament_or_other,Bible:Hos.10.12,Hos. x. 12
volume_2,hermas,pastor,Jas,Jas,5,1,new_testament,Bible:Jas.5.1-Jas.5.4,Jas. v. 1–4
volume_2,hermas,pastor,Matt,Matt,23,6,new_testament,Bible:Matt.23.6,Matt. xxiii. 6
volume_2,hermas,pastor,Mark,Mark,12,39,new_testament,Bible:Mark.12.39,Mark xii. 39
volume_2,hermas,pastor,Luke,Luke,11,43,new_testament,Bible:Luke.11.43,Luke xi. 43
volume_2,hermas,pastor,Rom,Rom,2,21,new_testament,Bible:Rom.2.21,Rom. ii. 21
volume_2,hermas,pastor,1Thess,1Thess,5,13,new_testament,Bible:1Thess.5.13,1 Thess. v. 13
volume_2,hermas,pastor,Heb,Heb,13,17,new_testament,Bible:Heb.13.17,Heb. xiii. 17
volume_2,hermas,pastor,Matt,Matt,17,17,new_testament,Bible:Matt.17.17,Matt. xvii. 17
volume_2,hermas,pastor,Luke,Luke,24,25,new_testament,Bible:Luke.24.25,Luke xxiv.  25
volume_2,hermas,pastor,1Pet,1Pet,5,7,new_testament,Bible:1Pet.5.7,1 Pet. v. 7
volume_2,hermas,pastor,Rev,Rev,9,3,new_testament,Bible:Rev.9.3,Rev. ix. 3
volume_2,hermas,pastor,Rev,Rev,11,7,new_testament,Bible:Rev.11.7,Rev. xi. 7
volume_2,hermas,pastor,Acts,Acts,4,12,new_testament,Bible:Acts.4.12,Acts iv. 12
volume_2,hermas,pastor,Dan,Dan|Dan,4,10,old_testament_or_other,Bible:Dan.4.10 Bible:Dan.4.23,"Dan. iv. 10, 23"
volume_2,hermas,pastor,Dan,Dan,6,22,old_testament_or_other,Bible:Dan.6.22,Dan. vi. 22
volume_2,hermas,pastor,1Thess,1Thess,5,20,new_testament,Bible:1Thess.5.20,1 Thess. v. 20
volume_2,hermas,pastor,Matt,Matt,26,24,new_testament,Bible:Matt.26.24,Matt. xxvi. 24
volume_2,hermas,pastor,Jas,Jas,4,11,new_testament,Bible:Jas.4.11,Jas. iv. 11
volume_2,hermas,pastor,Rom,Rom,12,8,new_testament,Bible:Rom.12.8,Rom. xii. 8
volume_2,hermas,pastor,Eph,Eph|Eph,4,25,new_testament,Bible:Eph.4.25 Bible:Eph.4.29,"Eph. iv. 25, 29"
volume_2,hermas,pastor,Matt,Matt,25,15,new_testament,Bible:Matt.25.15,Matt. xxv. 15
volume_2,hermas,pastor,1John,1John,2,20,new_testament,Bible:1John.2.20-1John.2.27,1 John ii. 20–27
volume_2,hermas,pastor,1John,1John,3,19,new_testament,Bible:1John.3.19-1John.3.21,1 John iii. 19–21
volume_2,hermas,pastor,Eph,Eph,4,30,new_testament,Bible:Eph.4.30,Eph. iv. 30
volume_2,hermas,pastor,Matt,Matt,5,32,new_testament,Bible:Matt.5.32,Matt. v. 32
volume_2,hermas,pastor,2Thess,2Thess,3,14,new_testament,Bible:2Thess.3.14,2 Thess. iii. 14
volume_2,hermas,pastor,2John,2John,1,11,new_testament,Bible:2John.1.11,2 John 11
volume_2,hermas,pastor,2Thess,2Thess,3,14,new_testament,Bible:2Thess.3.14,"2
Thess. iii. 14"
volume_2,hermas,pastor,Matt,Matt,19,17,new_testament,Bible:Matt.19.17,Matt. xix. 17
volume_2,hermas,pastor,Heb,Heb,10,26,new_testament,Bible:Heb.10.26-Heb.10.27,"Heb. x. 26, 27"
volume_2,hermas,pastor,1John,1John,3,9,new_testament,Bible:1John.3.9,1 John iii. 9
volume_2,hermas,pastor,1Cor,1Cor,7,39,new_testament,Bible:1Cor.7.39,1 Cor. vii. 39
volume_2,hermas,pastor,Rom,Rom,7,3,new_testament,Bible:Rom.7.3,Rom. vii. 3
volume_2,hermas,pastor,Eph,Eph,4,26,new_testament,Bible:Eph.4.26-Eph.4.27,"Eph. iv.  26, 27"
volume_2,hermas,pastor,Jas,Jas,3,11,new_testament,Bible:Jas.3.11,Jas iii. 11
volume_2,hermas,pastor,Mal,Mal,3,1,old_testament_or_other,Bible:Mal.3.1,Mal. iii. 1
volume_2,hermas,pastor,Matt,Matt,12,45,new_testament,Bible:Matt.12.45,Matt. xii. 45
volume_2,hermas,pastor,Luke,Luke,11,26,new_testament,Bible:Luke.11.26,Luke xi. 26
volume_2,hermas,pastor,Tob,Tob|Tob,3,8,deuterocanonical,Bible:Tob.3.8 Bible:Tob.3.17,"Tob. iii. 8, 17"
volume_2,hermas,pastor,1Cor,1Cor,7,35,new_testament,Bible:1Cor.7.35,1 Cor. vii. 35
volume_2,hermas,pastor,Eccl,Eccl,12,13,old_testament_or_other,Bible:Eccl.12.13,Eccles. xii. 13
volume_2,hermas,pastor,Prov,Prov,28,14,old_testament_or_other,Bible:Prov.28.14,Prov. xxviii. 14
volume_2,hermas,pastor,1John,1John,4,18,new_testament,Bible:1John.4.18,1 John iv. 18
volume_2,hermas,pastor,Jas,Jas,4,7,new_testament,Bible:Jas.4.7,Jas. iv. 7
volume_2,hermas,pastor,Sir,Sir,33,15,deuterocanonical,Bible:Sir.33.15,Ecclus. xxxiii. 15
volume_2,hermas,pastor,Eccl,Eccl,7,14,old_testament_or_other,Bible:Eccl.7.14,Eccles. vii.  14
volume_2,hermas,pastor,Gal,Gal|Gal,5,10,new_testament,Bible:Gal.5.10 Bible:Gal.5.21,"Gal. v. 10, 21"
volume_2,hermas,pastor,1Pet,1Pet,4,3,new_testament,Bible:1Pet.4.3,1 Pet. iv. 3
volume_2,hermas,pastor,1Pet,1Pet,4,9,new_testament,Bible:1Pet.4.9,1 Pet. iv. 9
volume_2,hermas,pastor,Jas,Jas,1,6,new_testament,Bible:Jas.1.6-Jas.1.8,Jas. i. 6–8
volume_2,hermas,pastor,Luke,Luke,8,14,new_testament,Bible:Luke.8.14,"Luke
viii. 14"
volume_2,hermas,pastor,2Cor,2Cor,7,10,new_testament,Bible:2Cor.7.10,"2
Cor. vii. 10"
volume_2,hermas,pastor,Matt,Matt,6,16,new_testament,Bible:Matt.6.16-Matt.6.17,"Matt. vi. 16, 17"
volume_2,hermas,pastor,Isa,Isa,58,5,old_testament_or_other,Bible:Isa.58.5,Is. lviii. 5
volume_2,hermas,pastor,2Cor,2Cor,6,10,new_testament,Bible:2Cor.6.10,2 Cor. vi. 10
volume_2,hermas,pastor,John,John,16,33,new_testament,Bible:John.16.33,John xvi. 33
volume_2,hermas,pastor,1Cor,1Cor,2,11,new_testament,Bible:1Cor.2.11-1Cor.2.12,"1 Cor. ii. 11, 12"
volume_2,hermas,pastor,Heb,Heb,5,14,new_testament,Bible:Heb.5.14,Heb. v. 14
volume_2,hermas,pastor,1Cor,1Cor|1Cor,14,32,new_testament,Bible:1Cor.14.32 Bible:1Cor.14.37,"1 Cor. xiv. 32,
37"
volume_2,hermas,pastor,Isa,Isa,29,13,old_testament_or_other,Bible:Isa.29.13,Isa. xxix. 13
volume_2,hermas,pastor,Matt,Matt,15,8,new_testament,Bible:Matt.15.8,Matt. xv. 8
volume_2,hermas,pastor,John,John,12,40,new_testament,Bible:John.12.40,"John
xii. 40"
volume_2,hermas,pastor,2Cor,2Cor,3,14,new_testament,Bible:2Cor.3.14,2 Cor. iii. 14
volume_2,hermas,pastor,Jas,Jas,2,19,new_testament,Bible:Jas.2.19,Jas. ii. 19
volume_2,hermas,pastor,Eph,Eph,4,27,new_testament,Bible:Eph.4.27,Eph. iv. 27
volume_2,hermas,pastor,Matt,Matt,10,28,new_testament,Bible:Matt.10.28,Matt. x. 28
volume_2,hermas,pastor,Luke,Luke,12,5,new_testament,Bible:Luke.12.5,Luke xii. 5
volume_2,hermas,pastor,Heb,Heb|Heb,9,24,new_testament,Bible:Heb.9.24 Bible:Heb.9.1,"Heb. ix. 24, 1"
volume_2,hermas,pastor,Heb,Heb,13,14,new_testament,Bible:Heb.13.14,Heb. xiii. 14
volume_2,hermas,pastor,Phil,Phil,3,20,new_testament,Bible:Phil.3.20,Phil. iii. 20
volume_2,hermas,pastor,Jas,Jas,1,27,new_testament,Bible:Jas.1.27,Jas. i. 27
volume_2,hermas,pastor,Luke,Luke,19,15,new_testament,Bible:Luke.19.15,Luke xix. 15
volume_2,hermas,pastor,Luke,Luke,12,33,new_testament,Bible:Luke.12.33,Luke xii. 33
volume_2,hermas,pastor,Jas,Jas,1,9,new_testament,Bible:Jas.1.9-Jas.1.11,Jas. i. 9–11
volume_2,hermas,pastor,Luke,Luke,12,42,new_testament,Bible:Luke.12.42,Luke xii. 42
volume_2,hermas,pastor,Matt,Matt,13,29,new_testament,Bible:Matt.13.29,Matt. xiii. 29
volume_2,hermas,pastor,Rom,Rom,8,22,new_testament,Bible:Rom.8.22-Rom.8.24,Rom. viii. 22–24
volume_2,hermas,pastor,1Cor,1Cor,7,30,new_testament,Bible:1Cor.7.30-1Cor.7.35,1 Cor. vii. 30–35
volume_2,hermas,pastor,Rom,Rom,12,11,new_testament,Bible:Rom.12.11,Rom. xii. 11
volume_2,hermas,pastor,1Cor,1Cor,7,25,new_testament,Bible:1Cor.7.25-1Cor.7.28,1 Cor. vii. 25–28
volume_2,hermas,pastor,Matt,Matt,19,12,new_testament,Bible:Matt.19.12,Matt. xix. 12
volume_2,hermas,pastor,Isa,Isa,58,5,old_testament_or_other,Bible:Isa.58.5-Isa.58.8,Isa. lviii. 5–8
volume_2,hermas,pastor,2Cor,2Cor,6,5,new_testament,Bible:2Cor.6.5,2 Cor. vi. 5
volume_2,hermas,pastor,Matt,Matt,13,11,new_testament,Bible:Matt.13.11,Matt. xiii. 11
volume_2,hermas,pastor,Luke,Luke,22,43,new_testament,Bible:Luke.22.43,Luke. xxii. 43
volume_2,hermas,pastor,Phil,Phil,2,7,new_testament,Bible:Phil.2.7,Phil. ii. 7
volume_2,hermas,pastor,Heb,Heb,1,3,new_testament,Bible:Heb.1.3,Heb. i. 3
volume_2,hermas,pastor,Ps,Ps,16,11,old_testament_or_other,Bible:Ps.16.11,Ps. xvi. 11
volume_2,hermas,pastor,1Cor,1Cor,3,16,new_testament,Bible:1Cor.3.16-1Cor.3.17,"1
Cor. iii. 16, 17"
volume_2,hermas,pastor,Acts,Acts,17,30,new_testament,Bible:Acts.17.30,Acts xvii. 30
volume_2,hermas,pastor,Rev,Rev,3,1,new_testament,Bible:Rev.3.1-Rev.3.5,Rev. iii.  1–5
volume_2,hermas,pastor,Heb,Heb,6,4,new_testament,Bible:Heb.6.4-Heb.6.6,Heb. vi. 4–6
volume_2,hermas,pastor,Rev,Rev,3,1,new_testament,Bible:Rev.3.1,Rev. iii. 1
volume_2,hermas,pastor,1John,1John,3,14,new_testament,Bible:1John.3.14-1John.3.15,"1 John iii. 14, 15"
volume_2,hermas,pastor,1Tim,1Tim,1,20,new_testament,Bible:1Tim.1.20,1 Tim. i. 20
volume_2,hermas,pastor,1Cor,1Cor,5,5,new_testament,Bible:1Cor.5.5,"1
Cor. v. 5"
volume_2,hermas,pastor,Heb,Heb,11,25,new_testament,Bible:Heb.11.25,Heb. xi. 25
volume_2,hermas,pastor,Rom,Rom,2,5,new_testament,Bible:Rom.2.5,Rom. ii. 5
volume_2,hermas,pastor,Ps,Ps,4,6,old_testament_or_other,Bible:Ps.4.6-Ps.4.7,"Ps. iv. 6,
7"
volume_2,hermas,pastor,Mal,Mal,3,3,old_testament_or_other,Bible:Mal.3.3,Mal. iii. 3
volume_2,hermas,pastor,Isa,Isa,1,22,old_testament_or_other,Bible:Isa.1.22,Isa. i. 22
volume_2,hermas,pastor,Ps,Ps,26,2,old_testament_or_other,Bible:Ps.26.2,Ps.  xxvi. 2
volume_2,hermas,pastor,1Cor,1Cor,10,13,new_testament,Bible:1Cor.10.13,1 Cor. x. 13
volume_2,hermas,pastor,Jas,Jas,1,2,new_testament,Bible:Jas.1.2,Jas. i. 2
volume_2,hermas,pastor,Num,Num,17,8,old_testament_or_other,Bible:Num.17.8,Num. xvii. 8
volume_2,hermas,pastor,Isa,Isa,44,4,old_testament_or_other,Bible:Isa.44.4,Isa. xliv. 4
volume_2,hermas,pastor,Ezek,Ezek,17,5,old_testament_or_other,Bible:Ezek.17.5-Ezek.17.6,"Ezek. xvii. 5, 6"
volume_2,hermas,pastor,2Esd,2Esd,2,43,deuterocanonical,Bible:2Esd.2.43,"2 Esdras
ii. 43"
volume_2,hermas,pastor,Eph,Eph,1,13,new_testament,Bible:Eph.1.13,Eph. i. 13
volume_2,hermas,pastor,Rev,Rev,19,8,new_testament,Bible:Rev.19.8,Rev. xix. 8
volume_2,hermas,pastor,Rev,Rev,8,3,new_testament,Bible:Rev.8.3,Rev. viii. 3
volume_2,hermas,pastor,Num,Num,17,7,old_testament_or_other,Bible:Num.17.7,Num. xvii. 7
volume_2,hermas,pastor,Ezek,Ezek,39,29,old_testament_or_other,Bible:Ezek.39.29,Ezek. xxxix. 29
volume_2,hermas,pastor,Rom,Rom,11,16,new_testament,Bible:Rom.11.16,Rom. xi. 16
volume_2,hermas,pastor,Matt,Matt,13,32,new_testament,Bible:Matt.13.32,Matt. xiii. 32
volume_2,hermas,pastor,Dan,Dan,10,21,old_testament_or_other,Bible:Dan.10.21,Dan. x. 21
volume_2,hermas,pastor,Rev,Rev,12,7,new_testament,Bible:Rev.12.7,Rev. xii. 7
volume_2,hermas,pastor,Jas,Jas,2,7,new_testament,Bible:Jas.2.7,Jas. ii. 7
volume_2,hermas,pastor,Heb,Heb,10,39,new_testament,Bible:Heb.10.39,Heb. x. 39
volume_2,hermas,pastor,Matt,Matt,20,23,new_testament,Bible:Matt.20.23,Matt. xx. 23
volume_2,hermas,pastor,Luke,Luke,22,24,new_testament,Bible:Luke.22.24,"Luke
xxii. 24"
volume_2,hermas,pastor,Jas,Jas,3,16,new_testament,Bible:Jas.3.16,Jas. iii. 16
volume_2,hermas,pastor,Jas,Jas,2,26,new_testament,Bible:Jas.2.26,Jas. ii. 26
volume_2,hermas,pastor,1Tim,1Tim,5,6,new_testament,Bible:1Tim.5.6,1 Tim. v. 6
volume_2,hermas,pastor,Matt,Matt,10,40,new_testament,Bible:Matt.10.40-Matt.10.42,Matt. x. 40–42
volume_2,hermas,pastor,Isa,Isa,5,1,old_testament_or_other,Bible:Isa.5.1,Isa. v. 1
volume_2,hermas,pastor,Gen,Gen,3,24,old_testament_or_other,Bible:Gen.3.24,Gen. iii. 24
volume_2,hermas,pastor,Rev,Rev,21,11,new_testament,Bible:Rev.21.11,Rev. xxi. 11
volume_2,hermas,pastor,2Esd,2Esd,2,43,deuterocanonical,Bible:2Esd.2.43,2 Esdras ii. 43
volume_2,hermas,pastor,Mark,Mark,13,36,new_testament,Bible:Mark.13.36,Mark xiii. 36
volume_2,hermas,pastor,Matt,Matt,24,46,new_testament,Bible:Matt.24.46-Matt.24.51,Matt. xxiv. 46–51
volume_2,hermas,pastor,Col,Col,1,15,new_testament,Bible:Col.1.15-Col.1.16,"Col. i. 15,
16"
volume_2,hermas,pastor,1Pet,1Pet,1,20,new_testament,Bible:1Pet.1.20,1 Pet. i. 20
volume_2,hermas,pastor,Exod,Exod|Exod,28,12,old_testament_or_other,Bible:Exod.28.12 Bible:Exod.28.29,"Ex. xxviii. 12, 29"
volume_2,hermas,pastor,Isa,Isa,28,16,old_testament_or_other,Bible:Isa.28.16,Isa. xxviii. 16
volume_2,hermas,pastor,1Cor,1Cor,3,11,new_testament,Bible:1Cor.3.11,1 Cor. iii. 11
volume_2,hermas,pastor,Eph,Eph,2,20,new_testament,Bible:Eph.2.20,Eph. ii. 20
volume_2,hermas,pastor,Rev,Rev,21,14,new_testament,Bible:Rev.21.14,Rev xxi. 14
volume_2,hermas,pastor,1John,1John,5,11,new_testament,Bible:1John.5.11-1John.5.12,"1 John v. 11, 12"
volume_2,hermas,pastor,Rev,Rev,7,4,new_testament,Bible:Rev.7.4,Rev. vii. 4
volume_2,hermas,pastor,Rom,Rom,10,17,new_testament,Bible:Rom.10.17,Rom. x. 17
volume_2,hermas,pastor,Rev,Rev,14,4,new_testament,Bible:Rev.14.4,Rev. xiv. 4
volume_2,hermas,pastor,Luke,Luke,12,47,new_testament,Bible:Luke.12.47-Luke.12.48,"Luke xii. 47, 48"
volume_2,hermas,pastor,Eph,Eph,5,27,new_testament,Bible:Eph.5.27,Eph. v. 27
volume_2,hermas,pastor,Matt,Matt,13,5,new_testament,Bible:Matt.13.5,Matt. xiii. 5
volume_2,hermas,pastor,Matt,Matt,19,23,new_testament,Bible:Matt.19.23-Matt.19.24,"Matt. xix. 23, 24"
volume_2,hermas,pastor,Mark,Mark,10,23,new_testament,Bible:Mark.10.23,Mark x. 23
volume_2,hermas,pastor,Jas,Jas,4,12,new_testament,Bible:Jas.4.12,Jas. iv. 12
volume_2,hermas,pastor,Matt,Matt,18,33,new_testament,Bible:Matt.18.33,Matt. xviii. 33
volume_2,hermas,pastor,Sir,Sir,20,15,deuterocanonical,Bible:Sir.20.15,Ecclus. xx. 15
volume_2,hermas,pastor,Jas,Jas,1,5,new_testament,Bible:Jas.1.5,Jas. i.  5
volume_2,hermas,pastor,1Pet,1Pet,1,10,new_testament,Bible:1Pet.1.10-1Pet.1.12,1 Pet. i.  10–12
volume_2,hermas,pastor,Acts,Acts,6,1,new_testament,Bible:Acts.6.1,Acts vi. 1
volume_2,hermas,pastor,Ezek,Ezek,34,3,old_testament_or_other,Bible:Ezek.34.3,Ezek. xxxiv. 3
volume_2,hermas,pastor,1Cor,1Cor,7,38,new_testament,Bible:1Cor.7.38,1 Cor. vii. 38
volume_2,hermas,pastor,Rev,Rev,3,4,new_testament,Bible:Rev.3.4-Rev.3.5,"Rev. iii. 4,
5"
volume_2,hermas,pastor,Rev,Rev,7,14,new_testament,Bible:Rev.7.14,Rev. vii. 14
volume_2,hermas,pastor,1Cor,1Cor,15,41,new_testament,Bible:1Cor.15.41,1 Cor. xv. 41
volume_2,hermas,pastor,Matt,Matt,20,21,new_testament,Bible:Matt.20.21-Matt.20.23,Matt. xx. 21–23
volume_2,hermas,pastor,1Cor,1Cor,3,13,new_testament,Bible:1Cor.3.13-1Cor.3.15,1 Cor. iii. 13–15
volume_2,hermas,pastor,Matt,Matt,18,3,new_testament,Bible:Matt.18.3,Matt. xviii. 3
volume_2,hermas,pastor,Mark,Mark,9,36,new_testament,Bible:Mark.9.36,Mark ix. 36
volume_2,hermas,pastor,Jer,Jer,13,20,old_testament_or_other,Bible:Jer.13.20,Jer. xiii. 20
volume_2,hermas,pastor,Zech,Zech,11,15,old_testament_or_other,Bible:Zech.11.15-Zech.11.17,Zech. xi.  15–17
volume_2,hermas,pastor,Jas,Jas,5,9,new_testament,Bible:Jas.5.9,Jas. v. 9
volume_2,hermas,pastor,Matt,Matt,5,23,new_testament,Bible:Matt.5.23-Matt.5.24,"Matt. v. 23,
24"
volume_2,hermas,pastor,1Pet,1Pet,1,22,new_testament,Bible:1Pet.1.22,1 Pet. i. 22
volume_2,hermas,pastor,Jas,Jas,5,19,new_testament,Bible:Jas.5.19-Jas.5.20,"Jas. v. 19, 20"
volume_2,hermas,pastor,Acts,Acts,14,12,new_testament,Bible:Acts.14.12,Acts xiv.  12
volume_2,tatian,greeks,Phlm,Phlm,1,9,new_testament,Bible:Phlm.1.9,Philem. 9
volume_2,tatian,greeks,Matt,Matt,10,22,new_testament,Bible:Matt.10.22-Matt.10.39,Matt. x. 22–39
volume_2,tatian,greeks,1Pet,1Pet,2,17,new_testament,Bible:1Pet.2.17,1 Pet. ii. 17
volume_2,tatian,greeks,John,John,4,24,new_testament,Bible:John.4.24,John iv. 24
volume_2,tatian,greeks,1Cor,1Cor,15,44,new_testament,Bible:1Cor.15.44,1 Cor. xv. 44
volume_2,tatian,greeks,Rom,Rom,1,20,new_testament,Bible:Rom.1.20,Rom. i. 20
volume_2,tatian,greeks,Gen,Gen,1,1,old_testament_or_other,Bible:Gen.1.1,Gen. i. 1
volume_2,tatian,greeks,Gen,Gen,3,1,old_testament_or_other,Bible:Gen.3.1,Gen. iii. 1
volume_2,tatian,greeks,John,John,1,5,new_testament,Bible:John.1.5,John. i. 5
volume_2,tatian,greeks,1Cor,1Cor,2,14,new_testament,Bible:1Cor.2.14-1Cor.2.15,"1
Cor. ii. 14, 15"
volume_2,tatian,greeks,Ps,Ps,8,5,old_testament_or_other,Bible:Ps.8.5,Ps. viii. 5
volume_2,tatian,greeks,Eph,Eph|Eph,6,13,new_testament,Bible:Eph.6.13-Eph.6.14 Bible:Eph.6.17,"Eph. vi. 13, 14, 17"
volume_2,tatian,greeks,John,John,1,3,new_testament,Bible:John.1.3,John i. 3
volume_2,tatian,greeks,Rev,Rev,7,7,new_testament,Bible:Rev.7.7,Rev. vii. 7
volume_2,tatian,greeks,1Cor,1Cor,10,16,new_testament,Bible:1Cor.10.16,1 Cor. x. 16
volume_2,tatian,greeks,Titus,Titus,1,12,new_testament,Bible:Titus.1.12,Tit. i. 12
volume_2,tatian,greeks,Ps,Ps,19,96,old_testament_or_other,Bible:Ps.19.96,Ps. cxix. 96
volume_2,tatian,greeks,Matt,Matt,13,44,new_testament,Bible:Matt.13.44,Matt. xiii. 44
volume_2,tatian,greeks,Rom,Rom,1,28,new_testament,Bible:Rom.1.28,Rom. i. 28
volume_2,tatian,greeks,1Cor,1Cor,7,5,new_testament,Bible:1Cor.7.5,1 Cor. 7:5
volume_2,theophilus,autolycus_i,Acts,Acts,20,29,new_testament,Bible:Acts.20.29-Acts.20.31,Acts xx. 29–31
volume_2,theophilus,autolycus_i,Acts,Acts,13,1,new_testament,Bible:Acts.13.1,Acts xiii. 1
volume_2,theophilus,autolycus_i,Acts,Acts,11,26,new_testament,Bible:Acts.11.26,Acts xi. 26
volume_2,theophilus,autolycus_i,Job,Job,9,9,old_testament_or_other,Bible:Job.9.9,Job ix. 9
volume_2,theophilus,autolycus_i,Ps,Ps,35,7,old_testament_or_other,Bible:Ps.35.7,Ps. cxxxv. 7
volume_2,theophilus,autolycus_i,Ps,Ps,33,6,old_testament_or_other,Bible:Ps.33.6,Ps. xxxiii. 6
volume_2,theophilus,autolycus_i,Prov,Prov,24,21,old_testament_or_other,Bible:Prov.24.21-Prov.24.22,"Prov. xxiv. 21, 22"
volume_2,theophilus,autolycus_i,Acts,Acts,8,17,new_testament,Bible:Acts.8.17,Acts viii. 17
volume_2,theophilus,autolycus_i,Heb,Heb,6,2,new_testament,Bible:Heb.6.2,Heb. vi. 2
volume_2,theophilus,autolycus_i,1John,1John,2,20,new_testament,Bible:1John.2.20,1 John ii. 20
volume_2,theophilus,autolycus_i,Ps,Ps,19,130,old_testament_or_other,Bible:Ps.19.130,Ps. cxix. 130
volume_2,theophilus,autolycus_i,John,John,6,63,new_testament,Bible:John.6.63,John vi. 63
volume_2,theophilus,autolycus_i,Rev,Rev,19,10,new_testament,Bible:Rev.19.10,Rev. xix. 10
volume_2,theophilus,autolycus_i,Rom,Rom,2,7,new_testament,Bible:Rom.2.7,Rom. ii. 7
volume_2,theophilus,autolycus_i,1Cor,1Cor,2,9,new_testament,Bible:1Cor.2.9,1 Cor. ii. 9
volume_2,theophilus,autolycus_i,Rom,Rom,2,8,new_testament,Bible:Rom.2.8-Rom.2.9,"Rom. ii. 8, 9"
volume_2,theophilus,autolycus_ii,Ps,Ps,45,1,old_testament_or_other,Bible:Ps.45.1,Ps. xlv. 1
volume_2,theophilus,autolycus_ii,Ps,Ps,45,,old_testament_or_other,Bible:Ps.45,Ps. xlv.
volume_2,theophilus,autolycus_ii,Prov,Prov,8,27,old_testament_or_other,Bible:Prov.8.27,Prov. viii. 27
volume_2,theophilus,autolycus_ii,Gen,Gen,1,1,old_testament_or_other,Bible:Gen.1.1,Gen. i. 1
volume_2,theophilus,autolycus_ii,Luke,Luke,18,27,new_testament,Bible:Luke.18.27,"Luke
xviii. 27"
volume_2,theophilus,autolycus_ii,Isa,Isa,40,22,old_testament_or_other,Bible:Isa.40.22,Isa. xl. 22
volume_2,theophilus,autolycus_ii,Rom,Rom,8,22,new_testament,Bible:Rom.8.22,Rom. viii. 22
volume_2,theophilus,autolycus_ii,Gen,Gen,2,4,old_testament_or_other,Bible:Gen.2.4-Gen.2.5,"Gen. ii. 4, 5"
volume_2,theophilus,autolycus_ii,Gen,Gen,2,7,old_testament_or_other,Bible:Gen.2.7,Gen. ii. 7
volume_2,theophilus,autolycus_ii,Gen,Gen,2,8,old_testament_or_other,Bible:Gen.2.8,Gen. ii. 8
volume_2,theophilus,autolycus_ii,John,John,1,1,new_testament,Bible:John.1.1,John i. 1
volume_2,theophilus,autolycus_ii,Gen,Gen,2,24,old_testament_or_other,Bible:Gen.2.24,Gen. ii. 24
volume_2,theophilus,autolycus_ii,Gen,Gen,4,1,old_testament_or_other,Bible:Gen.4.1-Gen.4.2,"Gen. iv. 1, 2"
volume_2,theophilus,autolycus_ii,Heb,Heb,7,1,new_testament,Bible:Heb.7.1-Heb.7.3,Heb. vii. 1–3
volume_2,theophilus,autolycus_ii,Josh,Josh,5,13,old_testament_or_other,Bible:Josh.5.13-Josh.5.15,Josh. v. 13–15
volume_2,theophilus,autolycus_ii,Prov,Prov,4,25,old_testament_or_other,Bible:Prov.4.25,Prov. iv. 25
volume_2,theophilus,autolycus_ii,Deut,Deut,4,19,old_testament_or_other,Bible:Deut.4.19,Deut. iv. 19
volume_2,theophilus,autolycus_ii,Isa,Isa,42,5,old_testament_or_other,Bible:Isa.42.5,Isa. xlii. 5
volume_2,theophilus,autolycus_ii,Isa,Isa,45,12,old_testament_or_other,Bible:Isa.45.12,Isa. xlv. 12
volume_2,theophilus,autolycus_ii,Isa,Isa,40,28,old_testament_or_other,Bible:Isa.40.28,Isa. xl. 28
volume_2,theophilus,autolycus_ii,Jer,Jer,10,12,old_testament_or_other,Bible:Jer.10.12-Jer.10.13,"Jer. x. 12, 13"
volume_2,theophilus,autolycus_ii,Jer,Jer,51,17,old_testament_or_other,Bible:Jer.51.17-Jer.51.18,"Jer. li. 17, 18"
volume_2,theophilus,autolycus_ii,Ps,Ps|Ps,14,1,old_testament_or_other,Bible:Ps.14.1 Bible:Ps.14.3,"Ps. xiv. 1, 3"
volume_2,theophilus,autolycus_ii,Hab,Hab,2,18,old_testament_or_other,Bible:Hab.2.18,Hab. ii. 18
volume_2,theophilus,autolycus_ii,Mal,Mal,4,1,old_testament_or_other,Bible:Mal.4.1,Mal. iv. 1
volume_2,theophilus,autolycus_ii,Isa,Isa,30,30,old_testament_or_other,Bible:Isa.30.30,Isa. xxx. 30
volume_2,theophilus,autolycus_ii,Prov,Prov,3,8,old_testament_or_other,Bible:Prov.3.8,Prov. iii. 8
volume_2,theophilus,autolycus_ii,Ps,Ps,51,8,old_testament_or_other,Bible:Ps.51.8,Ps. li. 8
volume_2,theophilus,autolycus_ii,Hos,Hos,14,9,old_testament_or_other,Bible:Hos.14.9,Hos. xiv. 9
volume_2,theophilus,autolycus_iii,Exod,Exod,20,3,old_testament_or_other,Bible:Exod.20.3,Ex. xx. 3
volume_2,theophilus,autolycus_iii,Exod,Exod,23,6,old_testament_or_other,Bible:Exod.23.6,Ex. xxiii. 6
volume_2,theophilus,autolycus_iii,Exod,Exod,22,21,old_testament_or_other,Bible:Exod.22.21,Ex. xxii. 21
volume_2,theophilus,autolycus_iii,Isa,Isa,55,6,old_testament_or_other,Bible:Isa.55.6,Isa. lv. 6
volume_2,theophilus,autolycus_iii,Ezek,Ezek,18,21,old_testament_or_other,Bible:Ezek.18.21,Ezek. xviii. 21
volume_2,theophilus,autolycus_iii,Isa,Isa,31,6,old_testament_or_other,Bible:Isa.31.6,Isa. xxxi. 6
volume_2,theophilus,autolycus_iii,Jer,Jer,6,9,old_testament_or_other,Bible:Jer.6.9,Jer. vi. 9
volume_2,theophilus,autolycus_iii,Isa,Isa,1,16,old_testament_or_other,Bible:Isa.1.16-Isa.1.17,"Isa. i. 16, 17"
volume_2,theophilus,autolycus_iii,Isa,Isa,58,6,old_testament_or_other,Bible:Isa.58.6,Isa. lviii. 6
volume_2,theophilus,autolycus_iii,Jer,Jer,6,16,old_testament_or_other,Bible:Jer.6.16,Jer. vi. 16
volume_2,theophilus,autolycus_iii,Hos,Hos,12,6,old_testament_or_other,Bible:Hos.12.6,Hos. xii. 6
volume_2,theophilus,autolycus_iii,Joel,Joel,2,16,old_testament_or_other,Bible:Joel.2.16,"Joel
ii. 16"
volume_2,theophilus,autolycus_iii,Zech,Zech,7,9,old_testament_or_other,Bible:Zech.7.9-Zech.7.10,"Zech. vii. 9, 10"
volume_2,theophilus,autolycus_iii,Prov,Prov,4,25,old_testament_or_other,Bible:Prov.4.25,Prov. iv. 25
volume_2,theophilus,autolycus_iii,Matt,Matt,5,28,new_testament,Bible:Matt.5.28,Matt. v. 28
volume_2,theophilus,autolycus_iii,Matt,Matt,5,32,new_testament,Bible:Matt.5.32,Matt. v. 32
volume_2,theophilus,autolycus_iii,Prov,Prov,6,27,old_testament_or_other,Bible:Prov.6.27-Prov.6.29,Prov. vi. 27–29
volume_2,theophilus,autolycus_iii,Isa,Isa,66,5,old_testament_or_other,Bible:Isa.66.5,Isa. lxvi. 5
volume_2,theophilus,autolycus_iii,Matt,Matt|Matt,5,44,new_testament,Bible:Matt.5.44 Bible:Matt.5.46,"Matt. v. 44, 46"
volume_2,theophilus,autolycus_iii,Matt,Matt,6,3,new_testament,Bible:Matt.6.3,Matt. vi. 3
volume_2,theophilus,autolycus_iii,1Tim,1Tim,2,2,new_testament,Bible:1Tim.2.2,1 Tim. ii. 2
volume_2,theophilus,autolycus_iii,Rom,Rom,13,7,new_testament,Bible:Rom.13.7-Rom.13.8,"Rom. xiii. 7, 8"
volume_2,theophilus,autolycus_iii,2Cor,2Cor,1,22,new_testament,Bible:2Cor.1.22,2 Cor. i. 22
volume_2,theophilus,autolycus_iii,Eph,Eph,1,,new_testament,Bible:Eph.1,Eph. 1
volume_2,athenagoras,plea_for_christians,Isa,Isa,41,4,old_testament_or_other,Bible:Isa.41.4,Isa. xli. 4
volume_2,athenagoras,plea_for_christians,Exod,Exod,20,2,old_testament_or_other,Bible:Exod.20.2-Exod.20.3,"Ex. xx. 2, 3"
volume_2,athenagoras,plea_for_christians,Isa,Isa,44,6,old_testament_or_other,Bible:Isa.44.6,Isa. xliv. 6
volume_2,athenagoras,plea_for_christians,Isa,Isa,43,10,old_testament_or_other,Bible:Isa.43.10-Isa.43.11,"Isa. xliii. 10, 11"
volume_2,athenagoras,plea_for_christians,Isa,Isa,66,1,old_testament_or_other,Bible:Isa.66.1,Isa. lxvi. 1
volume_2,athenagoras,plea_for_christians,Prov,Prov,8,22,old_testament_or_other,Bible:Prov.8.22,Prov. viii. 22
volume_2,athenagoras,plea_for_christians,Heb,Heb,1,14,new_testament,Bible:Heb.1.14,Heb. i. 14
volume_2,athenagoras,plea_for_christians,Col,Col|Col,2,4,new_testament,Bible:Col.2.4 Bible:Col.2.18,"Col. ii. 4, 18"
volume_2,athenagoras,plea_for_christians,Luke,Luke,6,27,new_testament,Bible:Luke.6.27-Luke.6.28,"Luke vi. 27, 28"
volume_2,athenagoras,plea_for_christians,Matt,Matt,5,44,new_testament,Bible:Matt.5.44-Matt.5.45,"Matt. v. 44, 45"
volume_2,athenagoras,plea_for_christians,Luke,Luke|Luke,6,32,new_testament,Bible:Luke.6.32 Bible:Luke.6.34,"Luke
vi. 32, 34"
volume_2,athenagoras,plea_for_christians,Matt,Matt,5,46,new_testament,Bible:Matt.5.46,Matt. v. 46
volume_2,athenagoras,plea_for_christians,Rom,Rom,12,1,new_testament,Bible:Rom.12.1,Rom. xii. 1
volume_2,athenagoras,plea_for_christians,Mal,Mal,1,,old_testament_or_other,Bible:Mal.1,Mal. i.
volume_2,athenagoras,plea_for_christians,Lev,Lev,2,1,old_testament_or_other,Bible:Lev.2.1,Lev. ii. 1
volume_2,athenagoras,plea_for_christians,Prov,Prov,21,1,old_testament_or_other,Bible:Prov.21.1,Prov. xxi. 1
volume_2,athenagoras,plea_for_christians,Gen,Gen,6,1,old_testament_or_other,Bible:Gen.6.1-Gen.6.4,Gen. vi. 1–4
volume_2,athenagoras,plea_for_christians,Titus,Titus,1,12,new_testament,Bible:Titus.1.12,Tit. i. 12
volume_2,athenagoras,plea_for_christians,1Cor,1Cor,15,44,new_testament,Bible:1Cor.15.44,1 Cor. xv. 44
volume_2,athenagoras,plea_for_christians,Matt,Matt,5,28,new_testament,Bible:Matt.5.28,Matt. v. 28
volume_2,athenagoras,plea_for_christians,Matt,Matt,22,39,new_testament,Bible:Matt.22.39,Matt. xxii. 39
volume_2,athenagoras,plea_for_christians,Matt,Matt,19,12,new_testament,Bible:Matt.19.12,Matt. xix.  12
volume_2,athenagoras,plea_for_christians,1Tim,1Tim,5,9,new_testament,Bible:1Tim.5.9,1 Tim. v. 9
volume_2,athenagoras,plea_for_christians,1Tim,1Tim,3,2,new_testament,Bible:1Tim.3.2,1 Tim. iii. 2
volume_2,athenagoras,plea_for_christians,Matt,Matt,19,9,new_testament,Bible:Matt.19.9,Matt. xix. 9
volume_2,athenagoras,plea_for_christians,1Cor,1Cor,15,38,new_testament,Bible:1Cor.15.38,1 Cor. xv. 38
volume_2,athenagoras,plea_for_christians,1Tim,1Tim,2,1,new_testament,Bible:1Tim.2.1-1Tim.2.2,"1 Tim. ii. 1,
2"
volume_2,athenagoras,treatise,Job,Job,19,25,old_testament_or_other,Bible:Job.19.25,Job xix. 25
volume_2,athenagoras,treatise,1Cor,1Cor,15,54,new_testament,Bible:1Cor.15.54,1 Cor. xv. 54
volume_2,clement_alex,exhortation,Isa,Isa,2,3,old_testament_or_other,Bible:Isa.2.3,Isa. ii. 3
volume_2,clement_alex,exhortation,Ps,Ps,96,1,old_testament_or_other,Bible:Ps.96.1,Ps. xcvi. 1
volume_2,clement_alex,exhortation,Matt,Matt,3,9,new_testament,Bible:Matt.3.9,Matt. iii. 9
volume_2,clement_alex,exhortation,Luke,Luke,3,8,new_testament,Bible:Luke.3.8,Luke iii. 8
volume_2,clement_alex,exhortation,Matt,Matt,3,7,new_testament,Bible:Matt.3.7,Matt. iii. 7
volume_2,clement_alex,exhortation,Luke,Luke,3,7,new_testament,Bible:Luke.3.7,Luke iii. 7
volume_2,clement_alex,exhortation,Titus,Titus,3,3,new_testament,Bible:Titus.3.3-Titus.3.5,Tit. iii. 3–5
volume_2,clement_alex,exhortation,Ps,Ps,10,3,old_testament_or_other,Bible:Ps.10.3,Ps. cx. 3
volume_2,clement_alex,exhortation,John,John,1,1,new_testament,Bible:John.1.1,John i. 1
volume_2,clement_alex,exhortation,Titus,Titus,2,11,new_testament,Bible:Titus.2.11-Titus.2.13,Tit. ii. 11–13
volume_2,clement_alex,exhortation,Isa,Isa,42,10,old_testament_or_other,Bible:Isa.42.10,Isa. xlii. 10
volume_2,clement_alex,exhortation,Eph,Eph,2,2,new_testament,Bible:Eph.2.2,Eph. ii. 2
volume_2,clement_alex,exhortation,Phil,Phil,2,6,new_testament,Bible:Phil.2.6-Phil.2.7,"Phil. ii. 6, 7"
volume_2,clement_alex,exhortation,John,John,1,23,new_testament,Bible:John.1.23,John i. 23
volume_2,clement_alex,exhortation,Isa,Isa,40,3,old_testament_or_other,Bible:Isa.40.3,Isa. xl. 3
volume_2,clement_alex,exhortation,Isa,Isa,54,1,old_testament_or_other,Bible:Isa.54.1,Isa. liv. 1
volume_2,clement_alex,exhortation,John,John,10,9,new_testament,Bible:John.10.9,John x. 9
volume_2,clement_alex,exhortation,Matt,Matt,11,27,new_testament,Bible:Matt.11.27,Matt. xi. 27
volume_2,clement_alex,exhortation,Eph,Eph,2,12,new_testament,Bible:Eph.2.12,Eph. ii. 12
volume_2,clement_alex,exhortation,Eph,Eph,2,3,new_testament,Bible:Eph.2.3-Eph.2.5,Eph. ii. 3–5
volume_2,clement_alex,exhortation,Exod,Exod,20,4,old_testament_or_other,Bible:Exod.20.4,Ex. xx. 4
volume_2,clement_alex,exhortation,Ps,Ps,96,5,old_testament_or_other,Bible:Ps.96.5,Ps. xcvi. 5
volume_2,clement_alex,exhortation,Ps,Ps,33,6,old_testament_or_other,Bible:Ps.33.6,Ps. xxxiii. 6
volume_2,clement_alex,exhortation,Ps,Ps,8,3,old_testament_or_other,Bible:Ps.8.3,Ps. viii. 3
volume_2,clement_alex,exhortation,Gal,Gal,4,9,new_testament,Bible:Gal.4.9,Gal. iv. 9
volume_2,clement_alex,exhortation,Deut,Deut|Deut,25,13,old_testament_or_other,Bible:Deut.25.13 Bible:Deut.25.15,"Deut. xxv. 13,
15"
volume_2,clement_alex,exhortation,Jer,Jer,23,23,old_testament_or_other,Bible:Jer.23.23,Jer. xxiii. 23
volume_2,clement_alex,exhortation,Isa,Isa,40,12,old_testament_or_other,Bible:Isa.40.12,Isa. xl. 12
volume_2,clement_alex,exhortation,Isa,Isa,64,1,old_testament_or_other,Bible:Isa.64.1-Isa.64.2,"Isa. lxiv. 1, 2"
volume_2,clement_alex,exhortation,Isa,Isa,66,1,old_testament_or_other,Bible:Isa.66.1,Isa. lxvi. 1
volume_2,clement_alex,exhortation,Jer,Jer,8,2,old_testament_or_other,Bible:Jer.8.2,Jer. viii. 2
volume_2,clement_alex,exhortation,Deut,Deut,32,39,old_testament_or_other,Bible:Deut.32.39,Deut. xxxii. 39
volume_2,clement_alex,exhortation,Amos,Amos,4,13,old_testament_or_other,Bible:Amos.4.13,Amos iv. 13
volume_2,clement_alex,exhortation,Isa,Isa,45,19,old_testament_or_other,Bible:Isa.45.19-Isa.45.20,"Isa. xlv. 19, 20"
volume_2,clement_alex,exhortation,Isa,Isa,45,21,old_testament_or_other,Bible:Isa.45.21-Isa.45.23,Isa. xlv. 21–23
volume_2,clement_alex,exhortation,Isa,Isa,40,18,old_testament_or_other,Bible:Isa.40.18-Isa.40.19,"Isa. xl. 18, 19"
volume_2,clement_alex,exhortation,Isa,Isa,10,10,old_testament_or_other,Bible:Isa.10.10-Isa.10.11,"Isa. x. 10, 11"
volume_2,clement_alex,exhortation,Isa,Isa,10,14,old_testament_or_other,Bible:Isa.10.14,Isa. x. 14
volume_2,clement_alex,exhortation,Prov,Prov,8,22,old_testament_or_other,Bible:Prov.8.22,Prov. viii. 22
volume_2,clement_alex,exhortation,Prov,Prov,2,6,old_testament_or_other,Bible:Prov.2.6,Prov. ii. 6
volume_2,clement_alex,exhortation,Prov,Prov,6,9,old_testament_or_other,Bible:Prov.6.9,Prov. vi. 9
volume_2,clement_alex,exhortation,Prov,Prov,6,11,old_testament_or_other,Bible:Prov.6.11,Prov. vi. 11
volume_2,clement_alex,exhortation,Prov,Prov,6,23,old_testament_or_other,Bible:Prov.6.23,Prov. vi. 23
volume_2,clement_alex,exhortation,Jer,Jer,10,12,old_testament_or_other,Bible:Jer.10.12,Jer. x. 12
volume_2,clement_alex,exhortation,Deut,Deut|Deut,6,4,old_testament_or_other,Bible:Deut.6.4 Bible:Deut.6.13,"Deut. vi. 4, 13"
volume_2,clement_alex,exhortation,Ps,Ps|Ps,2,10,old_testament_or_other,Bible:Ps.2.10 Bible:Ps.2.12,"Ps. ii. 10,
12"
volume_2,clement_alex,exhortation,Ps,Ps,4,2,old_testament_or_other,Bible:Ps.4.2,Ps. iv. 2
volume_2,clement_alex,exhortation,Rom,Rom|Rom|Rom,1,21,new_testament,Bible:Rom.1.21 Bible:Rom.1.23 Bible:Rom.1.25,"Rom. i. 21, 23, 25"
volume_2,clement_alex,exhortation,Gen,Gen,1,1,old_testament_or_other,Bible:Gen.1.1,Gen. i. 1
volume_2,clement_alex,exhortation,Isa,Isa,13,10,old_testament_or_other,Bible:Isa.13.10,Isa. xiii. 10
volume_2,clement_alex,exhortation,Ezek,Ezek,32,7,old_testament_or_other,Bible:Ezek.32.7,Ezek. xxxii. 7
volume_2,clement_alex,exhortation,Joel,Joel|Joel,2,10,old_testament_or_other,Bible:Joel.2.10 Bible:Joel.2.31,"Joel ii. 10, 31"
volume_2,clement_alex,exhortation,Matt,Matt,5,18,new_testament,Bible:Matt.5.18,Matt. v. 18
volume_2,clement_alex,exhortation,Prov,Prov,3,11,old_testament_or_other,Bible:Prov.3.11,Prov. iii. 11
volume_2,clement_alex,exhortation,Heb,Heb,12,21,new_testament,Bible:Heb.12.21,Heb. xii. 21
volume_2,clement_alex,exhortation,Matt,Matt|Matt,25,41,new_testament,Bible:Matt.25.41 Bible:Matt.25.46,"Matt. xxv. 41,
46"
volume_2,clement_alex,exhortation,Eph,Eph,4,17,new_testament,Bible:Eph.4.17-Eph.4.19,Eph. iv. 17–19
volume_2,clement_alex,exhortation,Eph,Eph,5,14,new_testament,Bible:Eph.5.14,Eph. v. 14
volume_2,clement_alex,exhortation,Ps,Ps,95,8,old_testament_or_other,Bible:Ps.95.8-Ps.95.9,"Ps. xcv. 8, 9"
volume_2,clement_alex,exhortation,Ps,Ps,95,9,old_testament_or_other,Bible:Ps.95.9-Ps.95.11,Ps. xcv. 9–11
volume_2,clement_alex,exhortation,Ps,Ps,95,7,old_testament_or_other,Bible:Ps.95.7,Ps. xcv. 7
volume_2,clement_alex,exhortation,1Tim,1Tim,4,8,new_testament,Bible:1Tim.4.8,1 Tim. iv. 8
volume_2,clement_alex,exhortation,1Tim,1Tim,4,10,new_testament,Bible:1Tim.4.10,"1
Tim. iv. 10"
volume_2,clement_alex,exhortation,2Tim,2Tim,3,15,new_testament,Bible:2Tim.3.15,2 Tim. iii. 15
volume_2,clement_alex,exhortation,2Tim,2Tim,3,16,new_testament,Bible:2Tim.3.16-2Tim.3.17,"2 Tim. iii. 16, 17"
volume_2,clement_alex,exhortation,Matt,Matt,4,17,new_testament,Bible:Matt.4.17,Matt. iv. 17
volume_2,clement_alex,exhortation,Phil,Phil,4,5,new_testament,Bible:Phil.4.5,Phil. iv. 5
volume_2,clement_alex,exhortation,Ps,Ps,34,8,old_testament_or_other,Bible:Ps.34.8,Ps. xxxiv. 8
volume_2,clement_alex,exhortation,Ps,Ps,34,11,old_testament_or_other,Bible:Ps.34.11,Ps. xxxiv. 11
volume_2,clement_alex,exhortation,Zech,Zech,3,2,old_testament_or_other,Bible:Zech.3.2,Zech. iii. 2
volume_2,clement_alex,exhortation,Isa,Isa,1,3,old_testament_or_other,Bible:Isa.1.3,Isa. i. 3
volume_2,clement_alex,exhortation,Isa,Isa,54,17,old_testament_or_other,Bible:Isa.54.17,Isa. liv. 17
volume_2,clement_alex,exhortation,Isa,Isa,55,1,old_testament_or_other,Bible:Isa.55.1,Isa. lv. 1
volume_2,clement_alex,exhortation,1Cor,1Cor,2,9,new_testament,Bible:1Cor.2.9,1 Cor. ii. 9
volume_2,clement_alex,exhortation,Deut,Deut,30,15,old_testament_or_other,Bible:Deut.30.15,Deut. xxx. 15
volume_2,clement_alex,exhortation,Isa,Isa,1,19,old_testament_or_other,Bible:Isa.1.19,Isa. i. 19
volume_2,clement_alex,exhortation,Isa,Isa,1,20,old_testament_or_other,Bible:Isa.1.20,Isa. i. 20
volume_2,clement_alex,exhortation,Gen,Gen,1,26,old_testament_or_other,Bible:Gen.1.26,Gen. i. 26
volume_2,clement_alex,exhortation,Isa,Isa,52,15,old_testament_or_other,Bible:Isa.52.15,Isa. lii. 15
volume_2,clement_alex,exhortation,John,John,3,19,new_testament,Bible:John.3.19,John iii. 19
volume_2,clement_alex,exhortation,Ps,Ps,24,1,old_testament_or_other,Bible:Ps.24.1,Ps. xxiv. 1
volume_2,clement_alex,exhortation,1Cor,1Cor|1Cor,10,26,new_testament,Bible:1Cor.10.26 Bible:1Cor.10.28,"1 Cor. x. 26, 28"
volume_2,clement_alex,exhortation,1Pet,1Pet,2,17,new_testament,Bible:1Pet.2.17,1 Pet. ii. 17
volume_2,clement_alex,exhortation,Matt,Matt,6,20,new_testament,Bible:Matt.6.20-Matt.6.21,"Matt. vi. 20,
21"
volume_2,clement_alex,exhortation,Ps,Ps,58,4,old_testament_or_other,Bible:Ps.58.4-Ps.58.5,"Ps. lviii. 4, 5"
volume_2,clement_alex,exhortation,Ps,Ps,72,9,old_testament_or_other,Bible:Ps.72.9,Ps. lxxii. 9
volume_2,clement_alex,exhortation,Ps,Ps,62,8,old_testament_or_other,Bible:Ps.62.8,Ps. lxii. 8
volume_2,clement_alex,exhortation,Ps,Ps,70,4,old_testament_or_other,Bible:Ps.70.4,Ps. lxx. 4
volume_2,clement_alex,exhortation,Exod,Exod,20,13,old_testament_or_other,Bible:Exod.20.13-Exod.20.16,Ex. xx. 13–16
volume_2,clement_alex,exhortation,Deut,Deut,6,5,old_testament_or_other,Bible:Deut.6.5,"Deut. vi.
5"
volume_2,clement_alex,exhortation,Luke,Luke,6,29,new_testament,Bible:Luke.6.29,Luke vi. 29
volume_2,clement_alex,exhortation,Matt,Matt,5,28,new_testament,Bible:Matt.5.28,Matt. v. 28
volume_2,clement_alex,exhortation,Gal,Gal,3,28,new_testament,Bible:Gal.3.28,Gal. iii. 28
volume_2,clement_alex,exhortation,1Tim,1Tim,6,6,new_testament,Bible:1Tim.6.6,1 Tim.  vi. 6
volume_2,clement_alex,exhortation,Ps,Ps,19,10,old_testament_or_other,Bible:Ps.19.10,Ps. xix. 10
volume_2,clement_alex,exhortation,Ps,Ps,22,22,old_testament_or_other,Bible:Ps.22.22,Ps. xxii. 22
volume_2,clement_alex,exhortation,Rom,Rom,8,17,new_testament,Bible:Rom.8.17,Rom. viii. 17
volume_2,clement_alex,exhortation,Heb,Heb,2,11,new_testament,Bible:Heb.2.11,Heb. ii. 11
volume_2,clement_alex,exhortation,Heb,Heb,8,10,new_testament,Bible:Heb.8.10-Heb.8.12,Heb. viii. 10–12
volume_2,clement_alex,exhortation,Jer,Jer,31,33,old_testament_or_other,Bible:Jer.31.33-Jer.31.34,"Jer. xxxi.
33, 34"
volume_2,clement_alex,exhortation,Eph,Eph,6,14,new_testament,Bible:Eph.6.14-Eph.6.17,Eph. vi. 14–17
volume_2,clement_alex,exhortation,Isa,Isa,58,9,old_testament_or_other,Bible:Isa.58.9,Isa. lviii. 9
volume_2,clement_alex,exhortation,Matt,Matt,11,28,new_testament,Bible:Matt.11.28-Matt.11.30,"Matt. xi. 28, 29, 30"
volume_2,clement_alex,exhortation,Isa,Isa,63,1,old_testament_or_other,Bible:Isa.63.1,Isa. lxiii. 1
volume_2,clement_alex,exhortation,Ps,Ps,82,6,old_testament_or_other,Bible:Ps.82.6,Ps. lxxxii. 6
volume_2,clement_alex,instructor,Ps,Ps,73,1,old_testament_or_other,Bible:Ps.73.1,Ps. lxxiii. 1
volume_2,clement_alex,instructor,Gal,Gal,3,24,new_testament,Bible:Gal.3.24,Gal. iii. 24
volume_2,clement_alex,instructor,Num,Num,6,9,old_testament_or_other,Bible:Num.6.9,Num. vi. 9
volume_2,clement_alex,instructor,Num,Num,6,12,old_testament_or_other,Bible:Num.6.12,Num. vi. 12
volume_2,clement_alex,instructor,Ps,Ps,86,2,old_testament_or_other,Bible:Ps.86.2-Ps.86.3,"Ps. lxxxvi. 2,
3"
volume_2,clement_alex,instructor,Mark,Mark,2,11,new_testament,Bible:Mark.2.11,Mark ii. 11
volume_2,clement_alex,instructor,John,John,11,43,new_testament,Bible:John.11.43,John xi. 43
volume_2,clement_alex,instructor,Matt,Matt,9,2,new_testament,Bible:Matt.9.2,Matt. ix. 2
volume_2,clement_alex,instructor,John,John,16,27,new_testament,Bible:John.16.27,"John
xvi. 27"
volume_2,clement_alex,instructor,John,John,17,23,new_testament,Bible:John.17.23,"John
xvii. 23"
volume_2,clement_alex,instructor,Matt,Matt,15,14,new_testament,Bible:Matt.15.14,Matt. xv. 14
volume_2,clement_alex,instructor,John,John,1,14,new_testament,Bible:John.1.14,John i. 14
volume_2,clement_alex,instructor,Luke,Luke,20,34,new_testament,Bible:Luke.20.34,Luke xx. 34
volume_2,clement_alex,instructor,John,John,21,4,new_testament,Bible:John.21.4-John.21.5,"John xxi. 4,
5"
volume_2,clement_alex,instructor,Matt,Matt,19,14,new_testament,Bible:Matt.19.14,Matt. xix. 14
volume_2,clement_alex,instructor,Matt,Matt,18,3,new_testament,Bible:Matt.18.3,Matt. xviii. 3
volume_2,clement_alex,instructor,Matt,Matt,21,9,new_testament,Bible:Matt.21.9,Matt. xxi. 9
volume_2,clement_alex,instructor,Matt,Matt,21,16,new_testament,Bible:Matt.21.16,Matt. xxi. 16
volume_2,clement_alex,instructor,Ps,Ps,8,2,old_testament_or_other,Bible:Ps.8.2,Ps. viii. 2
volume_2,clement_alex,instructor,John,John,13,33,new_testament,Bible:John.13.33,John xiii. 33
volume_2,clement_alex,instructor,Matt,Matt,11,16,new_testament,Bible:Matt.11.16-Matt.11.17,"Matt. xi. 16, 17"
volume_2,clement_alex,instructor,Ps,Ps,13,1,old_testament_or_other,Bible:Ps.13.1,Ps. cxiii. 1
volume_2,clement_alex,instructor,Isa,Isa,8,18,old_testament_or_other,Bible:Isa.8.18,Isa. viii. 18
volume_2,clement_alex,instructor,Matt,Matt,25,33,new_testament,Bible:Matt.25.33,Matt. xxv. 33
volume_2,clement_alex,instructor,Matt,Matt,10,16,new_testament,Bible:Matt.10.16,Matt. x. 16
volume_2,clement_alex,instructor,Lev,Lev,15,29,old_testament_or_other,Bible:Lev.15.29,Lev. xv. 29
volume_2,clement_alex,instructor,Luke,Luke,2,24,new_testament,Bible:Luke.2.24,Luke ii. 24
volume_2,clement_alex,instructor,Matt,Matt,23,37,new_testament,Bible:Matt.23.37,Matt. xxiii. 37
volume_2,clement_alex,instructor,Isa,Isa,65,15,old_testament_or_other,Bible:Isa.65.15-Isa.65.16,"Isa. lxv. 15, 16"
volume_2,clement_alex,instructor,Jer,Jer,5,8,old_testament_or_other,Bible:Jer.5.8,Jer. v. 8
volume_2,clement_alex,instructor,Zech,Zech,9,9,old_testament_or_other,Bible:Zech.9.9,Zech. ix. 9
volume_2,clement_alex,instructor,Gen,Gen,49,11,old_testament_or_other,Bible:Gen.49.11,Gen. xlix. 11
volume_2,clement_alex,instructor,Isa,Isa,40,11,old_testament_or_other,Bible:Isa.40.11,Isa. xl. 11
volume_2,clement_alex,instructor,Matt,Matt,18,4,new_testament,Bible:Matt.18.4,Matt. xviii. 4
volume_2,clement_alex,instructor,Matt,Matt,6,34,new_testament,Bible:Matt.6.34,Matt. vi. 34
volume_2,clement_alex,instructor,Ps,Ps,5,6,old_testament_or_other,Bible:Ps.5.6,Ps. v. 6
volume_2,clement_alex,instructor,2Cor,2Cor,11,2,new_testament,Bible:2Cor.11.2,2 Cor. xi. 2
volume_2,clement_alex,instructor,Eph,Eph,4,13,new_testament,Bible:Eph.4.13-Eph.4.15,Eph. iv. 13–15
volume_2,clement_alex,instructor,1Thess,1Thess,2,6,new_testament,Bible:1Thess.2.6-1Thess.2.7,"1 Thess. ii. 6,
7"
volume_2,clement_alex,instructor,Isa,Isa,66,2,old_testament_or_other,Bible:Isa.66.2,Isa. lxvi. 2
volume_2,clement_alex,instructor,Rom,Rom,16,19,new_testament,Bible:Rom.16.19,Rom. xvi. 19
volume_2,clement_alex,instructor,Matt,Matt,11,27,new_testament,Bible:Matt.11.27,Matt. xi. 27
volume_2,clement_alex,instructor,Luke,Luke,10,22,new_testament,Bible:Luke.10.22,Luke x. 22
volume_2,clement_alex,instructor,Isa,Isa,66,12,old_testament_or_other,Bible:Isa.66.12-Isa.66.13,"Isa. lxvi. 12, 13"
volume_2,clement_alex,instructor,Gen,Gen,26,8,old_testament_or_other,Bible:Gen.26.8,Gen. xxvi. 8
volume_2,clement_alex,instructor,Isa,Isa,9,6,old_testament_or_other,Bible:Isa.9.6,Isa. ix. 6
volume_2,clement_alex,instructor,Luke,Luke,7,28,new_testament,Bible:Luke.7.28,Luke vii. 28
volume_2,clement_alex,instructor,John,John|John,1,29,new_testament,Bible:John.1.29 Bible:John.1.36,"John i. 29,
36"
volume_2,clement_alex,instructor,John,John,8,35,new_testament,Bible:John.8.35-John.8.36,"John viii.  35, 36"
volume_2,clement_alex,instructor,Ps,Ps,82,6,old_testament_or_other,Bible:Ps.82.6,Ps. lxxxii. 6
volume_2,clement_alex,instructor,John,John,1,4,new_testament,Bible:John.1.4,John i. 4
volume_2,clement_alex,instructor,John,John,5,24,new_testament,Bible:John.5.24,John v. 24
volume_2,clement_alex,instructor,1Thess,1Thess,4,9,new_testament,Bible:1Thess.4.9,1 Thess. iv. 9
volume_2,clement_alex,instructor,Eph,Eph,5,8,new_testament,Bible:Eph.5.8,Eph. v. 8
volume_2,clement_alex,instructor,John,John,6,40,new_testament,Bible:John.6.40,John vi. 40
volume_2,clement_alex,instructor,John,John,3,36,new_testament,Bible:John.3.36,John iii. 36
volume_2,clement_alex,instructor,Matt,Matt,9,29,new_testament,Bible:Matt.9.29,Matt. ix. 29
volume_2,clement_alex,instructor,Gal,Gal,3,23,new_testament,Bible:Gal.3.23-Gal.3.25,Gal. iii. 23–25
volume_2,clement_alex,instructor,Gal,Gal,3,26,new_testament,Bible:Gal.3.26-Gal.3.28,Gal. iii. 26–28
volume_2,clement_alex,instructor,1Cor,1Cor,12,13,new_testament,Bible:1Cor.12.13,"1
Cor. xii. 13"
volume_2,clement_alex,instructor,Luke,Luke,10,21,new_testament,Bible:Luke.10.21,Luke x. 21
volume_2,clement_alex,instructor,1Cor,1Cor,14,20,new_testament,Bible:1Cor.14.20,1 Cor. xiv. 20
volume_2,clement_alex,instructor,1Cor,1Cor,13,11,new_testament,Bible:1Cor.13.11,1 Cor. xiii. 11
volume_2,clement_alex,instructor,Gal,Gal,4,1,new_testament,Bible:Gal.4.1-Gal.4.5,Gal. iv. 1–5
volume_2,clement_alex,instructor,Gal,Gal,4,7,new_testament,Bible:Gal.4.7,Gal. iv. 7
volume_2,clement_alex,instructor,1Cor,1Cor,3,2,new_testament,Bible:1Cor.3.2,"1
Cor. iii. 2"
volume_2,clement_alex,instructor,Exod,Exod,3,8,old_testament_or_other,Bible:Exod.3.8,Ex. iii. 8
volume_2,clement_alex,instructor,Rev,Rev,1,8,new_testament,Bible:Rev.1.8,Rev. i. 8
volume_2,clement_alex,instructor,1Cor,1Cor,3,1,new_testament,Bible:1Cor.3.1,1 Cor. iii. 1
volume_2,clement_alex,instructor,1Cor,1Cor,3,3,new_testament,Bible:1Cor.3.3,1 Cor. iii. 3
volume_2,clement_alex,instructor,John,John,6,55,new_testament,Bible:John.6.55,John vi. 55
volume_2,clement_alex,instructor,1Cor,1Cor,13,12,new_testament,Bible:1Cor.13.12,"1
Cor. xiii. 12"
volume_2,clement_alex,instructor,Rom,Rom,8,9,new_testament,Bible:Rom.8.9,Rom. viii. 9
volume_2,clement_alex,instructor,1Cor,1Cor,2,9,new_testament,Bible:1Cor.2.9,1 Cor. ii. 9
volume_2,clement_alex,instructor,2Cor,2Cor,12,2,new_testament,Bible:2Cor.12.2-2Cor.12.4,2 Cor. xii. 2–4
volume_2,clement_alex,instructor,Jer,Jer,9,23,old_testament_or_other,Bible:Jer.9.23,Jer. ix. 23
volume_2,clement_alex,instructor,1Cor,1Cor,1,31,new_testament,Bible:1Cor.1.31,1 Cor. i. 31
volume_2,clement_alex,instructor,2Cor,2Cor,10,17,new_testament,Bible:2Cor.10.17,2 Cor. x. 17
volume_2,clement_alex,instructor,John,John,6,34,new_testament,Bible:John.6.34,"John
vi. 34"
volume_2,clement_alex,instructor,John,John,6,53,new_testament,Bible:John.6.53-John.6.54,"John vi. 53,
54"
volume_2,clement_alex,instructor,1Pet,1Pet,2,1,new_testament,Bible:1Pet.2.1-1Pet.2.3,1 Pet. ii. 1–3
volume_2,clement_alex,instructor,1Cor,1Cor,6,13,new_testament,Bible:1Cor.6.13,1 Cor. vi. 13
volume_2,clement_alex,instructor,1Cor,1Cor,3,2,new_testament,Bible:1Cor.3.2,1 Cor. iii. 2
volume_2,clement_alex,instructor,John,John,4,32,new_testament,Bible:John.4.32-John.4.34,"John
iv. 32–34"
volume_2,clement_alex,instructor,Matt,Matt,20,22,new_testament,Bible:Matt.20.22,Matt. xx. 22
volume_2,clement_alex,instructor,John,John|John,6,32,new_testament,Bible:John.6.32-John.6.33 Bible:John.6.51,"John vi. 32, 33, 51"
volume_2,clement_alex,instructor,Matt,Matt,23,35,new_testament,Bible:Matt.23.35,Matt. xxiii. 35
volume_2,clement_alex,instructor,Ps,Ps,19,10,old_testament_or_other,Bible:Ps.19.10,Ps. xix. 10
volume_2,clement_alex,instructor,Deut,Deut,32,13,old_testament_or_other,Bible:Deut.32.13-Deut.32.14,"Deut. xxxii. 13, 14"
volume_2,clement_alex,instructor,Isa,Isa,7,15,old_testament_or_other,Bible:Isa.7.15,Isa. vii. 15
volume_2,clement_alex,instructor,Phil,Phil,3,12,new_testament,Bible:Phil.3.12-Phil.3.14,Phil. iii. 12–14
volume_2,clement_alex,instructor,Phil,Phil,3,15,new_testament,Bible:Phil.3.15,Phil. iii. 15
volume_2,clement_alex,instructor,John,John,10,11,new_testament,Bible:John.10.11,John x. 11
volume_2,clement_alex,instructor,John,John,10,16,new_testament,Bible:John.10.16,John x. 16
volume_2,clement_alex,instructor,Hos,Hos,5,2,old_testament_or_other,Bible:Hos.5.2,Hos. v. 2
volume_2,clement_alex,instructor,Deut,Deut,32,10,old_testament_or_other,Bible:Deut.32.10-Deut.32.12,Deut. xxxii. 10–12
volume_2,clement_alex,instructor,Exod,Exod,20,2,old_testament_or_other,Bible:Exod.20.2,Ex. xx. 2
volume_2,clement_alex,instructor,Gen,Gen,17,1,old_testament_or_other,Bible:Gen.17.1-Gen.17.2,"Gen. xvii. 1,
2"
volume_2,clement_alex,instructor,Gen,Gen,28,15,old_testament_or_other,Bible:Gen.28.15,Gen. xxviii. 15
volume_2,clement_alex,instructor,Gen,Gen,32,24,old_testament_or_other,Bible:Gen.32.24,Gen. xxxii. 24
volume_2,clement_alex,instructor,Gen,Gen,32,30,old_testament_or_other,Bible:Gen.32.30,Gen. xxxii. 30
volume_2,clement_alex,instructor,Gen,Gen,46,3,old_testament_or_other,Bible:Gen.46.3,Gen. xlvi. 3
volume_2,clement_alex,instructor,Exod,Exod,32,33,old_testament_or_other,Bible:Exod.32.33-Exod.32.34,"Ex. xxxii. 33,
34"
volume_2,clement_alex,instructor,Exod,Exod,32,33,old_testament_or_other,Bible:Exod.32.33-Exod.32.34,"Ex. xxxii. 33, 34"
volume_2,clement_alex,instructor,Ezek,Ezek|Ezek,18,23,old_testament_or_other,Bible:Ezek.18.23 Bible:Ezek.18.32,"Ezek. xviii. 23, 32"
volume_2,clement_alex,instructor,Gen,Gen,49,6,old_testament_or_other,Bible:Gen.49.6,Gen. xlix. 6
volume_2,clement_alex,instructor,Deut,Deut,6,2,old_testament_or_other,Bible:Deut.6.2,Deut. vi. 2
volume_2,clement_alex,instructor,Matt,Matt,22,37,new_testament,Bible:Matt.22.37,Matt. xxii. 37
volume_2,clement_alex,instructor,Jer,Jer,1,7,old_testament_or_other,Bible:Jer.1.7,Jer. i. 7
volume_2,clement_alex,instructor,Jer,Jer,1,5,old_testament_or_other,Bible:Jer.1.5,Jer. i. 5
volume_2,clement_alex,instructor,John,John,1,17,new_testament,Bible:John.1.17,"John
i. 17"
volume_2,clement_alex,instructor,John,John,1,3,new_testament,Bible:John.1.3,John i. 3
volume_2,clement_alex,instructor,Deut,Deut,18,15,old_testament_or_other,Bible:Deut.18.15,Deut. xviii. 15
volume_2,clement_alex,instructor,Deut,Deut,18,19,old_testament_or_other,Bible:Deut.18.19,Deut. xviii. 19
volume_2,clement_alex,instructor,Isa,Isa|Isa|Isa,11,1,old_testament_or_other,Bible:Isa.11.1 Bible:Isa.11.3 Bible:Isa.11.4,"Isa. xi. 1,
3, 4"
volume_2,clement_alex,instructor,Ps,Ps,18,18,old_testament_or_other,Bible:Ps.18.18,Ps. cxviii. 18
volume_2,clement_alex,instructor,Ps,Ps,2,9,old_testament_or_other,Bible:Ps.2.9,Ps. ii. 9
volume_2,clement_alex,instructor,1Cor,1Cor,4,21,new_testament,Bible:1Cor.4.21,1 Cor. iv. 21
volume_2,clement_alex,instructor,Ps,Ps,10,2,old_testament_or_other,Bible:Ps.10.2,Ps. cx. 2
volume_2,clement_alex,instructor,Ps,Ps,23,4,old_testament_or_other,Bible:Ps.23.4,Ps. xxiii. 4
volume_2,clement_alex,instructor,Sir,Sir,21,6,deuterocanonical,Bible:Sir.21.6,Ecclus. xxi. 6
volume_2,clement_alex,instructor,Ps,Ps,3,14,old_testament_or_other,Bible:Ps.3.14,Ps. ciii. 14
volume_2,clement_alex,instructor,Wis,Wis,11,24,deuterocanonical,Bible:Wis.11.24,Wisd. xi. 24
volume_2,clement_alex,instructor,John,John,1,1,new_testament,Bible:John.1.1,John i. 1
volume_2,clement_alex,instructor,Sir,Sir,22,6,deuterocanonical,Bible:Sir.22.6-Sir.22.8,Ecclus. xxii. 6–8
volume_2,clement_alex,instructor,John,John,15,1,new_testament,Bible:John.15.1-John.15.2,"John xv. 1, 2"
volume_2,clement_alex,instructor,Exod,Exod,20,20,old_testament_or_other,Bible:Exod.20.20,Ex. xx. 20
volume_2,clement_alex,instructor,Sir,Sir,34,14,deuterocanonical,Bible:Sir.34.14-Sir.34.15,"Ecclus. xxxiv. 14, 15"
volume_2,clement_alex,instructor,Isa,Isa,53,6,old_testament_or_other,Bible:Isa.53.6,Isa. liii. 6
volume_2,clement_alex,instructor,Deut,Deut,32,23,old_testament_or_other,Bible:Deut.32.23-Deut.32.25,Deut. xxxii. 23–25
volume_2,clement_alex,instructor,Sir,Sir,1,21,deuterocanonical,Bible:Sir.1.21-Sir.1.22,"Ecclus. i. 21, 22"
volume_2,clement_alex,instructor,Rom,Rom,3,5,new_testament,Bible:Rom.3.5-Rom.3.6,"Rom. iii. 5, 6"
volume_2,clement_alex,instructor,Deut,Deut,32,41,old_testament_or_other,Bible:Deut.32.41-Deut.32.42,"Deut. xxxii. 41, 42"
volume_2,clement_alex,instructor,Sir,Sir,1,18,deuterocanonical,Bible:Sir.1.18,Ecclus. i. 18
volume_2,clement_alex,instructor,Amos,Amos,4,11,old_testament_or_other,Bible:Amos.4.11,Amos iv. 11
volume_2,clement_alex,instructor,Deut,Deut,32,20,old_testament_or_other,Bible:Deut.32.20,Deut. xxxii. 20
volume_2,clement_alex,instructor,Rom,Rom,11,22,new_testament,Bible:Rom.11.22,Rom. xi. 22
volume_2,clement_alex,instructor,Matt,Matt,5,44,new_testament,Bible:Matt.5.44,Matt. v. 44
volume_2,clement_alex,instructor,John,John,17,21,new_testament,Bible:John.17.21-John.17.23,John. xvii. 21–23
volume_2,clement_alex,instructor,Exod,Exod,3,14,old_testament_or_other,Bible:Exod.3.14,Ex. iii. 14
volume_2,clement_alex,instructor,John,John,17,24,new_testament,Bible:John.17.24-John.17.26,John xvii. 24–26
volume_2,clement_alex,instructor,Exod,Exod,20,5,old_testament_or_other,Bible:Exod.20.5-Exod.20.6,"Ex. xx. 5,
6"
volume_2,clement_alex,instructor,Matt,Matt,20,21,new_testament,Bible:Matt.20.21,Matt. xx. 21
volume_2,clement_alex,instructor,Matt,Matt,19,17,new_testament,Bible:Matt.19.17,Matt. xix. 17
volume_2,clement_alex,instructor,Sir,Sir,16,12,deuterocanonical,Bible:Sir.16.12,Ecclus. xvi. 12
volume_2,clement_alex,instructor,Luke,Luke,6,35,new_testament,Bible:Luke.6.35-Luke.6.36,"Luke vi. 35, 36"
volume_2,clement_alex,instructor,Matt,Matt,5,45,new_testament,Bible:Matt.5.45,Matt. v. 45
volume_2,clement_alex,instructor,Ps,Ps,8,4,old_testament_or_other,Bible:Ps.8.4,Ps. viii. 4
volume_2,clement_alex,instructor,Ps,Ps,2,4,old_testament_or_other,Bible:Ps.2.4,Ps. ii. 4
volume_2,clement_alex,instructor,Matt,Matt,6,9,new_testament,Bible:Matt.6.9,Matt. vi. 9
volume_2,clement_alex,instructor,Rom,Rom,3,21,new_testament,Bible:Rom.3.21-Rom.3.22,"Rom. iii. 21, 22"
volume_2,clement_alex,instructor,Rom,Rom,7,12,new_testament,Bible:Rom.7.12,Rom. vii. 12
volume_2,clement_alex,instructor,John,John,17,25,new_testament,Bible:John.17.25,John xvii. 25
volume_2,clement_alex,instructor,Sir,Sir,7,23,deuterocanonical,Bible:Sir.7.23-Sir.7.24,"Ecclus. vii. 23, 24"
volume_2,clement_alex,instructor,Jer,Jer,3,9,old_testament_or_other,Bible:Jer.3.9,Jer. iii. 9
volume_2,clement_alex,instructor,Ezek,Ezek,2,6,old_testament_or_other,Bible:Ezek.2.6-Ezek.2.7,"Ezek. ii. 6, 7"
volume_2,clement_alex,instructor,Exod,Exod,3,18,old_testament_or_other,Bible:Exod.3.18-Exod.3.19,"Ex. iii. 18, 19"
volume_2,clement_alex,instructor,Isa,Isa,29,13,old_testament_or_other,Bible:Isa.29.13,Isa. xxix. 13
volume_2,clement_alex,instructor,Jer,Jer,5,8,old_testament_or_other,Bible:Jer.5.8-Jer.5.9,"Jer. v. 8, 9"
volume_2,clement_alex,instructor,Prov,Prov,1,7,old_testament_or_other,Bible:Prov.1.7,Prov. i. 7
volume_2,clement_alex,instructor,Hos,Hos,4,14,old_testament_or_other,Bible:Hos.4.14,Hos. iv. 14
volume_2,clement_alex,instructor,Isa,Isa,1,2,old_testament_or_other,Bible:Isa.1.2-Isa.1.3,"Isa. i. 2,
3"
volume_2,clement_alex,instructor,Jer,Jer,1,16,old_testament_or_other,Bible:Jer.1.16,Jer i. 16
volume_2,clement_alex,instructor,Isa,Isa,30,1,old_testament_or_other,Bible:Isa.30.1,Isa. xxx. 1
volume_2,clement_alex,instructor,Isa,Isa,1,4,old_testament_or_other,Bible:Isa.1.4,Isa. i. 4
volume_2,clement_alex,instructor,Jer,Jer,2,12,old_testament_or_other,Bible:Jer.2.12-Jer.2.13,"Jer. ii. 12, 13"
volume_2,clement_alex,instructor,Lam,Lam,1,8,old_testament_or_other,Bible:Lam.1.8,Lam. i. 8
volume_2,clement_alex,instructor,Prov,Prov,3,11,old_testament_or_other,Bible:Prov.3.11-Prov.3.12,"Prov. iii. 11, 12"
volume_2,clement_alex,instructor,Sir,Sir,32,21,deuterocanonical,Bible:Sir.32.21,Ecclus. xxxii. 21
volume_2,clement_alex,instructor,Ps,Ps,41,5,old_testament_or_other,Bible:Ps.41.5,Ps. cxli. 5
volume_2,clement_alex,instructor,Jer,Jer,6,10,old_testament_or_other,Bible:Jer.6.10,Jer. vi. 10
volume_2,clement_alex,instructor,Jer,Jer,9,26,old_testament_or_other,Bible:Jer.9.26,Jer. ix. 26
volume_2,clement_alex,instructor,Isa,Isa,30,9,old_testament_or_other,Bible:Isa.30.9,Isa. xxx. 9
volume_2,clement_alex,instructor,Matt,Matt,23,37,new_testament,Bible:Matt.23.37-Matt.23.39,Matt. xxiii. 37–39
volume_2,clement_alex,instructor,Matt,Matt,3,7,new_testament,Bible:Matt.3.7,Matt. iii. 7
volume_2,clement_alex,instructor,Luke,Luke,3,7,new_testament,Bible:Luke.3.7,Luke iii. 7
volume_2,clement_alex,instructor,Ps,Ps,18,43,old_testament_or_other,Bible:Ps.18.43-Ps.18.45,Ps. xviii. 43–45
volume_2,clement_alex,instructor,Jer,Jer,3,8,old_testament_or_other,Bible:Jer.3.8,Jer. iii. 8
volume_2,clement_alex,instructor,Jer,Jer,5,11,old_testament_or_other,Bible:Jer.5.11-Jer.5.12,"Jer. v. 11, 12"
volume_2,clement_alex,instructor,Lam,Lam,1,1,old_testament_or_other,Bible:Lam.1.1-Lam.1.2,"Lam. i. 1, 2"
volume_2,clement_alex,instructor,Jer,Jer,3,3,old_testament_or_other,Bible:Jer.3.3-Jer.3.4,"Jer. iii. 3, 4"
volume_2,clement_alex,instructor,Nah,Nah,3,4,old_testament_or_other,Bible:Nah.3.4,Nahum iii. 4
volume_2,clement_alex,instructor,Deut,Deut,32,5,old_testament_or_other,Bible:Deut.32.5-Deut.32.6,"Deut. xxxii. 5, 6"
volume_2,clement_alex,instructor,Isa,Isa,1,23,old_testament_or_other,Bible:Isa.1.23,Isa. i. 23
volume_2,clement_alex,instructor,Sir,Sir,18,13,deuterocanonical,Bible:Sir.18.13-Sir.18.14,"Ecclus. xviii. 13, 14"
volume_2,clement_alex,instructor,Prov,Prov,23,14,old_testament_or_other,Bible:Prov.23.14,Prov. xxiii. 14
volume_2,clement_alex,instructor,Prov,Prov,23,13,old_testament_or_other,Bible:Prov.23.13,Prov. xxiii. 13
volume_2,clement_alex,instructor,Rom,Rom,13,3,new_testament,Bible:Rom.13.3-Rom.13.4,"Rom. xiii. 3, 4"
volume_2,clement_alex,instructor,Gal,Gal,4,16,new_testament,Bible:Gal.4.16,Gal. iv. 16
volume_2,clement_alex,instructor,John,John,4,13,new_testament,Bible:John.4.13-John.4.14,"John
iv. 13, 14"
volume_2,clement_alex,instructor,Matt,Matt,3,12,new_testament,Bible:Matt.3.12,Matt. iii. 12
volume_2,clement_alex,instructor,Luke,Luke,3,17,new_testament,Bible:Luke.3.17,Luke iii. 17
volume_2,clement_alex,instructor,Ezek,Ezek,34,14,old_testament_or_other,Bible:Ezek.34.14-Ezek.34.16,"Ezek. xxxiv. 14, 15, 16"
volume_2,clement_alex,instructor,Ezek,Ezek,34,14,old_testament_or_other,Bible:Ezek.34.14-Ezek.34.16,Ezek. xxxiv. 14–16
volume_2,clement_alex,instructor,Isa,Isa,58,9,old_testament_or_other,Bible:Isa.58.9,Isa. lviii. 9
volume_2,clement_alex,instructor,Isa,Isa,43,2,old_testament_or_other,Bible:Isa.43.2,Isa. xliii. 2
volume_2,clement_alex,instructor,Matt,Matt,20,28,new_testament,Bible:Matt.20.28,Matt. xx. 28
volume_2,clement_alex,instructor,Mark,Mark,10,45,new_testament,Bible:Mark.10.45,Mark x. 45
volume_2,clement_alex,instructor,John,John,4,6,new_testament,Bible:John.4.6,John iv. 6
volume_2,clement_alex,instructor,Jer,Jer,6,,old_testament_or_other,Bible:Jer.6,Jer. vi.
volume_2,clement_alex,instructor,Lev,Lev,26,,old_testament_or_other,Bible:Lev.26,Lev. xxvi.
volume_2,clement_alex,instructor,Prov,Prov,1,24,old_testament_or_other,Bible:Prov.1.24-Prov.1.25,"Prov. i. 24, 25"
volume_2,clement_alex,instructor,Ps,Ps|Ps,78,8,old_testament_or_other,Bible:Ps.78.8 Bible:Ps.78.10,"Ps. lxxviii. 8, 10"
volume_2,clement_alex,instructor,Ps,Ps,78,32,old_testament_or_other,Bible:Ps.78.32-Ps.78.35,Ps. lxxviii. 32–35
volume_2,clement_alex,instructor,Sir,Sir,30,8,deuterocanonical,Bible:Sir.30.8,Ecclus. xxx. 8
volume_2,clement_alex,instructor,Ps,Ps,78,38,old_testament_or_other,Bible:Ps.78.38,Ps. lxxviii. 38
volume_2,clement_alex,instructor,Ps,Ps,89,14,old_testament_or_other,Bible:Ps.89.14,Ps. lxxxix. 14
volume_2,clement_alex,instructor,Prov,Prov|Prov,8,4,old_testament_or_other,Bible:Prov.8.4 Bible:Prov.8.6,"Prov. viii. 4, 6"
volume_2,clement_alex,instructor,Ps,Ps,1,1,old_testament_or_other,Bible:Ps.1.1-Ps.1.2,"Ps. i. 1, 2"
volume_2,clement_alex,instructor,Matt,Matt,11,3,new_testament,Bible:Matt.11.3-Matt.11.6,Matt. xi. 3–6
volume_2,clement_alex,instructor,Luke,Luke|Luke|Luke,7,19,new_testament,Bible:Luke.7.19 Bible:Luke.7.22 Bible:Luke.7.23,"Luke vii. 19, 22, 23"
volume_2,clement_alex,instructor,Ps,Ps,48,8,old_testament_or_other,Bible:Ps.48.8,Ps. xlviii. 8
volume_2,clement_alex,instructor,Matt,Matt,22,13,new_testament,Bible:Matt.22.13,Matt. xxii. 13
volume_2,clement_alex,instructor,Matt,Matt,11,28,new_testament,Bible:Matt.11.28,Matt. xi. 28
volume_2,clement_alex,instructor,Prov,Prov,3,13,old_testament_or_other,Bible:Prov.3.13,Prov. iii. 13
volume_2,clement_alex,instructor,Prov,Prov,2,4,old_testament_or_other,Bible:Prov.2.4-Prov.2.5,"Prov. ii. 4, 5"
volume_2,clement_alex,instructor,Jer,Jer,2,24,old_testament_or_other,Bible:Jer.2.24,Jer. ii.  24
volume_2,clement_alex,instructor,Bar,Bar,4,4,deuterocanonical,Bible:Bar.4.4,"Baruch
iv. 4"
volume_2,clement_alex,instructor,Bar,Bar,3,9,deuterocanonical,Bible:Bar.3.9,Baruch iii. 9
volume_2,clement_alex,instructor,Deut,Deut,31,20,old_testament_or_other,Bible:Deut.31.20,"Deut
xxxi. 20"
volume_2,clement_alex,instructor,Isa,Isa,56,7,old_testament_or_other,Bible:Isa.56.7,Isa. lvi. 7
volume_2,clement_alex,instructor,Ps,Ps,1,1,old_testament_or_other,Bible:Ps.1.1-Ps.1.3,Ps. i. 1–3
volume_2,clement_alex,instructor,Ps,Ps,1,4,old_testament_or_other,Bible:Ps.1.4,Ps. i. 4
volume_2,clement_alex,instructor,Bar,Bar,3,13,deuterocanonical,Bible:Bar.3.13,Baruch iii. 13
volume_2,clement_alex,instructor,Jer,Jer,6,9,old_testament_or_other,Bible:Jer.6.9,Jer. vi. 9
volume_2,clement_alex,instructor,Jer,Jer,6,16,old_testament_or_other,Bible:Jer.6.16,Jer. vi. 16
volume_2,clement_alex,instructor,Deut,Deut,30,6,old_testament_or_other,Bible:Deut.30.6,Deut. xxx. 6
volume_2,clement_alex,instructor,Isa,Isa,57,21,old_testament_or_other,Bible:Isa.57.21,Isa. lvii. 21
volume_2,clement_alex,instructor,Prov,Prov,1,10,old_testament_or_other,Bible:Prov.1.10-Prov.1.12,Prov. i. 10–12
volume_2,clement_alex,instructor,Ezek,Ezek,18,4,old_testament_or_other,Bible:Ezek.18.4-Ezek.18.9,Ezek. xviii. 4–9
volume_2,clement_alex,instructor,Matt,Matt,13,31,new_testament,Bible:Matt.13.31,Matt. xiii. 31
volume_2,clement_alex,instructor,Luke,Luke,13,19,new_testament,Bible:Luke.13.19,Luke xiii. 19
volume_2,clement_alex,instructor,Exod,Exod,32,6,old_testament_or_other,Bible:Exod.32.6,Ex. xxxii. 6
volume_2,clement_alex,instructor,1Cor,1Cor,10,7,new_testament,Bible:1Cor.10.7,1 Cor. x. 7
volume_2,clement_alex,instructor,Matt,Matt,17,5,new_testament,Bible:Matt.17.5,Matt. xvii. 5
volume_2,clement_alex,instructor,Gen,Gen,1,26,old_testament_or_other,Bible:Gen.1.26,Gen. i. 26
volume_2,clement_alex,instructor,Ps,Ps|Ps,49,12,old_testament_or_other,Bible:Ps.49.12 Bible:Ps.49.20,"Ps. xlix. 12, 20"
volume_2,clement_alex,instructor,Sir,Sir,33,6,deuterocanonical,Bible:Sir.33.6,Ecclus. xxxiii. 6
volume_2,clement_alex,instructor,Prov,Prov,23,3,old_testament_or_other,Bible:Prov.23.3,Prov. xxiii. 3
volume_2,clement_alex,instructor,Luke,Luke|Luke,14,8,new_testament,Bible:Luke.14.8 Bible:Luke.14.10,"Luke xiv. 8, 10"
volume_2,clement_alex,instructor,Luke,Luke,14,12,new_testament,Bible:Luke.14.12-Luke.14.13,"Luke xiv. 12, 13"
volume_2,clement_alex,instructor,Luke,Luke,14,16,new_testament,Bible:Luke.14.16,Luke xiv. 16
volume_2,clement_alex,instructor,1Cor,1Cor,13,7,new_testament,Bible:1Cor.13.7-1Cor.13.8,"1 Cor. xiii. 7, 8"
volume_2,clement_alex,instructor,Luke,Luke,14,15,new_testament,Bible:Luke.14.15,Luke xiv. 15
volume_2,clement_alex,instructor,1Cor,1Cor,13,3,new_testament,Bible:1Cor.13.3,1 Cor. xiii. 3
volume_2,clement_alex,instructor,Rom,Rom,14,16,new_testament,Bible:Rom.14.16-Rom.14.17,"Rom. xiv. 16, 17"
volume_2,clement_alex,instructor,Wis,Wis,6,17,deuterocanonical,Bible:Wis.6.17-Wis.6.18,"Wisd. vi. 17, 18"
volume_2,clement_alex,instructor,Wis,Wis,16,26,deuterocanonical,Bible:Wis.16.26,Wisd. xvi. 26
volume_2,clement_alex,instructor,Deut,Deut,8,3,old_testament_or_other,Bible:Deut.8.3,Deut. viii. 3
volume_2,clement_alex,instructor,Matt,Matt,4,4,new_testament,Bible:Matt.4.4,Matt. iv. 4
volume_2,clement_alex,instructor,Isa,Isa,22,13,old_testament_or_other,Bible:Isa.22.13-Isa.22.14,"Isa. xxii. 13, 14"
volume_2,clement_alex,instructor,Sir,Sir,18,32,deuterocanonical,Bible:Sir.18.32,Ecclus. xviii. 32
volume_2,clement_alex,instructor,1Cor,1Cor,10,20,new_testament,Bible:1Cor.10.20,1 Cor. x. 20
volume_2,clement_alex,instructor,1Cor,1Cor,8,7,new_testament,Bible:1Cor.8.7-1Cor.8.8,"1 Cor. viii. 7, 8"
volume_2,clement_alex,instructor,Matt,Matt,15,11,new_testament,Bible:Matt.15.11,Matt. xv. 11
volume_2,clement_alex,instructor,1Cor,1Cor,8,8,new_testament,Bible:1Cor.8.8,1 Cor. viii. 8
volume_2,clement_alex,instructor,Luke,Luke,15,11,new_testament,Bible:Luke.15.11,Luke xv. 11
volume_2,clement_alex,instructor,1Cor,1Cor,10,27,new_testament,Bible:1Cor.10.27,1 Cor. x. 27
volume_2,clement_alex,instructor,1Cor,1Cor,10,25,new_testament,Bible:1Cor.10.25,1 Cor. x. 25
volume_2,clement_alex,instructor,Rom,Rom,14,3,new_testament,Bible:Rom.14.3,Rom. xiv. 3
volume_2,clement_alex,instructor,Rom,Rom,14,6,new_testament,Bible:Rom.14.6,Rom. xiv. 6
volume_2,clement_alex,instructor,1Cor,1Cor,8,13,new_testament,Bible:1Cor.8.13,1 Cor. viii. 13
volume_2,clement_alex,instructor,1Cor,1Cor,9,14,new_testament,Bible:1Cor.9.14,1 Cor. ix. 14
volume_2,clement_alex,instructor,1Cor,1Cor|1Cor|1Cor,8,6,new_testament,Bible:1Cor.8.6 Bible:1Cor.8.11 Bible:1Cor.8.12,"1 Cor. viii. 6, 11, 12"
volume_2,clement_alex,instructor,1Cor,1Cor,5,11,new_testament,Bible:1Cor.5.11,1 Cor. v. 11
volume_2,clement_alex,instructor,Rom,Rom,14,21,new_testament,Bible:Rom.14.21,Rom. xiv. 21
volume_2,clement_alex,instructor,Rom,Rom,14,20,new_testament,Bible:Rom.14.20,Rom. xiv. 20
volume_2,clement_alex,instructor,1Cor,1Cor,11,21,new_testament,Bible:1Cor.11.21-1Cor.11.22,"1 Cor. xi. 21,
22"
volume_2,clement_alex,instructor,1Cor,1Cor,11,33,new_testament,Bible:1Cor.11.33-1Cor.11.34,"1 Cor. xi. 33, 34"
volume_2,clement_alex,instructor,1Cor,1Cor,10,31,new_testament,Bible:1Cor.10.31,1 Cor. x. 31
volume_2,clement_alex,instructor,Matt,Matt,22,21,new_testament,Bible:Matt.22.21,Matt. xxii. 21
volume_2,clement_alex,instructor,1Cor,1Cor,10,23,new_testament,Bible:1Cor.10.23,"1
Cor. x. 23"
volume_2,clement_alex,instructor,Prov,Prov,13,5,old_testament_or_other,Bible:Prov.13.5,Prov. xiii. 5
volume_2,clement_alex,instructor,Luke,Luke,24,41,new_testament,Bible:Luke.24.41-Luke.24.44,Luke xxiv. 41–44
volume_2,clement_alex,instructor,Acts,Acts,10,10,new_testament,Bible:Acts.10.10-Acts.10.15,Acts x. 10–15
volume_2,clement_alex,instructor,Gen,Gen,9,2,old_testament_or_other,Bible:Gen.9.2-Gen.9.3,"Gen. ix. 2,
3"
volume_2,clement_alex,instructor,Prov,Prov,15,17,old_testament_or_other,Bible:Prov.15.17,Prov. xv. 17
volume_2,clement_alex,instructor,2Kgs,2Kgs,6,17,old_testament_or_other,Bible:2Kgs.6.17-2Kgs.6.19,2 Kings vi. 17–19
volume_2,clement_alex,instructor,2Sam,2Sam,6,17,old_testament_or_other,Bible:2Sam.6.17-2Sam.6.19,2 Sam. vi. 17–19
volume_2,clement_alex,instructor,Phil,Phil,3,19,new_testament,Bible:Phil.3.19,Phil. iii. 19
volume_2,clement_alex,instructor,1Tim,1Tim,5,23,new_testament,Bible:1Tim.5.23,1 Tim. v. 23
volume_2,clement_alex,instructor,Exod,Exod,17,,old_testament_or_other,Bible:Exod.17,Ex. xvii.
volume_2,clement_alex,instructor,Num,Num,20,,old_testament_or_other,Bible:Num.20,Num. xx.
volume_2,clement_alex,instructor,Sir,Sir,31,27,deuterocanonical,Bible:Sir.31.27,Ecclus. xxxi. 27
volume_2,clement_alex,instructor,Sir,Sir,31,29,deuterocanonical,Bible:Sir.31.29,Ecclus. xxxi. 29
volume_2,clement_alex,instructor,Sir,Sir,31,26,deuterocanonical,Bible:Sir.31.26,Ecclus. xxxi. 26
volume_2,clement_alex,instructor,Prov,Prov,23,20,old_testament_or_other,Bible:Prov.23.20,Prov. xxiii. 20
volume_2,clement_alex,instructor,Prov,Prov,23,21,old_testament_or_other,Bible:Prov.23.21,Prov. xxiii. 21
volume_2,clement_alex,instructor,Prov,Prov,23,29,old_testament_or_other,Bible:Prov.23.29-Prov.23.30,"Prov. xxiii. 29, 30"
volume_2,clement_alex,instructor,Prov,Prov,20,1,old_testament_or_other,Bible:Prov.20.1,Prov. xx. 1
volume_2,clement_alex,instructor,Amos,Amos|Amos,6,4,old_testament_or_other,Bible:Amos.6.4 Bible:Amos.6.6,"Amos vi. 4,
6"
volume_2,clement_alex,instructor,Sir,Sir,31,25,deuterocanonical,Bible:Sir.31.25,Ecclus. xxxi. 25
volume_2,clement_alex,instructor,Mark,Mark,16,25,new_testament,Bible:Mark.16.25,Mark xvi. 25
volume_2,clement_alex,instructor,Matt,Matt,26,29,new_testament,Bible:Matt.26.29,Matt. xxvi. 29
volume_2,clement_alex,instructor,Matt,Matt,11,19,new_testament,Bible:Matt.11.19,Matt. xi. 19
volume_2,clement_alex,instructor,Sir,Sir,26,8,deuterocanonical,Bible:Sir.26.8,Ecclus. xxvi. 8
volume_2,clement_alex,instructor,1Cor,1Cor,11,20,new_testament,Bible:1Cor.11.20,1 Cor. xi. 20
volume_2,clement_alex,instructor,Sir,Sir,31,20,deuterocanonical,Bible:Sir.31.20,Ecclus. xxxi. 20
volume_2,clement_alex,instructor,Sir,Sir,31,19,deuterocanonical,Bible:Sir.31.19,Ecclus. xxxi. 19
volume_2,clement_alex,instructor,1Cor,1Cor,7,29,new_testament,Bible:1Cor.7.29-1Cor.7.30,"1 Cor. vii. 29,
30"
volume_2,clement_alex,instructor,Matt,Matt,19,21,new_testament,Bible:Matt.19.21,Matt. xix. 21
volume_2,clement_alex,instructor,Bar,Bar,3,16,deuterocanonical,Bible:Bar.3.16-Bar.3.19,Baruch iii. 16–19
volume_2,clement_alex,instructor,Hag,Hag,1,6,old_testament_or_other,Bible:Hag.1.6,Hag. i. 6
volume_2,clement_alex,instructor,1Tim,1Tim,6,10,new_testament,Bible:1Tim.6.10,1 Tim. vi. 10
volume_2,clement_alex,instructor,Rom,Rom,13,12,new_testament,Bible:Rom.13.12-Rom.13.13,"Rom. xiii. 12, 13"
volume_2,clement_alex,instructor,Ps,Ps|Ps,50,3,old_testament_or_other,Bible:Ps.50.3 Bible:Ps.50.5,"Ps. cl. 3, 5"
volume_2,clement_alex,instructor,Col,Col,3,16,new_testament,Bible:Col.3.16,Col. iii. 16
volume_2,clement_alex,instructor,Ps,Ps,33,1,old_testament_or_other,Bible:Ps.33.1-Ps.33.3,Ps. xxxiii. 1–3
volume_2,clement_alex,instructor,1Tim,1Tim,4,3,new_testament,Bible:1Tim.4.3-1Tim.4.4,"1 Tim. iv. 3, 4"
volume_2,clement_alex,instructor,Eph,Eph,5,19,new_testament,Bible:Eph.5.19,Eph. v. 19
volume_2,clement_alex,instructor,Ps,Ps,49,3,old_testament_or_other,Bible:Ps.49.3,Ps. cxlix. 3
volume_2,clement_alex,instructor,Ps,Ps,49,1,old_testament_or_other,Bible:Ps.49.1-Ps.49.2,"Ps. cxlix. 1, 2"
volume_2,clement_alex,instructor,Ps,Ps,69,4,old_testament_or_other,Bible:Ps.69.4,Ps. clxix. 4
volume_2,clement_alex,instructor,Matt,Matt,7,18,new_testament,Bible:Matt.7.18,Matt. vii. 18
volume_2,clement_alex,instructor,Luke,Luke,6,43,new_testament,Bible:Luke.6.43,Luke vi. 43
volume_2,clement_alex,instructor,Sir,Sir,21,20,deuterocanonical,Bible:Sir.21.20,Ecclus. xxi. 20
volume_2,clement_alex,instructor,Matt,Matt,15,18,new_testament,Bible:Matt.15.18,Matt. xv. 18
volume_2,clement_alex,instructor,Eph,Eph,4,29,new_testament,Bible:Eph.4.29,Eph. iv. 29
volume_2,clement_alex,instructor,Eph,Eph,5,3,new_testament,Bible:Eph.5.3-Eph.5.4,"Eph. v. 3, 4"
volume_2,clement_alex,instructor,Matt,Matt,5,22,new_testament,Bible:Matt.5.22,Matt. v. 22
volume_2,clement_alex,instructor,Matt,Matt,12,37,new_testament,Bible:Matt.12.37,Matt. xii. 37
volume_2,clement_alex,instructor,Rom,Rom,12,9,new_testament,Bible:Rom.12.9,Rom. xii. 9
volume_2,clement_alex,instructor,Gen,Gen,9,23,old_testament_or_other,Bible:Gen.9.23,Gen. ix. 23
volume_2,clement_alex,instructor,Exod,Exod|Exod,20,14,old_testament_or_other,Bible:Exod.20.14 Bible:Exod.20.17,"Ex. xx. 14,
17"
volume_2,clement_alex,instructor,Prov,Prov,10,19,old_testament_or_other,Bible:Prov.10.19,Prov. x. 19
volume_2,clement_alex,instructor,Sir,Sir,20,5,deuterocanonical,Bible:Sir.20.5,Ecclus. xx. 5
volume_2,clement_alex,instructor,Sir,Sir,20,8,deuterocanonical,Bible:Sir.20.8,Ecclus. xx. 8
volume_2,clement_alex,instructor,Sir,Sir,31,31,deuterocanonical,Bible:Sir.31.31,Ecclus. xxxi. 31
volume_2,clement_alex,instructor,Prov,Prov,14,3,old_testament_or_other,Bible:Prov.14.3,Prov. xiv. 3
volume_2,clement_alex,instructor,Eph,Eph,5,4,new_testament,Bible:Eph.5.4,Eph. v. 4
volume_2,clement_alex,instructor,Sir,Sir,14,1,deuterocanonical,Bible:Sir.14.1,Ecclus. xiv. 1
volume_2,clement_alex,instructor,Sir,Sir,9,9,deuterocanonical,Bible:Sir.9.9,Ecclus. ix. 9
volume_2,clement_alex,instructor,Sir,Sir,31,16,deuterocanonical,Bible:Sir.31.16-Sir.31.18,Ecclus. xxxi. 16–18
volume_2,clement_alex,instructor,Sir,Sir,32,11,deuterocanonical,Bible:Sir.32.11,Ecclus. xxxii. 11
volume_2,clement_alex,instructor,Acts,Acts,6,2,new_testament,Bible:Acts.6.2,Acts. vi. 2
volume_2,clement_alex,instructor,Acts,Acts|Acts|Acts,15,23,new_testament,Bible:Acts.15.23 Bible:Acts.15.28 Bible:Acts.15.29,"Acts xv. 23, 28, 29"
volume_2,clement_alex,instructor,Prov,Prov,10,14,old_testament_or_other,Bible:Prov.10.14,Prov. x. 14
volume_2,clement_alex,instructor,Prov,Prov,24,28,old_testament_or_other,Bible:Prov.24.28,Prov. xxiv. 28
volume_2,clement_alex,instructor,Exod,Exod,23,1,old_testament_or_other,Bible:Exod.23.1,Ex. xxiii. 1
volume_2,clement_alex,instructor,Sir,Sir|Sir,32,3,deuterocanonical,Bible:Sir.32.3-Sir.32.4 Bible:Sir.32.8,"Ecclus. xxxii. 3, 4, 8"
volume_2,clement_alex,instructor,John,John,20,19,new_testament,Bible:John.20.19,John xx. 19
volume_2,clement_alex,instructor,Sir,Sir,9,18,deuterocanonical,Bible:Sir.9.18,Ecclus. ix. 18
volume_2,clement_alex,instructor,Sir,Sir,9,15,deuterocanonical,Bible:Sir.9.15,Ecclus. ix. 15
volume_2,clement_alex,instructor,Matt,Matt,26,7,new_testament,Bible:Matt.26.7,Matt. xxvi. 7
volume_2,clement_alex,instructor,Luke,Luke,7,47,new_testament,Bible:Luke.7.47,"Luke
vii. 47"
volume_2,clement_alex,instructor,Ps,Ps,19,4,old_testament_or_other,Bible:Ps.19.4,Ps. xix. 4
volume_2,clement_alex,instructor,Rom,Rom,10,18,new_testament,Bible:Rom.10.18,Rom. x. 18
volume_2,clement_alex,instructor,Ps,Ps,32,,old_testament_or_other,Bible:Ps.32,Ps. cxxxii.
volume_2,clement_alex,instructor,Matt,Matt,26,23,new_testament,Bible:Matt.26.23,Matt. xxvi. 23
volume_2,clement_alex,instructor,John,John,13,5,new_testament,Bible:John.13.5,John xiii. 5
volume_2,clement_alex,instructor,2Cor,2Cor,2,14,new_testament,Bible:2Cor.2.14-2Cor.2.16,2 Cor. ii. 14–16
volume_2,clement_alex,instructor,Ps,Ps,45,7,old_testament_or_other,Bible:Ps.45.7-Ps.45.8,"Ps. xlv. 7, 8"
volume_2,clement_alex,instructor,Sir,Sir|Sir,38,1,deuterocanonical,Bible:Sir.38.1-Sir.38.2 Bible:Sir.38.8,"Ecclus. xxxviii. 1, 2, 8"
volume_2,clement_alex,instructor,Sir,Sir,43,11,deuterocanonical,Bible:Sir.43.11,Ecclus. xliii. 11
volume_2,clement_alex,instructor,Prov,Prov,17,6,old_testament_or_other,Bible:Prov.17.6,Prov. xvii. 6
volume_2,clement_alex,instructor,Matt,Matt,27,29,new_testament,Bible:Matt.27.29,Matt. xxvii. 29
volume_2,clement_alex,instructor,Isa,Isa,1,3,old_testament_or_other,Bible:Isa.1.3,Isa. i. 3
volume_2,clement_alex,instructor,1Cor,1Cor,15,55,new_testament,Bible:1Cor.15.55,1 Cor. xv. 55
volume_2,clement_alex,instructor,Sir,Sir,39,13,deuterocanonical,Bible:Sir.39.13-Sir.39.14,"Ecclus. xxxix. 13, 14"
volume_2,clement_alex,instructor,Sir,Sir,39,26,deuterocanonical,Bible:Sir.39.26-Sir.39.27,"Ecclus. xxxix. 26, 27"
volume_2,clement_alex,instructor,Luke,Luke,12,35,new_testament,Bible:Luke.12.35-Luke.12.37,Luke xii. 35–37
volume_2,clement_alex,instructor,Ps,Ps,19,62,old_testament_or_other,Bible:Ps.19.62,Ps. cxix. 62
volume_2,clement_alex,instructor,Acts,Acts,16,25,new_testament,Bible:Acts.16.25,Acts xvi. 25
volume_2,clement_alex,instructor,John,John,1,5,new_testament,Bible:John.1.5,John i. 5
volume_2,clement_alex,instructor,John,John,1,3,new_testament,Bible:John.1.3-John.1.4,"John i. 3, 4"
volume_2,clement_alex,instructor,Prov,Prov,8,34,old_testament_or_other,Bible:Prov.8.34,Prov. viii. 34
volume_2,clement_alex,instructor,1Thess,1Thess,5,5,new_testament,Bible:1Thess.5.5-1Thess.5.8,1 Thess. v. 5–8
volume_2,clement_alex,instructor,Matt,Matt,19,20,new_testament,Bible:Matt.19.20,Matt. xix. 20
volume_2,clement_alex,instructor,Acts,Acts,3,21,new_testament,Bible:Acts.3.21,Acts iii. 21
volume_2,clement_alex,instructor,Gen,Gen,1,27,old_testament_or_other,Bible:Gen.1.27-Gen.1.28,"Gen. i. 27, 28"
volume_2,clement_alex,instructor,Deut,Deut,14,7,old_testament_or_other,Bible:Deut.14.7,Deut. xiv. 7
volume_2,clement_alex,instructor,Rom,Rom,1,26,new_testament,Bible:Rom.1.26-Rom.1.27,"Rom. i. 26, 27"
volume_2,clement_alex,instructor,Jer,Jer,12,9,old_testament_or_other,Bible:Jer.12.9,Jer. xii. 9
volume_2,clement_alex,instructor,Exod,Exod,20,14,old_testament_or_other,Bible:Exod.20.14,Ex. xx. 14
volume_2,clement_alex,instructor,Lev,Lev,18,22,old_testament_or_other,Bible:Lev.18.22,Lev. xviii. 22
volume_2,clement_alex,instructor,Lev,Lev,18,20,old_testament_or_other,Bible:Lev.18.20,Lev. xviii. 20
volume_2,clement_alex,instructor,Prov,Prov,19,29,old_testament_or_other,Bible:Prov.19.29,Prov. xix. 29
volume_2,clement_alex,instructor,Sir,Sir,23,4,deuterocanonical,Bible:Sir.23.4-Sir.23.6,"Ecclus. xxiii. 4, 5, 6"
volume_2,clement_alex,instructor,Gen,Gen,2,23,old_testament_or_other,Bible:Gen.2.23,Gen. ii. 23
volume_2,clement_alex,instructor,Eph,Eph,5,3,new_testament,Bible:Eph.5.3,Eph. v. 3
volume_2,clement_alex,instructor,Sir,Sir,23,18,deuterocanonical,Bible:Sir.23.18-Sir.23.19,"Ecclus. xxiii. 18, 19"
volume_2,clement_alex,instructor,Isa,Isa,29,15,old_testament_or_other,Bible:Isa.29.15,Isa. xxix. 15
volume_2,clement_alex,instructor,Wis,Wis,7,10,deuterocanonical,Bible:Wis.7.10,Wisd. vii. 10
volume_2,clement_alex,instructor,Matt,Matt,22,30,new_testament,Bible:Matt.22.30,Matt xxii. 30
volume_2,clement_alex,instructor,1Cor,1Cor,6,15,new_testament,Bible:1Cor.6.15,1 Cor. vi. 15
volume_2,clement_alex,instructor,1Cor,1Cor,10,8,new_testament,Bible:1Cor.10.8,1 Cor. x. 8
volume_2,clement_alex,instructor,Num,Num,25,1,old_testament_or_other,Bible:Num.25.1-Num.25.9,Num. xxv.  1–9
volume_2,clement_alex,instructor,Sir,Sir,18,30,deuterocanonical,Bible:Sir.18.30,Ecclus. xviii. 30
volume_2,clement_alex,instructor,Sir,Sir|Sir,19,2,deuterocanonical,Bible:Sir.19.2-Sir.19.3 Bible:Sir.19.5,"Ecclus. xix. 2, 3, 5"
volume_2,clement_alex,instructor,Luke,Luke,12,22,new_testament,Bible:Luke.12.22-Luke.12.23,"Luke xii. 22, 23"
volume_2,clement_alex,instructor,Luke,Luke,12,24,new_testament,Bible:Luke.12.24,"Luke
xii. 24"
volume_2,clement_alex,instructor,Luke,Luke,12,24,new_testament,Bible:Luke.12.24,Luke xii. 24
volume_2,clement_alex,instructor,Luke,Luke,12,27,new_testament,Bible:Luke.12.27,Luke xii. 27
volume_2,clement_alex,instructor,Luke,Luke,12,28,new_testament,Bible:Luke.12.28,Luke xii. 28
volume_2,clement_alex,instructor,Matt,Matt,6,32,new_testament,Bible:Matt.6.32,Matt. vi. 32
volume_2,clement_alex,instructor,Dan,Dan,7,9,old_testament_or_other,Bible:Dan.7.9,Dan. vii. 9
volume_2,clement_alex,instructor,Rev,Rev|Rev,6,9,new_testament,Bible:Rev.6.9 Bible:Rev.6.11,"Rev. vi. 9, 11"
volume_2,clement_alex,instructor,Sir,Sir,11,4,deuterocanonical,Bible:Sir.11.4,Ecclus. xi. 4
volume_2,clement_alex,instructor,Luke,Luke,7,25,new_testament,Bible:Luke.7.25,Luke vii. 25
volume_2,clement_alex,instructor,Mark,Mark,1,6,new_testament,Bible:Mark.1.6,Mark i. 6
volume_2,clement_alex,instructor,2Kgs,2Kgs,1,8,old_testament_or_other,Bible:2Kgs.1.8,2 Kings i. 8
volume_2,clement_alex,instructor,Isa,Isa,20,2,old_testament_or_other,Bible:Isa.20.2,Isa. xx. 2
volume_2,clement_alex,instructor,Jer,Jer,13,1,old_testament_or_other,Bible:Jer.13.1,Jer. xiii. 1
volume_2,clement_alex,instructor,Ps,Ps,4,2,old_testament_or_other,Bible:Ps.4.2,Ps. civ. 2
volume_2,clement_alex,instructor,Matt,Matt,6,25,new_testament,Bible:Matt.6.25,Matt. vi. 25
volume_2,clement_alex,instructor,Mark,Mark,1,7,new_testament,Bible:Mark.1.7,Mark. i. 7
volume_2,clement_alex,instructor,Luke,Luke,3,16,new_testament,Bible:Luke.3.16,Luke iii. 16
volume_2,clement_alex,instructor,Matt,Matt,16,13,new_testament,Bible:Matt.16.13,Matt. xvi. 13
volume_2,clement_alex,instructor,Matt,Matt,6,33,new_testament,Bible:Matt.6.33,Matt. vi. 33
volume_2,clement_alex,instructor,1Cor,1Cor,10,23,new_testament,Bible:1Cor.10.23,1 Cor. x. 23
volume_2,clement_alex,instructor,Ezek,Ezek,16,11,old_testament_or_other,Bible:Ezek.16.11,Ezek. xvi. 11
volume_2,clement_alex,instructor,Isa,Isa,3,19,old_testament_or_other,Bible:Isa.3.19,Isa. iii. 19
volume_2,clement_alex,instructor,Luke,Luke,12,19,new_testament,Bible:Luke.12.19-Luke.12.20,"Luke. xii. 19, 20"
volume_2,clement_alex,instructor,Zeph,Zeph,1,18,old_testament_or_other,Bible:Zeph.1.18,Zeph. i. 18
volume_2,clement_alex,instructor,Job,Job,28,,old_testament_or_other,Bible:Job.28,Job xxviii.
volume_2,clement_alex,instructor,Hos,Hos,2,8,old_testament_or_other,Bible:Hos.2.8,Hos. ii. 8
volume_2,clement_alex,instructor,Hos,Hos,2,13,old_testament_or_other,Bible:Hos.2.13,Hos. ii. 13
volume_2,clement_alex,instructor,1Tim,1Tim,2,9,new_testament,Bible:1Tim.2.9-1Tim.2.10,"1
Tim. ii. 9, 10"
volume_2,clement_alex,instructor,Prov,Prov,19,17,old_testament_or_other,Bible:Prov.19.17,Prov. xix. 17
volume_2,clement_alex,instructor,Prov,Prov,10,4,old_testament_or_other,Bible:Prov.10.4,Prov. x. 4
volume_2,clement_alex,instructor,Eph,Eph,6,15,new_testament,Bible:Eph.6.15,Eph. vi. 15
volume_2,clement_alex,instructor,Prov,Prov,3,13,old_testament_or_other,Bible:Prov.3.13-Prov.3.15,Prov. iii. 13–15
volume_2,clement_alex,instructor,Phil,Phil,2,7,new_testament,Bible:Phil.2.7,Phil. ii. 7
volume_2,clement_alex,instructor,1Cor,1Cor,13,4,new_testament,Bible:1Cor.13.4,1 Cor. xiii. 4
volume_2,clement_alex,instructor,Isa,Isa,53,2,old_testament_or_other,Bible:Isa.53.2-Isa.53.3,"Isa. liii. 2, 3"
volume_2,clement_alex,instructor,Ps,Ps,45,2,old_testament_or_other,Bible:Ps.45.2,Ps. xlv. 2
volume_2,clement_alex,instructor,1Sam,1Sam,16,12,old_testament_or_other,Bible:1Sam.16.12,"1
Sam. xvi. 12"
volume_2,clement_alex,instructor,John,John,8,57,new_testament,Bible:John.8.57,John viii. 57
volume_2,clement_alex,instructor,John,John,17,17,new_testament,Bible:John.17.17,"John
xvii. 17"
volume_2,clement_alex,instructor,Prov,Prov,9,11,old_testament_or_other,Bible:Prov.9.11,Prov. ix. 11
volume_2,clement_alex,instructor,1Thess,1Thess,2,17,new_testament,Bible:1Thess.2.17,1 Thess. ii. 17
volume_2,clement_alex,instructor,Jer,Jer,4,30,old_testament_or_other,Bible:Jer.4.30,Jer. iv. 30
volume_2,clement_alex,instructor,2Cor,2Cor,4,18,new_testament,Bible:2Cor.4.18,2 Cor. iv. 18
volume_2,clement_alex,instructor,1Sam,1Sam,16,7,old_testament_or_other,Bible:1Sam.16.7,1 Sam. xvi. 7
volume_2,clement_alex,instructor,2Cor,2Cor,5,7,new_testament,Bible:2Cor.5.7,2 Cor. v. 7
volume_2,clement_alex,instructor,Rom,Rom,2,14,new_testament,Bible:Rom.2.14-Rom.2.15,"Rom. ii. 14, 15"
volume_2,clement_alex,instructor,Gen,Gen,6,1,old_testament_or_other,Bible:Gen.6.1-Gen.6.2,"Gen. vi. 1,
2"
volume_2,clement_alex,instructor,Matt,Matt,5,36,new_testament,Bible:Matt.5.36,Matt. v. 36
volume_2,clement_alex,instructor,Sir,Sir,25,6,deuterocanonical,Bible:Sir.25.6,Ecclus. xxv. 6
volume_2,clement_alex,instructor,Eph,Eph,4,20,new_testament,Bible:Eph.4.20-Eph.4.24,Eph. iv. 20–24
volume_2,clement_alex,instructor,Isa,Isa,13,2,old_testament_or_other,Bible:Isa.13.2,Isa. xiii. 2
volume_2,clement_alex,instructor,Lev,Lev,17,7,old_testament_or_other,Bible:Lev.17.7,Lev. xvii. 7
volume_2,clement_alex,instructor,2Chr,2Chr,11,15,old_testament_or_other,Bible:2Chr.11.15,2 Chron. xi. 15
volume_2,clement_alex,instructor,Matt,Matt,10,30,new_testament,Bible:Matt.10.30,Matt. x. 30
volume_2,clement_alex,instructor,2Cor,2Cor,13,5,new_testament,Bible:2Cor.13.5,2 Cor. xiii. 5
volume_2,clement_alex,instructor,Deut,Deut,23,17,old_testament_or_other,Bible:Deut.23.17,Deut. xxiii. 17
volume_2,clement_alex,instructor,Rom,Rom,8,28,new_testament,Bible:Rom.8.28-Rom.8.29,"Rom. viii. 28, 29"
volume_2,clement_alex,instructor,Lev,Lev,19,29,old_testament_or_other,Bible:Lev.19.29,Lev. xix. 29
volume_2,clement_alex,instructor,Ps,Ps,33,2,old_testament_or_other,Bible:Ps.33.2,Ps. cxxxiii. 2
volume_2,clement_alex,instructor,Sir,Sir,19,29,deuterocanonical,Bible:Sir.19.29-Sir.19.30,"Ecclus. xix. 29,
30"
volume_2,clement_alex,instructor,Heb,Heb,2,14,new_testament,Bible:Heb.2.14-Heb.2.16,Heb. ii. 14–16
volume_2,clement_alex,instructor,1Sam,1Sam,8,13,old_testament_or_other,Bible:1Sam.8.13,1 Sam. viii. 13
volume_2,clement_alex,instructor,Exod,Exod,23,2,old_testament_or_other,Bible:Exod.23.2,Ex. xxiii. 2
volume_2,clement_alex,instructor,Sir,Sir,9,7,deuterocanonical,Bible:Sir.9.7,Ecclus. ix. 7
volume_2,clement_alex,instructor,Sir,Sir,11,29,deuterocanonical,Bible:Sir.11.29,Ecclus. xi. 29
volume_2,clement_alex,instructor,Sir,Sir,9,16,deuterocanonical,Bible:Sir.9.16,Ecclus. ix. 16
volume_2,clement_alex,instructor,Eph,Eph,5,5,new_testament,Bible:Eph.5.5,Eph. v. 5
volume_2,clement_alex,instructor,Matt,Matt,25,40,new_testament,Bible:Matt.25.40,Matt. xxv. 40
volume_2,clement_alex,instructor,2Sam,2Sam,6,20,old_testament_or_other,Bible:2Sam.6.20,2 Sam. vi. 20
volume_2,clement_alex,instructor,Matt,Matt,5,28,new_testament,Bible:Matt.5.28,Matt. v. 28
volume_2,clement_alex,instructor,Prov,Prov,8,10,old_testament_or_other,Bible:Prov.8.10-Prov.8.11,"Prov. viii. 10, 11"
volume_2,clement_alex,instructor,Prov,Prov,8,19,old_testament_or_other,Bible:Prov.8.19,Prov. viii. 19
volume_2,clement_alex,instructor,Prov,Prov,11,24,old_testament_or_other,Bible:Prov.11.24,Prov. xi. 24
volume_2,clement_alex,instructor,Ps,Ps,12,9,old_testament_or_other,Bible:Ps.12.9,Ps. cxii. 9
volume_2,clement_alex,instructor,Matt,Matt,7,7,new_testament,Bible:Matt.7.7-Matt.7.8,"Matt. vii. 7, 8"
volume_2,clement_alex,instructor,Prov,Prov,3,5,old_testament_or_other,Bible:Prov.3.5,Prov. iii. 5
volume_2,clement_alex,instructor,1Kgs,1Kgs|1Kgs,19,4,old_testament_or_other,Bible:1Kgs.19.4 Bible:1Kgs.19.6,"1 Kings xix. 4, 6"
volume_2,clement_alex,instructor,Luke,Luke,10,4,new_testament,Bible:Luke.10.4,Luke x. 4
volume_2,clement_alex,instructor,Prov,Prov,13,8,old_testament_or_other,Bible:Prov.13.8,Prov. xiii. 8
volume_2,clement_alex,instructor,Ps,Ps,37,25,old_testament_or_other,Bible:Ps.37.25,Ps. xxxvii. 25
volume_2,clement_alex,instructor,Jude,Jude|Jude,1,5,new_testament,Bible:Jude.1.5 Bible:Jude.1.6,"Jude 5, 6"
volume_2,clement_alex,instructor,Matt,Matt,23,27,new_testament,Bible:Matt.23.27,Matt. xxiii. 27
volume_2,clement_alex,instructor,Matt,Matt,23,25,new_testament,Bible:Matt.23.25-Matt.23.26,"Matt. xxiii. 25, 26"
volume_2,clement_alex,instructor,Isa,Isa,4,4,old_testament_or_other,Bible:Isa.4.4,Isa. iv. 4
volume_2,clement_alex,instructor,Prov,Prov,31,19,old_testament_or_other,Bible:Prov.31.19-Prov.31.20,"Prov. xxxi. 19, 20"
volume_2,clement_alex,instructor,Gen,Gen,18,6,old_testament_or_other,Bible:Gen.18.6,Gen. xviii. 6
volume_2,clement_alex,instructor,Gen,Gen,29,9,old_testament_or_other,Bible:Gen.29.9,Gen. xxix. 9
volume_2,clement_alex,instructor,Gen,Gen,30,37,old_testament_or_other,Bible:Gen.30.37,Gen. xxx. 37
volume_2,clement_alex,instructor,Gen,Gen,18,8,old_testament_or_other,Bible:Gen.18.8,Gen. xviii. 8
volume_2,clement_alex,instructor,1Pet,1Pet,2,12,new_testament,Bible:1Pet.2.12,1 Pet. ii. 12
volume_2,clement_alex,instructor,Rom,Rom,13,14,new_testament,Bible:Rom.13.14,Rom. xiii. 14
volume_2,clement_alex,instructor,1Cor,1Cor,11,14,new_testament,Bible:1Cor.11.14-1Cor.11.15,"1 Cor. xi. 14, 15"
volume_2,clement_alex,instructor,Prov,Prov,11,22,old_testament_or_other,Bible:Prov.11.22,Prov. xi. 22
volume_2,clement_alex,instructor,Sir,Sir,21,21,deuterocanonical,Bible:Sir.21.21,Ecclus. xxi. 21
volume_2,clement_alex,instructor,Ps,Ps,133,2,old_testament_or_other,Bible:Ps.133.2,Ps. cxxxiii. 2
volume_2,clement_alex,instructor,1John,1John,2,27,new_testament,Bible:1John.2.27,1 John ii. 27
volume_2,clement_alex,instructor,1Cor,1Cor,11,3,new_testament,Bible:1Cor.11.3,1 Cor. xi. 3
volume_2,clement_alex,instructor,1Tim,1Tim,2,9,new_testament,Bible:1Tim.2.9,"1
Tim. ii. 9"
volume_2,clement_alex,instructor,1Pet,1Pet,3,1,new_testament,Bible:1Pet.3.1-1Pet.3.4,1 Pet. iii. 1–4
volume_2,clement_alex,instructor,Prov,Prov,31,22,old_testament_or_other,Bible:Prov.31.22,Prov. xxxi. 22
volume_2,clement_alex,instructor,Prov,Prov|Prov,31,26,old_testament_or_other,Bible:Prov.31.26-Prov.31.28 Bible:Prov.31.30,"Prov. xxxi. 26, 27, 28, 30"
volume_2,clement_alex,instructor,Prov,Prov,12,4,old_testament_or_other,Bible:Prov.12.4,Prov. xii. 4
volume_2,clement_alex,instructor,Prov,Prov,5,3,old_testament_or_other,Bible:Prov.5.3-Prov.5.5,Prov. v. 3–5
volume_2,clement_alex,instructor,Prov,Prov,5,5,old_testament_or_other,Bible:Prov.5.5-Prov.5.6,"Prov. v. 5, 6"
volume_2,clement_alex,instructor,Matt,Matt,5,29,new_testament,Bible:Matt.5.29,"Matt.
v. 29"
volume_2,clement_alex,instructor,Prov,Prov,10,10,old_testament_or_other,Bible:Prov.10.10,Prov. x. 10
volume_2,clement_alex,instructor,Sir,Sir,26,9,deuterocanonical,Bible:Sir.26.9,Ecclus. xxvi. 9
volume_2,clement_alex,instructor,Col,Col,3,5,new_testament,Bible:Col.3.5-Col.3.6,"Col. iii. 5, 6"
volume_2,clement_alex,instructor,Prov,Prov,9,13,old_testament_or_other,Bible:Prov.9.13-Prov.9.18,Prov. ix. 13–18
volume_2,clement_alex,instructor,Isa,Isa,3,16,old_testament_or_other,Bible:Isa.3.16-Isa.3.17,"Isa. iii. 16, 17"
volume_2,clement_alex,instructor,1Pet,1Pet,2,18,new_testament,Bible:1Pet.2.18,1 Pet. ii. 18
volume_2,clement_alex,instructor,1Pet,1Pet,3,8,new_testament,Bible:1Pet.3.8,1 Pet. iii. 8
volume_2,clement_alex,instructor,Lev,Lev,11,13,old_testament_or_other,Bible:Lev.11.13-Lev.11.14,"Lev. xi. 13, 14"
volume_2,clement_alex,instructor,Deut,Deut,14,12,old_testament_or_other,Bible:Deut.14.12,Deut. xiv. 12
volume_2,clement_alex,instructor,Ps,Ps,1,1,old_testament_or_other,Bible:Ps.1.1,Ps. i. 1
volume_2,clement_alex,instructor,Acts,Acts,3,14,new_testament,Bible:Acts.3.14,Acts iii. 14
volume_2,clement_alex,instructor,Exod,Exod,20,7,old_testament_or_other,Bible:Exod.20.7,Ex. xx. 7
volume_2,clement_alex,instructor,John,John,2,13,new_testament,Bible:John.2.13-John.2.17,John ii. 13–17
volume_2,clement_alex,instructor,Matt,Matt,21,12,new_testament,Bible:Matt.21.12-Matt.21.13,"Matt. xxi. 12, 13"
volume_2,clement_alex,instructor,Luke,Luke,19,45,new_testament,Bible:Luke.19.45-Luke.19.46,"Luke xix. 45,
46"
volume_2,clement_alex,instructor,1Cor,1Cor,11,5,new_testament,Bible:1Cor.11.5,1 Cor. xi. 5
volume_2,clement_alex,instructor,1Cor,1Cor,11,10,new_testament,Bible:1Cor.11.10,"1
Cor. xi. 10"
volume_2,clement_alex,instructor,1Cor,1Cor,11,22,new_testament,Bible:1Cor.11.22,"1
Cor. xi. 22"
volume_2,clement_alex,instructor,Matt,Matt,8,22,new_testament,Bible:Matt.8.22,Matt. viii. 22
volume_2,clement_alex,instructor,1Cor,1Cor,6,9,new_testament,Bible:1Cor.6.9-1Cor.6.10,"1 Cor. vi. 9,
10"
volume_2,clement_alex,instructor,Rom,Rom,16,16,new_testament,Bible:Rom.16.16,Rom. xvi. 16
volume_2,clement_alex,instructor,1John,1John,5,3,new_testament,Bible:1John.5.3,1 John v. 3
volume_2,clement_alex,instructor,Matt,Matt,5,13,new_testament,Bible:Matt.5.13,Matt. v. 13
volume_2,clement_alex,instructor,Prov,Prov,27,14,old_testament_or_other,Bible:Prov.27.14,Prov. xxvii. 14
volume_2,clement_alex,instructor,Prov,Prov,4,25,old_testament_or_other,Bible:Prov.4.25,Prov. iv. 25
volume_2,clement_alex,instructor,2Cor,2Cor,8,20,new_testament,Bible:2Cor.8.20-2Cor.8.21,"2 Cor. viii. 20, 21"
volume_2,clement_alex,instructor,Sir,Sir,9,8,deuterocanonical,Bible:Sir.9.8,Ecclus. ix. 8
volume_2,clement_alex,instructor,1Pet,1Pet,1,17,new_testament,Bible:1Pet.1.17-1Pet.1.19,1 Pet. i. 17–19
volume_2,clement_alex,instructor,1Pet,1Pet,4,3,new_testament,Bible:1Pet.4.3,1 Pet. iv. 3
volume_2,clement_alex,instructor,Ps,Ps,34,15,old_testament_or_other,Bible:Ps.34.15-Ps.34.16,"Ps. xxxiv. 15, 16"
volume_2,clement_alex,instructor,1Pet,1Pet,3,13,new_testament,Bible:1Pet.3.13,1 Pet. iii. 13
volume_2,clement_alex,instructor,Ezek,Ezek,18,23,old_testament_or_other,Bible:Ezek.18.23,Ezek. xviii. 23
volume_2,clement_alex,instructor,Ps,Ps,1,6,old_testament_or_other,Bible:Ps.1.6,Ps. i. 6
volume_2,clement_alex,instructor,Isa,Isa,45,3,old_testament_or_other,Bible:Isa.45.3,Isa. xlv. 3
volume_2,clement_alex,instructor,Rom,Rom,11,33,new_testament,Bible:Rom.11.33,Rom. xi. 33
volume_2,clement_alex,instructor,Luke,Luke,6,31,new_testament,Bible:Luke.6.31,Luke vi. 31
volume_2,clement_alex,instructor,Matt,Matt|Matt|Matt,22,37,new_testament,Bible:Matt.22.37 Bible:Matt.22.39 Bible:Matt.22.40,"Matt. xxii. 37, 39, 40"
volume_2,clement_alex,instructor,Exod,Exod,20,,old_testament_or_other,Bible:Exod.20,Ex. xx.
volume_2,clement_alex,instructor,Deut,Deut,5,,old_testament_or_other,Bible:Deut.5,Deut. v.
volume_2,clement_alex,instructor,Isa,Isa,1,16,old_testament_or_other,Bible:Isa.1.16-Isa.1.18,"Isa. i. 16, 17, 18"
volume_2,clement_alex,instructor,Isa,Isa,58,7,old_testament_or_other,Bible:Isa.58.7-Isa.58.9,"Isa. lviii. 7,
8, 9"
volume_2,clement_alex,instructor,Isa,Isa,57,6,old_testament_or_other,Bible:Isa.57.6-Isa.57.7,"Isa. lvii. 6, 7"
volume_2,clement_alex,instructor,Isa,Isa,1,11,old_testament_or_other,Bible:Isa.1.11-Isa.1.14,Isa. i. 11–14
volume_2,clement_alex,instructor,Ps,Ps,51,17,old_testament_or_other,Bible:Ps.51.17,Ps. li. 17
volume_2,clement_alex,instructor,Luke,Luke,17,3,new_testament,Bible:Luke.17.3-Luke.17.4,"Luke xvii. 3, 4"
volume_2,clement_alex,instructor,Prov,Prov,13,11,old_testament_or_other,Bible:Prov.13.11,Prov. xiii. 11
volume_2,clement_alex,instructor,1Pet,1Pet,4,8,new_testament,Bible:1Pet.4.8,1 Pet. iv. 8
volume_2,clement_alex,instructor,Mark,Mark,12,17,new_testament,Bible:Mark.12.17,Mark xii. 17
volume_2,clement_alex,instructor,Luke,Luke,20,25,new_testament,Bible:Luke.20.25,Luke xx. 25
volume_2,clement_alex,instructor,Jer,Jer,7,22,old_testament_or_other,Bible:Jer.7.22-Jer.7.23,"Jer. vii. 22, 23"
volume_2,clement_alex,instructor,Zech,Zech,8,,old_testament_or_other,Bible:Zech.8,Zech. viii.
volume_2,clement_alex,instructor,Isa,Isa,5,20,old_testament_or_other,Bible:Isa.5.20-Isa.5.21,"Isa. v. 20, 21"
volume_2,clement_alex,instructor,Luke,Luke,14,11,new_testament,Bible:Luke.14.11,Luke xiv. 11
volume_2,clement_alex,instructor,Prov,Prov,16,,old_testament_or_other,Bible:Prov.16,Prov. xvi.
volume_2,clement_alex,instructor,Matt,Matt,5,40,new_testament,Bible:Matt.5.40,Matt. v. 40
volume_2,clement_alex,instructor,Luke,Luke,6,27,new_testament,Bible:Luke.6.27-Luke.6.29,"Luke vi.
27–29"
volume_2,clement_alex,instructor,Matt,Matt,21,22,new_testament,Bible:Matt.21.22,Matt. xxi. 22
volume_2,clement_alex,instructor,Prov,Prov,13,24,old_testament_or_other,Bible:Prov.13.24,Prov. xiii. 24
volume_2,clement_alex,instructor,Luke,Luke,11,43,new_testament,Bible:Luke.11.43,Luke xi. 43
volume_2,clement_alex,instructor,Matt,Matt,25,34,new_testament,Bible:Matt.25.34-Matt.25.36,Matt. xxv. 34–36
volume_2,clement_alex,instructor,Eph,Eph,5,1,new_testament,Bible:Eph.5.1,Eph. v. 1
volume_2,clement_alex,instructor,Eph,Eph,4,25,new_testament,Bible:Eph.4.25-Eph.4.29,Eph. iv. 25–29
volume_2,clement_alex,instructor,Gal,Gal,5,25,new_testament,Bible:Gal.5.25-Gal.5.26,"Gal. v. 25,
26"
volume_2,clement_alex,instructor,1Thess,1Thess,5,13,new_testament,Bible:1Thess.5.13-1Thess.5.15,1 Thess. v. 13–15
volume_2,clement_alex,instructor,Col,Col|Col|Col,4,2,new_testament,Bible:Col.4.2 Bible:Col.4.5 Bible:Col.4.9,"Col. iv. 2, 5, 9"
volume_2,clement_alex,instructor,1Tim,1Tim,4,6,new_testament,Bible:1Tim.4.6-1Tim.4.8,"1 Tim.
iv. 6–8"
volume_2,clement_alex,instructor,1Tim,1Tim,6,2,new_testament,Bible:1Tim.6.2,1 Tim. vi. 2
volume_2,clement_alex,instructor,Rom,Rom,12,8,new_testament,Bible:Rom.12.8-Rom.12.13,Rom. xii. 8–13
volume_2,clement_alex,instructor,1John,1John,2,2,new_testament,Bible:1John.2.2-1John.2.6,1 John ii. 2–6
volume_2,clement_alex,stromata,Prov,Prov,2,1,old_testament_or_other,Bible:Prov.2.1-Prov.2.2,"Prov. ii. 1, 2"
volume_2,clement_alex,stromata,Prov,Prov,3,1,old_testament_or_other,Bible:Prov.3.1,Prov. iii. 1
volume_2,clement_alex,stromata,Matt,Matt,13,13,new_testament,Bible:Matt.13.13,Matt. xiii. 13
volume_2,clement_alex,stromata,Matt,Matt,18,32,new_testament,Bible:Matt.18.32,Matt. xviii. 32
volume_2,clement_alex,stromata,Luke,Luke,19,22,new_testament,Bible:Luke.19.22,Luke xix. 22
volume_2,clement_alex,stromata,Matt,Matt,25,30,new_testament,Bible:Matt.25.30,Matt. xxv. 30
volume_2,clement_alex,stromata,2Tim,2Tim,2,1,new_testament,Bible:2Tim.2.1-2Tim.2.2,"2 Tim. ii. 1, 2"
volume_2,clement_alex,stromata,Gal,Gal,6,8,new_testament,Bible:Gal.6.8-Gal.6.9,"Gal. vi. 8, 9"
volume_2,clement_alex,stromata,2Cor,2Cor|2Cor|2Cor,6,4,new_testament,Bible:2Cor.6.4 Bible:2Cor.6.10 Bible:2Cor.6.11,"2 Cor. vi. 4, 10, 11"
volume_2,clement_alex,stromata,1Tim,1Tim,5,21,new_testament,Bible:1Tim.5.21,1 Tim. v. 21
volume_2,clement_alex,stromata,1Cor,1Cor,11,27,new_testament,Bible:1Cor.11.27-1Cor.11.28,"1 Cor. xi. 27, 28"
volume_2,clement_alex,stromata,1Thess,1Thess,2,5,new_testament,Bible:1Thess.2.5-1Thess.2.7,"1 Thess. ii. 5, 6, 7"
volume_2,clement_alex,stromata,Matt,Matt,9,37,new_testament,Bible:Matt.9.37-Matt.9.38,"Matt. ix. 37,
38"
volume_2,clement_alex,stromata,Luke,Luke,10,2,new_testament,Bible:Luke.10.2,Luke x. 2
volume_2,clement_alex,stromata,John,John,6,27,new_testament,Bible:John.6.27,John vi. 27
volume_2,clement_alex,stromata,Matt,Matt,5,9,new_testament,Bible:Matt.5.9,Matt. v. 9
volume_2,clement_alex,stromata,1Cor,1Cor,3,8,new_testament,Bible:1Cor.3.8-1Cor.3.9,"1 Cor. iii. 8, 9"
volume_2,clement_alex,stromata,Isa,Isa,7,9,old_testament_or_other,Bible:Isa.7.9,Isa. vii. 9
volume_2,clement_alex,stromata,Gal,Gal,6,10,new_testament,Bible:Gal.6.10,Gal. vi. 10
volume_2,clement_alex,stromata,Ps,Ps,51,7,old_testament_or_other,Bible:Ps.51.7-Ps.51.12,Ps. li. 7–12
volume_2,clement_alex,stromata,Isa,Isa,55,1,old_testament_or_other,Bible:Isa.55.1,Isa. lv. 1
volume_2,clement_alex,stromata,Prov,Prov,5,15,old_testament_or_other,Bible:Prov.5.15,Prov. v. 15
volume_2,clement_alex,stromata,1Cor,1Cor,11,31,new_testament,Bible:1Cor.11.31-1Cor.11.32,"1 Cor. xi. 31,
32"
volume_2,clement_alex,stromata,Prov,Prov,29,3,old_testament_or_other,Bible:Prov.29.3,Prov. xxix. 3
volume_2,clement_alex,stromata,Matt,Matt,5,15,new_testament,Bible:Matt.5.15,Matt. v. 15
volume_2,clement_alex,stromata,Mark,Mark,4,21,new_testament,Bible:Mark.4.21,Mark. iv. 21
volume_2,clement_alex,stromata,John,John|John,5,17,new_testament,Bible:John.5.17 Bible:John.5.19,"John. v. 17, 19"
volume_2,clement_alex,stromata,Luke,Luke,8,17,new_testament,Bible:Luke.8.17,"Luke
viii. 17"
volume_2,clement_alex,stromata,Eph,Eph,4,11,new_testament,Bible:Eph.4.11-Eph.4.12,"Eph. iv. 11, 12"
volume_2,clement_alex,stromata,1Cor,1Cor,9,20,new_testament,Bible:1Cor.9.20-1Cor.9.21,"1 Cor. ix. 20, 21"
volume_2,clement_alex,stromata,Col,Col,1,28,new_testament,Bible:Col.1.28,Col. i. 28
volume_2,clement_alex,stromata,1Cor,1Cor,1,22,new_testament,Bible:1Cor.1.22,1 Cor. i. 22
volume_2,clement_alex,stromata,Matt,Matt,8,20,new_testament,Bible:Matt.8.20,Matt. viii. 20
volume_2,clement_alex,stromata,Luke,Luke,9,58,new_testament,Bible:Luke.9.58,Luke ix. 58
volume_2,clement_alex,stromata,Job,Job,5,13,old_testament_or_other,Bible:Job.5.13,Job v. 13
volume_2,clement_alex,stromata,1Cor,1Cor,3,19,new_testament,Bible:1Cor.3.19-1Cor.3.20,"1 Cor. iii. 19, 20"
volume_2,clement_alex,stromata,Ps,Ps,94,11,old_testament_or_other,Bible:Ps.94.11,Ps.  xciv. 11
volume_2,clement_alex,stromata,Isa,Isa,29,14,old_testament_or_other,Bible:Isa.29.14,Isa. xxix. 14
volume_2,clement_alex,stromata,1Cor,1Cor,1,19,new_testament,Bible:1Cor.1.19,1 Cor. i. 19
volume_2,clement_alex,stromata,Dan,Dan,2,27,old_testament_or_other,Bible:Dan.2.27-Dan.2.28,"Dan. ii. 27, 28"
volume_2,clement_alex,stromata,Exod,Exod,31,2,old_testament_or_other,Bible:Exod.31.2-Exod.31.5,Ex. xxxi. 2–5
volume_2,clement_alex,stromata,Exod,Exod,31,6,old_testament_or_other,Bible:Exod.31.6,Ex. xxxi. 6
volume_2,clement_alex,stromata,Exod,Exod,28,3,old_testament_or_other,Bible:Exod.28.3,Ex. xxviii. 3
volume_2,clement_alex,stromata,Eph,Eph,3,10,new_testament,Bible:Eph.3.10,Eph. iii. 10
volume_2,clement_alex,stromata,Heb,Heb,1,1,new_testament,Bible:Heb.1.1,Heb. i. 1
volume_2,clement_alex,stromata,Sir,Sir,1,1,deuterocanonical,Bible:Sir.1.1,Ecclus. i. 1
volume_2,clement_alex,stromata,Prov,Prov,2,3,old_testament_or_other,Bible:Prov.2.3-Prov.2.5,Prov. ii. 3–5
volume_2,clement_alex,stromata,Prov,Prov,3,23,old_testament_or_other,Bible:Prov.3.23,Prov. iii. 23
volume_2,clement_alex,stromata,Gal,Gal,3,24,new_testament,Bible:Gal.3.24,Gal. iii. 24
volume_2,clement_alex,stromata,Prov,Prov,4,8,old_testament_or_other,Bible:Prov.4.8-Prov.4.9,"Prov. iv. 8, 9"
volume_2,clement_alex,stromata,Prov,Prov|Prov,4,10,old_testament_or_other,Bible:Prov.4.10-Prov.4.11 Bible:Prov.4.21,"Prov. iv. 10, 11, 21"
volume_2,clement_alex,stromata,Prov,Prov,4,18,old_testament_or_other,Bible:Prov.4.18,Prov. iv. 18
volume_2,clement_alex,stromata,Matt,Matt,23,37,new_testament,Bible:Matt.23.37,Matt. xxiii. 37
volume_2,clement_alex,stromata,Luke,Luke,13,34,new_testament,Bible:Luke.13.34,"Luke
xiii. 34"
volume_2,clement_alex,stromata,Prov,Prov|Prov|Prov|Prov|Prov|Prov,5,2,old_testament_or_other,Bible:Prov.5.2-Prov.5.3 Bible:Prov.5.5 Bible:Prov.5.8 Bible:Prov.5.9 Bible:Prov.5.11 Bible:Prov.5.20,"Prov. v. 2, 3, 5, 8, 9,
11, 20"
volume_2,clement_alex,stromata,Prov,Prov,5,20,old_testament_or_other,Bible:Prov.5.20,Prov. v. 20
volume_2,clement_alex,stromata,Gen,Gen,16,6,old_testament_or_other,Bible:Gen.16.6,Gen. xvi. 6
volume_2,clement_alex,stromata,Prov,Prov,3,11,old_testament_or_other,Bible:Prov.3.11-Prov.3.12,"Prov. iii. 11, 12"
volume_2,clement_alex,stromata,Heb,Heb,12,5,new_testament,Bible:Heb.12.5-Heb.12.6,"Heb. xii. 5, 6"
volume_2,clement_alex,stromata,John,John,14,6,new_testament,Bible:John.14.6,John xiv. 6
volume_2,clement_alex,stromata,Prov,Prov|Prov,6,6,old_testament_or_other,Bible:Prov.6.6 Bible:Prov.6.8,"Prov. vi. 6, 8"
volume_2,clement_alex,stromata,Matt,Matt,6,6,new_testament,Bible:Matt.6.6,Matt. vi. 6
volume_2,clement_alex,stromata,John,John,4,23,new_testament,Bible:John.4.23,John iv. 23
volume_2,clement_alex,stromata,Heb,Heb,5,14,new_testament,Bible:Heb.5.14,Heb. v. 14
volume_2,clement_alex,stromata,Prov,Prov|Prov,10,12,old_testament_or_other,Bible:Prov.10.12 Bible:Prov.10.17,"Prov. x. 12, 17"
volume_2,clement_alex,stromata,Prov,Prov,10,19,old_testament_or_other,Bible:Prov.10.19,Prov. x. 19
volume_2,clement_alex,stromata,Rom,Rom,4,,new_testament,Bible:Rom.4,Rom. iv.
volume_2,clement_alex,stromata,John,John,7,17,new_testament,Bible:John.7.17,John vii. 17
volume_2,clement_alex,stromata,Ps,Ps,18,19,old_testament_or_other,Bible:Ps.18.19,Ps. cxviii. 19
volume_2,clement_alex,stromata,Ps,Ps,18,20,old_testament_or_other,Bible:Ps.18.20,Ps. cxviii. 20
volume_2,clement_alex,stromata,1Tim,1Tim,6,3,new_testament,Bible:1Tim.6.3-1Tim.6.5,1 Tim. vi. 3–5
volume_2,clement_alex,stromata,Eph,Eph,4,14,new_testament,Bible:Eph.4.14,Eph. iv. 14
volume_2,clement_alex,stromata,Titus,Titus,1,10,new_testament,Bible:Titus.1.10,Tit. i. 10
volume_2,clement_alex,stromata,Matt,Matt,5,13,new_testament,Bible:Matt.5.13,Matt. v. 13
volume_2,clement_alex,stromata,Gal,Gal,5,26,new_testament,Bible:Gal.5.26,Gal. v. 26
volume_2,clement_alex,stromata,Prov,Prov,22,20,old_testament_or_other,Bible:Prov.22.20-Prov.22.21,"Prov. xxii. 20, 21"
volume_2,clement_alex,stromata,John,John,1,3,new_testament,Bible:John.1.3,John. i. 3
volume_2,clement_alex,stromata,Matt,Matt,12,37,new_testament,Bible:Matt.12.37,Matt. xii. 37
volume_2,clement_alex,stromata,Acts,Acts,8,30,new_testament,Bible:Acts.8.30,"Acts
viii. 30"
volume_2,clement_alex,stromata,Ps,Ps,48,10,old_testament_or_other,Bible:Ps.48.10-Ps.48.11,"Ps. xlviii. 10, 11"
volume_2,clement_alex,stromata,Sir,Sir,19,22,deuterocanonical,Bible:Sir.19.22,Ecclus. xix. 22
volume_2,clement_alex,stromata,Prov,Prov,14,6,old_testament_or_other,Bible:Prov.14.6,Prov. xiv. 6
volume_2,clement_alex,stromata,Prov,Prov,10,31,old_testament_or_other,Bible:Prov.10.31,Prov. x. 31
volume_2,clement_alex,stromata,Gal,Gal,1,8,new_testament,Bible:Gal.1.8-Gal.1.9,"Gal. i. 8, 9"
volume_2,clement_alex,stromata,2Tim,2Tim,2,14,new_testament,Bible:2Tim.2.14,2 Tim. ii. 14
volume_2,clement_alex,stromata,2Tim,2Tim|2Tim|2Tim,2,14,new_testament,Bible:2Tim.2.14 Bible:2Tim.2.16 Bible:2Tim.2.17,"2 Tim. ii. 14, 16, 17"
volume_2,clement_alex,stromata,Jer,Jer,9,23,old_testament_or_other,Bible:Jer.9.23-Jer.9.24,"Jer. ix. 23, 24"
volume_2,clement_alex,stromata,2Cor,2Cor,1,9,new_testament,Bible:2Cor.1.9-2Cor.1.10,"2 Cor. i. 9, 10"
volume_2,clement_alex,stromata,1Cor,1Cor|1Cor,2,5,new_testament,Bible:1Cor.2.5 Bible:1Cor.2.15,"1 Cor. ii. 5, 15"
volume_2,clement_alex,stromata,Col,Col|Col,2,4,new_testament,Bible:Col.2.4 Bible:Col.2.8,"Col. ii. 4, 8"
volume_2,clement_alex,stromata,Col,Col,2,8,new_testament,Bible:Col.2.8,Col. ii. 8
volume_2,clement_alex,stromata,Acts,Acts,17,18,new_testament,Bible:Acts.17.18,Acts xvii. 18
volume_2,clement_alex,stromata,2Tim,2Tim,2,23,new_testament,Bible:2Tim.2.23,2 Tim. ii. 23
volume_2,clement_alex,stromata,Matt,Matt,7,7,new_testament,Bible:Matt.7.7,Matt. vii. 7
volume_2,clement_alex,stromata,Col,Col,2,4,new_testament,Bible:Col.2.4,Col. ii. 4
volume_2,clement_alex,stromata,Col,Col,2,6,new_testament,Bible:Col.2.6-Col.2.7,"Col. ii. 6,
7"
volume_2,clement_alex,stromata,Phil,Phil,1,9,new_testament,Bible:Phil.1.9-Phil.1.10,"Phil. i. 9, 10"
volume_2,clement_alex,stromata,Gal,Gal,4,1,new_testament,Bible:Gal.4.1-Gal.4.3,"Gal. iv. 1, 2, 3"
volume_2,clement_alex,stromata,Gen,Gen,21,10,old_testament_or_other,Bible:Gen.21.10,Gen. xxi. 10
volume_2,clement_alex,stromata,Gal,Gal,4,30,new_testament,Bible:Gal.4.30,Gal. iv. 30
volume_2,clement_alex,stromata,Heb,Heb,5,13,new_testament,Bible:Heb.5.13,Heb. v. 13
volume_2,clement_alex,stromata,1Thess,1Thess,5,21,new_testament,Bible:1Thess.5.21,1 Thess. v. 21
volume_2,clement_alex,stromata,Prov,Prov,15,14,old_testament_or_other,Bible:Prov.15.14,Prov. xv. 14
volume_2,clement_alex,stromata,Prov,Prov,2,,old_testament_or_other,Bible:Prov.2,"Prov.
ii."
volume_2,clement_alex,stromata,1Cor,1Cor,4,19,new_testament,Bible:1Cor.4.19-1Cor.4.20,"1 Cor. iv. 19,
20"
volume_2,clement_alex,stromata,1Cor,1Cor,8,1,new_testament,Bible:1Cor.8.1-1Cor.8.3,"1 Cor. viii. 1, 2, 3"
volume_2,clement_alex,stromata,Matt,Matt,7,6,new_testament,Bible:Matt.7.6,Matt. vii. 6
volume_2,clement_alex,stromata,1Cor,1Cor,2,14,new_testament,Bible:1Cor.2.14,1 Cor. ii. 14
volume_2,clement_alex,stromata,Matt,Matt,10,27,new_testament,Bible:Matt.10.27,Matt. x. 27
volume_2,clement_alex,stromata,John,John,8,12,new_testament,Bible:John.8.12,"John
viii. 12"
volume_2,clement_alex,stromata,Eccl,Eccl,1,16,old_testament_or_other,Bible:Eccl.1.16-Eccl.1.18,"Eccles. i. 16, 17,
18"
volume_2,clement_alex,stromata,Eccl,Eccl,7,13,old_testament_or_other,Bible:Eccl.7.13,Eccles. vii. 13
volume_2,clement_alex,stromata,Prov,Prov,8,9,old_testament_or_other,Bible:Prov.8.9-Prov.8.11,"Prov. viii. 9, 10, 11"
volume_2,clement_alex,stromata,Titus,Titus,1,12,new_testament,Bible:Titus.1.12-Titus.1.13,"Tit. i. 12, 13"
volume_2,clement_alex,stromata,1Cor,1Cor,15,32,new_testament,Bible:1Cor.15.32-1Cor.15.33,"1 Cor. xv. 32, 33"
volume_2,clement_alex,stromata,Ps,Ps,33,,old_testament_or_other,Bible:Ps.33,Ps. xxxiii.
volume_2,clement_alex,stromata,1Cor,1Cor|1Cor,14,9,new_testament,Bible:1Cor.14.9-1Cor.14.11 Bible:1Cor.14.13,"1 Cor. xiv. 9, 10, 11, 13"
volume_2,clement_alex,stromata,John,John,10,8,new_testament,Bible:John.10.8,John x.  8
volume_2,clement_alex,stromata,Prov,Prov,9,3,old_testament_or_other,Bible:Prov.9.3,Prov. ix. 3
volume_2,clement_alex,stromata,John,John,8,44,new_testament,Bible:John.8.44,John viii. 44
volume_2,clement_alex,stromata,Eph,Eph,3,10,new_testament,Bible:Eph.3.10-Eph.3.11,"Eph. iii. 10, 11"
volume_2,clement_alex,stromata,1Cor,1Cor,2,13,new_testament,Bible:1Cor.2.13,1 Cor. ii. 13
volume_2,clement_alex,stromata,John,John,1,16,new_testament,Bible:John.1.16,"John
i. 16"
volume_2,clement_alex,stromata,John,John|John,7,16,new_testament,Bible:John.7.16 Bible:John.7.18,"John vii. 16,
18"
volume_2,clement_alex,stromata,2Tim,2Tim,3,2,new_testament,Bible:2Tim.3.2,2 Tim. iii. 2
volume_2,clement_alex,stromata,1Cor,1Cor,1,19,new_testament,Bible:1Cor.1.19-1Cor.1.20,"1 Cor. i. 19, 20"
volume_2,clement_alex,stromata,1Cor,1Cor,1,21,new_testament,Bible:1Cor.1.21-1Cor.1.24,"1
Cor. i. 21–24"
volume_2,clement_alex,stromata,Titus,Titus,2,14,new_testament,Bible:Titus.2.14,Tit. ii. 14
volume_2,clement_alex,stromata,Acts,Acts,2,41,new_testament,Bible:Acts.2.41,Acts ii. 41
volume_2,clement_alex,stromata,Isa,Isa,1,19,old_testament_or_other,Bible:Isa.1.19,Isa. i. 19
volume_2,clement_alex,stromata,Eph,Eph|Eph,4,24,new_testament,Bible:Eph.4.24-Eph.4.25 Bible:Eph.4.27,"Eph. iv. 24, 25, 27"
volume_2,clement_alex,stromata,Acts,Acts,17,22,new_testament,Bible:Acts.17.22-Acts.17.28,"Acts
xvii. 22–28"
volume_2,clement_alex,stromata,Acts,Acts,26,17,new_testament,Bible:Acts.26.17-Acts.26.18,"Acts xxvi. 17, 18"
volume_2,clement_alex,stromata,1Cor,1Cor,12,12,new_testament,Bible:1Cor.12.12,1 Cor. xii. 12
volume_2,clement_alex,stromata,Prov,Prov,11,21,old_testament_or_other,Bible:Prov.11.21,Prov. xi. 21
volume_2,clement_alex,stromata,Prov,Prov,11,24,old_testament_or_other,Bible:Prov.11.24,Prov. xi. 24
volume_2,clement_alex,stromata,Prov,Prov,27,25,old_testament_or_other,Bible:Prov.27.25-Prov.27.26,"Prov. xxvii. 25,
26"
volume_2,clement_alex,stromata,Prov,Prov,27,23,old_testament_or_other,Bible:Prov.27.23,Prov. xxvii. 23
volume_2,clement_alex,stromata,Rom,Rom,2,14,new_testament,Bible:Rom.2.14-Rom.2.15,"Rom. ii. 14, 15"
volume_2,clement_alex,stromata,Prov,Prov,27,10,old_testament_or_other,Bible:Prov.27.10,"Prov.
xxvii. 10"
volume_2,clement_alex,stromata,Prov,Prov,9,12,old_testament_or_other,Bible:Prov.9.12,Prov. ix. 12
volume_2,clement_alex,stromata,Prov,Prov,9,17,old_testament_or_other,Bible:Prov.9.17,Prov. ix. 17
volume_2,clement_alex,stromata,2Tim,2Tim,3,15,new_testament,Bible:2Tim.3.15,2 Tim. iii. 15
volume_2,clement_alex,stromata,1Cor,1Cor,1,24,new_testament,Bible:1Cor.1.24,1 Cor. i. 24
volume_2,clement_alex,stromata,Prov,Prov,21,11,old_testament_or_other,Bible:Prov.21.11,Prov. xxi. 11
volume_2,clement_alex,stromata,John,John,7,18,new_testament,Bible:John.7.18,John vii. 18
volume_2,clement_alex,stromata,Judg,Judg,3,8,old_testament_or_other,Bible:Judg.3.8,Judg. iii. 8
volume_2,clement_alex,stromata,Judg,Judg,4,6,old_testament_or_other,Bible:Judg.4.6,Judg. iv. 6
volume_2,clement_alex,stromata,Judg,Judg,10,1,old_testament_or_other,Bible:Judg.10.1,Judg. x. 1
volume_2,clement_alex,stromata,Judg,Judg,12,8,old_testament_or_other,Bible:Judg.12.8,Judg. xii. 8
volume_2,clement_alex,stromata,Judg,Judg,12,11,old_testament_or_other,Bible:Judg.12.11,Judg. xii. 11
volume_2,clement_alex,stromata,1Kgs,1Kgs,13,1,old_testament_or_other,Bible:1Kgs.13.1-1Kgs.13.2,"1 Kings
xiii. 1, 2"
volume_2,clement_alex,stromata,Lev,Lev,26,30,old_testament_or_other,Bible:Lev.26.30,Lev. xxvi. 30
volume_2,clement_alex,stromata,2Kgs,2Kgs,23,22,old_testament_or_other,Bible:2Kgs.23.22,2 Kings xxiii. 22
volume_2,clement_alex,stromata,2Kgs,2Kgs,22,8,old_testament_or_other,Bible:2Kgs.22.8,2 Kings xxii. 8
volume_2,clement_alex,stromata,Jer,Jer,26,20,old_testament_or_other,Bible:Jer.26.20,Jer. xxvi.  20
volume_2,clement_alex,stromata,Dan,Dan,9,24,old_testament_or_other,Bible:Dan.9.24-Dan.9.27,Dan. ix. 24–27
volume_2,clement_alex,stromata,1Kgs,1Kgs|1Kgs,7,13,old_testament_or_other,Bible:1Kgs.7.13 Bible:1Kgs.7.40,"1 Kings vii. 13, 40"
volume_2,clement_alex,stromata,John,John,4,1,new_testament,Bible:John.4.1,John iv. 1
volume_2,clement_alex,stromata,Gen,Gen,46,27,old_testament_or_other,Bible:Gen.46.27,Gen. xlvi. 27
volume_2,clement_alex,stromata,Luke,Luke|Luke,3,1,new_testament,Bible:Luke.3.1-Luke.3.2 Bible:Luke.3.23,"Luke
iii. 1, 2, 23"
volume_2,clement_alex,stromata,Isa,Isa,61,1,old_testament_or_other,Bible:Isa.61.1-Isa.61.2,"Isa. lxi. 1, 2"
volume_2,clement_alex,stromata,Dan,Dan,8,13,old_testament_or_other,Bible:Dan.8.13-Dan.8.14,"Dan.  viii. 13, 14"
volume_2,clement_alex,stromata,Dan,Dan,12,12,old_testament_or_other,Bible:Dan.12.12,Dan. xii. 12
volume_2,clement_alex,stromata,Dan,Dan,12,11,old_testament_or_other,Bible:Dan.12.11-Dan.12.12,"Dan. xii. 11, 12"
volume_2,clement_alex,stromata,Matt,Matt,1,17,new_testament,Bible:Matt.1.17,Matt. i. 17
volume_2,clement_alex,stromata,Exod,Exod,2,10,old_testament_or_other,Bible:Exod.2.10,Ex. ii. 10
volume_2,clement_alex,stromata,Deut,Deut,33,5,old_testament_or_other,Bible:Deut.33.5,Deut.  xxxiii. 5
volume_2,clement_alex,stromata,Acts,Acts,7,22,new_testament,Bible:Acts.7.22,"Acts
vii. 22"
volume_2,clement_alex,stromata,Acts,Acts,5,1,new_testament,Bible:Acts.5.1,"Acts
v. 1"
volume_2,clement_alex,stromata,Matt,Matt,6,33,new_testament,Bible:Matt.6.33,Matt. vi. 33
volume_2,clement_alex,stromata,Phil,Phil,2,10,new_testament,Bible:Phil.2.10-Phil.2.11,"Phil. ii. 10, 11"
volume_2,clement_alex,stromata,Exod,Exod,3,14,old_testament_or_other,Bible:Exod.3.14,"Ex. iii.
14"
volume_2,clement_alex,stromata,Gal,Gal|Gal|Gal,3,19,new_testament,Bible:Gal.3.19 Bible:Gal.3.23 Bible:Gal.3.24,"Gal. iii. 19, 23, 24"
volume_2,clement_alex,stromata,John,John,10,11,new_testament,Bible:John.10.11,John x. 11
volume_2,clement_alex,stromata,Jer,Jer,8,22,old_testament_or_other,Bible:Jer.8.22,Jer. viii.  22
volume_2,clement_alex,stromata,1Cor,1Cor,11,32,new_testament,Bible:1Cor.11.32,1 Cor. xi. 32
volume_2,clement_alex,stromata,Ps,Ps,18,18,old_testament_or_other,Bible:Ps.18.18,Ps. cxviii. 18
volume_2,clement_alex,stromata,Deut,Deut|Deut,8,2,old_testament_or_other,Bible:Deut.8.2-Deut.8.3 Bible:Deut.8.5,"Deut. viii. 2,
3, 5"
volume_2,clement_alex,stromata,Prov,Prov,22,3,old_testament_or_other,Bible:Prov.22.3-Prov.22.4,"Prov. xxii. 3, 4"
volume_2,clement_alex,stromata,Prov,Prov,28,5,old_testament_or_other,Bible:Prov.28.5,Prov. xxviii. 5
volume_2,clement_alex,stromata,1Pet,1Pet,4,8,new_testament,Bible:1Pet.4.8,"1
Pet. iv. 8"
volume_2,clement_alex,stromata,Rom,Rom,2,17,new_testament,Bible:Rom.2.17-Rom.2.20,Rom. ii. 17–20
volume_2,clement_alex,stromata,Prov,Prov|Prov,3,13,old_testament_or_other,Bible:Prov.3.13 Bible:Prov.3.16,"Prov. iii. 13, 16"
volume_2,clement_alex,stromata,Prov,Prov,3,3,old_testament_or_other,Bible:Prov.3.3,Prov. iii. 3
volume_2,clement_alex,stromata,Isa,Isa,59,7,old_testament_or_other,Bible:Isa.59.7-Isa.59.8,"Isa. lix. 7, 8"
volume_2,clement_alex,stromata,Rom,Rom,3,16,new_testament,Bible:Rom.3.16-Rom.3.17,"Rom. iii. 16, 17"
volume_2,clement_alex,stromata,Ps,Ps,36,1,old_testament_or_other,Bible:Ps.36.1,Ps. xxxvi. 1
volume_2,clement_alex,stromata,Rom,Rom,3,18,new_testament,Bible:Rom.3.18,Rom. iii. 18
volume_2,clement_alex,stromata,Rom,Rom,1,22,new_testament,Bible:Rom.1.22,Rom. i. 22
volume_2,clement_alex,stromata,1Tim,1Tim,1,8,new_testament,Bible:1Tim.1.8,1 Tim. i. 8
volume_2,clement_alex,stromata,1Tim,1Tim,1,7,new_testament,Bible:1Tim.1.7,1 Tim. i. 7
volume_2,clement_alex,stromata,1Tim,1Tim,1,5,new_testament,Bible:1Tim.1.5,1 Tim. i. 5
volume_2,clement_alex,stromata,Matt,Matt,11,27,new_testament,Bible:Matt.11.27,Matt. xi. 27
volume_2,clement_alex,stromata,Eph,Eph,3,3,new_testament,Bible:Eph.3.3-Eph.3.4,"Eph. iii. 3, 4"
volume_2,clement_alex,stromata,Prov,Prov,6,23,old_testament_or_other,Bible:Prov.6.23,Prov. vi. 23
volume_2,clement_alex,stromata,Gen,Gen,17,4,old_testament_or_other,Bible:Gen.17.4,Gen. xvii. 4
volume_2,clement_alex,stromata,2Tim,2Tim,1,13,new_testament,Bible:2Tim.1.13-2Tim.1.14,"2 Tim. i. 13, 14"
volume_2,clement_alex,stromata,2Tim,2Tim,2,2,new_testament,Bible:2Tim.2.2,2 Tim. ii. 2
volume_2,clement_alex,stromata,1Cor,1Cor,11,2,new_testament,Bible:1Cor.11.2,"1 Cor. xi.
2"
volume_2,clement_alex,stromata,2Thess,2Thess,3,6,new_testament,Bible:2Thess.3.6,2 Thess. iii. 6
volume_2,clement_alex,stromata,1Cor,1Cor,5,8,new_testament,Bible:1Cor.5.8,1 Cor. v. 8
volume_2,clement_alex,stromata,1Cor,1Cor,16,2,new_testament,Bible:1Cor.16.2,1 Cor. xvi. 2
volume_2,clement_alex,stromata,John,John,7,17,new_testament,Bible:John.7.17,"John vii.
17"
volume_2,clement_alex,stromata,Num,Num|Num|Num,24,3,old_testament_or_other,Bible:Num.24.3-Num.24.4 Bible:Num.24.15 Bible:Num.24.16,"Numbers 24:3, 4, 15, 16"
volume_2,clement_alex,stromata,Col,Col,4,6,new_testament,Bible:Col.4.6,Col. iv. 6
volume_2,clement_alex,stromata,Prov,Prov,10,10,old_testament_or_other,Bible:Prov.10.10,Prov. x. 10
volume_2,clement_alex,stromata,Prov,Prov|Prov|Prov,3,5,old_testament_or_other,Bible:Prov.3.5-Prov.3.7 Bible:Prov.3.12 Bible:Prov.3.23,"Prov. iii. 5, 6, 7, 12,
23"
volume_2,clement_alex,stromata,Wis,Wis|Wis|Wis|Wis,7,17,deuterocanonical,Bible:Wis.7.17 Bible:Wis.7.20 Bible:Wis.7.21 Bible:Wis.7.22,"Wisd. vii. 17,
20, 21, 22"
volume_2,clement_alex,stromata,Jer,Jer,23,23,old_testament_or_other,Bible:Jer.23.23-Jer.23.24,"Jer. xxiii. 23, 24"
volume_2,clement_alex,stromata,Exod,Exod,33,18,old_testament_or_other,Bible:Exod.33.18,Ex. xxxiii. 18
volume_2,clement_alex,stromata,Isa,Isa,66,1,old_testament_or_other,Bible:Isa.66.1,Isa. lxvi. 1
volume_2,clement_alex,stromata,Prov,Prov,1,2,old_testament_or_other,Bible:Prov.1.2-Prov.1.6,Prov. i. 2–6
volume_2,clement_alex,stromata,1Cor,1Cor,2,10,new_testament,Bible:1Cor.2.10,1 Cor. ii. 10
volume_2,clement_alex,stromata,Prov,Prov,5,16,old_testament_or_other,Bible:Prov.5.16,Prov. v. 16
volume_2,clement_alex,stromata,Hab,Hab,2,4,old_testament_or_other,Bible:Hab.2.4,Hab. ii. 4
volume_2,clement_alex,stromata,Heb,Heb|Heb,11,1,new_testament,Bible:Heb.11.1-Heb.11.2 Bible:Heb.11.6,"Heb. xi. 1,
2, 6"
volume_2,clement_alex,stromata,John,John,20,29,new_testament,Bible:John.20.29,John xx. 29
volume_2,clement_alex,stromata,Heb,Heb|Heb,11,3,new_testament,Bible:Heb.11.3-Heb.11.4 Bible:Heb.11.25,"Heb. xi. 3, 4, 25"
volume_2,clement_alex,stromata,Heb,Heb,11,32,new_testament,Bible:Heb.11.32,Heb. xi. 32
volume_2,clement_alex,stromata,Matt,Matt,23,9,new_testament,Bible:Matt.23.9,Matt. xxiii. 9
volume_2,clement_alex,stromata,Isa,Isa,64,4,old_testament_or_other,Bible:Isa.64.4,Isa. lxiv. 4
volume_2,clement_alex,stromata,1Cor,1Cor,2,9,new_testament,Bible:1Cor.2.9,1 Cor. ii. 9
volume_2,clement_alex,stromata,Matt,Matt,21,31,new_testament,Bible:Matt.21.31,Matt. xxi. 31
volume_2,clement_alex,stromata,Gen,Gen,33,11,old_testament_or_other,Bible:Gen.33.11,"Gen.
xxxiii. 11"
volume_2,clement_alex,stromata,Exod,Exod,3,16,old_testament_or_other,Bible:Exod.3.16,Ex. iii. 16
volume_2,clement_alex,stromata,Jas,Jas,2,23,new_testament,Bible:Jas.2.23,Jas. ii. 23
volume_2,clement_alex,stromata,Exod,Exod,33,11,old_testament_or_other,Bible:Exod.33.11,Ex. xxxiii. 11
volume_2,clement_alex,stromata,John,John,1,9,new_testament,Bible:John.1.9,John i. 9
volume_2,clement_alex,stromata,Heb,Heb,7,2,new_testament,Bible:Heb.7.2,Heb. vii. 2
volume_2,clement_alex,stromata,Matt,Matt,19,24,new_testament,Bible:Matt.19.24,Matt. xix. 24
volume_2,clement_alex,stromata,Matt,Matt,5,3,new_testament,Bible:Matt.5.3,Matt. v. 3
volume_2,clement_alex,stromata,Matt,Matt,11,28,new_testament,Bible:Matt.11.28-Matt.11.30,Matt. xi. 28–30
volume_2,clement_alex,stromata,John,John,8,32,new_testament,Bible:John.8.32-John.8.36,John viii. 32–36
volume_2,clement_alex,stromata,Isa,Isa,53,3,old_testament_or_other,Bible:Isa.53.3,Isa. liii. 3
volume_2,clement_alex,stromata,Sir,Sir,15,10,deuterocanonical,Bible:Sir.15.10,Ecclus. xv. 10
volume_2,clement_alex,stromata,Sir,Sir,6,33,deuterocanonical,Bible:Sir.6.33,Ecclus. vi. 33
volume_2,clement_alex,stromata,Isa,Isa,53,1,old_testament_or_other,Bible:Isa.53.1,Isa. liii. 1
volume_2,clement_alex,stromata,Rom,Rom|Rom|Rom,10,17,new_testament,Bible:Rom.10.17 Bible:Rom.10.14 Bible:Rom.10.15,"Rom. x. 17, 14, 15"
volume_2,clement_alex,stromata,1Cor,1Cor,1,9,new_testament,Bible:1Cor.1.9,1 Cor. i. 9
volume_2,clement_alex,stromata,Isa,Isa,54,1,old_testament_or_other,Bible:Isa.54.1,Isa. liv. 1
volume_2,clement_alex,stromata,Rom,Rom,1,17,new_testament,Bible:Rom.1.17,Rom. i. 17
volume_2,clement_alex,stromata,1Tim,1Tim,1,18,new_testament,Bible:1Tim.1.18-1Tim.1.19,"1
Tim. i. 18, 19"
volume_2,clement_alex,stromata,Ps,Ps,11,10,old_testament_or_other,Bible:Ps.11.10,Ps. cxi. 10
volume_2,clement_alex,stromata,Prov,Prov,1,7,old_testament_or_other,Bible:Prov.1.7,Prov. i. 7
volume_2,clement_alex,stromata,Prov,Prov,1,17,old_testament_or_other,Bible:Prov.1.17-Prov.1.18,"Prov. i. 17, 18"
volume_2,clement_alex,stromata,Rom,Rom,3,20,new_testament,Bible:Rom.3.20,Rom. iii. 20
volume_2,clement_alex,stromata,Ezek,Ezek,33,11,old_testament_or_other,Bible:Ezek.33.11,Ezek. xxxiii. 11
volume_2,clement_alex,stromata,Jdt,Jdt,8,27,deuterocanonical,Bible:Jdt.8.27,Judith viii. 27
volume_2,clement_alex,stromata,Prov,Prov|Prov,10,4,old_testament_or_other,Bible:Prov.10.4-Prov.10.5 Bible:Prov.10.8,"Prov. x. 4, 5, 8"
volume_2,clement_alex,stromata,Isa,Isa,5,21,old_testament_or_other,Bible:Isa.5.21,Isa. v. 21
volume_2,clement_alex,stromata,Prov,Prov,1,33,old_testament_or_other,Bible:Prov.1.33,Prov. i. 33
volume_2,clement_alex,stromata,Prov,Prov,7,2,old_testament_or_other,Bible:Prov.7.2,Prov. vii. 2
volume_2,clement_alex,stromata,Prov,Prov|Prov,14,16,old_testament_or_other,Bible:Prov.14.16 Bible:Prov.14.26,"Prov. xiv. 16, 26"
volume_2,clement_alex,stromata,Rom,Rom,12,2,new_testament,Bible:Rom.12.2,Rom. xii. 2
volume_2,clement_alex,stromata,Rom,Rom|Rom|Rom,12,9,new_testament,Bible:Rom.12.9-Rom.12.10 Bible:Rom.12.18 Bible:Rom.12.21,"Rom. xii. 9, 10, 18, 21"
volume_2,clement_alex,stromata,Rom,Rom,10,2,new_testament,Bible:Rom.10.2-Rom.10.3,"Rom. x. 2, 3"
volume_2,clement_alex,stromata,Rom,Rom,10,4,new_testament,Bible:Rom.10.4,Rom. x. 4
volume_2,clement_alex,stromata,Rom,Rom,10,19,new_testament,Bible:Rom.10.19,Rom. x. 19
volume_2,clement_alex,stromata,Deut,Deut,32,21,old_testament_or_other,Bible:Deut.32.21,Deut. xxxii. 21
volume_2,clement_alex,stromata,Isa,Isa,45,2,old_testament_or_other,Bible:Isa.45.2,Isa. xlv.  2
volume_2,clement_alex,stromata,Rom,Rom,10,20,new_testament,Bible:Rom.10.20-Rom.10.21,"Rom. x. 20,
21"
volume_2,clement_alex,stromata,Rom,Rom,11,11,new_testament,Bible:Rom.11.11,Rom. xi. 11
volume_2,clement_alex,stromata,Rom,Rom,2,14,new_testament,Bible:Rom.2.14,Rom. ii. 14
volume_2,clement_alex,stromata,Lev,Lev,18,1,old_testament_or_other,Bible:Lev.18.1-Lev.18.5,Lev. xviii. 1–5
volume_2,clement_alex,stromata,Gal,Gal,3,12,new_testament,Bible:Gal.3.12,Gal. iii. 12
volume_2,clement_alex,stromata,Eph,Eph,2,13,new_testament,Bible:Eph.2.13,Eph. ii. 13
volume_2,clement_alex,stromata,Eph,Eph,2,5,new_testament,Bible:Eph.2.5,Eph. ii. 5
volume_2,clement_alex,stromata,1Cor,1Cor,8,1,new_testament,Bible:1Cor.8.1,1 Cor. viii. 1
volume_2,clement_alex,stromata,Matt,Matt,17,20,new_testament,Bible:Matt.17.20,Matt. xvii. 20
volume_2,clement_alex,stromata,Matt,Matt,9,29,new_testament,Bible:Matt.9.29,Matt. ix. 29
volume_2,clement_alex,stromata,Exod,Exod,16,36,old_testament_or_other,Bible:Exod.16.36,Ex. xvi. 36
volume_2,clement_alex,stromata,Matt,Matt,5,28,new_testament,Bible:Matt.5.28,Matt. v. 28
volume_2,clement_alex,stromata,Matt,Matt|Matt,15,11,new_testament,Bible:Matt.15.11 Bible:Matt.15.19,"Matt. xv. 11, 19"
volume_2,clement_alex,stromata,Matt,Matt,5,8,new_testament,Bible:Matt.5.8,Matt. v. 8
volume_2,clement_alex,stromata,Prov,Prov,11,14,old_testament_or_other,Bible:Prov.11.14,Prov. xi. 14
volume_2,clement_alex,stromata,Gen,Gen,18,22,old_testament_or_other,Bible:Gen.18.22-Gen.18.23,"Gen. xviii. 22, 23"
volume_2,clement_alex,stromata,Exod,Exod,34,2,old_testament_or_other,Bible:Exod.34.2,Ex. xxxiv. 2
volume_2,clement_alex,stromata,1Tim,1Tim,6,20,new_testament,Bible:1Tim.6.20-1Tim.6.21,"1 Tim. vi. 20, 21"
volume_2,clement_alex,stromata,Prov,Prov,10,21,old_testament_or_other,Bible:Prov.10.21,Prov. x. 21
volume_2,clement_alex,stromata,Gen,Gen,1,31,old_testament_or_other,Bible:Gen.1.31,Gen. i. 31
volume_2,clement_alex,stromata,Heb,Heb,10,26,new_testament,Bible:Heb.10.26-Heb.10.27,"Heb. x. 26, 27"
volume_2,clement_alex,stromata,John,John,1,13,new_testament,Bible:John.1.13,"John
i. 13"
volume_2,clement_alex,stromata,Prov,Prov,11,5,old_testament_or_other,Bible:Prov.11.5,Prov. xi. 5
volume_2,clement_alex,stromata,Prov,Prov,13,6,old_testament_or_other,Bible:Prov.13.6,Prov. xiii. 6
volume_2,clement_alex,stromata,Ps,Ps,3,13,old_testament_or_other,Bible:Ps.3.13,Ps. ciii. 13
volume_2,clement_alex,stromata,Ps,Ps,26,5,old_testament_or_other,Bible:Ps.26.5,Ps. cxxvi. 5
volume_2,clement_alex,stromata,Ps,Ps,28,1,old_testament_or_other,Bible:Ps.28.1,Ps. cxxviii. 1
volume_2,clement_alex,stromata,Ps,Ps,49,16,old_testament_or_other,Bible:Ps.49.16-Ps.49.17,"Ps. xlix. 16, 17"
volume_2,clement_alex,stromata,Ps,Ps,5,7,old_testament_or_other,Bible:Ps.5.7-Ps.5.8,"Ps. v. 7, 8"
volume_2,clement_alex,stromata,Prov,Prov,11,13,old_testament_or_other,Bible:Prov.11.13,Prov. xi. 13
volume_2,clement_alex,stromata,Ps,Ps,7,9,old_testament_or_other,Bible:Ps.7.9,Ps. vii. 9
volume_2,clement_alex,stromata,Exod,Exod,20,17,old_testament_or_other,Bible:Exod.20.17,Ex. xx. 17
volume_2,clement_alex,stromata,Isa,Isa,29,13,old_testament_or_other,Bible:Isa.29.13,Isa. xxix. 13
volume_2,clement_alex,stromata,Matt,Matt,15,8,new_testament,Bible:Matt.15.8,Matt. xv. 8
volume_2,clement_alex,stromata,Mark,Mark,7,6,new_testament,Bible:Mark.7.6,"Mark
vii. 6"
volume_2,clement_alex,stromata,Rom,Rom,4,7,new_testament,Bible:Rom.4.7-Rom.4.8,"Rom. iv. 7, 8"
volume_2,clement_alex,stromata,1Pet,1Pet,2,24,new_testament,Bible:1Pet.2.24,1 Pet. ii. 24
volume_2,clement_alex,stromata,Ps,Ps,32,1,old_testament_or_other,Bible:Ps.32.1-Ps.32.2,"Ps. xxxii. 1, 2"
volume_2,clement_alex,stromata,1Pet,1Pet,4,8,new_testament,Bible:1Pet.4.8,1 Pet. iv. 8
volume_2,clement_alex,stromata,Jer,Jer,1,20,old_testament_or_other,Bible:Jer.1.20,Jer. i. 20
volume_2,clement_alex,stromata,Jer,Jer,49,19,old_testament_or_other,Bible:Jer.49.19,Jer. xlix. 19
volume_2,clement_alex,stromata,1John,1John,5,16,new_testament,Bible:1John.5.16-1John.5.17,"1 John v. 16, 17"
volume_2,clement_alex,stromata,Ps,Ps,1,1,old_testament_or_other,Bible:Ps.1.1,Ps. i. 1
volume_2,clement_alex,stromata,Ps,Ps,1,2,old_testament_or_other,Bible:Ps.1.2,Ps. i. 2
volume_2,clement_alex,stromata,1Cor,1Cor,8,7,new_testament,Bible:1Cor.8.7,1 Cor. viii. 7
volume_2,clement_alex,stromata,Ps,Ps,1,4,old_testament_or_other,Bible:Ps.1.4-Ps.1.5,"Ps. i. 4, 5"
volume_2,clement_alex,stromata,John,John,3,18,new_testament,Bible:John.3.18,John iii. 18
volume_2,clement_alex,stromata,Ps,Ps,1,5,old_testament_or_other,Bible:Ps.1.5-Ps.1.6,"Ps. i. 5, 6"
volume_2,clement_alex,stromata,Ezek,Ezek,34,4,old_testament_or_other,Bible:Ezek.34.4-Ezek.34.6,Ezek. xxxiv. 4–6
volume_2,clement_alex,stromata,Luke,Luke|Luke,15,7,new_testament,Bible:Luke.15.7 Bible:Luke.15.10,"Luke xv. 7, 10"
volume_2,clement_alex,stromata,Isa,Isa,32,8,old_testament_or_other,Bible:Isa.32.8,Isa. xxxii. 8
volume_2,clement_alex,stromata,Prov,Prov,6,1,old_testament_or_other,Bible:Prov.6.1-Prov.6.2,"Prov. vi. 1, 2"
volume_2,clement_alex,stromata,Luke,Luke,10,27,new_testament,Bible:Luke.10.27,"Luke
x. 27"
volume_2,clement_alex,stromata,John,John,15,11,new_testament,Bible:John.15.11-John.15.12,"John. xv. 11, 12"
volume_2,clement_alex,stromata,Ps,Ps,8,8,old_testament_or_other,Bible:Ps.8.8,Ps. cviii. 8
volume_2,clement_alex,stromata,Exod,Exod,10,28,old_testament_or_other,Bible:Exod.10.28,Ex. x. 28
volume_2,clement_alex,stromata,Deut,Deut,4,9,old_testament_or_other,Bible:Deut.4.9,Deut. iv.  9
volume_2,clement_alex,stromata,Sir,Sir,3,29,deuterocanonical,Bible:Sir.3.29,Ecclus. iii. 29
volume_2,clement_alex,stromata,Prov,Prov,3,7,old_testament_or_other,Bible:Prov.3.7,Prov. iii. 7
volume_2,clement_alex,stromata,Sir,Sir,1,27,deuterocanonical,Bible:Sir.1.27,Ecclus. i. 27
volume_2,clement_alex,stromata,Matt,Matt|Matt,25,35,new_testament,Bible:Matt.25.35 Bible:Matt.25.40,"Matt. xxv. 35, 40"
volume_2,clement_alex,stromata,Prov,Prov,5,22,old_testament_or_other,Bible:Prov.5.22,Prov. v. 22
volume_2,clement_alex,stromata,Prov,Prov,28,14,old_testament_or_other,Bible:Prov.28.14,Prov. xxviii. 14
volume_2,clement_alex,stromata,Matt,Matt,10,24,new_testament,Bible:Matt.10.24-Matt.10.25,"Matt. x. 24, 25"
volume_2,clement_alex,stromata,Luke,Luke,6,40,new_testament,Bible:Luke.6.40,"Luke
vi. 40"
volume_2,clement_alex,stromata,Mark,Mark,1,40,new_testament,Bible:Mark.1.40,Mark i. 40
volume_2,clement_alex,stromata,Prov,Prov,30,3,old_testament_or_other,Bible:Prov.30.3,Prov. xxx. 3
volume_2,clement_alex,stromata,Prov,Prov,15,8,old_testament_or_other,Bible:Prov.15.8,Prov. xv. 8
volume_2,clement_alex,stromata,Isa,Isa,1,11,old_testament_or_other,Bible:Isa.1.11,Isa. i. 11
volume_2,clement_alex,stromata,Isa,Isa,58,6,old_testament_or_other,Bible:Isa.58.6,Isa. lviii. 6
volume_2,clement_alex,stromata,Prov,Prov,11,1,old_testament_or_other,Bible:Prov.11.1,Prov. xi. 1
volume_2,clement_alex,stromata,Prov,Prov,16,21,old_testament_or_other,Bible:Prov.16.21,Prov. xvi. 21
volume_2,clement_alex,stromata,Deut,Deut,22,5,old_testament_or_other,Bible:Deut.22.5,Deut. xxii. 5
volume_2,clement_alex,stromata,Deut,Deut,20,5,old_testament_or_other,Bible:Deut.20.5-Deut.20.7,Deut. xx.  5–7
volume_2,clement_alex,stromata,Prov,Prov,10,7,old_testament_or_other,Bible:Prov.10.7,Prov. x. 7
volume_2,clement_alex,stromata,Prov,Prov,8,17,old_testament_or_other,Bible:Prov.8.17,Prov. viii. 17
volume_2,clement_alex,stromata,Prov,Prov,9,10,old_testament_or_other,Bible:Prov.9.10,Prov. ix. 10
volume_2,clement_alex,stromata,Prov,Prov,19,23,old_testament_or_other,Bible:Prov.19.23,Prov. xix. 23
volume_2,clement_alex,stromata,Deut,Deut,24,10,old_testament_or_other,Bible:Deut.24.10-Deut.24.11,"Deut. xxiv. 10, 11"
volume_2,clement_alex,stromata,Lev,Lev,19,9,old_testament_or_other,Bible:Lev.19.9,Lev. xix. 9
volume_2,clement_alex,stromata,Deut,Deut,24,19,old_testament_or_other,Bible:Deut.24.19,"Deut. xxiv.
19"
volume_2,clement_alex,stromata,Lev,Lev,19,10,old_testament_or_other,Bible:Lev.19.10,Lev. xix. 10
volume_2,clement_alex,stromata,Deut,Deut,24,20,old_testament_or_other,Bible:Deut.24.20-Deut.24.21,"Deut. xxiv. 20,
21"
volume_2,clement_alex,stromata,Exod,Exod,33,10,old_testament_or_other,Bible:Exod.33.10-Exod.33.11,"Ex. xxxiii. 10, 11"
volume_2,clement_alex,stromata,Lev,Lev,25,2,old_testament_or_other,Bible:Lev.25.2-Lev.25.7,"Lev. xxv.
2–7"
volume_2,clement_alex,stromata,Prov,Prov,20,28,old_testament_or_other,Bible:Prov.20.28,Prov. xx. 28
volume_2,clement_alex,stromata,Exod,Exod,23,4,old_testament_or_other,Bible:Exod.23.4,Ex. xxiii. 4
volume_2,clement_alex,stromata,Deut,Deut|Deut,22,12,old_testament_or_other,Bible:Deut.22.12 Bible:Deut.22.3,"Deut. xxii. 12, 3"
volume_2,clement_alex,stromata,Prov,Prov,14,27,old_testament_or_other,Bible:Prov.14.27,Prov. xiv. 27
volume_2,clement_alex,stromata,Lev,Lev,19,33,old_testament_or_other,Bible:Lev.19.33-Lev.19.34,"Lev. xix. 33, 34"
volume_2,clement_alex,stromata,Deut,Deut,10,19,old_testament_or_other,Bible:Deut.10.19,Deut. x. 19
volume_2,clement_alex,stromata,Deut,Deut,23,7,old_testament_or_other,Bible:Deut.23.7,Deut. xxiii. 7
volume_2,clement_alex,stromata,Deut,Deut,20,10,old_testament_or_other,Bible:Deut.20.10,Deut. xx. 10
volume_2,clement_alex,stromata,Deut,Deut,21,10,old_testament_or_other,Bible:Deut.21.10-Deut.21.13,Deut. xxi. 10–13
volume_2,clement_alex,stromata,Matt,Matt,5,,new_testament,Bible:Matt.5,Matt. v.
volume_2,clement_alex,stromata,Luke,Luke,6,,new_testament,Bible:Luke.6,Luke vi.
volume_2,clement_alex,stromata,Prov,Prov,19,11,old_testament_or_other,Bible:Prov.19.11,Prov. xix. 11
volume_2,clement_alex,stromata,Deut,Deut,14,21,old_testament_or_other,Bible:Deut.14.21,Deut. xiv. 21
volume_2,clement_alex,stromata,Deut,Deut,25,4,old_testament_or_other,Bible:Deut.25.4,Deut. xxv. 4
volume_2,clement_alex,stromata,1Tim,1Tim,5,18,new_testament,Bible:1Tim.5.18,1 Tim. v. 18
volume_2,clement_alex,stromata,Deut,Deut,22,10,old_testament_or_other,Bible:Deut.22.10,Deut. xxii. 10
volume_2,clement_alex,stromata,Deut,Deut,8,18,old_testament_or_other,Bible:Deut.8.18,Deut. viii. 18
volume_2,clement_alex,stromata,Matt,Matt,5,19,new_testament,Bible:Matt.5.19,Matt. v. 19
volume_2,clement_alex,stromata,Num,Num,15,30,old_testament_or_other,Bible:Num.15.30,Num. xv. 30
volume_2,clement_alex,stromata,Deut,Deut,26,17,old_testament_or_other,Bible:Deut.26.17-Deut.26.18,"Deut.  xxvi. 17, 18"
volume_2,clement_alex,stromata,Gen,Gen,33,11,old_testament_or_other,Bible:Gen.33.11,Gen. xxxiii. 11
volume_2,clement_alex,stromata,Gen,Gen,23,6,old_testament_or_other,Bible:Gen.23.6,Gen. xxiii. 6
volume_2,clement_alex,stromata,Deut,Deut,13,4,old_testament_or_other,Bible:Deut.13.4,Deut. xiii. 4
volume_2,clement_alex,stromata,Luke,Luke,6,36,new_testament,Bible:Luke.6.36,Luke vi. 36
volume_2,clement_alex,stromata,Prov,Prov,28,4,old_testament_or_other,Bible:Prov.28.4-Prov.28.5,"Prov. xxviii. 4, 5"
volume_2,clement_alex,stromata,Prov,Prov,14,8,old_testament_or_other,Bible:Prov.14.8,Prov. xiv. 8
volume_2,clement_alex,stromata,Prov,Prov,21,26,old_testament_or_other,Bible:Prov.21.26,Prov. xxi. 26
volume_2,clement_alex,stromata,Prov,Prov,2,21,old_testament_or_other,Bible:Prov.2.21-Prov.2.22,"Prov. ii. 21,
22"
volume_2,clement_alex,stromata,2Cor,2Cor,8,12,new_testament,Bible:2Cor.8.12-2Cor.8.14,"2 Cor. viii. 12,
13, 14"
volume_2,clement_alex,stromata,Ps,Ps,12,9,old_testament_or_other,Bible:Ps.12.9,Ps. cxii. 9
volume_2,clement_alex,stromata,Gal,Gal,6,14,new_testament,Bible:Gal.6.14,Gal vi. 14
volume_2,clement_alex,stromata,Eph,Eph,6,11,new_testament,Bible:Eph.6.11,Eph. vi. 11
volume_2,clement_alex,stromata,Acts,Acts,6,5,new_testament,Bible:Acts.6.5,Acts vi. 5
volume_2,clement_alex,stromata,Ps,Ps,82,1,old_testament_or_other,Bible:Ps.82.1,Ps. lxxxii. 1
volume_2,clement_alex,stromata,Ps,Ps,82,6,old_testament_or_other,Bible:Ps.82.6,Ps. lxxxii. 6
volume_2,clement_alex,stromata,Rom,Rom,8,9,new_testament,Bible:Rom.8.9,Rom. viii. 9
volume_2,clement_alex,stromata,2Cor,2Cor,10,3,new_testament,Bible:2Cor.10.3,2 Cor. x. 3
volume_2,clement_alex,stromata,1Cor,1Cor,15,50,new_testament,Bible:1Cor.15.50,1 Cor. xv. 50
volume_2,clement_alex,stromata,Heb,Heb,13,5,new_testament,Bible:Heb.13.5,Heb. xiii. 5
volume_2,clement_alex,stromata,Luke,Luke,14,11,new_testament,Bible:Luke.14.11,Luke xiv. 11
volume_2,clement_alex,stromata,Rom,Rom,6,22,new_testament,Bible:Rom.6.22,Rom. vi. 22
volume_2,clement_alex,stromata,Rom,Rom,5,4,new_testament,Bible:Rom.5.4-Rom.5.5,"Rom. v. 4,
5"
volume_2,clement_alex,stromata,Heb,Heb,4,8,new_testament,Bible:Heb.4.8-Heb.4.9,"Heb. iv. 8, 9"
volume_2,clement_alex,stromata,Ezek,Ezek,18,4,old_testament_or_other,Bible:Ezek.18.4-Ezek.18.9,Ezek. xviii. 4–9
volume_2,clement_alex,stromata,Isa,Isa|Isa,55,6,old_testament_or_other,Bible:Isa.55.6-Isa.55.7 Bible:Isa.55.9,"Isa. lv. 6, 7, 9"
volume_2,clement_alex,stromata,Gal,Gal,5,5,new_testament,Bible:Gal.5.5-Gal.5.6,"Gal. v. 5, 6"
volume_2,clement_alex,stromata,Heb,Heb,6,11,new_testament,Bible:Heb.6.11-Heb.6.20,Heb. vi. 11–20
volume_2,clement_alex,stromata,1Cor,1Cor,11,1,new_testament,Bible:1Cor.11.1,1 Cor. xi. 1
volume_2,clement_alex,stromata,Gen,Gen,20,12,old_testament_or_other,Bible:Gen.20.12,Gen. xx. 12
volume_2,clement_alex,stromata,Tob,Tob,4,15,deuterocanonical,Bible:Tob.4.15,Tob. iv. 15
volume_2,clement_alex,stromata,Gen,Gen,1,28,old_testament_or_other,Bible:Gen.1.28,Gen. i. 28
volume_2,clement_alex,stromata,Gen,Gen,2,18,old_testament_or_other,Bible:Gen.2.18,Gen. ii. 18
volume_2,clement_alex,stromata,Matt,Matt,5,32,new_testament,Bible:Matt.5.32,Matt. v. 32
volume_2,clement_alex,stromata,Lev,Lev,20,10,old_testament_or_other,Bible:Lev.20.10,Lev. xx. 10
volume_2,clement_alex,stromata,Deut,Deut,22,22,old_testament_or_other,Bible:Deut.22.22,Deut. xxii. 22
volume_2,clement_alex,stromata,Lev,Lev,21,9,old_testament_or_other,Bible:Lev.21.9,Lev. xxi. 9
volume_2,clement_alex,stromata,Luke,Luke,12,48,new_testament,Bible:Luke.12.48,Luke. xii. 48
volume_2,clement_alex,stromata,John,John,12,23,new_testament,Bible:John.12.23-John.12.26,"John
xii. 23–26"
volume_2,clement_alex,stromata,1Tim,1Tim,6,20,new_testament,Bible:1Tim.6.20,"1
Tim. vi. 20"
volume_2,clement_alex,stromata,Matt,Matt,19,11,new_testament,Bible:Matt.19.11-Matt.19.12,"Matt. xix. 11, 12"
volume_2,clement_alex,stromata,2Cor,2Cor|2Cor,9,13,new_testament,Bible:2Cor.9.13 Bible:2Cor.9.15,"2
Cor. ix. 13, 15"
volume_2,clement_alex,stromata,Gal,Gal,6,2,new_testament,Bible:Gal.6.2,Gal. vi. 2
volume_2,clement_alex,stromata,2Cor,2Cor,10,12,new_testament,Bible:2Cor.10.12,2 Cor. x. 12
volume_2,clement_alex,stromata,1Cor,1Cor,7,9,new_testament,Bible:1Cor.7.9,1 Cor. vii. 9
volume_2,clement_alex,stromata,Exod,Exod,20,13,old_testament_or_other,Bible:Exod.20.13,Ex. xx. 13
volume_2,clement_alex,stromata,Jude,Jude,1,8,new_testament,Bible:Jude.1.8-Jude.1.17,Jude 8–17
volume_2,clement_alex,stromata,Rom,Rom,7,24,new_testament,Bible:Rom.7.24,Rom. vii. 24
volume_2,clement_alex,stromata,Matt,Matt,8,22,new_testament,Bible:Matt.8.22,Matt. viii. 22
volume_2,clement_alex,stromata,Luke,Luke,9,60,new_testament,Bible:Luke.9.60,Luke ix. 60
volume_2,clement_alex,stromata,Matt,Matt,6,24,new_testament,Bible:Matt.6.24,Matt. vi. 24
volume_2,clement_alex,stromata,Luke,Luke,16,13,new_testament,Bible:Luke.16.13,Luke xvi. 13
volume_2,clement_alex,stromata,Matt,Matt,5,24,new_testament,Bible:Matt.5.24,Matt. v. 24
volume_2,clement_alex,stromata,Luke,Luke,6,30,new_testament,Bible:Luke.6.30,Luke vi. 30
volume_2,clement_alex,stromata,Eph,Eph,4,20,new_testament,Bible:Eph.4.20-Eph.4.24,Eph. iv. 20–24
volume_2,clement_alex,stromata,Eph,Eph,5,1,new_testament,Bible:Eph.5.1-Eph.5.4,Eph. v. 1–4
volume_2,clement_alex,stromata,Eph,Eph,5,5,new_testament,Bible:Eph.5.5-Eph.5.11,Eph. v. 5–11
volume_2,clement_alex,stromata,Rom,Rom,6,16,new_testament,Bible:Rom.6.16,Rom. vi. 16
volume_2,clement_alex,stromata,Num,Num,25,8,old_testament_or_other,Bible:Num.25.8,Num. xxv. 8
volume_2,clement_alex,stromata,1John,1John,1,6,new_testament,Bible:1John.1.6-1John.1.7,"1 John i. 6, 7"
volume_2,clement_alex,stromata,Matt,Matt,5,20,new_testament,Bible:Matt.5.20,Matt. v. 20
volume_2,clement_alex,stromata,Dan,Dan,1,1,old_testament_or_other,Bible:Dan.1.1,Dan. i. 1
volume_2,clement_alex,stromata,Ps,Ps,18,9,old_testament_or_other,Bible:Ps.18.9,Ps. cxviii. 9
volume_2,clement_alex,stromata,Jer,Jer,10,2,old_testament_or_other,Bible:Jer.10.2,Jer. x. 2
volume_2,clement_alex,stromata,Luke,Luke,11,40,new_testament,Bible:Luke.11.40,Luke xi. 40
volume_2,clement_alex,stromata,Matt,Matt,5,25,new_testament,Bible:Matt.5.25,Matt. v. 25
volume_2,clement_alex,stromata,Luke,Luke,12,58,new_testament,Bible:Luke.12.58,Luke xii. 58
volume_2,clement_alex,stromata,Matt,Matt,5,16,new_testament,Bible:Matt.5.16,Matt. v. 16
volume_2,clement_alex,stromata,Gen,Gen,1,29,old_testament_or_other,Bible:Gen.1.29,Gen. i. 29
volume_2,clement_alex,stromata,Exod,Exod,21,24,old_testament_or_other,Bible:Exod.21.24,Ex. xxi. 24
volume_2,clement_alex,stromata,Exod,Exod,22,1,old_testament_or_other,Bible:Exod.22.1,Ex. xxii. 1
volume_2,clement_alex,stromata,Deut,Deut,6,5,old_testament_or_other,Bible:Deut.6.5,Deut. vi. 5
volume_2,clement_alex,stromata,Deut,Deut,27,15,old_testament_or_other,Bible:Deut.27.15,Deut. xxvii. 15
volume_2,clement_alex,stromata,Mal,Mal,3,15,old_testament_or_other,Bible:Mal.3.15,Mal. iii. 15
volume_2,clement_alex,stromata,Jer,Jer,12,1,old_testament_or_other,Bible:Jer.12.1,Jer. xii. 1
volume_2,clement_alex,stromata,Rom,Rom,3,8,new_testament,Bible:Rom.3.8,Rom. iii. 8
volume_2,clement_alex,stromata,Mal,Mal,2,17,old_testament_or_other,Bible:Mal.2.17,Mal. ii. 17
volume_2,clement_alex,stromata,1Cor,1Cor,6,13,new_testament,Bible:1Cor.6.13,1 Cor. vi. 13
volume_2,clement_alex,stromata,Gal,Gal,5,13,new_testament,Bible:Gal.5.13,Gal. v. 13
volume_2,clement_alex,stromata,John,John,3,3,new_testament,Bible:John.3.3,John iii. 3
volume_2,clement_alex,stromata,Col,Col,2,11,new_testament,Bible:Col.2.11,Col. ii. 11
volume_2,clement_alex,stromata,Col,Col|Col,3,4,new_testament,Bible:Col.3.4 Bible:Col.3.10,"Col. iii. 4, 10"
volume_2,clement_alex,stromata,1John,1John,2,4,new_testament,Bible:1John.2.4,"1
John. ii. 4"
volume_2,clement_alex,stromata,1John,1John,2,18,new_testament,Bible:1John.2.18-1John.2.19,"1
John ii. 18, 19"
volume_2,clement_alex,stromata,Matt,Matt,5,17,new_testament,Bible:Matt.5.17,Matt. v. 17
volume_2,clement_alex,stromata,Matt,Matt,19,6,new_testament,Bible:Matt.19.6,Matt. xix. 6
volume_2,clement_alex,stromata,Mark,Mark,10,9,new_testament,Bible:Mark.10.9,Mark. x. 9
volume_2,clement_alex,stromata,1Cor,1Cor,7,14,new_testament,Bible:1Cor.7.14,"1
Cor. vii. 14"
volume_2,clement_alex,stromata,Matt,Matt,19,3,new_testament,Bible:Matt.19.3,Matt. xix. 3
volume_2,clement_alex,stromata,Mark,Mark,10,2,new_testament,Bible:Mark.10.2,"Mark
x. 2"
volume_2,clement_alex,stromata,Matt,Matt,22,30,new_testament,Bible:Matt.22.30,Matt. xxii. 30
volume_2,clement_alex,stromata,Mark,Mark,12,23,new_testament,Bible:Mark.12.23,Mark xii. 23
volume_2,clement_alex,stromata,Luke,Luke,20,35,new_testament,Bible:Luke.20.35,Luke xx. 35
volume_2,clement_alex,stromata,Rom,Rom,14,17,new_testament,Bible:Rom.14.17,Rom. xiv. 17
volume_2,clement_alex,stromata,Jas,Jas,4,6,new_testament,Bible:Jas.4.6,Jas. iv. 6
volume_2,clement_alex,stromata,1Pet,1Pet,5,5,new_testament,Bible:1Pet.5.5,"1
Pet. v. 5"
volume_2,clement_alex,stromata,Mark,Mark,10,9,new_testament,Bible:Mark.10.9,Mark x. 9
volume_2,clement_alex,stromata,Matt,Matt,24,37,new_testament,Bible:Matt.24.37,Matt. xxiv. 37
volume_2,clement_alex,stromata,Luke,Luke,17,28,new_testament,Bible:Luke.17.28,Luke xvii. 28
volume_2,clement_alex,stromata,Luke,Luke,18,8,new_testament,Bible:Luke.18.8,Luke xviii. 8
volume_2,clement_alex,stromata,Matt,Matt,24,19,new_testament,Bible:Matt.24.19,Matt. xxiv. 19
volume_2,clement_alex,stromata,Mark,Mark,13,17,new_testament,Bible:Mark.13.17,Mark xiii. 17
volume_2,clement_alex,stromata,Luke,Luke,21,23,new_testament,Bible:Luke.21.23,Luke xxi. 23
volume_2,clement_alex,stromata,Acts,Acts,1,7,new_testament,Bible:Acts.1.7,Acts i. 7
volume_2,clement_alex,stromata,Matt,Matt,19,10,new_testament,Bible:Matt.19.10-Matt.19.11,"Matt. xix. 10, 11"
volume_2,clement_alex,stromata,1Tim,1Tim|1Tim,4,1,new_testament,Bible:1Tim.4.1 Bible:1Tim.4.3,"1 Tim. iv. 1, 3"
volume_2,clement_alex,stromata,Col,Col|Col,2,18,new_testament,Bible:Col.2.18 Bible:Col.2.23,"Col. ii. 18, 23"
volume_2,clement_alex,stromata,1Cor,1Cor,7,27,new_testament,Bible:1Cor.7.27,1 Cor. vii. 27
volume_2,clement_alex,stromata,1Cor,1Cor|1Cor,7,2,new_testament,Bible:1Cor.7.2 Bible:1Cor.7.5,"1 Cor. vii. 2, 5"
volume_2,clement_alex,stromata,Rom,Rom,14,3,new_testament,Bible:Rom.14.3,Rom. xiv. 3
volume_2,clement_alex,stromata,Matt,Matt,11,18,new_testament,Bible:Matt.11.18-Matt.11.19,"Matt. xi. 18, 19"
volume_2,clement_alex,stromata,1Cor,1Cor,9,5,new_testament,Bible:1Cor.9.5,1 Cor. ix. 5
volume_2,clement_alex,stromata,Matt,Matt,5,42,new_testament,Bible:Matt.5.42,Matt. v. 42
volume_2,clement_alex,stromata,Matt,Matt,25,35,new_testament,Bible:Matt.25.35-Matt.25.36,"Matt. xxv. 35, 36"
volume_2,clement_alex,stromata,Matt,Matt,25,40,new_testament,Bible:Matt.25.40,Matt. xxv. 40
volume_2,clement_alex,stromata,Prov,Prov,19,17,old_testament_or_other,Bible:Prov.19.17,Prov. xix. 17
volume_2,clement_alex,stromata,Prov,Prov,3,27,old_testament_or_other,Bible:Prov.3.27,Prov. iii. 27
volume_2,clement_alex,stromata,Prov,Prov,10,4,old_testament_or_other,Bible:Prov.10.4,Prov. x. 4
volume_2,clement_alex,stromata,Prov,Prov,13,8,old_testament_or_other,Bible:Prov.13.8,Prov. xiii. 8
volume_2,clement_alex,stromata,Matt,Matt,19,16,new_testament,Bible:Matt.19.16,Matt. xix. 16
volume_2,clement_alex,stromata,Mark,Mark,10,17,new_testament,Bible:Mark.10.17,Mark x. 17
volume_2,clement_alex,stromata,Luke,Luke,18,18,new_testament,Bible:Luke.18.18,"Luke
xviii. 18"
volume_2,clement_alex,stromata,Prov,Prov,13,11,old_testament_or_other,Bible:Prov.13.11,Prov. xiii. 11
volume_2,clement_alex,stromata,Prov,Prov,11,23,old_testament_or_other,Bible:Prov.11.23,Prov. xi. 23
volume_2,clement_alex,stromata,Ps,Ps,11,9,old_testament_or_other,Bible:Ps.11.9,Ps. cxi. 9
volume_2,clement_alex,stromata,Matt,Matt,6,19,new_testament,Bible:Matt.6.19,Matt. vi. 19
volume_2,clement_alex,stromata,Hag,Hag,1,6,old_testament_or_other,Bible:Hag.1.6,Hagg. i. 6
volume_2,clement_alex,stromata,Luke,Luke,12,16,new_testament,Bible:Luke.12.16-Luke.12.20,Luke xii. 16–20
volume_2,clement_alex,stromata,Rom,Rom,13,12,new_testament,Bible:Rom.13.12-Rom.13.14,"Rom. xiii. 12, 13, 14"
volume_2,clement_alex,stromata,Matt,Matt,19,12,new_testament,Bible:Matt.19.12,Matt. xix. 12
volume_2,clement_alex,stromata,Heb,Heb,9,14,new_testament,Bible:Heb.9.14,Heb. ix. 14
volume_2,clement_alex,stromata,Rom,Rom,6,14,new_testament,Bible:Rom.6.14,Romans 6:14
volume_2,clement_alex,stromata,Rom,Rom,6,14,new_testament,Bible:Rom.6.14,Rom. vi. 14
volume_2,clement_alex,stromata,Rom,Rom,6,15,new_testament,Bible:Rom.6.15,Rom. vi. 15
volume_2,clement_alex,stromata,2Cor,2Cor,5,10,new_testament,Bible:2Cor.5.10,2 Cor. v. 10
volume_2,clement_alex,stromata,2Cor,2Cor,5,16,new_testament,Bible:2Cor.5.16-2Cor.5.17,"2 Cor. v. 16, 17"
volume_2,clement_alex,stromata,2Cor,2Cor,6,14,new_testament,Bible:2Cor.6.14-2Cor.6.16,"2 Cor. vi. 14, 15,
16"
volume_2,clement_alex,stromata,2Cor,2Cor,7,1,new_testament,Bible:2Cor.7.1,2 Cor. vii. 1
volume_2,clement_alex,stromata,Eph,Eph,2,5,new_testament,Bible:Eph.2.5,Eph. ii.  5
volume_2,clement_alex,stromata,Rom,Rom,5,12,new_testament,Bible:Rom.5.12-Rom.5.14,Rom. v. 12–14
volume_2,clement_alex,stromata,Gen,Gen,3,20,old_testament_or_other,Bible:Gen.3.20,Gen. iii. 20
volume_2,clement_alex,stromata,Phil,Phil,1,20,new_testament,Bible:Phil.1.20-Phil.1.24,Phil. i. 20-24
volume_2,clement_alex,stromata,Ps,Ps,48,21,old_testament_or_other,Bible:Ps.48.21,Ps. xlviii. 21
volume_2,clement_alex,stromata,Matt,Matt,18,20,new_testament,Bible:Matt.18.20,Matt. xviii. 20
volume_2,clement_alex,stromata,1Cor,1Cor,7,7,new_testament,Bible:1Cor.7.7,"1 Cor.
vii. 7"
volume_2,clement_alex,stromata,Matt,Matt,5,27,new_testament,Bible:Matt.5.27-Matt.5.28,"Matt. v. 27, 28"
volume_2,clement_alex,stromata,Deut,Deut,21,11,old_testament_or_other,Bible:Deut.21.11-Deut.21.13,"Deut. xxi. 11, 12, 13"
volume_2,clement_alex,stromata,Exod,Exod,19,20,old_testament_or_other,Bible:Exod.19.20,Ex. xix. 20
volume_2,clement_alex,stromata,2Cor,2Cor,6,16,new_testament,Bible:2Cor.6.16-2Cor.6.18,"2 Cor. vi. 16, 17, 18"
volume_2,clement_alex,stromata,2Cor,2Cor,11,2,new_testament,Bible:2Cor.11.2,2 Cor. xi. 2
volume_2,clement_alex,stromata,2Cor,2Cor,11,3,new_testament,Bible:2Cor.11.3,2 Cor. xi. 3
volume_2,clement_alex,stromata,1Pet,1Pet|1Pet|1Pet,2,11,new_testament,Bible:1Pet.2.11-1Pet.2.12 Bible:1Pet.2.15 Bible:1Pet.2.16,"1 Pet. ii. 11, 12, 15,
16"
volume_2,clement_alex,stromata,Rom,Rom|Rom,6,2,new_testament,Bible:Rom.6.2 Bible:Rom.6.6,"Rom. vi. 2, 6"
volume_2,clement_alex,stromata,Rom,Rom,6,13,new_testament,Bible:Rom.6.13,Rom. vi. 13
volume_2,clement_alex,stromata,Rom,Rom,7,7,new_testament,Bible:Rom.7.7,Rom. vii. 7
volume_2,clement_alex,stromata,Rom,Rom,7,18,new_testament,Bible:Rom.7.18,Rom. vii. 18
volume_2,clement_alex,stromata,Rom,Rom,7,17,new_testament,Bible:Rom.7.17,Rom. vii. 17
volume_2,clement_alex,stromata,Rom,Rom|Rom|Rom,7,20,new_testament,Bible:Rom.7.20 Bible:Rom.7.23 Bible:Rom.7.24,"Rom. vii. 20, 23, 24"
volume_2,clement_alex,stromata,Rom,Rom,8,2,new_testament,Bible:Rom.8.2-Rom.8.4,"Rom. viii. 2, 3, 4"
volume_2,clement_alex,stromata,Rom,Rom,8,10,new_testament,Bible:Rom.8.10-Rom.8.11,"Rom. viii. 10, 11"
volume_2,clement_alex,stromata,Rom,Rom|Rom|Rom|Rom|Rom|Rom|Rom|Rom,8,5,new_testament,Bible:Rom.8.5-Rom.8.7 Bible:Rom.8.8 Bible:Rom.8.9 Bible:Rom.8.10 Bible:Rom.8.12 Bible:Rom.8.13 Bible:Rom.8.14 Bible:Rom.8.15,"Rom. viii. 5, 6, 7, 8, 9, 10, 12, 13, 14, 15"
volume_2,clement_alex,stromata,1Cor,1Cor|1Cor|1Cor,7,5,new_testament,Bible:1Cor.7.5 Bible:1Cor.7.39 Bible:1Cor.7.40,"1 Cor. vii. 5, 39, 40"
volume_2,clement_alex,stromata,1Cor,1Cor,7,5,new_testament,Bible:1Cor.7.5,1 Cor. vii. 5
volume_2,clement_alex,stromata,1Cor,1Cor,7,24,new_testament,Bible:1Cor.7.24,1 Cor. vii. 24
volume_2,clement_alex,stromata,Rom,Rom,8,2,new_testament,Bible:Rom.8.2,Rom. viii. 2
volume_2,clement_alex,stromata,1Cor,1Cor,7,39,new_testament,Bible:1Cor.7.39-1Cor.7.40,"1 Cor. vii. 39, 40"
volume_2,clement_alex,stromata,Rom,Rom,7,4,new_testament,Bible:Rom.7.4,Rom. vii. 4
volume_2,clement_alex,stromata,2Cor,2Cor,11,3,new_testament,Bible:2Cor.11.3,"2
Cor. xi. 3"
volume_2,clement_alex,stromata,Gen,Gen,4,25,old_testament_or_other,Bible:Gen.4.25,Gen. iv. 25
volume_2,clement_alex,stromata,Rom,Rom,7,12,new_testament,Bible:Rom.7.12,Rom. vii. 12
volume_2,clement_alex,stromata,John,John,3,6,new_testament,Bible:John.3.6,John iii. 6
volume_2,clement_alex,stromata,1Cor,1Cor,7,14,new_testament,Bible:1Cor.7.14,1 Cor. vii. 14
volume_2,clement_alex,stromata,1Tim,1Tim|1Tim|1Tim,4,1,new_testament,Bible:1Tim.4.1-1Tim.4.3 Bible:1Tim.4.4 Bible:1Tim.4.5,"1 Tim. iv. 1, 2, 3, 4, 5"
volume_2,clement_alex,stromata,Rom,Rom,14,21,new_testament,Bible:Rom.14.21,Rom. xiv. 21
volume_2,clement_alex,stromata,1Cor,1Cor,7,8,new_testament,Bible:1Cor.7.8,1 Cor. vii. 8
volume_2,clement_alex,stromata,Rom,Rom,14,19,new_testament,Bible:Rom.14.19,Rom. xiv. 19
volume_2,clement_alex,stromata,Isa,Isa,50,9,old_testament_or_other,Bible:Isa.50.9,Isa. l. 9
volume_2,clement_alex,stromata,Luke,Luke,20,34,new_testament,Bible:Luke.20.34,Luke xx. 34
volume_2,clement_alex,stromata,1Cor,1Cor,7,32,new_testament,Bible:1Cor.7.32-1Cor.7.34,"1 Cor. vii. 32, 33,
34"
volume_2,clement_alex,stromata,1Cor,1Cor,6,18,new_testament,Bible:1Cor.6.18,1 Cor. vi. 18
volume_2,clement_alex,stromata,Isa,Isa,50,1,old_testament_or_other,Bible:Isa.50.1,"Isa.
l. 1"
volume_2,clement_alex,stromata,1Tim,1Tim,5,14,new_testament,Bible:1Tim.5.14-1Tim.5.15,"1 Tim. v. 14, 15"
volume_2,clement_alex,stromata,1Tim,1Tim,3,15,new_testament,Bible:1Tim.3.15,1 Tim. iii. 15
volume_2,clement_alex,stromata,Luke,Luke,19,20,new_testament,Bible:Luke.19.20,"Luke
xix. 20"
volume_2,clement_alex,stromata,Ps,Ps,6,8,old_testament_or_other,Bible:Ps.6.8,Ps. vi. 8
volume_2,clement_alex,stromata,Isa,Isa,56,3,old_testament_or_other,Bible:Isa.56.3,Isa. lvi. 3
volume_2,clement_alex,stromata,Eph,Eph,4,24,new_testament,Bible:Eph.4.24,Eph. iv. 24
volume_2,clement_alex,stromata,Matt,Matt,18,11,new_testament,Bible:Matt.18.11-Matt.18.12,"Matt. xviii. 11, 12"
volume_2,clement_alex,stromata,Gen,Gen,3,21,old_testament_or_other,Bible:Gen.3.21,Gen. iii. 21
volume_2,clement_alex,stromata,Phil,Phil,3,20,new_testament,Bible:Phil.3.20,Phil. iii. 20
volume_2,clement_alex,stromata,Isa,Isa,56,2,old_testament_or_other,Bible:Isa.56.2-Isa.56.3,"Isa. lvi. 2, 3"
volume_2,clement_alex,stromata,1Cor,1Cor,7,1,new_testament,Bible:1Cor.7.1-1Cor.7.2,"1
Cor. vii. 1, 2"
volume_2,clement_alex,stromata,1Cor,1Cor|1Cor,7,3,new_testament,Bible:1Cor.7.3 Bible:1Cor.7.5,"1 Cor. vii. 3, 5"
volume_2,clement_alex,stromata,Luke,Luke,14,26,new_testament,Bible:Luke.14.26,"Luke
xiv. 26"
volume_2,clement_alex,stromata,Exod,Exod,20,12,old_testament_or_other,Bible:Exod.20.12,Ex. xx. 12
volume_2,clement_alex,stromata,1Cor,1Cor,7,33,new_testament,Bible:1Cor.7.33,1 Cor. vii. 33
volume_2,clement_alex,stromata,1Cor,1Cor,7,10,new_testament,Bible:1Cor.7.10-1Cor.7.11,"1 Cor. vii. 10, 11"
volume_2,clement_alex,stromata,Isa,Isa,56,3,old_testament_or_other,Bible:Isa.56.3-Isa.56.5,"Isa. lvi. 3, 4, 5"
volume_2,clement_alex,stromata,Isa,Isa,65,23,old_testament_or_other,Bible:Isa.65.23,Isa. lxv. 23
volume_2,clement_alex,stromata,John,John,13,33,new_testament,Bible:John.13.33,John xiii. 33
volume_2,clement_alex,stromata,Gal,Gal,4,19,new_testament,Bible:Gal.4.19,Gal. iv. 19
volume_2,clement_alex,stromata,1Cor,1Cor,4,15,new_testament,Bible:1Cor.4.15,1 Cor. iv. 15
volume_2,clement_alex,stromata,Deut,Deut,23,1,old_testament_or_other,Bible:Deut.23.1,Deut. xxiii. 1
volume_2,clement_alex,stromata,Job,Job,14,3,old_testament_or_other,Bible:Job.14.3,Job xiv. 3
volume_2,clement_alex,stromata,Ps,Ps,50,5,old_testament_or_other,Bible:Ps.50.5,Ps. l. 5
volume_2,clement_alex,stromata,1Cor,1Cor,9,27,new_testament,Bible:1Cor.9.27,1 Cor. ix. 27
volume_2,clement_alex,stromata,Jer,Jer,20,14,old_testament_or_other,Bible:Jer.20.14,Jer. xx. 14
volume_2,clement_alex,stromata,Jer,Jer,20,18,old_testament_or_other,Bible:Jer.20.18,Jer. xx. 18
volume_2,clement_alex,stromata,Job,Job,14,4,old_testament_or_other,Bible:Job.14.4-Job.14.5,"Job
xiv. 4, 5"
volume_2,clement_alex,stromata,Ps,Ps,50,7,old_testament_or_other,Bible:Ps.50.7,Ps. l. 7
volume_2,clement_alex,stromata,Mic,Mic,6,7,old_testament_or_other,Bible:Mic.6.7,Mic. vi. 7
volume_2,clement_alex,stromata,1Cor,1Cor,15,34,new_testament,Bible:1Cor.15.34,1 Cor. xv. 34
volume_2,clement_alex,stromata,Eph,Eph,6,12,new_testament,Bible:Eph.6.12,Eph. vi. 12
volume_2,clement_alex,stromata,1Cor,1Cor|1Cor,9,27,new_testament,Bible:1Cor.9.27 Bible:1Cor.9.25,"1 Cor. ix. 27, 25"
volume_2,clement_alex,stromata,Ps,Ps|Ps,48,13,old_testament_or_other,Bible:Ps.48.13 Bible:Ps.48.21,"Ps. xlviii. 13,
21"
volume_2,clement_alex,stromata,Jer,Jer,5,8,old_testament_or_other,Bible:Jer.5.8,Jer. v. 8
volume_2,clement_alex,stromata,Isa,Isa,40,6,old_testament_or_other,Bible:Isa.40.6-Isa.40.8,"Isa. xl. 6, 7, 8"
volume_2,clement_alex,stromata,Prov,Prov,13,12,old_testament_or_other,Bible:Prov.13.12,Prov. xiii. 12
volume_2,clement_alex,stromata,Gen,Gen,3,5,old_testament_or_other,Bible:Gen.3.5,Gen. iii. 5
volume_2,clement_alex,stromata,Gen,Gen,4,1,old_testament_or_other,Bible:Gen.4.1,Gen. iv. 1
volume_2,clement_alex,stromata,Gal,Gal,3,3,new_testament,Bible:Gal.3.3,Gal. iii. 3
volume_2,clement_alex,stromata,Prov,Prov,1,14,old_testament_or_other,Bible:Prov.1.14,Prov. i. 14
volume_2,clement_alex,stromata,Prov,Prov,1,15,old_testament_or_other,Bible:Prov.1.15-Prov.1.17,"Prov. i. 15, 16, 17"
volume_2,clement_alex,stromata,Rev,Rev,9,10,new_testament,Bible:Rev.9.10,Apoc. ix. 10
volume_2,clement_alex,stromata,Eph,Eph,2,3,new_testament,Bible:Eph.2.3,Eph. ii. 3
volume_2,clement_alex,stromata,1Cor,1Cor,5,7,new_testament,Bible:1Cor.5.7,1 Cor. v. 7
volume_2,clement_alex,stromata,Gal,Gal,2,19,new_testament,Bible:Gal.2.19-Gal.2.20,"Gal. ii. 19,
20"
volume_2,clement_alex,stromata,Matt,Matt,10,5,new_testament,Bible:Matt.10.5,Matt. x. 5
volume_2,clement_alex,stromata,Prov,Prov,1,18,old_testament_or_other,Bible:Prov.1.18-Prov.1.19,"Prov. i. 18, 19"
volume_2,clement_alex,stromata,Matt,Matt,26,24,new_testament,Bible:Matt.26.24,Matt. xxvi. 24
volume_2,clement_alex,stromata,Matt,Matt,18,6,new_testament,Bible:Matt.18.6,Matt. xviii. 6
volume_2,clement_alex,stromata,Rom,Rom,2,24,new_testament,Bible:Rom.2.24,Rom. ii. 24
volume_2,clement_alex,stromata,1Cor,1Cor,5,11,new_testament,Bible:1Cor.5.11,1 Cor. v. 11
volume_2,clement_alex,stromata,1Cor,1Cor,6,16,new_testament,Bible:1Cor.6.16,1 Cor. vi. 16
volume_2,clement_alex,stromata,1Cor,1Cor,7,3,new_testament,Bible:1Cor.7.3,1 Cor. vii. 3
volume_2,clement_alex,stromata,1Cor,1Cor,7,10,new_testament,Bible:1Cor.7.10-1Cor.7.12,"1 Cor. vii. 10, 11, 12"
volume_2,clement_alex,stromata,1Tim,1Tim|1Tim,3,2,new_testament,Bible:1Tim.3.2 Bible:1Tim.3.4,"1 Tim. iii. 2, 4"
volume_2,clement_alex,stromata,Titus,Titus,1,6,new_testament,Bible:Titus.1.6,Tit. i. 6
volume_2,clement_alex,stromata,Titus,Titus,1,15,new_testament,Bible:Titus.1.15,Tit. i. 15
volume_2,clement_alex,stromata,1Cor,1Cor,6,9,new_testament,Bible:1Cor.6.9-1Cor.6.11,"1 Cor. vi. 9, 10, 11"
volume_2,clement_alex,stromata,Phil,Phil,4,8,new_testament,Bible:Phil.4.8-Phil.4.9,"Phil. iv. 8, 9"
volume_2,clement_alex,stromata,1Pet,1Pet,1,21,new_testament,Bible:1Pet.1.21-1Pet.1.22,"1 Pet. i. 21, 22"
volume_2,clement_alex,stromata,1Pet,1Pet,1,14,new_testament,Bible:1Pet.1.14-1Pet.1.16,"1 Pet. i. 14, 15, 16"
volume_2,clement_alex,stromata,Jude,Jude,1,12,new_testament,Bible:Jude.1.12,"Jude
12"
volume_2,clement_alex,stromata,1Cor,1Cor,11,21,new_testament,Bible:1Cor.11.21,1 Corinthians 11:21
volume_2,clement_alex,stromata,Exod,Exod,19,15,old_testament_or_other,Bible:Exod.19.15,Ex. xix. 15
volume_2,clement_alex,stromata,2Cor,2Cor,6,17,new_testament,Bible:2Cor.6.17,2 Cor. vi. 17
volume_2,clement_alex,stromata,Exod,Exod,29,45,old_testament_or_other,Bible:Exod.29.45,Ex. xxix. 45
volume_2,clement_alex,stromata,Lev,Lev,26,12,old_testament_or_other,Bible:Lev.26.12,Lev. xxvi. 12
volume_2,clement_alex,stromata,1Cor,1Cor,7,3,new_testament,Bible:1Cor.7.3-1Cor.7.5,1 Cor. vii. 3–5
volume_2,clement_alex,stromata,Lev,Lev,15,18,old_testament_or_other,Bible:Lev.15.18,Lev. xv. 18
volume_2,clement_alex,stromata,Matt,Matt,18,20,new_testament,Bible:Matt.18.20,"Matt.
xviii. 20"
volume_2,clement_alex,stromata,Matt,Matt,7,14,new_testament,Bible:Matt.7.14,Matt. vii. 14
volume_2,clement_alex,stromata,Job,Job,5,25,old_testament_or_other,Bible:Job.5.25,"Job
v. 25"
volume_2,clement_alex,stromata,Ps,Ps,8,5,old_testament_or_other,Bible:Ps.8.5,Ps. viii. 5
volume_2,clement_alex,stromata,Rom,Rom,16,26,new_testament,Bible:Rom.16.26-Rom.16.27,"Rom. xvi. 26, 27"
volume_2,clement_alex,stromata,Rom,Rom,5,13,new_testament,Bible:Rom.5.13,Rom. v. 13
volume_2,clement_alex,stromata,Rom,Rom,7,6,new_testament,Bible:Rom.7.6,Rom. vii. 6
volume_2,clement_alex,stromata,1Tim,1Tim,1,9,new_testament,Bible:1Tim.1.9,1 Tim. i. 9
volume_2,clement_alex,stromata,Rom,Rom,13,8,new_testament,Bible:Rom.13.8-Rom.13.10,Rom. xiii. 8–10
volume_2,clement_alex,stromata,Luke,Luke,10,27,new_testament,Bible:Luke.10.27,Luke x. 27
volume_2,clement_alex,stromata,Rom,Rom|Rom,7,12,new_testament,Bible:Rom.7.12 Bible:Rom.7.14,"Rom. vii. 12, 14"
volume_2,clement_alex,stromata,Rom,Rom,6,20,new_testament,Bible:Rom.6.20-Rom.6.23,Rom. vi. 20–23
volume_2,clement_alex,stromata,Gal,Gal,6,14,new_testament,Bible:Gal.6.14,Gal. vi. 14
volume_2,clement_alex,stromata,Matt,Matt,19,29,new_testament,Bible:Matt.19.29,Matt. xix. 29
volume_2,clement_alex,stromata,Phil,Phil,1,13,new_testament,Bible:Phil.1.13-Phil.1.14,"Phil. i. 13, 14"
volume_2,clement_alex,stromata,Rom,Rom,15,4,new_testament,Bible:Rom.15.4,Rom. xv. 4
volume_2,clement_alex,stromata,1Cor,1Cor|1Cor|1Cor,7,28,new_testament,Bible:1Cor.7.28 Bible:1Cor.7.32 Bible:1Cor.7.35,"1 Cor. vii. 28, 32, 35"
volume_2,clement_alex,stromata,Matt,Matt,5,10,new_testament,Bible:Matt.5.10,Matt. v. 10
volume_2,clement_alex,stromata,John,John,1,12,new_testament,Bible:John.1.12,John. i. 12
volume_2,clement_alex,stromata,Luke,Luke,10,19,new_testament,Bible:Luke.10.19,Luke x. 19
volume_2,clement_alex,stromata,Matt,Matt,10,39,new_testament,Bible:Matt.10.39,Matt. x. 39
volume_2,clement_alex,stromata,John,John,12,25,new_testament,Bible:John.12.25,John xii. 25
volume_2,clement_alex,stromata,Matt,Matt,19,21,new_testament,Bible:Matt.19.21,Matt. xix. 21
volume_2,clement_alex,stromata,Luke,Luke,13,32,new_testament,Bible:Luke.13.32,Luke xiii. 32
volume_2,clement_alex,stromata,Ps,Ps,37,35,old_testament_or_other,Bible:Ps.37.35-Ps.37.37,Ps. xxxvii. 35–37
volume_2,clement_alex,stromata,Ps,Ps,62,4,old_testament_or_other,Bible:Ps.62.4,Ps. lxii. 4
volume_2,clement_alex,stromata,Ps,Ps,12,3,old_testament_or_other,Bible:Ps.12.3-Ps.12.5,Ps. xii. 3–5
volume_2,clement_alex,stromata,Luke,Luke,12,33,new_testament,Bible:Luke.12.33,Luke xii. 33
volume_2,clement_alex,stromata,Rom,Rom,9,15,new_testament,Bible:Rom.9.15,Rom. ix. 15
volume_2,clement_alex,stromata,Matt,Matt,7,13,new_testament,Bible:Matt.7.13,Matt. vii. 13
volume_2,clement_alex,stromata,Luke,Luke,12,20,new_testament,Bible:Luke.12.20,Luke xii. 20
volume_2,clement_alex,stromata,Matt,Matt,16,26,new_testament,Bible:Matt.16.26,Matt. xvi. 26
volume_2,clement_alex,stromata,Matt,Matt,6,31,new_testament,Bible:Matt.6.31,Matt. vi. 31
volume_2,clement_alex,stromata,Luke,Luke,12,22,new_testament,Bible:Luke.12.22-Luke.12.23,"Luke xii. 22,
23"
volume_2,clement_alex,stromata,Matt,Matt,6,32,new_testament,Bible:Matt.6.32-Matt.6.33,"Matt. vi. 32, 33"
volume_2,clement_alex,stromata,Luke,Luke,12,30,new_testament,Bible:Luke.12.30-Luke.12.31,"Luke xii. 30, 31"
volume_2,clement_alex,stromata,Luke,Luke,19,8,new_testament,Bible:Luke.19.8-Luke.19.10,"Luke xix. 8, 9, 10"
volume_2,clement_alex,stromata,Matt,Matt,5,5,new_testament,Bible:Matt.5.5,Matt. v. 5
volume_2,clement_alex,stromata,Matt,Matt,10,41,new_testament,Bible:Matt.10.41-Matt.10.42,"Matt. x. 41, 42"
volume_2,clement_alex,stromata,Matt,Matt,5,4,new_testament,Bible:Matt.5.4,Matt. v. 4
volume_2,clement_alex,stromata,Hos,Hos,6,6,old_testament_or_other,Bible:Hos.6.6,Hos. vi. 6
volume_2,clement_alex,stromata,Matt,Matt,9,13,new_testament,Bible:Matt.9.13,Matt. ix. 13
volume_2,clement_alex,stromata,Matt,Matt,5,7,new_testament,Bible:Matt.5.7,Matt. v. 7
volume_2,clement_alex,stromata,2Cor,2Cor,8,12,new_testament,Bible:2Cor.8.12,2 Cor. viii. 12
volume_2,clement_alex,stromata,Luke,Luke,6,22,new_testament,Bible:Luke.6.22,Luke vi. 22
volume_2,clement_alex,stromata,John,John,1,4,new_testament,Bible:John.1.4,John i. 4
volume_2,clement_alex,stromata,Matt,Matt,6,30,new_testament,Bible:Matt.6.30,Matt. vi. 30
volume_2,clement_alex,stromata,Luke,Luke,6,46,new_testament,Bible:Luke.6.46,Luke vi. 46
volume_2,clement_alex,stromata,Isa,Isa,29,15,old_testament_or_other,Bible:Isa.29.15,Isa. xxix. 15
volume_2,clement_alex,stromata,Gal,Gal,5,24,new_testament,Bible:Gal.5.24-Gal.5.25,"Gal. v. 24,
25"
volume_2,clement_alex,stromata,Gal,Gal,6,8,new_testament,Bible:Gal.6.8,Gal. vi. 8
volume_2,clement_alex,stromata,Matt,Matt,26,41,new_testament,Bible:Matt.26.41,Matt. xxvi. 41
volume_2,clement_alex,stromata,Rom,Rom|Rom|Rom|Rom|Rom|Rom|Rom|Rom,8,7,new_testament,Bible:Rom.8.7-Rom.8.8 Bible:Rom.8.10 Bible:Rom.8.13 Bible:Rom.8.17 Bible:Rom.8.18 Bible:Rom.8.28 Bible:Rom.8.29 Bible:Rom.8.30,"Rom. viii. 7, 8, 10, 13, 17, 18, 28, 29, 30"
volume_2,clement_alex,stromata,Rom,Rom,7,24,new_testament,Bible:Rom.7.24-Rom.7.25,"Rom. vii. 24,
25"
volume_2,clement_alex,stromata,1Pet,1Pet,4,12,new_testament,Bible:1Pet.4.12-1Pet.4.14,"1 Pet. iv. 12, 13, 14"
volume_2,clement_alex,stromata,Rom,Rom,8,36,new_testament,Bible:Rom.8.36-Rom.8.37,"Rom. viii. 36, 37"
volume_2,clement_alex,stromata,Rom,Rom,10,10,new_testament,Bible:Rom.10.10-Rom.10.11,"Rom. x. 10, 11"
volume_2,clement_alex,stromata,2Tim,2Tim,1,7,new_testament,Bible:2Tim.1.7-2Tim.1.8,"2 Tim. i. 7, 8"
volume_2,clement_alex,stromata,Rom,Rom,8,15,new_testament,Bible:Rom.8.15,Rom. viii. 15
volume_2,clement_alex,stromata,Rom,Rom,12,9,new_testament,Bible:Rom.12.9,Rom. xii. 9
volume_2,clement_alex,stromata,Rom,Rom,13,8,new_testament,Bible:Rom.13.8,Rom. xiii. 8
volume_2,clement_alex,stromata,Rom,Rom,15,13,new_testament,Bible:Rom.15.13-Rom.15.14,"Rom. xv. 13, 14"
volume_2,clement_alex,stromata,Rom,Rom,6,6,new_testament,Bible:Rom.6.6,Rom. vi. 6
volume_2,clement_alex,stromata,1Cor,1Cor|1Cor|1Cor|1Cor,4,9,new_testament,Bible:1Cor.4.9 Bible:1Cor.4.11 Bible:1Cor.4.12 Bible:1Cor.4.13,"1 Cor. iv. 9, 11, 12, 13"
volume_2,clement_alex,stromata,1Cor,1Cor,13,7,new_testament,Bible:1Cor.13.7,1 Cor. xiii. 7
volume_2,clement_alex,stromata,1Cor,1Cor,13,13,new_testament,Bible:1Cor.13.13,1 Cor. xiii. 13
volume_2,clement_alex,stromata,1Cor,1Cor,10,23,new_testament,Bible:1Cor.10.23,1 Cor. x. 23
volume_2,clement_alex,stromata,1Cor,1Cor,10,24,new_testament,Bible:1Cor.10.24,1 Cor. x. 24
volume_2,clement_alex,stromata,1Cor,1Cor|1Cor|1Cor|1Cor|1Cor,10,26,new_testament,Bible:1Cor.10.26 Bible:1Cor.10.28 Bible:1Cor.10.29 Bible:1Cor.10.30 Bible:1Cor.10.31,"1 Cor. x. 26, 28, 29, 30, 31"
volume_2,clement_alex,stromata,2Cor,2Cor,10,3,new_testament,Bible:2Cor.10.3-2Cor.10.5,"2 Cor. x. 3, 4, 5"
volume_2,clement_alex,stromata,Col,Col|Col|Col,3,12,new_testament,Bible:Col.3.12 Bible:Col.3.14 Bible:Col.3.15,"Col. iii. 12, 14, 15"
volume_2,clement_alex,stromata,1Cor,1Cor|1Cor|1Cor,11,3,new_testament,Bible:1Cor.11.3 Bible:1Cor.11.8 Bible:1Cor.11.11,"1 Cor. xi. 3, 8, 11"
volume_2,clement_alex,stromata,Gal,Gal|Gal,5,16,new_testament,Bible:Gal.5.16-Gal.5.17 Bible:Gal.5.19,"Gal. v. 16, 17, 19"
volume_2,clement_alex,stromata,1Cor,1Cor|1Cor,11,3,new_testament,Bible:1Cor.11.3 Bible:1Cor.11.7,"1 Cor. xi. 3, 7"
volume_2,clement_alex,stromata,Eph,Eph,5,21,new_testament,Bible:Eph.5.21-Eph.5.29,Eph. v. 21–29
volume_2,clement_alex,stromata,Col,Col,3,18,new_testament,Bible:Col.3.18-Col.3.25,Col. iii. 18–25
volume_2,clement_alex,stromata,Matt,Matt,6,10,new_testament,Bible:Matt.6.10,Matt. vi. 10
volume_2,clement_alex,stromata,Col,Col,3,12,new_testament,Bible:Col.3.12-Col.3.15,Col. iii. 12–15
volume_2,clement_alex,stromata,Luke,Luke,12,8,new_testament,Bible:Luke.12.8,Luke xii. 8
volume_2,clement_alex,stromata,Matt,Matt,10,32,new_testament,Bible:Matt.10.32,Matt. x. 32
volume_2,clement_alex,stromata,Luke,Luke,12,11,new_testament,Bible:Luke.12.11-Luke.12.12,"Luke xii. 11, 12"
volume_2,clement_alex,stromata,Rom,Rom,10,10,new_testament,Bible:Rom.10.10,Rom. x. 10
volume_2,clement_alex,stromata,Titus,Titus,1,16,new_testament,Bible:Titus.1.16,Tit. i. 16
volume_2,clement_alex,stromata,Luke,Luke,22,31,new_testament,Bible:Luke.22.31-Luke.22.32,"Luke xxii. 31, 32"
volume_2,clement_alex,stromata,Matt,Matt,10,23,new_testament,Bible:Matt.10.23,Matt. x. 23
volume_2,clement_alex,stromata,Jas,Jas,2,7,new_testament,Bible:Jas.2.7,Jas. ii. 7
volume_2,clement_alex,stromata,Ps,Ps,18,6,old_testament_or_other,Bible:Ps.18.6,Ps. cxviii. 6
volume_2,clement_alex,stromata,Wis,Wis,3,1,deuterocanonical,Bible:Wis.3.1,Wisd. iii. 1
volume_2,clement_alex,stromata,Job,Job,14,4,old_testament_or_other,Bible:Job.14.4,Job. xiv. 4
volume_2,clement_alex,stromata,Isa,Isa,5,5,old_testament_or_other,Bible:Isa.5.5,Isa. v. 5
volume_2,clement_alex,stromata,1Thess,1Thess,4,3,new_testament,Bible:1Thess.4.3-1Thess.4.8,"1
Thess. iv. 3–8"
volume_2,clement_alex,stromata,Phil,Phil,1,29,new_testament,Bible:Phil.1.29-Phil.1.30,"Phil. i. 29, 30"
volume_2,clement_alex,stromata,Phil,Phil,1,7,new_testament,Bible:Phil.1.7,Phil. i. 7
volume_2,clement_alex,stromata,Phil,Phil,2,20,new_testament,Bible:Phil.2.20-Phil.2.21,"Phil. ii. 20, 21"
volume_2,clement_alex,stromata,Matt,Matt,5,44,new_testament,Bible:Matt.5.44-Matt.5.45,"Matt. v. 44, 45"
volume_2,clement_alex,stromata,Rom,Rom,8,38,new_testament,Bible:Rom.8.38-Rom.8.39,"Rom. viii. 38, 39"
volume_2,clement_alex,stromata,1Cor,1Cor|1Cor|1Cor|1Cor,8,1,new_testament,Bible:1Cor.8.1 Bible:1Cor.8.7 Bible:1Cor.8.9 Bible:1Cor.8.11,"1
Cor. viii. 1, 7, 9, 11"
volume_2,clement_alex,stromata,1Cor,1Cor,10,25,new_testament,Bible:1Cor.10.25,1 Cor. x. 25
volume_2,clement_alex,stromata,Acts,Acts,15,24,new_testament,Bible:Acts.15.24,Acts xv. 24
volume_2,clement_alex,stromata,1Cor,1Cor,9,19,new_testament,Bible:1Cor.9.19-1Cor.9.25,1 Cor. ix. 19–25
volume_2,clement_alex,stromata,1Cor,1Cor,10,26,new_testament,Bible:1Cor.10.26,1 Cor. x. 26
volume_2,clement_alex,stromata,1Cor,1Cor,10,28,new_testament,Bible:1Cor.10.28-1Cor.10.31,1 Cor. x. 28–31
volume_2,clement_alex,stromata,Rom,Rom|Rom|Rom,10,10,new_testament,Bible:Rom.10.10-Rom.10.11 Bible:Rom.10.8 Bible:Rom.10.9,"Rom. x. 10,
11, 8, 9"
volume_2,clement_alex,stromata,Rom,Rom,12,14,new_testament,Bible:Rom.12.14,Rom. xii. 14
volume_2,clement_alex,stromata,2Cor,2Cor,1,12,new_testament,Bible:2Cor.1.12,2 Cor. i. 12
volume_2,clement_alex,stromata,2Cor,2Cor,3,14,new_testament,Bible:2Cor.3.14,2 Cor. iii. 14
volume_2,clement_alex,stromata,1John,1John,3,18,new_testament,Bible:1John.3.18-1John.3.19,"1 John iii. 18, 19"
volume_2,clement_alex,stromata,1John,1John|1John,4,16,new_testament,Bible:1John.4.16 Bible:1John.4.18,"1 John
iv. 16, 18"
volume_2,clement_alex,stromata,1John,1John,5,3,new_testament,Bible:1John.5.3,1 John v. 3
volume_2,clement_alex,stromata,1Tim,1Tim,4,12,new_testament,Bible:1Tim.4.12,1 Tim. iv. 12
volume_2,clement_alex,stromata,Phil,Phil,4,11,new_testament,Bible:Phil.4.11-Phil.4.13,Phil. iv. 11–13
volume_2,clement_alex,stromata,Heb,Heb,10,32,new_testament,Bible:Heb.10.32-Heb.10.39,Heb. x. 32–39
volume_2,clement_alex,stromata,Heb,Heb,11,36,new_testament,Bible:Heb.11.36-Heb.11.40,Heb. xi. 36–40
volume_2,clement_alex,stromata,Heb,Heb,11,26,new_testament,Bible:Heb.11.26-Heb.11.27,"Heb. xi. 26, 27"
volume_2,clement_alex,stromata,Wis,Wis,3,2,deuterocanonical,Bible:Wis.3.2-Wis.3.4,"Wisd. iii. 2, 3, 4"
volume_2,clement_alex,stromata,Wis,Wis|Wis,3,5,deuterocanonical,Bible:Wis.3.5-Wis.3.7 Bible:Wis.3.8,"Wisd. iii. 5, 6, 7, 8"
volume_2,clement_alex,stromata,Gen,Gen,18,27,old_testament_or_other,Bible:Gen.18.27,Gen. xviii. 27
volume_2,clement_alex,stromata,Job,Job,1,1,old_testament_or_other,Bible:Job.1.1,Job i. 1
volume_2,clement_alex,stromata,Job,Job,16,4,old_testament_or_other,Bible:Job.16.4-Job.16.5,"Job xvi. 4,
5"
volume_2,clement_alex,stromata,1Pet,1Pet,5,5,new_testament,Bible:1Pet.5.5,1 Pet. v. 5
volume_2,clement_alex,stromata,Ps,Ps,89,21,old_testament_or_other,Bible:Ps.89.21,Ps. lxxxix. 21
volume_2,clement_alex,stromata,Ps,Ps,51,1,old_testament_or_other,Bible:Ps.51.1-Ps.51.4,Ps. li. 1–4
volume_2,clement_alex,stromata,Ps,Ps,51,6,old_testament_or_other,Bible:Ps.51.6,Ps. li. 6
volume_2,clement_alex,stromata,Prov,Prov,20,27,old_testament_or_other,Bible:Prov.20.27,Prov. xx. 27
volume_2,clement_alex,stromata,Ps,Ps,34,12,old_testament_or_other,Bible:Ps.34.12,Ps. xxxiv. 12
volume_2,clement_alex,stromata,Ps,Ps,34,13,old_testament_or_other,Bible:Ps.34.13-Ps.34.14,"Ps. xxxiv. 13, 14"
volume_2,clement_alex,stromata,Ps,Ps,34,15,old_testament_or_other,Bible:Ps.34.15-Ps.34.17,Ps. xxxiv. 15–17
volume_2,clement_alex,stromata,Ps,Ps,32,10,old_testament_or_other,Bible:Ps.32.10,Ps. xxxii. 10
volume_2,clement_alex,stromata,Jas,Jas,5,20,new_testament,Bible:Jas.5.20,Jas. v. 20
volume_2,clement_alex,stromata,1Cor,1Cor|1Cor,13,1,new_testament,Bible:1Cor.13.1 Bible:1Cor.13.3,"1 Cor. xiii. 1, 3"
volume_2,clement_alex,stromata,Ps,Ps,50,14,old_testament_or_other,Bible:Ps.50.14-Ps.50.15,"Ps. l. 14, 15"
volume_2,clement_alex,stromata,Ps,Ps,51,17,old_testament_or_other,Bible:Ps.51.17,Ps. li. 17
volume_2,clement_alex,stromata,1John,1John|1John,4,8,new_testament,Bible:1John.4.8 Bible:1John.4.16,"1 John iv. 8, 16"
volume_2,clement_alex,stromata,Rom,Rom,13,10,new_testament,Bible:Rom.13.10,Rom. xiii. 10
volume_2,clement_alex,stromata,Ps,Ps,1,3,old_testament_or_other,Bible:Ps.1.3,Ps. i. 3
volume_2,clement_alex,stromata,Exod,Exod|Exod,32,9,old_testament_or_other,Bible:Exod.32.9-Exod.32.10 Bible:Exod.32.32,"Ex. xxxii. 9, 10, 32"
volume_2,clement_alex,stromata,Titus,Titus,2,3,new_testament,Bible:Titus.2.3-Titus.2.5,Tit. ii. 3–5
volume_2,clement_alex,stromata,Heb,Heb,13,14,new_testament,Bible:Heb.13.14-Heb.13.16,Heb. xiii. 14–16
volume_2,clement_alex,stromata,Heb,Heb,13,4,new_testament,Bible:Heb.13.4,Heb. xiii. 4
volume_2,clement_alex,stromata,1Pet,1Pet,1,6,new_testament,Bible:1Pet.1.6-1Pet.1.9,1 Pet. i. 6–9
volume_2,clement_alex,stromata,2Cor,2Cor,11,23,new_testament,Bible:2Cor.11.23,2 Cor. xi. 23
volume_2,clement_alex,stromata,Deut,Deut,18,15,old_testament_or_other,Bible:Deut.18.15,Deut. xviii. 15
volume_2,clement_alex,stromata,2Cor,2Cor,4,8,new_testament,Bible:2Cor.4.8-2Cor.4.9,"2 Cor. iv. 8, 9"
volume_2,clement_alex,stromata,2Cor,2Cor,6,3,new_testament,Bible:2Cor.6.3-2Cor.6.7,2 Cor. vi. 3–7
volume_2,clement_alex,stromata,2Cor,2Cor,7,1,new_testament,Bible:2Cor.7.1-2Cor.7.11,2 Cor. vii. 1–11
volume_2,clement_alex,stromata,Eph,Eph,4,11,new_testament,Bible:Eph.4.11-Eph.4.13,"Eph. iv. 11, 12, 13"
volume_2,clement_alex,stromata,1Cor,1Cor,12,7,new_testament,Bible:1Cor.12.7-1Cor.12.11,"1
Cor. xii. 7–11"
volume_2,clement_alex,stromata,1Cor,1Cor,7,7,new_testament,Bible:1Cor.7.7,1 Cor. vii. 7
volume_2,clement_alex,stromata,Ps,Ps,39,7,old_testament_or_other,Bible:Ps.39.7-Ps.39.10,Ps. cxxxix. 7–10
volume_2,clement_alex,stromata,Isa,Isa,40,10,old_testament_or_other,Bible:Isa.40.10,Isa. xl. 10
volume_2,clement_alex,stromata,Ps,Ps,62,12,old_testament_or_other,Bible:Ps.62.12,Ps. lxii. 12
volume_2,clement_alex,stromata,Rev,Rev,22,12,new_testament,Bible:Rev.22.12,Rev. xxii. 12
volume_2,clement_alex,stromata,Rom,Rom,2,6,new_testament,Bible:Rom.2.6,Rom. ii. 6
volume_2,clement_alex,stromata,Ps,Ps,2,8,old_testament_or_other,Bible:Ps.2.8,Ps. ii. 8
volume_2,clement_alex,stromata,Matt,Matt,6,2,new_testament,Bible:Matt.6.2,Matt. vi. 2
volume_2,clement_alex,stromata,1Thess,1Thess,5,6,new_testament,Bible:1Thess.5.6-1Thess.5.8,1 Thess. v. 6–8
volume_2,clement_alex,stromata,Rom,Rom,13,11,new_testament,Bible:Rom.13.11,Rom. xiii. 11
volume_2,clement_alex,stromata,Rom,Rom,5,3,new_testament,Bible:Rom.5.3-Rom.5.5,Rom. v. 3–5
volume_2,clement_alex,stromata,1Cor,1Cor,8,8,new_testament,Bible:1Cor.8.8,1 Cor. viii. 8
volume_2,clement_alex,stromata,1Cor,1Cor|1Cor,7,38,new_testament,Bible:1Cor.7.38 Bible:1Cor.7.35,"1 Cor. vii. 38,
35"
volume_2,clement_alex,stromata,Prov,Prov,3,5,old_testament_or_other,Bible:Prov.3.5,Prov. iii. 5
volume_2,clement_alex,stromata,Ps,Ps,50,21,old_testament_or_other,Bible:Ps.50.21,Ps. l. 21
volume_2,clement_alex,stromata,Ps,Ps,1,4,old_testament_or_other,Bible:Ps.1.4,Ps. i. 4
volume_2,clement_alex,stromata,Isa,Isa,40,15,old_testament_or_other,Bible:Isa.40.15,Isa. xl. 15
volume_2,clement_alex,stromata,Jer,Jer,33,5,old_testament_or_other,Bible:Jer.33.5,Jer. xxxiii. 5
volume_2,clement_alex,stromata,Ezek,Ezek,44,9,old_testament_or_other,Bible:Ezek.44.9-Ezek.44.10,"Ezek. xliv. 9, 10"
volume_2,clement_alex,stromata,Ezek,Ezek,44,27,old_testament_or_other,Bible:Ezek.44.27,Ezek. xliv. 27
volume_2,clement_alex,stromata,Job,Job,1,21,old_testament_or_other,Bible:Job.1.21,Job i. 21
volume_2,clement_alex,stromata,Matt,Matt,18,3,new_testament,Bible:Matt.18.3,Matt. xviii. 3
volume_2,clement_alex,stromata,Prov,Prov,13,9,old_testament_or_other,Bible:Prov.13.9,Prov. xiii. 9
volume_2,clement_alex,stromata,Gen,Gen,24,16,old_testament_or_other,Bible:Gen.24.16,Gen. xxiv. 16
volume_2,clement_alex,stromata,Mark,Mark,5,34,new_testament,Bible:Mark.5.34,Mark v. 34
volume_2,clement_alex,stromata,Isa,Isa,40,6,old_testament_or_other,Bible:Isa.40.6-Isa.40.8,Isa. xl. 6–8
volume_2,clement_alex,stromata,Jer,Jer,13,24,old_testament_or_other,Bible:Jer.13.24-Jer.13.27,Jer. xiii. 24–27
volume_2,clement_alex,stromata,Gen,Gen,23,4,old_testament_or_other,Bible:Gen.23.4,Gen. xxiii. 4
volume_2,clement_alex,stromata,Ps,Ps,39,12,old_testament_or_other,Bible:Ps.39.12,Ps. xxxix. 12
volume_2,clement_alex,stromata,2Cor,2Cor|2Cor,5,1,new_testament,Bible:2Cor.5.1-2Cor.5.3 Bible:2Cor.5.7,"2 Cor. v. 1, 2, 3, 7"
volume_2,clement_alex,stromata,2Cor,2Cor,5,9,new_testament,Bible:2Cor.5.9,2 Cor. v. 9
volume_2,clement_alex,stromata,Job,Job|Job,42,2,old_testament_or_other,Bible:Job.42.2-Job.42.3 Bible:Job.42.6,"Job
xlii. 2, 3, 6"
volume_2,clement_alex,stromata,Jer,Jer,22,29,old_testament_or_other,Bible:Jer.22.29-Jer.22.30,"Jer. xxii. 29, 30"
volume_2,clement_alex,stromata,Isa,Isa,1,2,old_testament_or_other,Bible:Isa.1.2,Isa. i. 2
volume_2,clement_alex,stromata,Mic,Mic,1,2,old_testament_or_other,Bible:Mic.1.2,Mic. i. 2
volume_2,clement_alex,stromata,Gen,Gen,18,25,old_testament_or_other,Bible:Gen.18.25,Gen. xviii. 25
volume_2,clement_alex,stromata,Isa,Isa,45,21,old_testament_or_other,Bible:Isa.45.21,Isa. xlv. 21
volume_2,clement_alex,stromata,Rom,Rom,9,14,new_testament,Bible:Rom.9.14,Rom. ix. 14
volume_2,clement_alex,stromata,Deut,Deut,10,12,old_testament_or_other,Bible:Deut.10.12,Deut. x. 12
volume_2,clement_alex,stromata,Rom,Rom,13,13,new_testament,Bible:Rom.13.13,Rom. xiii. 13
volume_2,clement_alex,stromata,Isa,Isa,62,11,old_testament_or_other,Bible:Isa.62.11,Isa. lxii. 11
volume_2,clement_alex,stromata,Gen,Gen,1,26,old_testament_or_other,Bible:Gen.1.26,Gen. i. 26
volume_2,clement_alex,stromata,1Cor,1Cor,9,24,new_testament,Bible:1Cor.9.24-1Cor.9.27,1 Cor. ix. 24–27
volume_2,clement_alex,stromata,1Cor,1Cor,15,8,new_testament,Bible:1Cor.15.8,1 Cor. xv. 8
volume_2,clement_alex,stromata,Rom,Rom,2,26,new_testament,Bible:Rom.2.26,Rom. ii. 26
volume_2,clement_alex,stromata,2Cor,2Cor,10,5,new_testament,Bible:2Cor.10.5,2 Cor. x. 5
volume_2,clement_alex,stromata,Matt,Matt,20,14,new_testament,Bible:Matt.20.14,Matt. xx. 14
volume_2,clement_alex,stromata,2Cor,2Cor,5,1,new_testament,Bible:2Cor.5.1-2Cor.5.4,2 Cor. v. 1–4
volume_2,clement_alex,stromata,Heb,Heb,12,28,new_testament,Bible:Heb.12.28,Heb. xii. 28
volume_2,clement_alex,stromata,Matt,Matt,11,15,new_testament,Bible:Matt.11.15,Matt. xi. 15
volume_2,clement_alex,stromata,Rom,Rom,1,11,new_testament,Bible:Rom.1.11-Rom.1.12,"Rom. i. 11, 12"
volume_2,clement_alex,stromata,Matt,Matt,9,22,new_testament,Bible:Matt.9.22,Matt. ix. 22
volume_2,clement_alex,stromata,Luke,Luke,17,6,new_testament,Bible:Luke.17.6,Luke xvii. 6
volume_2,clement_alex,stromata,1Cor,1Cor,13,2,new_testament,Bible:1Cor.13.2,1 Cor. xiii. 2
volume_2,clement_alex,stromata,Luke,Luke,17,5,new_testament,Bible:Luke.17.5,Luke xvii. 5
volume_2,clement_alex,stromata,Gen,Gen,15,6,old_testament_or_other,Bible:Gen.15.6,Gen. xv. 6
volume_2,clement_alex,stromata,Rom,Rom,4,3,new_testament,Bible:Rom.4.3,Rom. iv. 3
volume_2,clement_alex,stromata,Isa,Isa,59,8,old_testament_or_other,Bible:Isa.59.8,Isa. lix. 8
volume_2,clement_alex,stromata,1Cor,1Cor,13,12,new_testament,Bible:1Cor.13.12,1 Cor. xiii. 12
volume_2,clement_alex,stromata,Exod,Exod,33,20,old_testament_or_other,Bible:Exod.33.20,Ex. xxxiii. 20
volume_2,clement_alex,stromata,1Cor,1Cor,1,20,new_testament,Bible:1Cor.1.20,1 Cor. i. 20
volume_2,clement_alex,stromata,1Cor,1Cor,1,19,new_testament,Bible:1Cor.1.19,"1
Cor. i. 19"
volume_2,clement_alex,stromata,Jer,Jer,6,16,old_testament_or_other,Bible:Jer.6.16,Jer. vi. 16
volume_2,clement_alex,stromata,Rom,Rom|Rom|Rom|Rom,4,3,new_testament,Bible:Rom.4.3 Bible:Rom.4.5 Bible:Rom.4.9 Bible:Rom.4.22,"Rom. iv. 3, 5, 9, 22"
volume_2,clement_alex,stromata,1Cor,1Cor,2,5,new_testament,Bible:1Cor.2.5,"1
Cor. ii. 5"
volume_2,clement_alex,stromata,Ps,Ps,22,26,old_testament_or_other,Bible:Ps.22.26,Ps. xxii. 26
volume_2,clement_alex,stromata,1John,1John,4,16,new_testament,Bible:1John.4.16,1 John iv. 16
volume_2,clement_alex,stromata,John,John,1,14,new_testament,Bible:John.1.14,"John
i. 14"
volume_2,clement_alex,stromata,Matt,Matt,11,12,new_testament,Bible:Matt.11.12,Matt. xi. 12
volume_2,clement_alex,stromata,Matt,Matt,20,16,new_testament,Bible:Matt.20.16,Matt. xx. 16
volume_2,clement_alex,stromata,2Thess,2Thess,3,1,new_testament,Bible:2Thess.3.1-2Thess.3.2,"2 Thess. iii. 1, 2"
volume_2,clement_alex,stromata,Sir,Sir,27,12,deuterocanonical,Bible:Sir.27.12,Ecclus. xxvii. 12
volume_2,clement_alex,stromata,Prov,Prov,10,14,old_testament_or_other,Bible:Prov.10.14,Prov. x. 14
volume_2,clement_alex,stromata,Prov,Prov,26,5,old_testament_or_other,Bible:Prov.26.5,Prov. xxvi. 5
volume_2,clement_alex,stromata,1Cor,1Cor,9,22,new_testament,Bible:1Cor.9.22,1 Cor. ix. 22
volume_2,clement_alex,stromata,Matt,Matt,5,45,new_testament,Bible:Matt.5.45,Matt. v. 45
volume_2,clement_alex,stromata,Rom,Rom,3,29,new_testament,Bible:Rom.3.29-Rom.3.30,"Rom. iii. 29, 30"
volume_2,clement_alex,stromata,Prov,Prov,1,6,old_testament_or_other,Bible:Prov.1.6,Prov. i. 6
volume_2,clement_alex,stromata,Isa,Isa,45,3,old_testament_or_other,Bible:Isa.45.3,Isa. xlv. 3
volume_2,clement_alex,stromata,Ps,Ps,78,1,old_testament_or_other,Bible:Ps.78.1-Ps.78.2,"Ps. lxxviii. 1, 2"
volume_2,clement_alex,stromata,1Cor,1Cor,2,6,new_testament,Bible:1Cor.2.6-1Cor.2.8,1 Cor. ii. 6–8
volume_2,clement_alex,stromata,1Cor,1Cor,2,9,new_testament,Bible:1Cor.2.9-1Cor.2.10,"1 Cor. ii. 9, 10"
volume_2,clement_alex,stromata,1Cor,1Cor,3,1,new_testament,Bible:1Cor.3.1-1Cor.3.3,1 Cor. iii. 1–3
volume_2,clement_alex,stromata,1Cor,1Cor,3,10,new_testament,Bible:1Cor.3.10-1Cor.3.13,1 Cor. iii. 10–13
volume_2,clement_alex,stromata,Rom,Rom,1,11,new_testament,Bible:Rom.1.11,Rom. i. 11
volume_2,clement_alex,stromata,Jer,Jer,8,6,old_testament_or_other,Bible:Jer.8.6,Jer. viii. 6
volume_2,clement_alex,stromata,Eph,Eph,4,26,new_testament,Bible:Eph.4.26,Eph. iv. 26
volume_2,clement_alex,stromata,Jude,Jude,1,23,new_testament,Bible:Jude.1.23,Jude 23
volume_2,clement_alex,stromata,Matt,Matt,19,23,new_testament,Bible:Matt.19.23,Matt. xix.  23
volume_2,clement_alex,stromata,Mark,Mark,10,23,new_testament,Bible:Mark.10.23,Mark x. 23
volume_2,clement_alex,stromata,Luke,Luke,18,24,new_testament,Bible:Luke.18.24,Luke xviii. 24
volume_2,clement_alex,stromata,Matt,Matt,11,29,new_testament,Bible:Matt.11.29-Matt.11.30,"Matt. xi. 29, 30"
volume_2,clement_alex,stromata,Gal,Gal,5,25,new_testament,Bible:Gal.5.25,Gal. v. 25
volume_2,clement_alex,stromata,2Cor,2Cor,5,7,new_testament,Bible:2Cor.5.7,2 Cor. v. 7
volume_2,clement_alex,stromata,Rev,Rev,5,6,new_testament,Bible:Rev.5.6,Rev. v. 6
volume_2,clement_alex,stromata,Isa,Isa,11,10,old_testament_or_other,Bible:Isa.11.10,Isa. xi. 10
volume_2,clement_alex,stromata,Eph,Eph,5,23,new_testament,Bible:Eph.5.23,Eph. v. 23
volume_2,clement_alex,stromata,1Cor,1Cor,11,3,new_testament,Bible:1Cor.11.3,1 Cor. xi. 3
volume_2,clement_alex,stromata,2Cor,2Cor,11,31,new_testament,Bible:2Cor.11.31,2 Cor. xi. 31
volume_2,clement_alex,stromata,1Cor,1Cor,12,11,new_testament,Bible:1Cor.12.11,1 Cor. xii. 11
volume_2,clement_alex,stromata,Lev,Lev,16,23,old_testament_or_other,Bible:Lev.16.23-Lev.16.24,"Lev. xvi. 23, 24"
volume_2,clement_alex,stromata,Deut,Deut,14,,old_testament_or_other,Bible:Deut.14,Deut. xiv.
volume_2,clement_alex,stromata,Ps,Ps,18,25,old_testament_or_other,Bible:Ps.18.25-Ps.18.26,"Ps. xviii. 25, 26"
volume_2,clement_alex,stromata,Exod,Exod,15,1,old_testament_or_other,Bible:Exod.15.1,Ex. xv. 1
volume_2,clement_alex,stromata,Exod,Exod|Exod,21,33,old_testament_or_other,Bible:Exod.21.33 Bible:Exod.21.36,"Ex. xxi. 33, 36"
volume_2,clement_alex,stromata,Isa,Isa,1,3,old_testament_or_other,Bible:Isa.1.3,Isa. i. 3
volume_2,clement_alex,stromata,Matt,Matt,11,13,new_testament,Bible:Matt.11.13,Matt. xi. 13
volume_2,clement_alex,stromata,Luke,Luke,16,16,new_testament,Bible:Luke.16.16,Luke xvi. 16
volume_2,clement_alex,stromata,Mark,Mark,1,7,new_testament,Bible:Mark.1.7,Mark i. 7
volume_2,clement_alex,stromata,Luke,Luke,3,16,new_testament,Bible:Luke.3.16,Luke iii. 16
volume_2,clement_alex,stromata,John,John,1,27,new_testament,Bible:John.1.27,John i.  27
volume_2,clement_alex,stromata,2Cor,2Cor,6,14,new_testament,Bible:2Cor.6.14-2Cor.6.15,"2 Cor. vi. 14, 15"
volume_2,clement_alex,stromata,2Cor,2Cor,6,17,new_testament,Bible:2Cor.6.17-2Cor.6.18,"2 Cor. vi. 17, 18"
volume_2,clement_alex,stromata,Eph,Eph,3,3,new_testament,Bible:Eph.3.3-Eph.3.5,Eph. iii. 3–5
volume_2,clement_alex,stromata,Col,Col,1,9,new_testament,Bible:Col.1.9-Col.1.11,Col. i. 9–11
volume_2,clement_alex,stromata,Col,Col,1,25,new_testament,Bible:Col.1.25-Col.1.27,Col. i. 25–27
volume_2,clement_alex,stromata,Col,Col,1,27,new_testament,Bible:Col.1.27,Col. i. 27
volume_2,clement_alex,stromata,Col,Col,2,2,new_testament,Bible:Col.2.2-Col.2.3,"Col. ii. 2, 3"
volume_2,clement_alex,stromata,Col,Col,4,2,new_testament,Bible:Col.4.2,Col. iv. 2
volume_2,clement_alex,stromata,Col,Col,4,3,new_testament,Bible:Col.4.3-Col.4.4,"Col. iv. 3, 4"
volume_2,clement_alex,stromata,Heb,Heb,5,12,new_testament,Bible:Heb.5.12-Heb.5.14,"Heb. v. 12, 13, 14"
volume_2,clement_alex,stromata,Exod,Exod,33,1,old_testament_or_other,Bible:Exod.33.1,Ex. xxxiii. 1
volume_2,clement_alex,stromata,Lev,Lev,20,24,old_testament_or_other,Bible:Lev.20.24,Lev. xx. 24
volume_2,clement_alex,stromata,Ps,Ps,19,2,old_testament_or_other,Bible:Ps.19.2-Ps.19.3,"Ps. xix. 2, 3"
volume_2,clement_alex,stromata,Rom,Rom,15,29,new_testament,Bible:Rom.15.29,Rom. xv. 29
volume_2,clement_alex,stromata,1Cor,1Cor,2,6,new_testament,Bible:1Cor.2.6-1Cor.2.7,"1 Cor. ii. 6, 7"
volume_2,clement_alex,stromata,Ps,Ps,34,8,old_testament_or_other,Bible:Ps.34.8,Ps. xxxiv. 8
volume_2,clement_alex,stromata,Prov,Prov,30,2,old_testament_or_other,Bible:Prov.30.2,Prov. xxx. 2
volume_2,clement_alex,stromata,Prov,Prov,3,18,old_testament_or_other,Bible:Prov.3.18,Prov. iii. 18
volume_2,clement_alex,stromata,Deut,Deut,30,15,old_testament_or_other,Bible:Deut.30.15-Deut.30.16,"Deut. xxx. 15,
16"
volume_2,clement_alex,stromata,Gen,Gen,22,3,old_testament_or_other,Bible:Gen.22.3-Gen.22.4,"Gen. xxii. 3,
4"
volume_2,clement_alex,stromata,Ps,Ps,50,13,old_testament_or_other,Bible:Ps.50.13,Ps. l. 13
volume_2,clement_alex,stromata,Acts,Acts,17,24,new_testament,Bible:Acts.17.24-Acts.17.25,"Acts xvii. 24, 25"
volume_2,clement_alex,stromata,Rom,Rom,11,33,new_testament,Bible:Rom.11.33,Rom. xi. 33
volume_2,clement_alex,stromata,Gen,Gen,18,6,old_testament_or_other,Bible:Gen.18.6,Gen. xviii. 6
volume_2,clement_alex,stromata,Matt,Matt,13,11,new_testament,Bible:Matt.13.11,Matt. xiii. 11
volume_2,clement_alex,stromata,Mark,Mark,4,11,new_testament,Bible:Mark.4.11,Mark iv. 11
volume_2,clement_alex,stromata,Luke,Luke,8,10,new_testament,Bible:Luke.8.10,Luke viii. 10
volume_2,clement_alex,stromata,Ps,Ps,78,2,old_testament_or_other,Bible:Ps.78.2,Ps. lxxviii. 2
volume_2,clement_alex,stromata,Matt,Matt,13,33,new_testament,Bible:Matt.13.33,Matt. xiii. 33
volume_2,clement_alex,stromata,John,John,1,18,new_testament,Bible:John.1.18,John. i. 18
volume_2,clement_alex,stromata,Acts,Acts,17,22,new_testament,Bible:Acts.17.22-Acts.17.23,"Acts xvii. 22, 23"
volume_2,clement_alex,stromata,Luke,Luke,10,22,new_testament,Bible:Luke.10.22,Luke x. 22
volume_2,clement_alex,stromata,John,John,8,24,new_testament,Bible:John.8.24,John viii. 24
volume_2,clement_alex,stromata,John,John|John,3,15,new_testament,Bible:John.3.15-John.3.16 Bible:John.3.36,"John iii. 15, 16, 36"
volume_2,clement_alex,stromata,Ps,Ps,2,12,old_testament_or_other,Bible:Ps.2.12,Ps. ii. 12
volume_2,clement_alex,stromata,John,John,10,1,new_testament,Bible:John.10.1-John.10.3,John x. 1–3
volume_2,clement_alex,stromata,Eph,Eph,3,5,new_testament,Bible:Eph.3.5,Eph. iii. 5
volume_2,clement_alex,stromata,Joel,Joel,2,28,old_testament_or_other,Bible:Joel.2.28,Joel ii. 28
volume_2,clement_alex,stromata,Wis,Wis,7,24,deuterocanonical,Bible:Wis.7.24,Wisd. vii. 24
volume_2,clement_alex,stromata,Ps,Ps,36,5,old_testament_or_other,Bible:Ps.36.5,Ps. xxxvi. 5
volume_2,clement_alex,stromata,Ps,Ps,4,4,old_testament_or_other,Bible:Ps.4.4,Ps. civ. 4
volume_2,clement_alex,stromata,Matt,Matt,18,10,new_testament,Bible:Matt.18.10,Matt. xviii.  10
volume_2,clement_alex,stromata,Gen,Gen,1,1,old_testament_or_other,Bible:Gen.1.1-Gen.1.3,Gen. i. 1–3
volume_2,clement_alex,stromata,Deut,Deut|Deut|Deut,30,15,old_testament_or_other,Bible:Deut.30.15 Bible:Deut.30.19 Bible:Deut.30.20,"Deut. xxx. 15, 19, 20"
volume_2,clement_alex,stromata,Ps,Ps,3,5,old_testament_or_other,Bible:Ps.3.5,Ps. iii. 5
volume_2,clement_alex,stromata,Matt,Matt,24,42,new_testament,Bible:Matt.24.42,Matt. xxiv. 42
volume_2,clement_alex,stromata,Wis,Wis,2,12,deuterocanonical,Bible:Wis.2.12,Wisd. ii. 12
volume_2,clement_alex,stromata,Isa,Isa|Isa,40,18,old_testament_or_other,Bible:Isa.40.18 Bible:Isa.40.25,"Isa. xl. 18,
25"
volume_2,clement_alex,stromata,Deut,Deut,6,4,old_testament_or_other,Bible:Deut.6.4,"Deut
vi. 4"
volume_2,clement_alex,stromata,Isa,Isa|Isa,1,11,old_testament_or_other,Bible:Isa.1.11 Bible:Isa.1.16,"Isa. i. 11,
16"
volume_2,clement_alex,stromata,Ps,Ps,4,5,old_testament_or_other,Bible:Ps.4.5,Ps. iv. 5
volume_2,clement_alex,stromata,Isa,Isa,65,24,old_testament_or_other,Bible:Isa.65.24,Isa. lxv. 24
volume_2,clement_alex,stromata,Isa,Isa,64,1,old_testament_or_other,Bible:Isa.64.1-Isa.64.2,"Isa. lxiv. 1, 2"
volume_2,clement_alex,stromata,Amos,Amos,4,13,old_testament_or_other,Bible:Amos.4.13,Amos iv. 13
volume_2,clement_alex,stromata,Deut,Deut,32,39,old_testament_or_other,Bible:Deut.32.39,Deut. xxxii. 39
volume_2,clement_alex,stromata,Isa,Isa,10,14,old_testament_or_other,Bible:Isa.10.14,Isa. x. 14
volume_2,clement_alex,stromata,Jer,Jer,10,12,old_testament_or_other,Bible:Jer.10.12,Jer. x. 12
volume_2,clement_alex,stromata,Isa,Isa,40,13,old_testament_or_other,Bible:Isa.40.13,Isa. xl. 13
volume_2,clement_alex,stromata,Ps,Ps,68,8,old_testament_or_other,Bible:Ps.68.8,Ps. lxviii. 8
volume_2,clement_alex,stromata,Isa,Isa|Isa,36,7,old_testament_or_other,Bible:Isa.36.7-Isa.36.8 Bible:Isa.36.10,"Isa xxxvi. 7, 8, 10"
volume_2,clement_alex,stromata,Jonah,Jonah|Jonah|Jonah,1,6,old_testament_or_other,Bible:Jonah.1.6 Bible:Jonah.1.9 Bible:Jonah.1.14,"Jonah
i. 6, 9, 14"
volume_2,clement_alex,stromata,Mal,Mal|Mal,1,10,old_testament_or_other,Bible:Mal.1.10-Mal.1.11 Bible:Mal.1.14,"Mal. i. 10, 11,
14"
volume_2,clement_alex,stromata,Jer,Jer,3,19,old_testament_or_other,Bible:Jer.3.19,Jer. iii. 19
volume_2,clement_alex,stromata,Gen,Gen,17,3,old_testament_or_other,Bible:Gen.17.3,Genesis 17:3
volume_2,clement_alex,stromata,Deut,Deut,29,17,old_testament_or_other,Bible:Deut.29.17,Deut. xxix. 17
volume_2,clement_alex,stromata,Hab,Hab,2,18,old_testament_or_other,Bible:Hab.2.18-Hab.2.19,"Hab. ii. 18, 19"
volume_2,clement_alex,stromata,1Kgs,1Kgs,15,12,old_testament_or_other,Bible:1Kgs.15.12,1 Kings xv. 12
volume_2,clement_alex,stromata,Rev,Rev,1,4,new_testament,Bible:Rev.1.4,Rev. i. 4
volume_2,clement_alex,stromata,Isa,Isa,11,1,old_testament_or_other,Bible:Isa.11.1-Isa.11.2,"Isa. xi. 1, 2"
volume_2,clement_alex,stromata,Zech,Zech,3,9,old_testament_or_other,Bible:Zech.3.9,Zech. iii. 9
volume_2,clement_alex,stromata,Acts,Acts,17,18,new_testament,Bible:Acts.17.18,"Acts
xvii. 18"
volume_2,clement_alex,stromata,Isa,Isa,32,20,old_testament_or_other,Bible:Isa.32.20,Isa. xxxii. 20
volume_2,clement_alex,stromata,Rom,Rom,14,2,new_testament,Bible:Rom.14.2,Rom. xiv. 2
volume_2,clement_alex,stromata,Ps,Ps|Ps,12,5,old_testament_or_other,Bible:Ps.12.5 Bible:Ps.12.9,"Ps. cxii. 5,
9"
volume_2,clement_alex,stromata,1Sam,1Sam,11,18,old_testament_or_other,Bible:1Sam.11.18,1 Sam. xi. 18
volume_2,clement_alex,stromata,Ps,Ps,84,1,old_testament_or_other,Bible:Ps.84.1,Ps. lxxxiv. 1
volume_2,clement_alex,stromata,Deut,Deut,10,16,old_testament_or_other,Bible:Deut.10.16-Deut.10.17,"Deut. x. 16, 17"
volume_2,clement_alex,stromata,Isa,Isa,40,26,old_testament_or_other,Bible:Isa.40.26,Isa. xl. 26
volume_2,clement_alex,stromata,1Tim,1Tim,6,16,new_testament,Bible:1Tim.6.16,1 Tim. vi. 16
volume_2,clement_alex,stromata,2Macc,2Macc,1,10,deuterocanonical,Bible:2Macc.1.10,2 Maccab. i. 10
volume_2,clement_alex,stromata,Deut,Deut,4,12,old_testament_or_other,Bible:Deut.4.12,Deut. iv. 12
volume_2,clement_alex,stromata,Luke,Luke,6,1,new_testament,Bible:Luke.6.1,Luke vi. 1
volume_2,clement_alex,stromata,Jer,Jer,31,31,old_testament_or_other,Bible:Jer.31.31-Jer.31.32,"Jer. xxxi. 31, 32"
volume_2,clement_alex,stromata,Heb,Heb,8,8,new_testament,Bible:Heb.8.8-Heb.8.10,"Heb. viii.
8–10"
volume_2,clement_alex,stromata,Matt,Matt,23,4,new_testament,Bible:Matt.23.4,Matt. xxiii. 4
volume_2,clement_alex,stromata,Luke,Luke,11,46,new_testament,Bible:Luke.11.46,Luke xi. 46
volume_2,clement_alex,stromata,Job,Job,28,22,old_testament_or_other,Bible:Job.28.22,Job xxviii. 22
volume_2,clement_alex,stromata,1Pet,1Pet,3,19,new_testament,Bible:1Pet.3.19-1Pet.3.20,"1 Pet. iii. 19, 20"
volume_2,clement_alex,stromata,Ezek,Ezek|Ezek,18,23,old_testament_or_other,Bible:Ezek.18.23 Bible:Ezek.18.32,"Ezek. xviii. 23, 32"
volume_2,clement_alex,stromata,Matt,Matt,27,52,new_testament,Bible:Matt.27.52,Matt. xxvii. 52
volume_2,clement_alex,stromata,John,John,5,25,new_testament,Bible:John.5.25,John v. 25
volume_2,clement_alex,stromata,Rom,Rom,3,29,new_testament,Bible:Rom.3.29,Rom. iii. 29
volume_2,clement_alex,stromata,1Pet,1Pet,3,19,new_testament,Bible:1Pet.3.19,1 Pet. iii. 19
volume_2,clement_alex,stromata,Acts,Acts|Acts,3,17,new_testament,Bible:Acts.3.17 Bible:Acts.3.19,"Acts iii. 17, 19"
volume_2,clement_alex,stromata,Deut,Deut|Deut,30,15,old_testament_or_other,Bible:Deut.30.15 Bible:Deut.30.19,"Deut. xxx. 15, 19"
volume_2,clement_alex,stromata,Isa,Isa,1,19,old_testament_or_other,Bible:Isa.1.19-Isa.1.20,"Isa. i. 19, 20"
volume_2,clement_alex,stromata,Ps,Ps,16,9,old_testament_or_other,Bible:Ps.16.9-Ps.16.11,Ps. xvi. 9–11
volume_2,clement_alex,stromata,Acts,Acts,2,26,new_testament,Bible:Acts.2.26-Acts.2.28,"Acts ii.
26–28"
volume_2,clement_alex,stromata,Isa,Isa,11,7,old_testament_or_other,Bible:Isa.11.7,Isa. xi. 7
volume_2,clement_alex,stromata,Isa,Isa,43,20,old_testament_or_other,Bible:Isa.43.20,Isa. xliii. 20
volume_2,clement_alex,stromata,Wis,Wis,6,7,deuterocanonical,Bible:Wis.6.7,Wisd. vi. 7
volume_2,clement_alex,stromata,Ps,Ps,9,15,old_testament_or_other,Bible:Ps.9.15,Ps. ix. 15
volume_2,clement_alex,stromata,Ps,Ps,9,9,old_testament_or_other,Bible:Ps.9.9,Ps. ix. 9
volume_2,clement_alex,stromata,Ps,Ps,9,11,old_testament_or_other,Bible:Ps.9.11,Ps. ix. 11
volume_2,clement_alex,stromata,Ps,Ps,11,7,old_testament_or_other,Bible:Ps.11.7,Ps. xi. 7
volume_2,clement_alex,stromata,Ps,Ps,11,6,old_testament_or_other,Bible:Ps.11.6,Ps. xi. 6
volume_2,clement_alex,stromata,Ps,Ps,2,9,old_testament_or_other,Bible:Ps.2.9,Ps. cii. 9
volume_2,clement_alex,stromata,John,John,1,3,new_testament,Bible:John.1.3,John i. 3
volume_2,clement_alex,stromata,Gen,Gen,1,1,old_testament_or_other,Bible:Gen.1.1,Gen. i. 1
volume_2,clement_alex,stromata,Matt,Matt,23,8,new_testament,Bible:Matt.23.8-Matt.23.10,Matt. xxiii. 8–10
volume_2,clement_alex,stromata,Eph,Eph,3,14,new_testament,Bible:Eph.3.14-Eph.3.15,"Eph. iii. 14,
15"
volume_2,clement_alex,stromata,Ps,Ps,12,6,old_testament_or_other,Bible:Ps.12.6,Ps. xii. 6
volume_2,clement_alex,stromata,Prov,Prov,10,20,old_testament_or_other,Bible:Prov.10.20,Prov. x. 20
volume_2,clement_alex,stromata,Heb,Heb,5,12,new_testament,Bible:Heb.5.12,Heb. v. 12
volume_2,clement_alex,stromata,Ps,Ps,19,125,old_testament_or_other,Bible:Ps.19.125,Ps. cxix. 125
volume_2,clement_alex,stromata,Ps,Ps,19,66,old_testament_or_other,Bible:Ps.19.66,Ps. cxix. 66
volume_2,clement_alex,stromata,Ps,Ps,47,20,old_testament_or_other,Bible:Ps.47.20,Ps. cxlvii. 20
volume_2,clement_alex,stromata,Acts,Acts,10,34,new_testament,Bible:Acts.10.34-Acts.10.35,"Acts x. 34,
35"
volume_2,clement_alex,stromata,Ps,Ps,18,19,old_testament_or_other,Bible:Ps.18.19-Ps.18.20,"Ps. cxviii. 19, 20"
volume_2,clement_alex,stromata,Ps,Ps,29,3,old_testament_or_other,Bible:Ps.29.3,Ps. xxix. 3
volume_2,clement_alex,stromata,Ps,Ps,9,17,old_testament_or_other,Bible:Ps.9.17,Ps. ix. 17
volume_2,clement_alex,stromata,Job,Job,11,2,old_testament_or_other,Bible:Job.11.2,Job xi. 2
volume_2,clement_alex,stromata,Jude,Jude|Jude,1,22,new_testament,Bible:Jude.1.22 Bible:Jude.1.23,"Jude 22, 23"
volume_2,clement_alex,stromata,2Cor,2Cor,11,14,new_testament,Bible:2Cor.11.14,"2
Cor. xi. 14"
volume_2,clement_alex,stromata,Wis,Wis,7,17,deuterocanonical,Bible:Wis.7.17-Wis.7.18,"Wisd. vii. 17, 18"
volume_2,clement_alex,stromata,Eph,Eph,1,4,new_testament,Bible:Eph.1.4-Eph.1.5,"Eph. i. 4,
5"
volume_2,clement_alex,stromata,Ps,Ps,12,6,old_testament_or_other,Bible:Ps.12.6,Ps. cxii. 6
volume_2,clement_alex,stromata,Ps,Ps,12,7,old_testament_or_other,Bible:Ps.12.7,Ps. cxii. 7
volume_2,clement_alex,stromata,Ps,Ps,5,3,old_testament_or_other,Bible:Ps.5.3-Ps.5.4,"Ps. cv. 3, 4"
volume_2,clement_alex,stromata,Gen,Gen,14,14,old_testament_or_other,Bible:Gen.14.14,Gen. xiv. 14
volume_2,clement_alex,stromata,Gen,Gen,6,3,old_testament_or_other,Bible:Gen.6.3,Gen. vi. 3
volume_2,clement_alex,stromata,Eph,Eph,4,,new_testament,Bible:Eph.4,Eph. iv.
volume_2,clement_alex,stromata,Exod,Exod,25,23,old_testament_or_other,Bible:Exod.25.23,Ex. xxv. 23
volume_2,clement_alex,stromata,Exod,Exod,25,24,old_testament_or_other,Bible:Exod.25.24,Ex. xxv. 24
volume_2,clement_alex,stromata,Ps,Ps,45,9,old_testament_or_other,Bible:Ps.45.9,Ps. xlv. 9
volume_2,clement_alex,stromata,Ps,Ps,45,14,old_testament_or_other,Bible:Ps.45.14,Ps. xlv. 14
volume_2,clement_alex,stromata,Wis,Wis,6,10,deuterocanonical,Bible:Wis.6.10,Wisd. vi. 10
volume_2,clement_alex,stromata,Wis,Wis,7,16,deuterocanonical,Bible:Wis.7.16,Wisd. vii. 16
volume_2,clement_alex,stromata,Wis,Wis,14,2,deuterocanonical,Bible:Wis.14.2-Wis.14.3,"Wisd. xiv. 2, 3"
volume_2,clement_alex,stromata,John,John,3,30,new_testament,Bible:John.3.30,John iii. 30
volume_2,clement_alex,stromata,Eph,Eph,2,20,new_testament,Bible:Eph.2.20-Eph.2.21,"Eph. ii. 20, 21"
volume_2,clement_alex,stromata,Matt,Matt,13,47,new_testament,Bible:Matt.13.47-Matt.13.48,"Matt. xiii. 47, 48"
volume_2,clement_alex,stromata,Wis,Wis|Wis,2,22,deuterocanonical,Bible:Wis.2.22 Bible:Wis.2.25,"Wisd. ii. 22, 25"
volume_2,clement_alex,stromata,Ps,Ps,17,3,old_testament_or_other,Bible:Ps.17.3-Ps.17.4,"Ps. xvii. 3, 4"
volume_2,clement_alex,stromata,Gen,Gen,18,12,old_testament_or_other,Bible:Gen.18.12,Gen. xviii. 12
volume_2,clement_alex,stromata,1Sam,1Sam,1,13,old_testament_or_other,Bible:1Sam.1.13,"1
Sam. i. 13"
volume_2,clement_alex,stromata,Tob,Tob,12,8,deuterocanonical,Bible:Tob.12.8,Tob. xii. 8
volume_2,clement_alex,stromata,2Cor,2Cor,6,7,new_testament,Bible:2Cor.6.7,"2
Cor. vi. 7"
volume_2,clement_alex,stromata,Exod,Exod,34,29,old_testament_or_other,Bible:Exod.34.29,Ex. xxxiv. 29
volume_2,clement_alex,stromata,Matt,Matt,5,48,new_testament,Bible:Matt.5.48,Matt. v. 48
volume_2,clement_alex,stromata,Acts,Acts,14,23,new_testament,Bible:Acts.14.23,Acts xiv. 23
volume_2,clement_alex,stromata,Titus,Titus,1,5,new_testament,Bible:Titus.1.5,Tit. i. 5
volume_2,clement_alex,stromata,Mark,Mark,12,39,new_testament,Bible:Mark.12.39,Mark xii. 39
volume_2,clement_alex,stromata,Luke,Luke,20,46,new_testament,Bible:Luke.20.46,Luke xx. 46
volume_2,clement_alex,stromata,Rev,Rev,4,4,new_testament,Bible:Rev.4.4,Rev. iv. 4
volume_2,clement_alex,stromata,Eph,Eph,2,14,new_testament,Bible:Eph.2.14-Eph.2.16,"Eph ii. 14,
15, 16"
volume_2,clement_alex,stromata,1Thess,1Thess,4,17,new_testament,Bible:1Thess.4.17,1 Thess. iv. 17
volume_2,clement_alex,stromata,1Cor,1Cor,15,41,new_testament,Bible:1Cor.15.41,1 Cor. xv. 41
volume_2,clement_alex,stromata,Eph,Eph,4,13,new_testament,Bible:Eph.4.13,Eph. iv. 13
volume_2,clement_alex,stromata,Ps,Ps,15,,old_testament_or_other,Bible:Ps.15,Ps. xv.
volume_2,clement_alex,stromata,John,John,1,47,new_testament,Bible:John.1.47,John i. 47
volume_2,clement_alex,stromata,Matt,Matt,5,8,new_testament,Bible:Matt.5.8,Matt v. 8
volume_2,clement_alex,stromata,John,John,10,16,new_testament,Bible:John.10.16,"John
x. 16"
volume_2,clement_alex,stromata,John,John,10,27,new_testament,Bible:John.10.27,John x. 27
volume_2,clement_alex,stromata,Wis,Wis,4,17,deuterocanonical,Bible:Wis.4.17,Wisd. iv. 17
volume_2,clement_alex,stromata,Wis,Wis,5,3,deuterocanonical,Bible:Wis.5.3-Wis.5.5,Wisd. v. 3–5
volume_2,clement_alex,stromata,Deut,Deut,4,19,old_testament_or_other,Bible:Deut.4.19,Deut. iv. 19
volume_2,clement_alex,stromata,Matt,Matt,8,26,new_testament,Bible:Matt.8.26,Matt. viii. 26
volume_2,clement_alex,stromata,Mark,Mark,8,36,new_testament,Bible:Mark.8.36,Mark viii. 36
volume_2,clement_alex,stromata,Luke,Luke,9,25,new_testament,Bible:Luke.9.25,Luke ix. 25
volume_2,clement_alex,stromata,Wis,Wis,3,9,deuterocanonical,Bible:Wis.3.9,Wisd. iii. 9
volume_2,clement_alex,stromata,Wis,Wis,3,14,deuterocanonical,Bible:Wis.3.14,Wisd. iii. 14
volume_2,clement_alex,stromata,Matt,Matt,13,8,new_testament,Bible:Matt.13.8,Matt. xiii. 8
volume_2,clement_alex,stromata,Matt,Matt,25,10,new_testament,Bible:Matt.25.10,Matt. xxv. 10
volume_2,clement_alex,stromata,Luke,Luke,12,3,new_testament,Bible:Luke.12.3,Luke xii. 3
volume_2,clement_alex,stromata,Ps,Ps,45,4,old_testament_or_other,Bible:Ps.45.4,Ps. xlv. 4
volume_2,clement_alex,stromata,Hos,Hos,14,9,old_testament_or_other,Bible:Hos.14.9,Hos. xiv. 9
volume_2,clement_alex,stromata,Amos,Amos,5,13,old_testament_or_other,Bible:Amos.5.13,Amos. v. 13
volume_2,clement_alex,stromata,Ps,Ps,18,11,old_testament_or_other,Bible:Ps.18.11-Ps.18.12,"Ps. xviii. 11, 12"
volume_2,clement_alex,stromata,Isa,Isa,50,4,old_testament_or_other,Bible:Isa.50.4,Isa. l. 4
volume_2,clement_alex,stromata,Isa,Isa,50,5,old_testament_or_other,Bible:Isa.50.5,Isa. l. 5
volume_2,clement_alex,stromata,Rom,Rom,12,17,new_testament,Bible:Rom.12.17,Rom. xii. 17
volume_2,clement_alex,stromata,Wis,Wis,6,12,deuterocanonical,Bible:Wis.6.12-Wis.6.15,Wisd. vi. 12–15
volume_2,clement_alex,stromata,Wis,Wis,2,16,deuterocanonical,Bible:Wis.2.16,Wisd. ii. 16
volume_2,clement_alex,stromata,Wis,Wis,6,17,deuterocanonical,Bible:Wis.6.17-Wis.6.20,Wisd. vi. 17–20
volume_2,clement_alex,stromata,1Cor,1Cor,9,19,new_testament,Bible:1Cor.9.19,1 Cor. ix. 19
volume_2,clement_alex,stromata,Dan,Dan|Dan,5,7,old_testament_or_other,Bible:Dan.5.7 Bible:Dan.5.29,"Dan. v. 7, 29"
volume_2,clement_alex,stromata,Luke,Luke,24,31,new_testament,Bible:Luke.24.31,Luke xxiv. 31
volume_2,clement_alex,stromata,Matt,Matt,13,34,new_testament,Bible:Matt.13.34,Matt. xiii. 34
volume_2,clement_alex,stromata,John,John,1,3,new_testament,Bible:John.1.3,"John
i. 3"
volume_2,clement_alex,stromata,Prov,Prov,8,9,old_testament_or_other,Bible:Prov.8.9,Prov. viii. 9
volume_2,clement_alex,stromata,Prov,Prov,1,1,old_testament_or_other,Bible:Prov.1.1-Prov.1.4,Prov. i. 1–4
volume_2,clement_alex,stromata,Prov,Prov,1,5,old_testament_or_other,Bible:Prov.1.5-Prov.1.6,"Prov. i. 5, 6"
volume_2,clement_alex,stromata,Isa,Isa,8,1,old_testament_or_other,Bible:Isa.8.1,Isa. viii. 1
volume_2,clement_alex,stromata,John,John,14,26,new_testament,Bible:John.14.26,"John
xiv. 26"
volume_2,clement_alex,stromata,Mark,Mark,10,48,new_testament,Bible:Mark.10.48,Mark x. 48
volume_2,clement_alex,stromata,Matt,Matt,16,17,new_testament,Bible:Matt.16.17,Matt. xvi. 17
volume_2,clement_alex,stromata,Gal,Gal,5,17,new_testament,Bible:Gal.5.17,Gal. v. 17
volume_2,clement_alex,stromata,Exod,Exod,20,2,old_testament_or_other,Bible:Exod.20.2-Exod.20.3,"Ex. xx. 2, 3"
volume_2,clement_alex,stromata,Ps,Ps,19,1,old_testament_or_other,Bible:Ps.19.1,Ps. xix. 1
volume_2,clement_alex,stromata,Rev,Rev,21,6,new_testament,Bible:Rev.21.6,Rev. xxi. 6
volume_2,clement_alex,stromata,Dan,Dan,8,13,old_testament_or_other,Bible:Dan.8.13,Dan. viii. 13
volume_2,clement_alex,stromata,Ps,Ps,90,9,old_testament_or_other,Bible:Ps.90.9-Ps.90.10,"Ps. xc. 9,
10"
volume_2,clement_alex,stromata,Gen,Gen,2,4,old_testament_or_other,Bible:Gen.2.4,Gen. ii. 4
volume_2,clement_alex,stromata,Ps,Ps,18,24,old_testament_or_other,Bible:Ps.18.24,Ps. cxviii. 24
volume_2,clement_alex,stromata,Col,Col,3,5,new_testament,Bible:Col.3.5,Col. iii. 5
volume_2,clement_alex,stromata,Gal,Gal|Gal,5,20,new_testament,Bible:Gal.5.20 Bible:Gal.5.1,"Gal. v. 20, 1"
volume_2,clement_alex,stromata,Jer,Jer,2,27,old_testament_or_other,Bible:Jer.2.27,Jer. ii. 27
volume_2,clement_alex,stromata,Matt,Matt,11,4,new_testament,Bible:Matt.11.4,Matt. xi. 4
volume_2,clement_alex,stromata,1Cor,1Cor,3,12,new_testament,Bible:1Cor.3.12,1 Cor. iii. 12
volume_2,clement_alex,stromata,Ps,Ps,33,2,old_testament_or_other,Bible:Ps.33.2,Ps. cxxxiii. 2
volume_2,clement_alex,stromata,Matt,Matt,25,32,new_testament,Bible:Matt.25.32,Matt. xxv. 32
volume_2,clement_alex,stromata,Ps,Ps,24,1,old_testament_or_other,Bible:Ps.24.1,Ps. xxiv. 1
volume_2,clement_alex,stromata,1Tim,1Tim,4,10,new_testament,Bible:1Tim.4.10,1 Tim. iv. 10
volume_2,clement_alex,stromata,1Cor,1Cor,8,4,new_testament,Bible:1Cor.8.4,1 Cor. viii. 4
volume_2,clement_alex,stromata,Jas,Jas,2,8,new_testament,Bible:Jas.2.8,Jas. ii. 8
volume_2,clement_alex,stromata,2Cor,2Cor,10,15,new_testament,Bible:2Cor.10.15-2Cor.10.16,"2 Cor. x. 15, 16"
volume_2,clement_alex,stromata,Acts,Acts,17,,new_testament,Bible:Acts.17,Acts xvii.
volume_2,clement_alex,stromata,2Cor,2Cor,10,13,new_testament,Bible:2Cor.10.13-2Cor.10.15,2 Cor. x. 13–15
volume_2,clement_alex,stromata,Gal,Gal,2,9,new_testament,Bible:Gal.2.9,Gal. ii. 9
volume_2,clement_alex,stromata,2Cor,2Cor,11,6,new_testament,Bible:2Cor.11.6,2 Cor. xi. 6
volume_2,clement_alex,stromata,1Cor,1Cor|1Cor,2,10,new_testament,Bible:1Cor.2.10 Bible:1Cor.2.14,"1
Cor. ii. 10, 14"
volume_2,clement_alex,stromata,1Tim,1Tim,6,20,new_testament,Bible:1Tim.6.20,1 Tim. vi. 20
volume_2,clement_alex,stromata,Rev,Rev,13,18,new_testament,Bible:Rev.13.18,Rev. xiii. 18
volume_2,clement_alex,stromata,Ps,Ps,19,2,old_testament_or_other,Bible:Ps.19.2,Ps. cxix. 2
volume_2,clement_alex,stromata,Deut,Deut,32,8,old_testament_or_other,Bible:Deut.32.8-Deut.32.9,"Deut. xxxii. 8, 9"
volume_2,clement_alex,stromata,Prov,Prov,8,30,old_testament_or_other,Bible:Prov.8.30,Prov. viii. 30
volume_2,clement_alex,stromata,Phil,Phil,4,18,new_testament,Bible:Phil.4.18,Phil. iv. 18
volume_2,clement_alex,stromata,Ps,Ps|Ps,51,17,old_testament_or_other,Bible:Ps.51.17 Bible:Ps.51.19,"Ps. li. 17,
19"
volume_2,clement_alex,stromata,Rom,Rom,6,6,new_testament,Bible:Rom.6.6-Rom.6.7,"Rom. vi. 6, 7"
volume_2,clement_alex,stromata,Eph,Eph,4,22,new_testament,Bible:Eph.4.22-Eph.4.24,Eph. iv.  22–24
volume_2,clement_alex,stromata,Col,Col,3,8,new_testament,Bible:Col.3.8-Col.3.9,"Col. iii. 8, 9"
volume_2,clement_alex,stromata,Matt,Matt,3,11,new_testament,Bible:Matt.3.11,Matt. iii. 11
volume_2,clement_alex,stromata,Heb,Heb,4,12,new_testament,Bible:Heb.4.12,Heb. iv. 12
volume_2,clement_alex,stromata,Ps,Ps,19,164,old_testament_or_other,Bible:Ps.19.164,Ps. cxix. 164
volume_2,clement_alex,stromata,1Sam,1Sam,1,13,old_testament_or_other,Bible:1Sam.1.13,1 Sam. i. 13
volume_2,clement_alex,stromata,Ps,Ps,41,2,old_testament_or_other,Bible:Ps.41.2,Ps. cxli. 2
volume_2,clement_alex,stromata,Jas,Jas,4,3,new_testament,Bible:Jas.4.3,Jas. iv. 3
volume_2,clement_alex,stromata,Rom,Rom,8,26,new_testament,Bible:Rom.8.26,Rom. viii. 26
volume_2,clement_alex,stromata,Rom,Rom,2,25,new_testament,Bible:Rom.2.25,Rom. ii. 25
volume_2,clement_alex,stromata,Eph,Eph,2,11,new_testament,Bible:Eph.2.11,Eph. ii. 11
volume_2,clement_alex,stromata,1Cor,1Cor,9,19,new_testament,Bible:1Cor.9.19,"1
Cor. ix. 19"
volume_2,clement_alex,stromata,Luke,Luke,19,26,new_testament,Bible:Luke.19.26,Luke xix. 26
volume_2,clement_alex,stromata,Luke,Luke,20,36,new_testament,Bible:Luke.20.36,Luke xx. 36
volume_2,clement_alex,stromata,Ps,Ps,24,3,old_testament_or_other,Bible:Ps.24.3-Ps.24.6,Ps. xxiv. 3–6
volume_2,clement_alex,stromata,Heb,Heb,1,3,new_testament,Bible:Heb.1.3,Heb. i. 3
volume_2,clement_alex,stromata,1Cor,1Cor,14,6,new_testament,Bible:1Cor.14.6,1 Cor. xiv. 6
volume_2,clement_alex,stromata,1Cor,1Cor,13,3,new_testament,Bible:1Cor.13.3,1 Cor. xiii. 3
volume_2,clement_alex,stromata,1Cor,1Cor,7,29,new_testament,Bible:1Cor.7.29,"1
Cor. vii. 29"
volume_2,clement_alex,stromata,Jas,Jas,5,12,new_testament,Bible:Jas.5.12,Jas. v. 12
volume_2,clement_alex,stromata,1Cor,1Cor,13,7,new_testament,Bible:1Cor.13.7,"1
Cor. xiii. 7"
volume_2,clement_alex,stromata,1Thess,1Thess,2,4,new_testament,Bible:1Thess.2.4,1 Thess. ii. 4
volume_2,clement_alex,stromata,Matt,Matt,7,21,new_testament,Bible:Matt.7.21,Matt. vii. 21
volume_2,clement_alex,stromata,Rom,Rom,6,5,new_testament,Bible:Rom.6.5,Rom. vi. 5
volume_2,clement_alex,stromata,1Cor,1Cor,5,7,new_testament,Bible:1Cor.5.7-1Cor.5.8,"1 Cor. v. 7, 8"
volume_2,clement_alex,stromata,Matt,Matt,20,21,new_testament,Bible:Matt.20.21,Matt. xx. 21
volume_2,clement_alex,stromata,Mark,Mark,11,23,new_testament,Bible:Mark.11.23,Mark xi. 23
volume_2,clement_alex,stromata,1Cor,1Cor,13,2,new_testament,Bible:1Cor.13.2,"1
Cor. xiii. 2"
volume_2,clement_alex,stromata,Matt,Matt,6,21,new_testament,Bible:Matt.6.21,Matt. vi. 21
volume_2,clement_alex,stromata,Rom,Rom,2,29,new_testament,Bible:Rom.2.29,Rom. ii. 29
volume_2,clement_alex,stromata,Ps,Ps,19,9,old_testament_or_other,Bible:Ps.19.9,Ps. xix. 9
volume_2,clement_alex,stromata,Luke,Luke,18,18,new_testament,Bible:Luke.18.18,Luke xviii. 18
volume_2,clement_alex,stromata,Luke,Luke,14,26,new_testament,Bible:Luke.14.26-Luke.14.27,"Luke xiv. 26, 27"
volume_2,clement_alex,stromata,Job,Job,1,21,old_testament_or_other,Bible:Job.1.21,Job. i. 21
volume_2,clement_alex,stromata,Matt,Matt,6,12,new_testament,Bible:Matt.6.12,Matt. vi. 12
volume_2,clement_alex,stromata,Luke,Luke,11,4,new_testament,Bible:Luke.11.4,"Luke
xi. 4"
volume_2,clement_alex,stromata,Ps,Ps,34,11,old_testament_or_other,Bible:Ps.34.11,Ps. xxxiv. 11
volume_2,clement_alex,stromata,1Cor,1Cor,3,16,new_testament,Bible:1Cor.3.16,1 Cor. iii. 16
volume_2,clement_alex,stromata,Matt,Matt,10,16,new_testament,Bible:Matt.10.16,Matt. x. 16
volume_2,clement_alex,stromata,Ps,Ps,48,12,old_testament_or_other,Bible:Ps.48.12,Ps. xlviii. 12
volume_2,clement_alex,stromata,1Cor,1Cor,6,1,new_testament,Bible:1Cor.6.1,1 Cor. vi. 1
volume_2,clement_alex,stromata,1Cor,1Cor,6,1,new_testament,Bible:1Cor.6.1-1Cor.6.2,"1 Cor. vi. 1, 2"
volume_2,clement_alex,stromata,Matt,Matt,5,44,new_testament,Bible:Matt.5.44,Matt. v. 44
volume_2,clement_alex,stromata,1Cor,1Cor,6,7,new_testament,Bible:1Cor.6.7-1Cor.6.8,"1 Cor. vi. 7, 8"
volume_2,clement_alex,stromata,1Cor,1Cor,6,9,new_testament,Bible:1Cor.6.9,1 Cor. vi. 9
volume_2,clement_alex,stromata,1Cor,1Cor,6,11,new_testament,Bible:1Cor.6.11,1 Cor. vi. 11
volume_2,clement_alex,stromata,1Cor,1Cor,6,12,new_testament,Bible:1Cor.6.12,"1
Cor. vi. 12"
volume_2,clement_alex,stromata,Ps,Ps,73,1,old_testament_or_other,Bible:Ps.73.1,Ps. lxxiii. 1
volume_2,clement_alex,stromata,Matt,Matt,13,28,new_testament,Bible:Matt.13.28,Matt. xiii. 28
volume_2,clement_alex,stromata,1Cor,1Cor,11,19,new_testament,Bible:1Cor.11.19,1 Cor. xi. 19
volume_2,clement_alex,stromata,Luke,Luke,9,62,new_testament,Bible:Luke.9.62,Luke ix. 62
volume_2,clement_alex,stromata,Ezek,Ezek,44,2,old_testament_or_other,Bible:Ezek.44.2,Ezek. xliv. 2
volume_2,clement_alex,stromata,Jude,Jude,1,3,new_testament,Bible:Jude.1.3,Jude 3
volume_2,clement_alex,stromata,Gal,Gal,1,6,new_testament,Bible:Gal.1.6-Gal.1.9,Gal. i. 6–9
volume_2,clement_alex,stromata,1Cor,1Cor|1Cor|1Cor,10,1,new_testament,Bible:1Cor.10.1 Bible:1Cor.10.3 Bible:1Cor.10.4,"1 Cor. x. 1, 3, 4"
volume_2,clement_alex,stromata,Matt,Matt,7,21,new_testament,Bible:Matt.7.21,Matt.  vii. 21
volume_2,clement_alex,stromata,1Cor,1Cor,4,19,new_testament,Bible:1Cor.4.19,1 Cor. iv. 19
volume_2,clement_alex,stromata,Rom,Rom,13,9,new_testament,Bible:Rom.13.9,Rom. xiii. 9
volume_2,clement_alex,stromata,Luke,Luke,11,9,new_testament,Bible:Luke.11.9,"Luke
xi. 9"
volume_2,clement_alex,stromata,Eccl,Eccl,12,12,old_testament_or_other,Bible:Eccl.12.12,Eccles. xii. 12
volume_2,clement_alex,stromata,1Pet,1Pet,2,5,new_testament,Bible:1Pet.2.5,"Chap. ii.
5."
volume_2,clement_alex,stromata,1Pet,1Pet,1,10,new_testament,Bible:1Pet.1.10,Ver. 10
volume_2,clement_alex,stromata,1Pet,1Pet,1,12,new_testament,Bible:1Pet.1.12,Ver. 12
volume_2,clement_alex,stromata,John,John,16,7,new_testament,Bible:John.16.7,"John
xvi. 7"
volume_2,clement_alex,stromata,1Pet,1Pet,1,19,new_testament,Bible:1Pet.1.19,Ver. 19.
volume_2,clement_alex,stromata,1Pet,1Pet,1,20,new_testament,Bible:1Pet.1.20,Ver. 20.
volume_2,clement_alex,stromata,1Pet,1Pet,1,23,new_testament,Bible:1Pet.1.23,Ver. 23.
volume_2,clement_alex,stromata,1Pet,1Pet,1,25,new_testament,Bible:1Pet.1.25,Ver. 25.
volume_2,clement_alex,stromata,1Pet,1Pet,2,9,new_testament,Bible:1Pet.2.9,Chap. ii. 9.
volume_2,clement_alex,stromata,1Pet,1Pet,2,23,new_testament,Bible:1Pet.2.23,Ver. 23.
volume_2,clement_alex,stromata,2Pet,2Pet,3,10,new_testament,Bible:2Pet.3.10,Chap. iii.  10.
volume_2,clement_alex,stromata,1Pet,1Pet,3,12,new_testament,Bible:1Pet.3.12,Ver. 12.
volume_2,clement_alex,stromata,1Pet,1Pet,3,15,new_testament,Bible:1Pet.3.15,Ver. 15.
volume_2,clement_alex,stromata,Matt,Matt,6,9,new_testament,Bible:Matt.6.9,Matt. vi. 9
volume_2,clement_alex,stromata,1Pet,1Pet,3,18,new_testament,Bible:1Pet.3.18,Ver. 18.
volume_2,clement_alex,stromata,1Pet,1Pet,3,20,new_testament,Bible:1Pet.3.20,Ver. 20.
volume_2,clement_alex,stromata,1Pet,1Pet,3,21,new_testament,Bible:1Pet.3.21,Ver. 21.
volume_2,clement_alex,stromata,1Pet,1Pet,3,22,new_testament,Bible:1Pet.3.22,Ver. 22.
volume_2,clement_alex,stromata,1Pet,1Pet,4,5,new_testament,Bible:1Pet.4.5,Chap. iv.  5.
volume_2,clement_alex,stromata,1Pet,1Pet,4,6,new_testament,Bible:1Pet.4.6,Ver. 6.
volume_2,clement_alex,stromata,1Cor,1Cor,5,5,new_testament,Bible:1Cor.5.5,1 Cor. v. 5
volume_2,clement_alex,stromata,1Pet,1Pet,4,13,new_testament,Bible:1Pet.4.13,Ver. 13.
volume_2,clement_alex,stromata,1Pet,1Pet,4,17,new_testament,Bible:1Pet.4.17,Ver. 17.
volume_2,clement_alex,stromata,1Pet,1Pet,5,10,new_testament,Bible:1Pet.5.10,Chap. v. 10.
volume_2,clement_alex,stromata,2Pet,2Pet,5,13,new_testament,Bible:2Pet.5.13,"Ver.
13."
volume_2,clement_alex,stromata,Jude,Jude,1,1,new_testament,Bible:Jude.1.1,Ver. 1.
volume_2,clement_alex,stromata,Jude,Jude,1,4,new_testament,Bible:Jude.1.4,Ver. 4.
volume_2,clement_alex,stromata,Jude,Jude,1,5,new_testament,Bible:Jude.1.5,Ver. 5.
volume_2,clement_alex,stromata,Jude,Jude,1,6,new_testament,Bible:Jude.1.6,Ver. 6.
volume_2,clement_alex,stromata,Jude,Jude,1,7,new_testament,Bible:Jude.1.7,Ver. 7.
volume_2,clement_alex,stromata,Jude,Jude,1,8,new_testament,Bible:Jude.1.8,Ver. 8.
volume_2,clement_alex,stromata,Jude,Jude,1,8,new_testament,Bible:Jude.1.8,"Jude
8"
volume_2,clement_alex,stromata,Jude,Jude,1,9,new_testament,Bible:Jude.1.9,Ver. 9.
volume_2,clement_alex,stromata,Jude,Jude,1,10,new_testament,Bible:Jude.1.10,Ver. 10
volume_2,clement_alex,stromata,Jude,Jude,1,11,new_testament,Bible:Jude.1.11,Ver. 11.
volume_2,clement_alex,stromata,Jude,Jude,1,12,new_testament,Bible:Jude.1.12,Ver. 12.
volume_2,clement_alex,stromata,Jude,Jude,1,13,new_testament,Bible:Jude.1.13,Ver. 13.
volume_2,clement_alex,stromata,Jude,Jude,1,14,new_testament,Bible:Jude.1.14,Ver. 14.
volume_2,clement_alex,stromata,Jude,Jude,1,19,new_testament,Bible:Jude.1.19,Ver. 19.
volume_2,clement_alex,stromata,Jude,Jude,1,20,new_testament,Bible:Jude.1.20,Ver. 20
volume_2,clement_alex,stromata,Jude,Jude,1,22,new_testament,Bible:Jude.1.22,Ver. 22.
volume_2,clement_alex,stromata,Jude,Jude,1,23,new_testament,Bible:Jude.1.23,Ver. 23.
volume_2,clement_alex,stromata,Jude,Jude,1,24,new_testament,Bible:Jude.1.24,Ver. 24.
volume_2,clement_alex,stromata,Mark,Mark,14,62,new_testament,Bible:Mark.14.62,Mark xiv. 62
volume_2,clement_alex,stromata,Matt,Matt,26,64,new_testament,Bible:Matt.26.64,Matt. xxvi. 64
volume_2,clement_alex,stromata,1John,1John,1,1,new_testament,Bible:1John.1.1,"Chap. i.
1"
volume_2,clement_alex,stromata,1John,1John,1,2,new_testament,Bible:1John.1.2,Ver. 2
volume_2,clement_alex,stromata,John,John,1,3,new_testament,Bible:John.1.3-John.1.4,"John i. 3,
4"
volume_2,clement_alex,stromata,1John,1John,1,5,new_testament,Bible:1John.1.5,Ver. 5
volume_2,clement_alex,stromata,1John,1John,1,7,new_testament,Bible:1John.1.7,Ver. 7
volume_2,clement_alex,stromata,1John,1John,1,10,new_testament,Bible:1John.1.10,"Ver.
10"
volume_2,clement_alex,stromata,1John,1John,2,1,new_testament,Bible:1John.2.1,"Chap. ii.
1"
volume_2,clement_alex,stromata,1Sam,1Sam,3,3,old_testament_or_other,Bible:1Sam.3.3-1Sam.3.4,"1 Sam. iii. 3, 4"
volume_2,clement_alex,stromata,1Kgs,1Kgs,19,,old_testament_or_other,Bible:1Kgs.19,1 Kings xix.
volume_2,clement_alex,stromata,1John,1John,2,2,new_testament,Bible:1John.2.2,"Ver.
2"
volume_2,clement_alex,stromata,Phil,Phil,2,10,new_testament,Bible:Phil.2.10,Phil. ii. 10
volume_2,clement_alex,stromata,1John,1John,2,3,new_testament,Bible:1John.2.3,"Ver.
3"
volume_2,clement_alex,stromata,1John,1John,2,5,new_testament,Bible:1John.2.5,"Ver.
5"
volume_2,clement_alex,stromata,1John,1John,2,7,new_testament,Bible:1John.2.7,"Ver.
7"
volume_2,clement_alex,stromata,1John,1John,2,8,new_testament,Bible:1John.2.8,"Ver.
8"
volume_2,clement_alex,stromata,1John,1John,2,9,new_testament,Bible:1John.2.9,"Ver.
9"
volume_2,clement_alex,stromata,1John,1John,2,10,new_testament,Bible:1John.2.10,"Ver.
10"
volume_2,clement_alex,stromata,1John,1John,2,12,new_testament,Bible:1John.2.12-1John.2.14,"Vers.
12–14"
volume_2,clement_alex,stromata,1John,1John,2,15,new_testament,Bible:1John.2.15,"Ver.
15"
volume_2,clement_alex,stromata,1John,1John,2,16,new_testament,Bible:1John.2.16,"Ver.
16"
volume_2,clement_alex,stromata,1John,1John,2,17,new_testament,Bible:1John.2.17,"Ver.
17"
volume_2,clement_alex,stromata,1John,1John,2,19,new_testament,Bible:1John.2.19,"Ver.
19"
volume_2,clement_alex,stromata,1John,1John,2,22,new_testament,Bible:1John.2.22,"Ver.
22"
volume_2,clement_alex,stromata,1John,1John,2,23,new_testament,Bible:1John.2.23,"Ver.
23"
volume_2,clement_alex,stromata,1John,1John,2,29,new_testament,Bible:1John.2.29,Ver. 29
volume_2,clement_alex,stromata,1John,1John,3,1,new_testament,Bible:1John.3.1,"Chap. iii.
1"
volume_2,clement_alex,stromata,1John,1John,3,2,new_testament,Bible:1John.3.2,"Ver.
2"
volume_2,clement_alex,stromata,1John,1John,3,8,new_testament,Bible:1John.3.8,"Ver.
8"
volume_2,clement_alex,stromata,1John,1John,3,9,new_testament,Bible:1John.3.9,"Ver.
9"
volume_2,clement_alex,stromata,1John,1John,3,10,new_testament,Bible:1John.3.10,"Ver.
10"
volume_2,clement_alex,stromata,1John,1John,3,15,new_testament,Bible:1John.3.15,"Ver.
15"
volume_2,clement_alex,stromata,1John,1John,3,16,new_testament,Bible:1John.3.16,"Ver.
16"
volume_2,clement_alex,stromata,1John,1John,3,20,new_testament,Bible:1John.3.20,"Ver.
20"
volume_2,clement_alex,stromata,1John,1John,3,21,new_testament,Bible:1John.3.21,"Ver.
21"
volume_2,clement_alex,stromata,1John,1John,3,24,new_testament,Bible:1John.3.24,"Ver.
24"
volume_2,clement_alex,stromata,1John,1John,4,18,new_testament,Bible:1John.4.18,"Chap. iv.
18"
volume_2,clement_alex,stromata,1John,1John,5,6,new_testament,Bible:1John.5.6,"Chap. v.
6"
volume_2,clement_alex,stromata,1John,1John,5,8,new_testament,Bible:1John.5.8,"Ver.
8"
volume_2,clement_alex,stromata,1John,1John,5,14,new_testament,Bible:1John.5.14,"Ver.
14"
volume_2,clement_alex,stromata,1John,1John,5,19,new_testament,Bible:1John.5.19,"Ver.
19"
volume_2,clement_alex,stromata,1John,1John,5,20,new_testament,Bible:1John.5.20,"Ver.
20"
volume_2,clement_alex,stromata,2John,2John,1,10,new_testament,Bible:2John.1.10,"Ver. 
10"
volume_2,clement_alex,stromata,Job,Job,5,7,old_testament_or_other,Bible:Job.5.7,Job v. 7
volume_2,clement_alex,stromata,Matt,Matt,13,31,new_testament,Bible:Matt.13.31,Matt. xiii. 31
volume_2,clement_alex,stromata,Matt,Matt,13,46,new_testament,Bible:Matt.13.46,Matt. xiii. 46
volume_2,clement_alex,stromata,Luke,Luke,3,22,new_testament,Bible:Luke.3.22,Luke iii. 22
volume_2,clement_alex,stromata,Luke,Luke,16,17,new_testament,Bible:Luke.16.17,Luke xvi. 17
volume_2,clement_alex,stromata,Ps,Ps,25,4,old_testament_or_other,Bible:Ps.25.4-Ps.25.5,"Ps. cxxv. 4, 5"
volume_2,clement_alex,stromata,1Cor,1Cor,11,10,new_testament,Bible:1Cor.11.10,1 Cor. xi. 10
volume_2,clement_alex,stromata,2Cor,2Cor,5,16,new_testament,Bible:2Cor.5.16,2 Cor. v. 16
volume_2,clement_alex,stromata,2Cor,2Cor,6,11,new_testament,Bible:2Cor.6.11,2 Cor. vi. 11
volume_2,clement_alex,stromata,Gal,Gal,5,24,new_testament,Bible:Gal.5.24,Gal. v. 24
volume_2,clement_alex,stromata,1Tim,1Tim,2,6,new_testament,Bible:1Tim.2.6,1 Tim. ii. 6
volume_2,clement_alex,stromata,1Tim,1Tim,3,16,new_testament,Bible:1Tim.3.16,1 Tim. iii. 16
volume_2,clement_alex,stromata,1Tim,1Tim,5,8,new_testament,Bible:1Tim.5.8,1 Tim. v. 8
volume_2,clement_alex,stromata,1Tim,1Tim,5,10,new_testament,Bible:1Tim.5.10,1 Tim. v. 10
volume_2,clement_alex,stromata,1Tim,1Tim,6,13,new_testament,Bible:1Tim.6.13,1 Tim. vi. 13
volume_2,clement_alex,stromata,Matt,Matt,26,17,new_testament,Bible:Matt.26.17,Matt. xxvi. 17
volume_2,clement_alex,stromata,Luke,Luke,15,,new_testament,Bible:Luke.15,Luke xv.
volume_2,clement_alex,stromata,John,John,3,33,new_testament,Bible:John.3.33,John iii. 33
volume_2,clement_alex,stromata,Gen,Gen,14,23,old_testament_or_other,Bible:Gen.14.23,Gen. xiv. 23
volume_2,clement_alex,stromata,Amos,Amos,2,6,old_testament_or_other,Bible:Amos.2.6,Amos. ii. 6
volume_2,clement_alex,stromata,John,John,3,29,new_testament,Bible:John.3.29,John iii. 29
volume_2,clement_alex,stromata,Matt,Matt,22,12,new_testament,Bible:Matt.22.12,Matt. xxii. 12
volume_2,clement_alex,stromata,John,John,1,29,new_testament,Bible:John.1.29,John i. 29
volume_2,clement_alex,stromata,Num,Num,23,22,old_testament_or_other,Bible:Num.23.22,Numb. xxiii. 22
volume_2,clement_alex,stromata,Hab,Hab,3,4,old_testament_or_other,Bible:Hab.3.4,Hab. iii. 4
volume_2,clement_alex,stromata,Ps,Ps,44,5,old_testament_or_other,Bible:Ps.44.5,Ps. xliv. 5
volume_2,clement_alex,stromata,Ps,Ps,65,4,old_testament_or_other,Bible:Ps.65.4,Ps. lxv. 4
volume_2,clement_alex,stromata,Ps,Ps,32,1,old_testament_or_other,Bible:Ps.32.1,Ps. xxxii. 1
volume_2,clement_alex,stromata,Matt,Matt,11,28,new_testament,Bible:Matt.11.28,Matt. xi. 28
volume_2,clement_alex,stromata,Isa,Isa,43,26,old_testament_or_other,Bible:Isa.43.26,Isa. xliii. 26
volume_2,clement_alex,stromata,Eph,Eph,6,15,new_testament,Bible:Eph.6.15,Eph. vi. 15
volume_2,clement_alex,stromata,Rom,Rom,8,35,new_testament,Bible:Rom.8.35,Rom. viii. 35
volume_2,clement_alex,stromata,Matt,Matt,8,,new_testament,Bible:Matt.8,Matt. viii.
volume_2,clement_alex,stromata,Luke,Luke,13,,new_testament,Bible:Luke.13,Luke xiii.
volume_2,clement_alex,stromata,Luke,Luke,9,55,new_testament,Bible:Luke.9.55,Luke ix. 55
volume_2,clement_alex,stromata,Lev,Lev,26,24,old_testament_or_other,Bible:Lev.26.24,Lev. xxvi. 24
volume_2,clement_alex,stromata,Ps,Ps,25,5,old_testament_or_other,Bible:Ps.25.5,Ps. cxxv. 5
volume_2,clement_alex,stromata,Ps,Ps,18,26,old_testament_or_other,Bible:Ps.18.26,Ps. xviii. 26
volume_2,clement_alex,stromata,1Kgs,1Kgs,8,27,old_testament_or_other,Bible:1Kgs.8.27,1 Kings viii. 27
volume_2,clement_alex,stromata,1Pet,1Pet,2,5,new_testament,Bible:1Pet.2.5,1 Pet. ii. 5
volume_2,clement_alex,stromata,John,John,2,19,new_testament,Bible:John.2.19-John.2.21,John ii. 19–21
volume_2,clement_alex,stromata,Acts,Acts,7,24,new_testament,Bible:Acts.7.24,Acts vii. 24
volume_2,clement_alex,stromata,Rom,Rom,8,38,new_testament,Bible:Rom.8.38,Rom. viii. 38
volume_2,clement_alex,salvation,Rom,Rom,11,36,new_testament,Bible:Rom.11.36,Rom. xi. 36
volume_2,clement_alex,salvation,Matt,Matt,19,24,new_testament,Bible:Matt.19.24,Matt. xix. 24
volume_2,clement_alex,salvation,Mark,Mark,10,17,new_testament,Bible:Mark.10.17-Mark.10.31,"Mark
x. 17–31"
volume_2,clement_alex,salvation,Matt,Matt,11,27,new_testament,Bible:Matt.11.27,Matt. xi. 27
volume_2,clement_alex,salvation,John,John,1,17,new_testament,Bible:John.1.17,John i. 17
volume_2,clement_alex,salvation,Rom,Rom,7,12,new_testament,Bible:Rom.7.12,Rom. vii. 12
volume_2,clement_alex,salvation,Gal,Gal,3,24,new_testament,Bible:Gal.3.24,Gal. iii. 24
volume_2,clement_alex,salvation,Matt,Matt,19,21,new_testament,Bible:Matt.19.21,Matt. xix. 21
volume_2,clement_alex,salvation,Luke,Luke,10,41,new_testament,Bible:Luke.10.41-Luke.10.42,"Luke x. 41, 42"
volume_2,clement_alex,salvation,Luke,Luke,16,9,new_testament,Bible:Luke.16.9,Luke xvi. 9
volume_2,clement_alex,salvation,Matt,Matt,6,19,new_testament,Bible:Matt.6.19,Matt. vi. 19
volume_2,clement_alex,salvation,Luke,Luke,5,29,new_testament,Bible:Luke.5.29,Luke v. 29
volume_2,clement_alex,salvation,Matt,Matt,12,34,new_testament,Bible:Matt.12.34-Matt.12.35,"Matt. xii. 34, 35"
volume_2,clement_alex,salvation,Matt,Matt,5,3,new_testament,Bible:Matt.5.3,Matt. v. 3
volume_2,clement_alex,salvation,Matt,Matt,5,6,new_testament,Bible:Matt.5.6,Matt. v. 6
volume_2,clement_alex,salvation,Matt,Matt,5,39,new_testament,Bible:Matt.5.39,Matt. v. 39
volume_2,clement_alex,salvation,Matt,Matt,11,12,new_testament,Bible:Matt.11.12,Matt. xi. 12
volume_2,clement_alex,salvation,Matt,Matt,17,27,new_testament,Bible:Matt.17.27,Matt. xvii. 27
volume_2,clement_alex,salvation,Mark,Mark,10,29,new_testament,Bible:Mark.10.29-Mark.10.30,"Mark x. 29,
30"
volume_2,clement_alex,salvation,Luke,Luke,14,26,new_testament,Bible:Luke.14.26,Luke xiv. 26
volume_2,clement_alex,salvation,1Cor,1Cor,2,9,new_testament,Bible:1Cor.2.9,1 Cor. ii. 9
volume_2,clement_alex,salvation,1Pet,1Pet,1,12,new_testament,Bible:1Pet.1.12,1 Pet. i. 12
volume_2,clement_alex,salvation,Matt,Matt,5,9,new_testament,Bible:Matt.5.9,Matt. v. 9
volume_2,clement_alex,salvation,2Cor,2Cor,4,18,new_testament,Bible:2Cor.4.18,2 Cor. iv. 18
volume_2,clement_alex,salvation,Mark,Mark,10,31,new_testament,Bible:Mark.10.31,Mark x. 31
volume_2,clement_alex,salvation,Mark,Mark,10,25,new_testament,Bible:Mark.10.25,Mark x. 25
volume_2,clement_alex,salvation,Matt,Matt,22,36,new_testament,Bible:Matt.22.36-Matt.22.38,Matt. xxii. 36–38
volume_2,clement_alex,salvation,Matt,Matt,22,39,new_testament,Bible:Matt.22.39,Matt. xxii. 39
volume_2,clement_alex,salvation,Luke,Luke,10,29,new_testament,Bible:Luke.10.29,"Luke
x. 29"
volume_2,clement_alex,salvation,Luke,Luke,10,36,new_testament,Bible:Luke.10.36-Luke.10.37,"Luke x. 36,
37"
volume_2,clement_alex,salvation,Matt,Matt,7,21,new_testament,Bible:Matt.7.21,Matt. vii. 21
volume_2,clement_alex,salvation,Luke,Luke,6,46,new_testament,Bible:Luke.6.46,Luke vi. 46
volume_2,clement_alex,salvation,Matt,Matt,13,16,new_testament,Bible:Matt.13.16-Matt.13.17,"Matt. xiii. 16, 17"
volume_2,clement_alex,salvation,Matt,Matt,25,34,new_testament,Bible:Matt.25.34,Matt. xxv. 34
volume_2,clement_alex,salvation,Matt,Matt,10,40,new_testament,Bible:Matt.10.40,Matt. x. 40
volume_2,clement_alex,salvation,Luke,Luke,10,16,new_testament,Bible:Luke.10.16,Luke x. 16
volume_2,clement_alex,salvation,Matt,Matt,18,10,new_testament,Bible:Matt.18.10,Matt. xviii. 10
volume_2,clement_alex,salvation,Luke,Luke,12,32,new_testament,Bible:Luke.12.32,Luke xii. 32
volume_2,clement_alex,salvation,Matt,Matt,11,11,new_testament,Bible:Matt.11.11,Matt. xi. 11
volume_2,clement_alex,salvation,Matt,Matt,10,41,new_testament,Bible:Matt.10.41,Matt. x. 41
volume_2,clement_alex,salvation,2Cor,2Cor,9,7,new_testament,Bible:2Cor.9.7,2 Cor. ix. 7
volume_2,clement_alex,salvation,Luke,Luke,6,30,new_testament,Bible:Luke.6.30,"Luke
vi. 30"
volume_2,clement_alex,salvation,Matt,Matt,10,22,new_testament,Bible:Matt.10.22,Matt. x. 22
volume_2,clement_alex,salvation,Matt,Matt,7,1,new_testament,Bible:Matt.7.1-Matt.7.2,"Matt. vii. 1, 2"
volume_2,clement_alex,salvation,Luke,Luke,6,37,new_testament,Bible:Luke.6.37-Luke.6.38,"Luke vi. 37, 38"
volume_2,clement_alex,salvation,2Cor,2Cor,4,7,new_testament,Bible:2Cor.4.7,2 Cor. iv. 7
volume_2,clement_alex,salvation,Matt,Matt,5,13,new_testament,Bible:Matt.5.13-Matt.5.14,"Matt. v. 13, 14"
volume_2,clement_alex,salvation,1John,1John,3,14,new_testament,Bible:1John.3.14-1John.3.15,"1 John iii. 14, 15"
volume_2,clement_alex,salvation,1Cor,1Cor,13,5,new_testament,Bible:1Cor.13.5,1 Cor. xiii. 5
volume_2,clement_alex,salvation,1Pet,1Pet,4,8,new_testament,Bible:1Pet.4.8,1 Pet. iv. 8
volume_2,clement_alex,salvation,1John,1John,4,18,new_testament,Bible:1John.4.18,1 John iv. 18
volume_2,clement_alex,salvation,1Cor,1Cor,13,4,new_testament,Bible:1Cor.13.4-1Cor.13.8,1 Cor. xiii. 4–8
volume_2,clement_alex,salvation,Luke,Luke,15,10,new_testament,Bible:Luke.15.10,Luke xv. 10
volume_2,clement_alex,salvation,Hos,Hos,6,6,old_testament_or_other,Bible:Hos.6.6,Hos. vi. 6
volume_2,clement_alex,salvation,Matt,Matt,9,13,new_testament,Bible:Matt.9.13,Matt. ix. 13
volume_2,clement_alex,salvation,Ezek,Ezek,18,23,old_testament_or_other,Bible:Ezek.18.23,Ezek. xviii. 23
volume_2,clement_alex,salvation,Isa,Isa,1,18,old_testament_or_other,Bible:Isa.1.18,Isa. i. 18
volume_2,clement_alex,salvation,Matt,Matt,6,14,new_testament,Bible:Matt.6.14,Matt. vi. 14
volume_2,clement_alex,salvation,Luke,Luke,11,13,new_testament,Bible:Luke.11.13,Luke xi. 13
volume_2,clement_alex,salvation,Gal,Gal,6,7,new_testament,Bible:Gal.6.7,Gal. vi. 7
volume_2,clement_alex,salvation,1Cor,1Cor,1,26,new_testament,Bible:1Cor.1.26-1Cor.1.27,"1 Cor. i. 26,
27"
volume_3,schaff,anf03,Matt,Matt,15,22,new_testament,Bible:Matt.15.22,"Matt. xv.
22"
volume_3,schaff,anf03,Judg,Judg,9,2,old_testament_or_other,Bible:Judg.9.2,Judg. ix. 2
volume_3,schaff,anf03,2Kgs,2Kgs,14,9,old_testament_or_other,Bible:2Kgs.14.9,"2 Kings (4
Kings in LXX. and Vulg.) xiv. 9"
volume_3,schaff,anf03,Bel,Bel,1,1852,deuterocanonical,Bible:Bel.1.1852,Bel. 1852
volume_3,schaff,anf03,Ezek,Ezek,36,,old_testament_or_other,Bible:Ezek.36,"Ezek.
xxxvi."
volume_3,tertullian,apology,Isa,Isa,6,10,old_testament_or_other,Bible:Isa.6.10,Isa. vi. 10
volume_3,tertullian,apology,Heb,Heb,10,22,new_testament,Bible:Heb.10.22,Heb. x. 22
volume_3,tertullian,apology,Matt,Matt,5,44,new_testament,Bible:Matt.5.44,Matt. v. 44
volume_3,tertullian,apology,1Tim,1Tim,2,2,new_testament,Bible:1Tim.2.2,1 Tim. ii. 2
volume_3,tertullian,apology,John,John,21,19,new_testament,Bible:John.21.19,John xxi. 19
volume_3,tertullian,apology,1Thess,1Thess,5,18,new_testament,Bible:1Thess.5.18,1 Thess. v. 18
volume_3,tertullian,apology,1John,1John,5,7,new_testament,Bible:1John.5.7,"1 John v.
7"
volume_3,tertullian,apology,Matt,Matt,27,45,new_testament,Bible:Matt.27.45,Matt. xxvii. 45
volume_3,tertullian,apology,Acts,Acts,15,20,new_testament,Bible:Acts.15.20,Acts xv. 20
volume_3,tertullian,apology,Phil,Phil,4,8,new_testament,Bible:Phil.4.8,Philippians iv. 8
volume_3,tertullian,apology,Gal,Gal,5,12,new_testament,Bible:Gal.5.12,Galatians v. 12
volume_3,tertullian,apology,Eph,Eph,5,5,new_testament,Bible:Eph.5.5,Ephesians v. 5
volume_3,tertullian,idolatry,Ezek,Ezek,23,,old_testament_or_other,Bible:Ezek.23,Ezek. xxiii
volume_3,tertullian,idolatry,Matt,Matt,5,28,new_testament,Bible:Matt.5.28,Matt. v. 28
volume_3,tertullian,idolatry,Matt,Matt,5,22,new_testament,Bible:Matt.5.22,Matt. v. 22
volume_3,tertullian,idolatry,1John,1John,3,15,new_testament,Bible:1John.3.15,1 John. iii. 15
volume_3,tertullian,idolatry,Rev,Rev,2,24,new_testament,Bible:Rev.2.24,Rev. ii. 24
volume_3,tertullian,idolatry,Matt,Matt,5,20,new_testament,Bible:Matt.5.20,Matt. v. 20
volume_3,tertullian,idolatry,Exod,Exod,32,,old_testament_or_other,Bible:Exod.32,Ex. xxxii
volume_3,tertullian,idolatry,1Cor,1Cor,10,7,new_testament,Bible:1Cor.10.7,1 Cor. x. 7
volume_3,tertullian,idolatry,Exod,Exod,32,6,old_testament_or_other,Bible:Exod.32.6,Ex. xxxii. 6
volume_3,tertullian,idolatry,Lev,Lev|Exod|Deut,26,1,old_testament_or_other,Bible:Lev.26.1 Bible:Exod.20.4 Bible:Deut.5.8,"Lev. xxvi. 1; Ex. xx. 4; Deut. v.
8"
volume_3,tertullian,idolatry,2Sam,2Sam|Ps|Ps|Ps|Ezek,16,7,old_testament_or_other,Bible:2Sam.16.7 Bible:Ps.5.6 Bible:Ps.26.9 Bible:Ps.55.23 Bible:Ezek.22.2,"2 Sam. xvi. 7; Ps. v. 6; xxvi. 9; lv. 23;
Ezek. xxii. 2"
volume_3,tertullian,idolatry,Isa,Isa,44,8,old_testament_or_other,Bible:Isa.44.8,Isa. xliv. 8
volume_3,tertullian,idolatry,Ps,Ps,115,8,old_testament_or_other,Bible:Ps.115.8,Ps. cxv. 8
volume_3,tertullian,idolatry,1Cor,1Cor,7,20,new_testament,Bible:1Cor.7.20,1 Cor. vii. 20
volume_3,tertullian,idolatry,1Thess,1Thess|2Thess,4,11,new_testament,Bible:1Thess.4.11 Bible:2Thess.3.6-2Thess.3.12,"1 Thess. iv. 11; 2 Thess. iii.
6–12"
volume_3,tertullian,idolatry,2Kgs,2Kgs,18,4,old_testament_or_other,Bible:2Kgs.18.4,2 Kings xviii. 4
volume_3,tertullian,idolatry,1Cor,1Cor|1Cor,10,6,new_testament,Bible:1Cor.10.6 Bible:1Cor.10.11,"1 Cor. x. 6, 11"
volume_3,tertullian,idolatry,Exod,Exod,20,4,old_testament_or_other,Bible:Exod.20.4,Ex. xx. 4
volume_3,tertullian,idolatry,Matt,Matt,18,8,new_testament,Bible:Matt.18.8,Matt. xviii. 8
volume_3,tertullian,idolatry,Rom,Rom,13,8,new_testament,Bible:Rom.13.8,Rom. xiii. 8
volume_3,tertullian,idolatry,Titus,Titus,3,14,new_testament,Bible:Titus.3.14,"Titus
iii. 14"
volume_3,tertullian,idolatry,Eph,Eph,5,11,new_testament,Bible:Eph.5.11-Eph.5.12,"Eph. v. 11, 12"
volume_3,tertullian,idolatry,Gen,Gen,6,2,old_testament_or_other,Bible:Gen.6.2,Gen. vi. 2
volume_3,tertullian,idolatry,Matt,Matt,2,,new_testament,Bible:Matt.2,Matt. ii
volume_3,tertullian,idolatry,Exod,Exod|2Tim,7,,old_testament_or_other,Bible:Exod.7 Bible:2Tim.3.8,"Ex.
vii., viii., and comp. 2 Tim. iii. 8"
volume_3,tertullian,idolatry,Acts,Acts,8,9,new_testament,Bible:Acts.8.9-Acts.8.24,Acts viii. 9–24
volume_3,tertullian,idolatry,Acts,Acts,13,6,new_testament,Bible:Acts.13.6-Acts.13.11,Acts xiii. 6–11
volume_3,tertullian,idolatry,1Cor,1Cor,1,20,new_testament,Bible:1Cor.1.20,1 Cor. i. 20
volume_3,tertullian,idolatry,Acts,Acts,8,21,new_testament,Bible:Acts.8.21,Acts viii. 21
volume_3,tertullian,idolatry,1Cor,1Cor,7,31,new_testament,Bible:1Cor.7.31,1 Cor. vii. 31
volume_3,tertullian,idolatry,1Cor,1Cor,8,10,new_testament,Bible:1Cor.8.10,1 Cor. viii. 10
volume_3,tertullian,idolatry,Exod,Exod|Josh|Ps|Hos|Zech,23,13,old_testament_or_other,Bible:Exod.23.13 Bible:Josh.23.7 Bible:Ps.16.4 Bible:Hos.2.17 Bible:Zech.13.2,"Ex. xxiii. 13; Josh. xxiii. 7; Ps. xvi. 4;
Hos. ii. 17; Zech. xiii. 2"
volume_3,tertullian,idolatry,1Tim,1Tim,6,10,new_testament,Bible:1Tim.6.10,1 Tim. vi. 10
volume_3,tertullian,idolatry,1Tim,1Tim,1,19,new_testament,Bible:1Tim.1.19,1 Tim. i. 19
volume_3,tertullian,idolatry,Col,Col,3,5,new_testament,Bible:Col.3.5,Col. iii. 5
volume_3,tertullian,idolatry,Col,Col|Eph,3,5,new_testament,Bible:Col.3.5 Bible:Eph.5.5,"Col.
iii. 5, and Eph. v. 5"
volume_3,tertullian,idolatry,Matt,Matt|Jas,5,34,new_testament,Bible:Matt.5.34-Matt.5.37 Bible:Jas.5.12,"Matt. v. 34–37; Jas. v.
12"
volume_3,tertullian,idolatry,Luke,Luke,14,28,new_testament,Bible:Luke.14.28-Luke.14.30,Luke xiv. 28–30
volume_3,tertullian,idolatry,Luke,Luke,6,20,new_testament,Bible:Luke.6.20,Luke vi. 20
volume_3,tertullian,idolatry,Matt,Matt|Matt|Luke,6,25,new_testament,Bible:Matt.6.25 Bible:Matt.6.31 Bible:Luke.12.22-Luke.12.24,"Matt. vi. 25, 31, etc.; Luke xii.
22–24"
volume_3,tertullian,idolatry,Matt,Matt|Luke,6,28,new_testament,Bible:Matt.6.28 Bible:Luke.12.28,Matt. vi. 28; Luke xii. 28
volume_3,tertullian,idolatry,Matt,Matt|Luke,19,21,new_testament,Bible:Matt.19.21 Bible:Luke.18.22,Matt. xix. 21; Luke xviii. 22
volume_3,tertullian,idolatry,Luke,Luke,9,62,new_testament,Bible:Luke.9.62,Luke ix. 62
volume_3,tertullian,idolatry,Matt,Matt|Luke,6,24,new_testament,Bible:Matt.6.24 Bible:Luke.16.13,Matt. vi. 24; Luke xvi. 13
volume_3,tertullian,idolatry,Matt,Matt|Mark|Luke|Luke,16,24,new_testament,Bible:Matt.16.24 Bible:Mark.8.34 Bible:Luke.9.23 Bible:Luke.14.27,"Matt. xvi. 24; Mark viii. 34; Luke ix. 23;
xiv. 27"
volume_3,tertullian,idolatry,Luke,Luke|Mark|Matt,14,26,new_testament,Bible:Luke.14.26 Bible:Mark.10.29-Mark.10.30 Bible:Matt.19.27-Matt.19.30,"Luke xiv. 26; Mark x. 29, 30; Matt. xix.
27–30"
volume_3,tertullian,idolatry,Matt,Matt|Mark|Luke,4,21,new_testament,Bible:Matt.4.21-Matt.4.22 Bible:Mark.1.19-Mark.1.20 Bible:Luke.5.10-Luke.5.11,"Matt. iv. 21, 22; Mark i. 19, 20; Luke v.
10, 11"
volume_3,tertullian,idolatry,Matt,Matt|Mark|Luke,9,9,new_testament,Bible:Matt.9.9 Bible:Mark.2.14 Bible:Luke.5.29,"Matt. ix. 9; Mark ii. 14; Luke v.
29"
volume_3,tertullian,idolatry,Luke,Luke,9,59,new_testament,Bible:Luke.9.59-Luke.9.60,"Luke ix. 59, 60"
volume_3,tertullian,idolatry,Matt,Matt|Luke|Luke,19,26,new_testament,Bible:Matt.19.26 Bible:Luke.1.37 Bible:Luke.18.27,"Matt. xix. 26; Luke i. 37; xviii.
27"
volume_3,tertullian,idolatry,Rom,Rom,12,15,new_testament,Bible:Rom.12.15,Rom. xii. 15
volume_3,tertullian,idolatry,2Cor,2Cor,6,14,new_testament,Bible:2Cor.6.14,2 Cor. vi. 14
volume_3,tertullian,idolatry,John,John,16,20,new_testament,Bible:John.16.20,John xvi. 20
volume_3,tertullian,idolatry,Luke,Luke,16,19,new_testament,Bible:Luke.16.19-Luke.16.31,"Luke xvi.
19–31"
volume_3,tertullian,idolatry,Matt,Matt|Mark|Luke|2Tim,10,33,new_testament,Bible:Matt.10.33 Bible:Mark.8.38 Bible:Luke.9.26 Bible:2Tim.2.12,"Matt. x. 33; Mark viii. 38; Luke ix. 26; 2
Tim. ii. 12"
volume_3,tertullian,idolatry,Isa,Isa|Ezek|Ezek,52,5,old_testament_or_other,Bible:Isa.52.5 Bible:Ezek.36.20 Bible:Ezek.36.23,"Isa. lii. 5; Ezek. xxxvi. 20,
23"
volume_3,tertullian,idolatry,2Sam,2Sam|Rom,12,14,old_testament_or_other,Bible:2Sam.12.14 Bible:Rom.2.24,2 Sam. xii. 14; Rom. ii. 24
volume_3,tertullian,idolatry,Gal,Gal,1,10,new_testament,Bible:Gal.1.10,Gal. i. 10
volume_3,tertullian,idolatry,1Cor,1Cor,10,32,new_testament,Bible:1Cor.10.32-1Cor.10.33,"1 Cor. x. 32, 33"
volume_3,tertullian,idolatry,1Cor,1Cor,9,22,new_testament,Bible:1Cor.9.22,1 Cor. ix. 22
volume_3,tertullian,idolatry,1Cor,1Cor,5,10,new_testament,Bible:1Cor.5.10,1 Cor. v. 10
volume_3,tertullian,idolatry,Isa,Isa,1,14,old_testament_or_other,Bible:Isa.1.14,Isa. i. 14
volume_3,tertullian,idolatry,Deut,Deut,16,10,old_testament_or_other,Bible:Deut.16.10,Deut. xvi. 10
volume_3,tertullian,idolatry,Matt,Matt,5,16,new_testament,Bible:Matt.5.16,Matt. v. 16
volume_3,tertullian,idolatry,Matt,Matt|Mark|Luke,22,21,new_testament,Bible:Matt.22.21 Bible:Mark.12.17 Bible:Luke.20.25,"Matt. xxii. 21; Mark xii. 17; Luke xx.
25"
volume_3,tertullian,idolatry,Gen,Gen|Gen,1,26,old_testament_or_other,Bible:Gen.1.26-Gen.1.27 Bible:Gen.9.6,"Gen. i. 26, 27; ix. 6"
volume_3,tertullian,idolatry,1Cor,1Cor,11,7,new_testament,Bible:1Cor.11.7,1 Cor. xi. 7
volume_3,tertullian,idolatry,Rom,Rom,13,1,new_testament,Bible:Rom.13.1,Rom. xiii. 1
volume_3,tertullian,idolatry,Titus,Titus,3,1,new_testament,Bible:Titus.3.1,Tit. iii. 1
volume_3,tertullian,idolatry,Dan,Dan,3,,old_testament_or_other,Bible:Dan.3,Dan. iii
volume_3,tertullian,idolatry,Dan,Dan,6,,old_testament_or_other,Bible:Dan.6,Dan. vi
volume_3,tertullian,idolatry,Matt,Matt|Phil,5,14,new_testament,Bible:Matt.5.14 Bible:Phil.2.15,Matt. v. 14; Phil. ii. 15
volume_3,tertullian,idolatry,Ps,Ps|Ps,1,1,old_testament_or_other,Bible:Ps.1.1-Ps.1.3 Bible:Ps.92.12-Ps.92.15,"Ps. i. 1–3; xcii.
12–15"
volume_3,tertullian,idolatry,Deut,Deut,22,5,old_testament_or_other,Bible:Deut.22.5,Deut. xxii. 5
volume_3,tertullian,idolatry,1Cor,1Cor,8,,new_testament,Bible:1Cor.8,1 Cor. viii
volume_3,tertullian,idolatry,1Cor,1Cor,10,27,new_testament,Bible:1Cor.10.27-1Cor.10.29,"1 Cor.
x. 27–29"
volume_3,tertullian,idolatry,1Cor,1Cor,9,19,new_testament,Bible:1Cor.9.19,1 Cor. ix. 19
volume_3,tertullian,idolatry,Luke,Luke|Matt,9,58,new_testament,Bible:Luke.9.58 Bible:Matt.8.20,Luke ix. 58; Matt. viii. 20
volume_3,tertullian,idolatry,Matt,Matt|Luke,11,8,new_testament,Bible:Matt.11.8 Bible:Luke.7.25,Matt. xi. 8; Luke vii. 25
volume_3,tertullian,idolatry,Isa,Isa,53,2,old_testament_or_other,Bible:Isa.53.2,Isa. liii. 2
volume_3,tertullian,idolatry,John,John,13,1,new_testament,Bible:John.13.1-John.13.17,John xiii. 1–17
volume_3,tertullian,idolatry,John,John,18,36,new_testament,Bible:John.18.36,John xviii. 36
volume_3,tertullian,idolatry,John,John,6,15,new_testament,Bible:John.6.15,John vi. 15
volume_3,tertullian,idolatry,Matt,Matt|Luke|Luke|1Cor|Rev|Rev,19,28,new_testament,Bible:Matt.19.28 Bible:Luke.22.28 Bible:Luke.22.30 Bible:1Cor.6.2-1Cor.6.3 Bible:Rev.2.26-Rev.2.27 Bible:Rev.3.21,"Matt. xix. 28;
Luke xxii. 28, 30; 1 Cor. vi. 2, 3; Rev. ii. 26, 27; iii.
21"
volume_3,tertullian,idolatry,Matt,Matt|2Cor|John,26,52,new_testament,Bible:Matt.26.52 Bible:2Cor.10.4 Bible:John.18.36,"Matt. xxvi. 52; 2 Cor. x. 4; John xviii.
36"
volume_3,tertullian,idolatry,Luke,Luke,3,12,new_testament,Bible:Luke.3.12-Luke.3.13,"Luke iii. 12, 13"
volume_3,tertullian,idolatry,Matt,Matt,8,5,new_testament,Bible:Matt.8.5,Matt. viii. 5
volume_3,tertullian,idolatry,Luke,Luke,7,1,new_testament,Bible:Luke.7.1,Luke vii. 1
volume_3,tertullian,idolatry,Matt,Matt,12,37,new_testament,Bible:Matt.12.37,Matt. xii. 37
volume_3,tertullian,idolatry,Exod,Exod,23,13,old_testament_or_other,Bible:Exod.23.13,Ex. xxiii. 13
volume_3,tertullian,idolatry,Acts,Acts,28,2,new_testament,Bible:Acts.28.2,"Acts xxviii.
2"
volume_3,tertullian,idolatry,Exod,Exod,20,7,old_testament_or_other,Bible:Exod.20.7,Ex. xx. 7
volume_3,tertullian,idolatry,2Kgs,2Kgs|Ps|Isa|Deut,17,15,old_testament_or_other,Bible:2Kgs.17.15 Bible:Ps.24.4 Bible:Isa.59.4 Bible:Deut.32.21,"2 Kings xvii. 15, Ps. xxiv. 4,
Isa. lix. 4, Deut. xxxii. 21"
volume_3,tertullian,idolatry,Ps,Ps,96,5,old_testament_or_other,Bible:Ps.96.5,Ps. xcvi. 5
volume_3,tertullian,idolatry,Ps,Ps,95,,old_testament_or_other,Bible:Ps.95,Ps. xcv.
volume_3,tertullian,idolatry,Matt,Matt|1Pet,5,44,new_testament,Bible:Matt.5.44 Bible:1Pet.3.9,"Matt. v. 44, 1 Pet. iii. 9"
volume_3,tertullian,idolatry,Luke,Luke|Luke|Luke|Luke,1,20,new_testament,Bible:Luke.1.20 Bible:Luke.1.22 Bible:Luke.1.62 Bible:Luke.1.63,"Luke i. 20, 22, 62, 63"
volume_3,tertullian,idolatry,Acts,Acts,15,1,new_testament,Bible:Acts.15.1-Acts.15.31,Acts xv. 1–31
volume_3,tertullian,spectaculis,Exod,Exod,20,14,old_testament_or_other,Bible:Exod.20.14,Ex. xx. 14
volume_3,tertullian,spectaculis,Ps,Ps,1,1,old_testament_or_other,Bible:Ps.1.1,Ps. i. 1
volume_3,tertullian,spectaculis,1Cor,1Cor,8,4,new_testament,Bible:1Cor.8.4,1 Cor. viii. 4
volume_3,tertullian,spectaculis,1Cor,1Cor,10,21,new_testament,Bible:1Cor.10.21,1 Cor. x. 21
volume_3,tertullian,spectaculis,Ps,Ps,49,18,old_testament_or_other,Bible:Ps.49.18,Ps. xlix. 18
volume_3,tertullian,spectaculis,Matt,Matt,6,27,new_testament,Bible:Matt.6.27,Matt. vi. 27
volume_3,tertullian,spectaculis,Deut,Deut,22,,old_testament_or_other,Bible:Deut.22,Deut. xxii
volume_3,tertullian,spectaculis,Acts,Acts,16,16,new_testament,Bible:Acts.16.16,"Acts xvi.
16"
volume_3,tertullian,spectaculis,Matt,Matt,6,24,new_testament,Bible:Matt.6.24,Matt. vi. 24
volume_3,tertullian,spectaculis,2Cor,2Cor,4,14,new_testament,Bible:2Cor.4.14,2 Cor. iv. 14
volume_3,tertullian,spectaculis,John,John,16,20,new_testament,Bible:John.16.20,John xvi. 20
volume_3,tertullian,spectaculis,Phil,Phil,1,23,new_testament,Bible:Phil.1.23,Phil. i. 23
volume_3,tertullian,corona,Dan,Dan,13,32,old_testament_or_other,Bible:Dan.13.32,Dan. xiii. 32
volume_3,tertullian,corona,Sus,Sus,1,32,deuterocanonical,Bible:Sus.1.32,"<i>Hist. of
Susanna</i>, v. 32"
volume_3,tertullian,corona,Luke,Luke,12,27,new_testament,Bible:Luke.12.27,Luke xii. 27
volume_3,tertullian,corona,Phil,Phil,3,15,new_testament,Bible:Phil.3.15,Phil. iii. 15
volume_3,tertullian,corona,1Cor,1Cor,11,14,new_testament,Bible:1Cor.11.14,1 Cor. xi. 14
volume_3,tertullian,corona,Rom,Rom,2,14,new_testament,Bible:Rom.2.14,Rom. ii. 14
volume_3,tertullian,corona,Rom,Rom,1,26,new_testament,Bible:Rom.1.26,Rom. i. 26
volume_3,tertullian,corona,Isa,Isa,38,21,old_testament_or_other,Bible:Isa.38.21,Isa. xxxviii. 21
volume_3,tertullian,corona,1Tim,1Tim,5,23,new_testament,Bible:1Tim.5.23,1 Tim. v. 23
volume_3,tertullian,corona,2Tim,2Tim,4,13,new_testament,Bible:2Tim.4.13,2 Tim. iv. 13
volume_3,tertullian,corona,John,John,13,1,new_testament,Bible:John.13.1-John.13.5,John xiii. 1–5
volume_3,tertullian,corona,Isa,Isa,5,12,old_testament_or_other,Bible:Isa.5.12,Isa. v. 12
volume_3,tertullian,corona,Ps,Ps,115,4,old_testament_or_other,Bible:Ps.115.4-Ps.115.8,Ps. cxv. 4–8
volume_3,tertullian,corona,Titus,Titus,1,15,new_testament,Bible:Titus.1.15,Tit. i. 15
volume_3,tertullian,corona,1Cor,1Cor,10,28,new_testament,Bible:1Cor.10.28,1 Cor. x. 28
volume_3,tertullian,corona,1Cor,1Cor,10,14,new_testament,Bible:1Cor.10.14,1 Cor. x. 14
volume_3,tertullian,corona,1John,1John,5,21,new_testament,Bible:1John.5.21,1 John v. 21
volume_3,tertullian,corona,1Cor,1Cor,8,10,new_testament,Bible:1Cor.8.10,1 Cor. viii. 10
volume_3,tertullian,corona,Matt,Matt,6,24,new_testament,Bible:Matt.6.24,Matt. vi. 24
volume_3,tertullian,corona,Matt,Matt,22,21,new_testament,Bible:Matt.22.21,Matt. xxii. 21
volume_3,tertullian,corona,Phil,Phil,4,3,new_testament,Bible:Phil.4.3,Phil. iv. 3
volume_3,tertullian,corona,Matt,Matt,3,10,new_testament,Bible:Matt.3.10,Matt. iii. 10
volume_3,tertullian,corona,Isa,Isa,11,1,old_testament_or_other,Bible:Isa.11.1,Isa. xi. 1
volume_3,tertullian,corona,Ps,Ps,20,7,old_testament_or_other,Bible:Ps.20.7,Ps. xx. 7
volume_3,tertullian,corona,Rev,Rev,18,4,new_testament,Bible:Rev.18.4,Rev. xviii. 4
volume_3,tertullian,corona,Phil,Phil,3,20,new_testament,Bible:Phil.3.20,Phil. iii. 20
volume_3,tertullian,corona,John,John,16,20,new_testament,Bible:John.16.20,John xvi. 20
volume_3,tertullian,corona,1Cor,1Cor,7,39,new_testament,Bible:1Cor.7.39,1 Cor. vii. 39
volume_3,tertullian,corona,1Cor,1Cor,11,10,new_testament,Bible:1Cor.11.10,1 Cor. xi. 10
volume_3,tertullian,corona,Rev,Rev,4,4,new_testament,Bible:Rev.4.4,Rev. iv. 4
volume_3,tertullian,corona,1Tim,1Tim|1Pet,2,9,new_testament,Bible:1Tim.2.9 Bible:1Pet.3.3,1 Tim. ii. 9; 1 Pet. iii. 3
volume_3,tertullian,corona,Matt,Matt|Luke,27,34,new_testament,Bible:Matt.27.34 Bible:Luke.24.42,"Matt. xxvii. 34, and Luke xxiv.
42"
volume_3,tertullian,corona,Rev,Rev|Jas,2,10,new_testament,Bible:Rev.2.10 Bible:Jas.1.22,Rev. ii. 10; Jas. i. 22
volume_3,tertullian,corona,2Tim,2Tim,4,8,new_testament,Bible:2Tim.4.8,2 Tim. iv. 8
volume_3,tertullian,corona,Rev,Rev,6,2,new_testament,Bible:Rev.6.2,Rev. vi. 2
volume_3,tertullian,corona,Rev,Rev,10,1,new_testament,Bible:Rev.10.1,Rev. x. 1
volume_3,tertullian,scapula,Jer,Jer|Hos,31,20,old_testament_or_other,Bible:Jer.31.20 Bible:Hos.11.8,Jer. xxxi. 20; Hos. xi. 8
volume_3,tertullian,scapula,Acts,Acts,12,23,new_testament,Bible:Acts.12.23,"Acts xii.
23"
volume_3,tertullian,scapula,Acts,Acts,5,39,new_testament,Bible:Acts.5.39,"Acts v.
39"
volume_3,tertullian,nationes,Lev,Lev,24,2,old_testament_or_other,Bible:Lev.24.2,Lev. xxiv. 2
volume_3,tertullian,nationes,2Chr,2Chr,13,11,old_testament_or_other,Bible:2Chr.13.11,2 Chron. xiii. 11
volume_3,tertullian,nationes,Prov,Prov|Ps,9,10,old_testament_or_other,Bible:Prov.9.10 Bible:Ps.111.10,Prov. ix. 10; Ps. cxi. 10
volume_3,tertullian,nationes,Acts,Acts,17,23,new_testament,Bible:Acts.17.23,"Acts xvii.
23"
volume_3,tertullian,nationes,Titus,Titus,1,12,new_testament,Bible:Titus.1.12,Tit. i. 12
volume_3,tertullian,nationes,Acts,Acts,26,26,new_testament,Bible:Acts.26.26,Acts xxvi. 26
volume_3,tertullian,jews_answer,Phil,Phil,3,5,new_testament,Bible:Phil.3.5,Phil. iii. 5
volume_3,tertullian,jews_answer,Isa,Isa,40,15,old_testament_or_other,Bible:Isa.40.15,Isa. xl. 15
volume_3,tertullian,jews_answer,Ps,Ps|Dan,1,4,old_testament_or_other,Bible:Ps.1.4 Bible:Dan.2.35,"Ps. i. 4, Dan. ii. 35"
volume_3,tertullian,jews_answer,Gen,Gen,22,18,old_testament_or_other,Bible:Gen.22.18,Gen. xxii. 18
volume_3,tertullian,jews_answer,Gal,Gal,3,16,new_testament,Bible:Gal.3.16,Gal. iii. 16
volume_3,tertullian,jews_answer,Gen,Gen|Gen|Gen|Heb,21,5,old_testament_or_other,Bible:Gen.21.5 Bible:Gen.25.7 Bible:Gen.25.26 Bible:Heb.11.9,"Gen. xxi. 5 with xxv. 7 and 26. See, too, Heb.
xi. 9"
volume_3,tertullian,jews_answer,Gen,Gen,25,21,old_testament_or_other,Bible:Gen.25.21-Gen.25.23,Gen. xxv. 21–23
volume_3,tertullian,jews_answer,Rom,Rom,9,10,new_testament,Bible:Rom.9.10-Rom.9.13,"Rom. ix.
10–13"
volume_3,tertullian,jews_answer,Exod,Exod|Exod|Acts,32,1,old_testament_or_other,Bible:Exod.32.1 Bible:Exod.32.23 Bible:Acts.7.39-Acts.7.40,"Ex. xxxii. 1, 23; Acts vii. 39,
40"
volume_3,tertullian,jews_answer,Exod,Exod,32,4,old_testament_or_other,Bible:Exod.32.4,Ex. xxxii. 4
volume_3,tertullian,jews_answer,Acts,Acts|1Cor|Ps,7,38,new_testament,Bible:Acts.7.38-Acts.7.41 Bible:1Cor.10.7 Bible:Ps.106.19-Ps.106.22,"Acts vii. 38–41; 1 Cor. x. 7; Ps.
cvi. 19–22"
volume_3,tertullian,jews_answer,1Kgs,1Kgs|2Kgs,12,25,old_testament_or_other,Bible:1Kgs.12.25-1Kgs.12.33 Bible:2Kgs.17.7-2Kgs.17.17,"1 Kings xii. 25–33; 2 Kings xvii.
7–17"
volume_3,tertullian,jews_answer,1Thess,1Thess,1,9,new_testament,Bible:1Thess.1.9-1Thess.1.10,"1 Thess. i. 9, 10"
volume_3,tertullian,jews_answer,Jer,Jer,31,27,old_testament_or_other,Bible:Jer.31.27,Jer. xxxi. 27
volume_3,tertullian,jews_answer,Hos,Hos|Zech|Matt,2,23,old_testament_or_other,Bible:Hos.2.23 Bible:Zech.10.9 Bible:Matt.13.31-Matt.13.43,"Hos. ii. 23; Zech. x. 9; Matt.
xiii. 31–43"
volume_3,tertullian,jews_answer,Gen,Gen|Gen,2,16,old_testament_or_other,Bible:Gen.2.16-Gen.2.17 Bible:Gen.3.2-Gen.3.3,"Gen. ii. 16, 17; iii. 2, 3"
volume_3,tertullian,jews_answer,Deut,Deut|Lev,6,4,old_testament_or_other,Bible:Deut.6.4-Deut.6.5 Bible:Lev.19.18,"Deut. vi. 4, 5; Lev. xix. 18"
volume_3,tertullian,jews_answer,Matt,Matt|Mark|Luke,22,34,new_testament,Bible:Matt.22.34-Matt.22.40 Bible:Mark.12.28-Mark.12.34 Bible:Luke.10.25-Luke.10.28,"Matt. xxii. 34–40; Mark xii.
28–34; Luke x. 25–28"
volume_3,tertullian,jews_answer,Exod,Exod|Deut|Rom,20,12,old_testament_or_other,Bible:Exod.20.12-Exod.20.17 Bible:Deut.5.16-Deut.5.21 Bible:Rom.13.9,"Ex. xx. 12–17; Deut. v. 16–21;
Rom. xiii. 9"
volume_3,tertullian,jews_answer,Gen,Gen|Gen,6,9,old_testament_or_other,Bible:Gen.6.9 Bible:Gen.7.1,Gen. vi. 9; vii. 1
volume_3,tertullian,jews_answer,Heb,Heb,11,7,new_testament,Bible:Heb.11.7,Heb. xi. 7
volume_3,tertullian,jews_answer,Isa,Isa|Jas,41,8,old_testament_or_other,Bible:Isa.41.8 Bible:Jas.2.23,Isa. xli. 8; Jas. ii. 23
volume_3,tertullian,jews_answer,Gen,Gen|Ps|Heb|Heb|Heb|Heb|Heb,14,18,old_testament_or_other,Bible:Gen.14.18 Bible:Ps.110.4 Bible:Heb.5.10 Bible:Heb.7.1-Heb.7.3 Bible:Heb.7.10 Bible:Heb.7.15 Bible:Heb.7.17,"Gen. xiv. 18, Ps. cx. (cix. in. LXX.) 4;
Heb. v. 10, vii. 1–3, 10, 15, 17"
volume_3,tertullian,jews_answer,Gen,Gen,15,13,old_testament_or_other,Bible:Gen.15.13,Gen. xv. 13
volume_3,tertullian,jews_answer,Exod,Exod,12,40,old_testament_or_other,Bible:Exod.12.40-Exod.12.42,Ex. xii. 40–42
volume_3,tertullian,jews_answer,Acts,Acts,7,6,new_testament,Bible:Acts.7.6,Acts vii. 6
volume_3,tertullian,jews_answer,John,John,1,17,new_testament,Bible:John.1.17,John i. 17
volume_3,tertullian,jews_answer,Gen,Gen,4,1,old_testament_or_other,Bible:Gen.4.1-Gen.4.7,Gen. iv. 1–7
volume_3,tertullian,jews_answer,Heb,Heb,11,4,new_testament,Bible:Heb.11.4,Heb. xi. 4
volume_3,tertullian,jews_answer,Gen,Gen|Gen|2Pet,6,18,old_testament_or_other,Bible:Gen.6.18 Bible:Gen.7.23 Bible:2Pet.2.5,"Gen. vi. 18; vii. 23; 2 Pet. ii.
5"
volume_3,tertullian,jews_answer,Gen,Gen|Gen|Heb,5,22,old_testament_or_other,Bible:Gen.5.22 Bible:Gen.5.24 Bible:Heb.11.5,"Gen. v. 22, 24; Heb. xi. 5"
volume_3,tertullian,jews_answer,Gen,Gen|Gen,11,31,old_testament_or_other,Bible:Gen.11.31 Bible:Gen.12.5,"Gen. xi. 31; xii.
5"
volume_3,tertullian,jews_answer,Gen,Gen,19,1,old_testament_or_other,Bible:Gen.19.1-Gen.19.29,Gen. xix. 1–29
volume_3,tertullian,jews_answer,2Pet,2Pet,2,6,new_testament,Bible:2Pet.2.6-2Pet.2.9,2 Pet. ii. 6–9
volume_3,tertullian,jews_answer,Gen,Gen|Gen|Rom,12,,old_testament_or_other,Bible:Gen.12 Bible:Gen.17 Bible:Rom.4,"Gen. xii.–xv. compared with xvii. and Rom.
iv"
volume_3,tertullian,jews_answer,Rom,Rom,4,11,new_testament,Bible:Rom.4.11,Rom. iv. 11
volume_3,tertullian,jews_answer,Gen,Gen|Gen,14,,old_testament_or_other,Bible:Gen.14 Bible:Gen.17,"Gen. xiv. with Gen.
xvii"
volume_3,tertullian,jews_answer,Exod,Exod,4,24,old_testament_or_other,Bible:Exod.4.24-Exod.4.26,Ex. iv. 24–26
volume_3,tertullian,jews_answer,Isa,Isa,1,7,old_testament_or_other,Bible:Isa.1.7-Isa.1.8,"Isa. i. 7, 8"
volume_3,tertullian,jews_answer,Isa,Isa,1,2,old_testament_or_other,Bible:Isa.1.2,Isa. i. 2
volume_3,tertullian,jews_answer,Isa,Isa,1,15,old_testament_or_other,Bible:Isa.1.15,Isa. i. 15
volume_3,tertullian,jews_answer,Isa,Isa,1,4,old_testament_or_other,Bible:Isa.1.4,Isa. i. 4
volume_3,tertullian,jews_answer,Jer,Jer,4,3,old_testament_or_other,Bible:Jer.4.3-Jer.4.4,"Jer. iv. 3, 4"
volume_3,tertullian,jews_answer,Jer,Jer,31,31,old_testament_or_other,Bible:Jer.31.31-Jer.31.32,"Jer. xxxi. 31, 32"
volume_3,tertullian,jews_answer,Heb,Heb,8,8,new_testament,Bible:Heb.8.8-Heb.8.13,"Heb. viii.
8–13"
volume_3,tertullian,jews_answer,Isa,Isa,2,2,old_testament_or_other,Bible:Isa.2.2-Isa.2.3,"Isa. ii. 2, 3"
volume_3,tertullian,jews_answer,Phil,Phil,3,1,new_testament,Bible:Phil.3.1-Phil.3.2,"Phil. iii. 1, 2"
volume_3,tertullian,jews_answer,Dan,Dan|Dan|Dan,2,34,old_testament_or_other,Bible:Dan.2.34-Dan.2.35 Bible:Dan.2.44 Bible:Dan.2.45,"Dan. ii. 34, 35, 44, 45"
volume_3,tertullian,jews_answer,Isa,Isa,2,3,old_testament_or_other,Bible:Isa.2.3-Isa.2.4,"Isa. ii. 3, 4"
volume_3,tertullian,jews_answer,Exod,Exod|Lev|Deut|Matt,21,24,old_testament_or_other,Bible:Exod.21.24-Exod.21.25 Bible:Lev.24.17-Lev.24.22 Bible:Deut.19.11-Deut.19.21 Bible:Matt.5.38,"Ex. xxi. 24, 25; Lev. xxiv. 17–22;
Deut. xix. 11–21; Matt. v. 38"
volume_3,tertullian,jews_answer,1Cor,1Cor|1Cor,3,6,new_testament,Bible:1Cor.3.6-1Cor.3.9 Bible:1Cor.9.9-1Cor.9.10,"1 Cor. iii.
6–9; ix. 9, 10"
volume_3,tertullian,jews_answer,Ps,Ps,18,43,old_testament_or_other,Bible:Ps.18.43-Ps.18.44,"Ps. xviii. 43, 44"
volume_3,tertullian,jews_answer,2Sam,2Sam|Rom,22,44,old_testament_or_other,Bible:2Sam.22.44-2Sam.22.45 Bible:Rom.10.14-Rom.10.17,"2 Sam. (in LXX. 2 Kings) xxii. 44, 45, and
Rom. x. 14–17"
volume_3,tertullian,jews_answer,Acts,Acts,13,17,new_testament,Bible:Acts.13.17,Acts xiii. 17
volume_3,tertullian,jews_answer,Deut,Deut|Deut|Neh,8,4,old_testament_or_other,Bible:Deut.8.4 Bible:Deut.29.5 Bible:Neh.9.21,"Deut. viii. 4; xxix. 5; Neh. ix.
21"
volume_3,tertullian,jews_answer,Ps,Ps|John,78,25,old_testament_or_other,Bible:Ps.78.25 Bible:John.6.31-John.6.32,"Ps. lxxviii. (lxxvii. in LXX.) 25; comp. John
vi. 31, 32"
volume_3,tertullian,jews_answer,Hos,Hos|1Pet,1,10,old_testament_or_other,Bible:Hos.1.10 Bible:1Pet.2.10,Hos. i. 10; 1 Pet. ii. 10
volume_3,tertullian,jews_answer,Gal,Gal|Gal,5,1,new_testament,Bible:Gal.5.1 Bible:Gal.4.8-Gal.4.9,"Gal. v. 1; iv. 8, 9"
volume_3,tertullian,jews_answer,Exod,Exod|Exod,20,8,old_testament_or_other,Bible:Exod.20.8-Exod.20.11 Bible:Exod.12.16,"Ex.
xx. 8–11 and xii. 16"
volume_3,tertullian,jews_answer,Isa,Isa,1,13,old_testament_or_other,Bible:Isa.1.13,Isa. i. 13
volume_3,tertullian,jews_answer,Ezek,Ezek,22,8,old_testament_or_other,Bible:Ezek.22.8,Ezek. xxii. 8
volume_3,tertullian,jews_answer,Isa,Isa,66,23,old_testament_or_other,Bible:Isa.66.23,Isa. lxvi. 23
volume_3,tertullian,jews_answer,Isa,Isa,49,,old_testament_or_other,Bible:Isa.49,Isa. xlix
volume_3,tertullian,jews_answer,Josh,Josh,6,1,old_testament_or_other,Bible:Josh.6.1-Josh.6.20,Josh. vi. 1–20
volume_3,tertullian,jews_answer,1Macc,1Macc,2,41,deuterocanonical,Bible:1Macc.2.41,1 Macc. ii. 41
volume_3,tertullian,jews_answer,Exod,Exod|Deut|Deut,20,8,old_testament_or_other,Bible:Exod.20.8 Bible:Deut.5.12 Bible:Deut.5.15,"Ex. xx. 8; Deut. v. 12, 15"
volume_3,tertullian,jews_answer,Gen,Gen,4,2,old_testament_or_other,Bible:Gen.4.2-Gen.4.14,Gen. iv. 2–14
volume_3,tertullian,jews_answer,Lev,Lev|Deut,17,1,old_testament_or_other,Bible:Lev.17.1-Lev.17.9 Bible:Deut.12.1-Deut.12.26,"Lev. xvii. 1–9; Deut. xii.
1–26"
volume_3,tertullian,jews_answer,Mal,Mal,1,10,old_testament_or_other,Bible:Mal.1.10-Mal.1.11,"Mal. i. 10, 11"
volume_3,tertullian,jews_answer,Matt,Matt|Mark|Luke,28,19,new_testament,Bible:Matt.28.19-Matt.28.20 Bible:Mark.16.15-Mark.16.16 Bible:Luke.24.45-Luke.24.48,"Matt. xxviii. 19, 20, Mark xvi. 15, 16,
Luke xxiv. 45–48"
volume_3,tertullian,jews_answer,Ps,Ps,19,4,old_testament_or_other,Bible:Ps.19.4,Ps. xix. 4
volume_3,tertullian,jews_answer,Rom,Rom,10,18,new_testament,Bible:Rom.10.18,Rom. x. 18
volume_3,tertullian,jews_answer,Ps,Ps|Ps,96,7,old_testament_or_other,Bible:Ps.96.7-Ps.96.8 Bible:Ps.29.1-Ps.29.2,"Ps.
xcvi. (xcv. in LXX.) 7, 8; and comp. xxix. (xxviii. in LXX.) 1,
2"
volume_3,tertullian,jews_answer,Ps,Ps,51,17,old_testament_or_other,Bible:Ps.51.17,Ps. li. 17
volume_3,tertullian,jews_answer,Ps,Ps,50,14,old_testament_or_other,Bible:Ps.50.14,"Ps. l. (xlix.
in LXX.) 14"
volume_3,tertullian,jews_answer,Isa,Isa,1,11,old_testament_or_other,Bible:Isa.1.11,Isa. i. 11
volume_3,tertullian,jews_answer,Isa,Isa,1,11,old_testament_or_other,Bible:Isa.1.11-Isa.1.14,Isa. i. 11–14
volume_3,tertullian,jews_answer,Mal,Mal,1,,old_testament_or_other,Bible:Mal.1,Mal. i
volume_3,tertullian,jews_answer,Luke,Luke|Isa,1,78,new_testament,Bible:Luke.1.78-Luke.1.79 Bible:Isa.9.1-Isa.9.2,"Luke i. 78, 79, Isa. ix. 1, 2"
volume_3,tertullian,jews_answer,Matt,Matt,4,12,new_testament,Bible:Matt.4.12-Matt.4.16,Matt. iv. 12–16
volume_3,tertullian,jews_answer,1Cor,1Cor,9,16,new_testament,Bible:1Cor.9.16,1 Cor. ix. 16
volume_3,tertullian,jews_answer,Isa,Isa,45,1,old_testament_or_other,Bible:Isa.45.1,Isa. xlv. 1
volume_3,tertullian,jews_answer,Ps,Ps|Rom,19,4,old_testament_or_other,Bible:Ps.19.4 Bible:Rom.10.18,"Ps.
xix. 4 (xviii. 5. in LXX.) and Rom. x. 18"
volume_3,tertullian,jews_answer,Acts,Acts|Acts,2,9,new_testament,Bible:Acts.2.9-Acts.2.10 Bible:Acts.2.5,"Acts ii. 9,
10; but comp. ver. 5"
volume_3,tertullian,jews_answer,Isa,Isa,45,1,old_testament_or_other,Bible:Isa.45.1-Isa.45.2,"Isa. xlv. 1, 2"
volume_3,tertullian,jews_answer,1Kgs,1Kgs,4,25,old_testament_or_other,Bible:1Kgs.4.25,1 Kings iv. 25
volume_3,tertullian,jews_answer,Esth,Esth|Esth,1,1,old_testament_or_other,Bible:Esth.1.1 Bible:Esth.8.9,Esth. i. 1; viii. 9
volume_3,tertullian,jews_answer,John,John,20,28,new_testament,Bible:John.20.28,John xx. 28
volume_3,tertullian,jews_answer,Dan,Dan,9,26,old_testament_or_other,Bible:Dan.9.26,Dan. ix. 26
volume_3,tertullian,jews_answer,Isa,Isa,55,4,old_testament_or_other,Bible:Isa.55.4,Isa. lv. 4
volume_3,tertullian,jews_answer,Dan,Dan|Dan,9,,old_testament_or_other,Bible:Dan.9 Bible:Dan.24,Dan. ix . 24–27
volume_3,tertullian,jews_answer,Dan,Dan,9,23,old_testament_or_other,Bible:Dan.9.23,"ver.
23"
volume_3,tertullian,jews_answer,Ps,Ps,49,11,old_testament_or_other,Bible:Ps.49.11,Ps. xlix. 11
volume_3,tertullian,jews_answer,Ps,Ps,48,12,old_testament_or_other,Bible:Ps.48.12,Ps. xlviii. 12
volume_3,tertullian,jews_answer,Matt,Matt|Luke,11,13,new_testament,Bible:Matt.11.13 Bible:Luke.16.16,"Matt. xi. 13;
Luke xvi. 16"
volume_3,tertullian,jews_answer,Ps,Ps,22,16,old_testament_or_other,Bible:Ps.22.16,Ps. xxii. 16
volume_3,tertullian,jews_answer,Exod,Exod|Mark|Luke,12,6,old_testament_or_other,Bible:Exod.12.6 Bible:Mark.14.12 Bible:Luke.22.7,"Ex. xii. 6 with Mark xiv. 12, Luke xxii.
7"
volume_3,tertullian,jews_answer,Matt,Matt,27,24,new_testament,Bible:Matt.27.24-Matt.27.25,"Matt. xxvii. 24, 25"
volume_3,tertullian,jews_answer,John,John,19,12,new_testament,Bible:John.19.12,John xix. 12
volume_3,tertullian,jews_answer,Acts,Acts,3,13,new_testament,Bible:Acts.3.13,Acts iii. 13
volume_3,tertullian,jews_answer,Luke,Luke,24,44,new_testament,Bible:Luke.24.44,Luke xxiv. 44
volume_3,tertullian,jews_answer,Isa,Isa,7,13,old_testament_or_other,Bible:Isa.7.13-Isa.7.14,"Isa. vii. 13, 14"
volume_3,tertullian,jews_answer,Matt,Matt,1,23,new_testament,Bible:Matt.1.23,Matt. i. 23
volume_3,tertullian,jews_answer,Isa,Isa,7,15,old_testament_or_other,Bible:Isa.7.15,Isa vii. 15
volume_3,tertullian,jews_answer,Isa,Isa,8,4,old_testament_or_other,Bible:Isa.8.4,Isa. viii. 4
volume_3,tertullian,jews_answer,Isa,Isa|Isa,8,8,old_testament_or_other,Bible:Isa.8.8 Bible:Isa.8.10,"Isa. viii. 8, 10"
volume_3,tertullian,jews_answer,Judg,Judg,13,12,old_testament_or_other,Bible:Judg.13.12,Judg. xiii. 12
volume_3,tertullian,jews_answer,Matt,Matt,2,1,new_testament,Bible:Matt.2.1-Matt.2.12,Matt. ii. 1–12
volume_3,tertullian,jews_answer,Zech,Zech,14,14,old_testament_or_other,Bible:Zech.14.14,Zech. xiv. 14
volume_3,tertullian,jews_answer,Ps,Ps,72,15,old_testament_or_other,Bible:Ps.72.15,Ps. lxxii. 15
volume_3,tertullian,jews_answer,Ps,Ps,72,10,old_testament_or_other,Bible:Ps.72.10,Ps. lxxii. 10
volume_3,tertullian,jews_answer,Isa,Isa,1,10,old_testament_or_other,Bible:Isa.1.10,Isa. i. 10
volume_3,tertullian,jews_answer,Gen,Gen,19,23,old_testament_or_other,Bible:Gen.19.23-Gen.19.29,Gen. xix. 23–29
volume_3,tertullian,jews_answer,Ezek,Ezek|Ezek,16,3,old_testament_or_other,Bible:Ezek.16.3 Bible:Ezek.16.45,"Ezek. xvi. 3, 45"
volume_3,tertullian,jews_answer,Isa,Isa,19,1,old_testament_or_other,Bible:Isa.19.1,Isa. xix. 1
volume_3,tertullian,jews_answer,Isa,Isa|Isa,30,,old_testament_or_other,Bible:Isa.30 Bible:Isa.31,"Isa. xxx. and
xxxi"
volume_3,tertullian,jews_answer,Rev,Rev,17,,new_testament,Bible:Rev.17,Rev. xvii
volume_3,tertullian,jews_answer,Ps,Ps,45,3,old_testament_or_other,Bible:Ps.45.3,Ps. xlv. 3
volume_3,tertullian,jews_answer,Ps,Ps,44,4,old_testament_or_other,Bible:Ps.44.4,Ps. xliv. 4
volume_3,tertullian,jews_answer,Ps,Ps,45,2,old_testament_or_other,Bible:Ps.45.2,Ps. xlv. 2
volume_3,tertullian,jews_answer,Ps,Ps,45,4,old_testament_or_other,Bible:Ps.45.4,Ps. xlv. 4
volume_3,tertullian,jews_answer,Heb,Heb|Rev|Rev|Rev|Rev,4,12,new_testament,Bible:Heb.4.12 Bible:Rev.1.16 Bible:Rev.2.12 Bible:Rev.19.15 Bible:Rev.19.21,"Heb. iv. 12; Rev. i. 16; ii. 12; xix. 15,
21"
volume_3,tertullian,jews_answer,Eph,Eph,6,17,new_testament,Bible:Eph.6.17,Eph. vi. 17
volume_3,tertullian,jews_answer,Ps,Ps,62,12,old_testament_or_other,Bible:Ps.62.12,Ps. lxii. 12
volume_3,tertullian,jews_answer,Rom,Rom,2,6,new_testament,Bible:Rom.2.6,Rom. ii. 6
volume_3,tertullian,jews_answer,Ps,Ps,45,5,old_testament_or_other,Bible:Ps.45.5,Ps. xlv. 5
volume_3,tertullian,jews_answer,Heb,Heb,4,13,new_testament,Bible:Heb.4.13,Heb. iv. 13
volume_3,tertullian,jews_answer,Num,Num,13,16,old_testament_or_other,Bible:Num.13.16,Num. xiii. 16
volume_3,tertullian,jews_answer,Exod,Exod,3,8,old_testament_or_other,Bible:Exod.3.8,Ex. iii. 8
volume_3,tertullian,jews_answer,Josh,Josh,5,2,old_testament_or_other,Bible:Josh.5.2-Josh.5.9,Josh. v. 2–9
volume_3,tertullian,jews_answer,Exod,Exod,4,25,old_testament_or_other,Bible:Exod.4.25,Ex. iv. 25
volume_3,tertullian,jews_answer,1Cor,1Cor,10,4,new_testament,Bible:1Cor.10.4,1 Cor. x. 4
volume_3,tertullian,jews_answer,Num,Num,12,5,old_testament_or_other,Bible:Num.12.5-Num.12.8,Num. xii. 5–8
volume_3,tertullian,jews_answer,Exod,Exod|John|John|Col|Heb,33,20,old_testament_or_other,Bible:Exod.33.20 Bible:John.1.18 Bible:John.14.9 Bible:Col.1.15 Bible:Heb.1.3,"Ex. xxxiii. 20; John i. 18; xiv. 9; Col.
i. 15; Heb. i. 3"
volume_3,tertullian,jews_answer,Exod,Exod,23,20,old_testament_or_other,Bible:Exod.23.20-Exod.23.21,"Ex. xxiii. 20, 21"
volume_3,tertullian,jews_answer,Mal,Mal,3,1,old_testament_or_other,Bible:Mal.3.1,Mal. iii. 1
volume_3,tertullian,jews_answer,Matt,Matt|Mark|Luke,11,10,new_testament,Bible:Matt.11.10 Bible:Mark.1.2 Bible:Luke.7.27,"Matt. xi. 10; Mark i. 2; Luke vii.
27"
volume_3,tertullian,jews_answer,Ps,Ps,132,17,old_testament_or_other,Bible:Ps.132.17,Ps. cxxxii. 17
volume_3,tertullian,jews_answer,Matt,Matt,5,17,new_testament,Bible:Matt.5.17,Matt. v. 17
volume_3,tertullian,jews_answer,John,John,5,35,new_testament,Bible:John.5.35,John v. 35
volume_3,tertullian,jews_answer,Isa,Isa|John,40,3,old_testament_or_other,Bible:Isa.40.3 Bible:John.1.23,"Isa. xl. 3, John i.
23"
volume_3,tertullian,jews_answer,John,John|John,1,29,new_testament,Bible:John.1.29 Bible:John.1.36,"John i. 29, 36"
volume_3,tertullian,jews_answer,Isa,Isa,11,1,old_testament_or_other,Bible:Isa.11.1-Isa.11.2,"Isa. xi. 1, 2"
volume_3,tertullian,jews_answer,Luke,Luke,1,27,new_testament,Bible:Luke.1.27,Luke i. 27
volume_3,tertullian,jews_answer,Luke,Luke,2,1,new_testament,Bible:Luke.2.1-Luke.2.7,Luke ii. 1–7
volume_3,tertullian,jews_answer,Isa,Isa|Isa,53,3,old_testament_or_other,Bible:Isa.53.3 Bible:Isa.53.7,"Isa. liii. 3, 7"
volume_3,tertullian,jews_answer,Ps,Ps,38,17,old_testament_or_other,Bible:Ps.38.17,Ps. xxxviii. 17
volume_3,tertullian,jews_answer,Isa,Isa,42,2,old_testament_or_other,Bible:Isa.42.2-Isa.42.3,"Isa. xlii. 2, 3"
volume_3,tertullian,jews_answer,Matt,Matt,12,19,new_testament,Bible:Matt.12.19-Matt.12.20,"Matt. xii. 19, 20"
volume_3,tertullian,jews_answer,Isa,Isa,58,1,old_testament_or_other,Bible:Isa.58.1-Isa.58.2,"Isa. lviii. 1, 2"
volume_3,tertullian,jews_answer,Isa,Isa,35,4,old_testament_or_other,Bible:Isa.35.4-Isa.35.6,"Isa. xxxv. 4, 5, 6"
volume_3,tertullian,jews_answer,John,John|John,5,17,new_testament,Bible:John.5.17-John.5.18 Bible:John.10.31-John.10.33,"John v. 17, 18, compared with x.
31–33"
volume_3,tertullian,jews_answer,Deut,Deut,21,23,old_testament_or_other,Bible:Deut.21.23,Deut. xxi. 23
volume_3,tertullian,jews_answer,Gal,Gal,3,13,new_testament,Bible:Gal.3.13,Gal. iii. 13
volume_3,tertullian,jews_answer,Deut,Deut,21,22,old_testament_or_other,Bible:Deut.21.22-Deut.21.23,"Deut. xxi. 22, 23"
volume_3,tertullian,jews_answer,1Pet,1Pet,2,22,new_testament,Bible:1Pet.2.22,1 Pet. ii. 22
volume_3,tertullian,jews_answer,Isa,Isa,53,9,old_testament_or_other,Bible:Isa.53.9,Isa. liii. 9
volume_3,tertullian,jews_answer,Ps,Ps,35,12,old_testament_or_other,Bible:Ps.35.12,"Ps. xxxv.
(xxxiv. in LXX.) 12"
volume_3,tertullian,jews_answer,Ps,Ps,69,4,old_testament_or_other,Bible:Ps.69.4,Ps. lxix. 4
volume_3,tertullian,jews_answer,Ps,Ps,69,21,old_testament_or_other,Bible:Ps.69.21,Ps. lxix. 21
volume_3,tertullian,jews_answer,Ps,Ps,22,18,old_testament_or_other,Bible:Ps.22.18,Ps. xxii. 18
volume_3,tertullian,jews_answer,Matt,Matt|Matt|John|John|John,26,56,new_testament,Bible:Matt.26.56 Bible:Matt.27.34-Matt.27.35 Bible:John.19.23-John.19.24 Bible:John.19.28 Bible:John.19.32-John.19.37,"Matt. xxvi. 56; xxvii. 34, 35; John xix.
23, 24, 28, 32–37"
volume_3,tertullian,jews_answer,Rom,Rom,9,32,new_testament,Bible:Rom.9.32-Rom.9.33,"Rom. ix. 32, 33"
volume_3,tertullian,jews_answer,Isa,Isa|1Cor|Gal,28,16,old_testament_or_other,Bible:Isa.28.16 Bible:1Cor.1.23 Bible:Gal.5.11,"Isa. xxviii. 16; 1 Cor. i. 23; Gal. v.
11"
volume_3,tertullian,jews_answer,Gen,Gen,22,1,old_testament_or_other,Bible:Gen.22.1-Gen.22.10,Gen. xxii. 1–10
volume_3,tertullian,jews_answer,John,John,19,17,new_testament,Bible:John.19.17,John xix. 17
volume_3,tertullian,jews_answer,Gen,Gen,37,,old_testament_or_other,Bible:Gen.37,Gen. xxxvii
volume_3,tertullian,jews_answer,Rom,Rom,9,5,new_testament,Bible:Rom.9.5,Rom. ix. 5
volume_3,tertullian,jews_answer,Deut,Deut,33,17,old_testament_or_other,Bible:Deut.33.17,"Deut. xxxiii.
17"
volume_3,tertullian,jews_answer,Gen,Gen,49,5,old_testament_or_other,Bible:Gen.49.5-Gen.49.7,"Gen. xlix.
5–7"
volume_3,tertullian,jews_answer,Gen,Gen,34,25,old_testament_or_other,Bible:Gen.34.25-Gen.34.31,"Gen.
xxxiv. 25–31"
volume_3,tertullian,jews_answer,Gen,Gen,49,5,old_testament_or_other,Bible:Gen.49.5-Gen.49.7,Gen. xlix. 5–7
volume_3,tertullian,jews_answer,Exod,Exod,17,8,old_testament_or_other,Bible:Exod.17.8-Exod.17.16,Ex. xvii. 8–16
volume_3,tertullian,jews_answer,Col,Col,2,14,new_testament,Bible:Col.2.14-Col.2.15,"Col. ii. 14, 15"
volume_3,tertullian,jews_answer,Exod,Exod,20,4,old_testament_or_other,Bible:Exod.20.4,Ex. xx. 4
volume_3,tertullian,jews_answer,Num,Num,21,4,old_testament_or_other,Bible:Num.21.4-Num.21.9,Num. xxi. 4–9
volume_3,tertullian,jews_answer,Gen,Gen,3,1,old_testament_or_other,Bible:Gen.3.1,Gen. iii. 1
volume_3,tertullian,jews_answer,2Cor,2Cor|Rev,11,3,new_testament,Bible:2Cor.11.3 Bible:Rev.12.9,2 Cor. xi. 3; Rev. xii. 9
volume_3,tertullian,jews_answer,2Cor,2Cor|Matt|Rev,11,14,new_testament,Bible:2Cor.11.14-2Cor.11.15 Bible:Matt.25.41 Bible:Rev.12.9,"2 Cor. xi. 14, 15; Matt. xxv. 41; Rev.
xii. 9"
volume_3,tertullian,jews_answer,Ps,Ps,96,10,old_testament_or_other,Bible:Ps.96.10,Ps. xcvi. 10
volume_3,tertullian,jews_answer,Matt,Matt|Luke,13,55,new_testament,Bible:Matt.13.55 Bible:Luke.4.22,"Matt.
xiii. 55; Luke iv. 22"
volume_3,tertullian,jews_answer,Mark,Mark,6,3,new_testament,Bible:Mark.6.3,Mark vi. 3
volume_3,tertullian,jews_answer,Isa,Isa,9,6,old_testament_or_other,Bible:Isa.9.6,Isa. ix. 6
volume_3,tertullian,jews_answer,Jer,Jer,11,19,old_testament_or_other,Bible:Jer.11.19,Jer. xi. 19
volume_3,tertullian,jews_answer,John,John,6,,new_testament,Bible:John.6,John vi
volume_3,tertullian,jews_answer,Ps,Ps,22,,old_testament_or_other,Bible:Ps.22,Ps. xxii
volume_3,tertullian,jews_answer,Ps,Ps,22,16,old_testament_or_other,Bible:Ps.22.16,"Ver.
16"
volume_3,tertullian,jews_answer,Ps,Ps,22,21,old_testament_or_other,Bible:Ps.22.21,Ps. xxii. 21
volume_3,tertullian,jews_answer,Isa,Isa,53,8,old_testament_or_other,Bible:Isa.53.8-Isa.53.10,"Isa. liii. 8, 9, 10"
volume_3,tertullian,jews_answer,Isa,Isa,57,2,old_testament_or_other,Bible:Isa.57.2,Isa. lvii. 2
volume_3,tertullian,jews_answer,Isa,Isa,53,12,old_testament_or_other,Bible:Isa.53.12,Isa. liii. 12
volume_3,tertullian,jews_answer,Amos,Amos,8,9,old_testament_or_other,Bible:Amos.8.9-Amos.8.10,"Amos viii. 9, 10"
volume_3,tertullian,jews_answer,Exod,Exod,12,1,old_testament_or_other,Bible:Exod.12.1-Exod.12.11,Ex. xii. 1–11
volume_3,tertullian,jews_answer,Matt,Matt|Mark|Luke|John,26,17,new_testament,Bible:Matt.26.17 Bible:Mark.14.12 Bible:Luke.22.7 Bible:John.18.28,"Matt. xxvi. 17; Mark xiv. 12; Luke xxii.
7; John xviii. 28"
volume_3,tertullian,jews_answer,1Cor,1Cor,5,7,new_testament,Bible:1Cor.5.7,1 Cor. v. 7
volume_3,tertullian,jews_answer,Isa,Isa,61,2,old_testament_or_other,Bible:Isa.61.2,Isa. lxi. 2
volume_3,tertullian,jews_answer,Rev,Rev,1,13,new_testament,Bible:Rev.1.13,Rev. i. 13
volume_3,tertullian,jews_answer,Ezek,Ezek,8,12,old_testament_or_other,Bible:Ezek.8.12-Ezek.9.6,"Ezek. viii.
12–ix. 6"
volume_3,tertullian,jews_answer,Deut,Deut,28,65,old_testament_or_other,Bible:Deut.28.65,xxviii. 65
volume_3,tertullian,jews_answer,Col,Col,3,4,new_testament,Bible:Col.3.4,"Col. iii.
4"
volume_3,tertullian,jews_answer,John,John|John|John,1,4,new_testament,Bible:John.1.4 Bible:John.14.6 Bible:John.11.25,John i. 4; xiv. 6; xi. 25
volume_3,tertullian,jews_answer,Ps,Ps,2,7,old_testament_or_other,Bible:Ps.2.7-Ps.2.8,"Ps. ii. 7, 8"
volume_3,tertullian,jews_answer,Isa,Isa|Isa|Luke,42,6,old_testament_or_other,Bible:Isa.42.6-Isa.42.7 Bible:Isa.61.1 Bible:Luke.4.14-Luke.4.18,"Isa. xlii. 6, 7, comp. lxi. 1; Luke iv.
14–18"
volume_3,tertullian,jews_answer,Luke,Luke,2,25,new_testament,Bible:Luke.2.25-Luke.2.33,Luke ii. 25–33
volume_3,tertullian,jews_answer,Mic,Mic|Matt,5,2,old_testament_or_other,Bible:Mic.5.2 Bible:Matt.2.3-Matt.2.6,Mic. v. 2; Matt. ii. 3–6
volume_3,tertullian,jews_answer,Isa,Isa,1,7,old_testament_or_other,Bible:Isa.1.7,Isa. i. 7
volume_3,tertullian,jews_answer,John,John|John,5,43,new_testament,Bible:John.5.43 Bible:John.10.37-John.10.38,"John v. 43; x. 37, 38"
volume_3,tertullian,jews_answer,Isa,Isa,33,17,old_testament_or_other,Bible:Isa.33.17,Isa. xxxiii. 17
volume_3,tertullian,jews_answer,Isa,Isa,33,18,old_testament_or_other,Bible:Isa.33.18,Isa. xxxiii. 18
volume_3,tertullian,jews_answer,Exod,Exod,30,22,old_testament_or_other,Bible:Exod.30.22-Exod.30.33,Ex. xxx. 22–33
volume_3,tertullian,jews_answer,1Kgs,1Kgs,1,39,old_testament_or_other,Bible:1Kgs.1.39,"1 Kings (3
Kings in LXX.) i. 39"
volume_3,tertullian,jews_answer,2Sam,2Sam,6,17,old_testament_or_other,Bible:2Sam.6.17,"2 Sam.—2 Kings in LXX.—vi.
17"
volume_3,tertullian,jews_answer,Isa,Isa|Rom,65,2,old_testament_or_other,Bible:Isa.65.2 Bible:Rom.10.21,Isa. lxv. 2; Rom. x. 21
volume_3,tertullian,jews_answer,Ps,Ps|Ps,22,16,old_testament_or_other,Bible:Ps.22.16-Ps.22.17 Bible:Ps.69.21,"Ps.
xxii. 16, 17 (xxi. 17, 18, in LXX.), and lxix. 21"
volume_3,tertullian,jews_answer,Ps,Ps|Ps,67,6,old_testament_or_other,Bible:Ps.67.6 Bible:Ps.85.12,"Ps.
lxvii. 6 (lxvi. 7 in LXX.), lxxxv. 12"
volume_3,tertullian,jews_answer,Joel,Joel,2,22,old_testament_or_other,Bible:Joel.2.22,Joel ii. 22
volume_3,tertullian,jews_answer,Exod,Exod,15,22,old_testament_or_other,Bible:Exod.15.22-Exod.15.26,Ex. xv. 22–26
volume_3,tertullian,jews_answer,Acts,Acts,26,18,new_testament,Bible:Acts.26.18,Acts xxvi. 18
volume_3,tertullian,jews_answer,Jer,Jer,2,10,old_testament_or_other,Bible:Jer.2.10-Jer.2.12,Jer. ii. 10–12
volume_3,tertullian,jews_answer,Amos,Amos,8,9,old_testament_or_other,Bible:Amos.8.9,Amos viii. 9
volume_3,tertullian,jews_answer,Matt,Matt|Matt|Mark|Mark|Mark|Luke,27,45,new_testament,Bible:Matt.27.45 Bible:Matt.27.50-Matt.27.52 Bible:Mark.15.33 Bible:Mark.15.37 Bible:Mark.15.38 Bible:Luke.23.44-Luke.23.45,"Matt. xxvii. 45, 50–52; Mark xv. 33,
37, 38, Luke xxiii. 44, 45"
volume_3,tertullian,jews_answer,Rev,Rev|Rev|Rev|John,22,1,new_testament,Bible:Rev.22.1 Bible:Rev.22.17 Bible:Rev.21.6 Bible:John.7.37-John.7.39,"Rev. xxii. 1, 17, and xxi. 6; John vii.
37–39"
volume_3,tertullian,jews_answer,Jer,Jer,2,10,old_testament_or_other,Bible:Jer.2.10-Jer.2.13,Jer. ii. 10–13
volume_3,tertullian,jews_answer,John,John,7,35,new_testament,Bible:John.7.35,John vii. 35
volume_3,tertullian,jews_answer,1Pet,1Pet,1,1,new_testament,Bible:1Pet.1.1,1 Pet. i. 1
volume_3,tertullian,jews_answer,Isa,Isa,65,13,old_testament_or_other,Bible:Isa.65.13-Isa.65.16,Isa. lxv. 13–16
volume_3,tertullian,jews_answer,Luke,Luke,4,27,new_testament,Bible:Luke.4.27,Luke iv. 27
volume_3,tertullian,jews_answer,2Kgs,2Kgs,6,1,old_testament_or_other,Bible:2Kgs.6.1-2Kgs.6.7,2 Kings vi. 1–7
volume_3,tertullian,jews_answer,2Kgs,2Kgs,2,16,old_testament_or_other,Bible:2Kgs.2.16,2 Kings (4 Kings in LXX.) ii. 16
volume_3,tertullian,jews_answer,Acts,Acts|Heb,7,51,new_testament,Bible:Acts.7.51-Acts.7.52 Bible:Heb.11.32-Heb.11.38,"Acts vii. 51, 52; Heb. xi.
32–38"
volume_3,tertullian,jews_answer,Gen,Gen,22,1,old_testament_or_other,Bible:Gen.22.1-Gen.22.14,Gen. xxii. 1–14
volume_3,tertullian,jews_answer,Matt,Matt|Mark|John,27,11,new_testament,Bible:Matt.27.11-Matt.27.14 Bible:Mark.15.1-Mark.15.5 Bible:John.19.8-John.19.12,"Matt. xxvii. 11–14; Mark xv.
1–5; John xix. 8–12"
volume_3,tertullian,jews_answer,Isa,Isa,53,7,old_testament_or_other,Bible:Isa.53.7-Isa.53.8,"Isa. liii. 7, 8"
volume_3,tertullian,jews_answer,Hos,Hos,6,1,old_testament_or_other,Bible:Hos.6.1,Hos. vi. 1
volume_3,tertullian,jews_answer,Luke,Luke,1,35,new_testament,Bible:Luke.1.35,Luke i. 35
volume_3,tertullian,jews_answer,Acts,Acts,2,22,new_testament,Bible:Acts.2.22,Acts ii. 22
volume_3,tertullian,jews_answer,Phil,Phil,1,10,new_testament,Bible:Phil.1.10,Phil. i. 10
volume_3,tertullian,jews_answer,Isa,Isa,2,20,old_testament_or_other,Bible:Isa.2.20,Isa. ii. 20
volume_3,tertullian,jews_answer,Isa,Isa|Isa,3,1,old_testament_or_other,Bible:Isa.3.1 Bible:Isa.3.3,"Isa. iii. 1, 3"
volume_3,tertullian,jews_answer,1Cor,1Cor|Eph|1Pet,3,10,new_testament,Bible:1Cor.3.10 Bible:Eph.2.20-Eph.2.21 Bible:1Pet.2.4-1Pet.2.8,"1 Cor. iii. 10; Eph. ii. 20, 21; 1 Pet.
ii. 4–8"
volume_3,tertullian,jews_answer,Isa,Isa,5,2,old_testament_or_other,Bible:Isa.5.2,Isa. v. 2
volume_3,tertullian,jews_answer,Isa,Isa,5,6,old_testament_or_other,Bible:Isa.5.6-Isa.5.7,"Isa. v. 6, 7"
volume_3,tertullian,jews_answer,Matt,Matt|Mark|Luke|John,27,20,new_testament,Bible:Matt.27.20-Matt.27.25 Bible:Mark.15.8-Mark.15.15 Bible:Luke.23.13-Luke.23.25 Bible:John.19.12-John.19.16,"Matt. xxvii. 20–25, Mark xv.
8–15, Luke xxiii. 13–25, John xix. 12–16"
volume_3,tertullian,jews_answer,Matt,Matt|Luke,11,13,new_testament,Bible:Matt.11.13 Bible:Luke.16.16,Matt. xi. 13; Luke xvi. 16
volume_3,tertullian,jews_answer,John,John,5,1,new_testament,Bible:John.5.1-John.5.9,John v. 1–9
volume_3,tertullian,jews_answer,Isa,Isa|Ezek|Ezek|Rom,52,5,old_testament_or_other,Bible:Isa.52.5 Bible:Ezek.36.20 Bible:Ezek.36.23 Bible:Rom.2.24,"Isa. lii. 5; Ezek. xxxvi. 20, 23; Rom. ii.
24"
volume_3,tertullian,jews_answer,Rom,Rom,2,24,new_testament,Bible:Rom.2.24,"Rom. ii.
24"
volume_3,tertullian,jews_answer,Isa,Isa,55,6,old_testament_or_other,Bible:Isa.55.6-Isa.55.7,"Isa. lv. 6, 7"
volume_3,tertullian,jews_answer,Luke,Luke,19,41,new_testament,Bible:Luke.19.41-Luke.19.44,Luke xix. 41–44
volume_3,tertullian,jews_answer,Isa,Isa|Isa,1,7,old_testament_or_other,Bible:Isa.1.7-Isa.1.8 Bible:Isa.1.4,"Isa. i. 7, 8, 4"
volume_3,tertullian,jews_answer,Isa,Isa,1,20,old_testament_or_other,Bible:Isa.1.20,Isa. i. 20
volume_3,tertullian,jews_answer,Ps,Ps,59,11,old_testament_or_other,Bible:Ps.59.11,Ps. lix. 11
volume_3,tertullian,jews_answer,Isa,Isa,50,11,old_testament_or_other,Bible:Isa.50.11,Isa. l. 11
volume_3,tertullian,jews_answer,Isa,Isa,53,2,old_testament_or_other,Bible:Isa.53.2,Isa. liii. 2
volume_3,tertullian,jews_answer,Isa,Isa,53,3,old_testament_or_other,Bible:Isa.53.3,Isa. liii. 3
volume_3,tertullian,jews_answer,Isa,Isa,8,14,old_testament_or_other,Bible:Isa.8.14,Isa. viii. 14
volume_3,tertullian,jews_answer,Rom,Rom|Ps,9,32,new_testament,Bible:Rom.9.32-Rom.9.33 Bible:Ps.118.22,"Rom.
ix. 32, 33; Ps. cxviii. 22"
volume_3,tertullian,jews_answer,1Pet,1Pet,2,4,new_testament,Bible:1Pet.2.4,"1 Pet.
ii. 4"
volume_3,tertullian,jews_answer,Ps,Ps,8,5,old_testament_or_other,Bible:Ps.8.5,Ps. viii. 5
volume_3,tertullian,jews_answer,Heb,Heb,2,5,new_testament,Bible:Heb.2.5-Heb.2.9,Heb. ii. 5–9
volume_3,tertullian,jews_answer,Ps,Ps,22,6,old_testament_or_other,Bible:Ps.22.6,Ps. xxii. 6
volume_3,tertullian,jews_answer,Isa,Isa,28,16,old_testament_or_other,Bible:Isa.28.16,"Isa. xxviii.
16"
volume_3,tertullian,jews_answer,Eph,Eph,1,10,new_testament,Bible:Eph.1.10,Eph. i. 10
volume_3,tertullian,jews_answer,Dan,Dan|Dan|Dan,2,34,old_testament_or_other,Bible:Dan.2.34-Dan.2.35 Bible:Dan.2.44 Bible:Dan.2.45,"Dan. ii.
34, 35, 44, 45"
volume_3,tertullian,jews_answer,Dan,Dan,7,13,old_testament_or_other,Bible:Dan.7.13-Dan.7.14,"Dan. vii. 13, 14"
volume_3,tertullian,jews_answer,Ps,Ps,8,5,old_testament_or_other,Bible:Ps.8.5-Ps.8.6,"Ps. viii. 5, 6"
volume_3,tertullian,jews_answer,Heb,Heb,2,6,new_testament,Bible:Heb.2.6-Heb.2.9,Heb. ii. 6–9
volume_3,tertullian,jews_answer,Zech,Zech|Zech,12,10,old_testament_or_other,Bible:Zech.12.10 Bible:Zech.12.12,"Zech. xii. 10, 12"
volume_3,tertullian,jews_answer,Rev,Rev,1,7,new_testament,Bible:Rev.1.7,Rev. i. 7
volume_3,tertullian,jews_answer,Jer,Jer,17,9,old_testament_or_other,Bible:Jer.17.9,Jer. xvii. 9
volume_3,tertullian,jews_answer,Zech,Zech,3,,old_testament_or_other,Bible:Zech.3,Zech. iii
volume_3,tertullian,jews_answer,John,John,6,70,new_testament,Bible:John.6.70,"John vi. 70 and
xiii. 2"
volume_3,tertullian,jews_answer,Hag,Hag|Hag|Hag|Hag|Zech,1,1,old_testament_or_other,Bible:Hag.1.1 Bible:Hag.1.12 Bible:Hag.2.2 Bible:Hag.2.4 Bible:Zech.6.11,"Hag. i. 1, 12; ii. 2, 4; Zech.
vi. 11"
volume_3,tertullian,jews_answer,Ps,Ps|Heb,110,4,old_testament_or_other,Bible:Ps.110.4 Bible:Heb.5.5-Heb.5.10,"Ps. cx. (cix. in LXX.) 4; Heb. v.
5–10"
volume_3,tertullian,jews_answer,Lev,Lev,16,,old_testament_or_other,Bible:Lev.16,Lev. xvi
volume_3,tertullian,jews_answer,Heb,Heb,13,10,new_testament,Bible:Heb.13.10-Heb.13.13,Heb. xiii. 10–13
volume_3,tertullian,jews_answer,Lev,Lev,6,30,old_testament_or_other,Bible:Lev.6.30,"Lev. vi.
30"
volume_3,tertullian,jews_answer,2Sam,2Sam|1Chr|Ps|Ps|Ps,7,13,old_testament_or_other,Bible:2Sam.7.13 Bible:1Chr.17.12 Bible:Ps.89.3-Ps.89.4 Bible:Ps.89.29 Bible:Ps.89.35-Ps.89.37,"2 Sam. (2
Kings in LXX.) vii. 13; 1 Chron. xvii. 12; Ps. lxxxix. 3, 4, 29, 35,
36, 37"
volume_3,tertullian,jews_answer,Ps,Ps|Ps|Ps|Ps|Ps,88,4,old_testament_or_other,Bible:Ps.88.4-Ps.88.5 Bible:Ps.88.30 Bible:Ps.88.36 Bible:Ps.88.37 Bible:Ps.88.38,"Ps. lxxxviii.
4, 5, 30, 36, 37, 38"
volume_3,tertullian,jews_answer,Isa,Isa,55,5,old_testament_or_other,Bible:Isa.55.5,Isa. lv. 5
volume_3,tertullian,treatise,1Tim,1Tim,1,4,new_testament,Bible:1Tim.1.4,1 Tim. i. 4
volume_3,tertullian,treatise,1Cor,1Cor,10,19,new_testament,Bible:1Cor.10.19,1 Cor. x. 19
volume_3,tertullian,treatise,Col,Col,2,8,new_testament,Bible:Col.2.8,Col. ii. 8
volume_3,tertullian,treatise,Acts,Acts,17,21,new_testament,Bible:Acts.17.21,"Acts xvii.
21"
volume_3,tertullian,treatise,Isa,Isa,1,22,old_testament_or_other,Bible:Isa.1.22,Isa. i. 22
volume_3,tertullian,treatise,Isa,Isa,2,3,old_testament_or_other,Bible:Isa.2.3,Isa. ii. 3
volume_3,tertullian,treatise,Gen,Gen,2,7,old_testament_or_other,Bible:Gen.2.7,Gen. ii. 7
volume_3,tertullian,treatise,Luke,Luke,16,23,new_testament,Bible:Luke.16.23-Luke.16.24,"Luke xvi. 23, 24"
volume_3,tertullian,treatise,Rev,Rev,1,10,new_testament,Bible:Rev.1.10,Rev. i. 10
volume_3,tertullian,treatise,Rev,Rev,6,9,new_testament,Bible:Rev.6.9,Rev. vi. 9
volume_3,tertullian,treatise,1Cor,1Cor,12,1,new_testament,Bible:1Cor.12.1-1Cor.12.11,1 Cor. xii. 1–11
volume_3,tertullian,treatise,2Cor,2Cor,12,2,new_testament,Bible:2Cor.12.2-2Cor.12.4,2 Cor. xii. 2–4
volume_3,tertullian,treatise,Isa,Isa,57,16,old_testament_or_other,Bible:Isa.57.16,"Isa. lvii.
16"
volume_3,tertullian,treatise,Isa,Isa,42,5,old_testament_or_other,Bible:Isa.42.5,Isa. xlii. 5
volume_3,tertullian,treatise,1Cor,1Cor,15,46,new_testament,Bible:1Cor.15.46,1 Cor. xv. 46
volume_3,tertullian,treatise,Eph,Eph,5,31,new_testament,Bible:Eph.5.31-Eph.5.32,"Eph. v. 31, 32"
volume_3,tertullian,treatise,Gen,Gen,2,24,old_testament_or_other,Bible:Gen.2.24-Gen.2.25,"Gen. ii. 24, 25"
volume_3,tertullian,treatise,1Sam,1Sam,10,6,old_testament_or_other,Bible:1Sam.10.6,1 Sam. x. 6
volume_3,tertullian,treatise,1Sam,1Sam,10,11,old_testament_or_other,Bible:1Sam.10.11,1 Sam. x. 11
volume_3,tertullian,treatise,Wis,Wis,1,6,deuterocanonical,Bible:Wis.1.6,Wisd. i. 6
volume_3,tertullian,treatise,Prov,Prov,24,12,old_testament_or_other,Bible:Prov.24.12,Prov. xxiv. 12
volume_3,tertullian,treatise,Ps,Ps,139,23,old_testament_or_other,Bible:Ps.139.23,Ps. cxxxix. 23
volume_3,tertullian,treatise,Matt,Matt,9,4,new_testament,Bible:Matt.9.4,Matt. ix. 4
volume_3,tertullian,treatise,Ps,Ps,51,12,old_testament_or_other,Bible:Ps.51.12,Ps. li. 12
volume_3,tertullian,treatise,Rom,Rom,10,10,new_testament,Bible:Rom.10.10,Rom. x. 10
volume_3,tertullian,treatise,1John,1John,3,20,new_testament,Bible:1John.3.20,1 John iii. 20
volume_3,tertullian,treatise,Matt,Matt,5,28,new_testament,Bible:Matt.5.28,Matt. v. 28
volume_3,tertullian,treatise,Luke,Luke,22,15,new_testament,Bible:Luke.22.15,Luke xxii. 15
volume_3,tertullian,treatise,1Tim,1Tim,3,1,new_testament,Bible:1Tim.3.1,1 Tim. iii. 1
volume_3,tertullian,treatise,Gal,Gal,5,12,new_testament,Bible:Gal.5.12,Gal. v. 12
volume_3,tertullian,treatise,Eph,Eph,2,3,new_testament,Bible:Eph.2.3,Eph. ii. 3
volume_3,tertullian,treatise,Matt,Matt,6,24,new_testament,Bible:Matt.6.24,Matt. vi. 24
volume_3,tertullian,treatise,John,John,6,44,new_testament,Bible:John.6.44,John vi. 44
volume_3,tertullian,treatise,Matt,Matt,13,25,new_testament,Bible:Matt.13.25,Matt. xiii. 25
volume_3,tertullian,treatise,Luke,Luke,10,18,new_testament,Bible:Luke.10.18,Luke x. 18
volume_3,tertullian,treatise,Matt,Matt,3,17,new_testament,Bible:Matt.3.17,Matt. iii. 17
volume_3,tertullian,treatise,Matt,Matt,8,15,new_testament,Bible:Matt.8.15,Matt. viii. 15
volume_3,tertullian,treatise,Matt,Matt,26,7,new_testament,Bible:Matt.26.7-Matt.26.12,Matt. xxvi. 7–12
volume_3,tertullian,treatise,Matt,Matt|Luke|1Cor,26,27,new_testament,Bible:Matt.26.27-Matt.26.28 Bible:Luke.22.19-Luke.22.20 Bible:1Cor.11.25,"Matt. xxvi. 27, 28; Luke xxii. 19, 20; 1
Cor. xi. 25"
volume_3,tertullian,treatise,Matt,Matt,17,3,new_testament,Bible:Matt.17.3-Matt.17.8,Matt. xvii. 3–8
volume_3,tertullian,treatise,John,John,2,1,new_testament,Bible:John.2.1-John.2.10,John ii. 1–10
volume_3,tertullian,treatise,John,John,20,27,new_testament,Bible:John.20.27,John xx. 27
volume_3,tertullian,treatise,1John,1John,1,1,new_testament,Bible:1John.1.1,1 John i. 1
volume_3,tertullian,treatise,Rom,Rom,1,20,new_testament,Bible:Rom.1.20,Rom. i. 20
volume_3,tertullian,treatise,Ps,Ps|Matt,8,2,old_testament_or_other,Bible:Ps.8.2 Bible:Matt.21.16,Ps. viii. 2; Matt. xxi. 16
volume_3,tertullian,treatise,Matt,Matt,21,15,new_testament,Bible:Matt.21.15,Matt. xxi. 15
volume_3,tertullian,treatise,Matt,Matt,2,16,new_testament,Bible:Matt.2.16-Matt.2.18,Matt. ii. 16–18
volume_3,tertullian,treatise,Titus,Titus,1,12,new_testament,Bible:Titus.1.12,Tit. i. 12
volume_3,tertullian,treatise,Eph,Eph,5,32,new_testament,Bible:Eph.5.32,Eph. v. 32
volume_3,tertullian,treatise,Gen,Gen,2,23,old_testament_or_other,Bible:Gen.2.23-Gen.2.24,"Gen. ii. 23, 24"
volume_3,tertullian,treatise,Luke,Luke,6,43,new_testament,Bible:Luke.6.43-Luke.6.44,"Luke vi. 43, 44"
volume_3,tertullian,treatise,Matt,Matt,3,7,new_testament,Bible:Matt.3.7-Matt.3.9,Matt. iii. 7–9
volume_3,tertullian,treatise,Eph,Eph,5,8,new_testament,Bible:Eph.5.8,Eph. v. 8
volume_3,tertullian,treatise,1Cor,1Cor,6,11,new_testament,Bible:1Cor.6.11,1 Cor. vi. 11
volume_3,tertullian,treatise,Mark,Mark,16,9,new_testament,Bible:Mark.16.9,Mark xvi. 9
volume_3,tertullian,treatise,Mark,Mark,6,1,new_testament,Bible:Mark.6.1-Mark.6.9,Mark vi. 1–9
volume_3,tertullian,treatise,Gen,Gen,25,22,old_testament_or_other,Bible:Gen.25.22-Gen.25.23,"Gen. xxv. 22, 23"
volume_3,tertullian,treatise,Gen,Gen,25,26,old_testament_or_other,Bible:Gen.25.26,Gen. xxv. 26
volume_3,tertullian,treatise,Luke,Luke,1,41,new_testament,Bible:Luke.1.41-Luke.1.45,Luke i. 41–45
volume_3,tertullian,treatise,Luke,Luke,1,46,new_testament,Bible:Luke.1.46,Luke i. 46
volume_3,tertullian,treatise,Jer,Jer,1,5,old_testament_or_other,Bible:Jer.1.5,Jer. i. 5
volume_3,tertullian,treatise,Jer,Jer,1,5,old_testament_or_other,Bible:Jer.1.5,Jer. i. 5.
volume_3,tertullian,treatise,Gen,Gen,1,28,old_testament_or_other,Bible:Gen.1.28,Gen. i. 28
volume_3,tertullian,treatise,Gen,Gen,1,26,old_testament_or_other,Bible:Gen.1.26,"Ver.
26"
volume_3,tertullian,treatise,Ps,Ps,49,20,old_testament_or_other,Bible:Ps.49.20,Ps. xlix. 20
volume_3,tertullian,treatise,Rom,Rom,13,4,new_testament,Bible:Rom.13.4,Rom. xiii. 4
volume_3,tertullian,treatise,Mark,Mark,13,32,new_testament,Bible:Mark.13.32,Mark xiii. 32
volume_3,tertullian,treatise,Acts,Acts,8,18,new_testament,Bible:Acts.8.18-Acts.8.21,Acts viii. 18–21
volume_3,tertullian,treatise,Matt,Matt,5,26,new_testament,Bible:Matt.5.26,Matt. v. 26
volume_3,tertullian,treatise,1Cor,1Cor,5,10,new_testament,Bible:1Cor.5.10,1 Cor. v. 10
volume_3,tertullian,treatise,Luke,Luke,6,27,new_testament,Bible:Luke.6.27,Luke vi. 27
volume_3,tertullian,treatise,Matt,Matt,5,25,new_testament,Bible:Matt.5.25,Matt. v. 25
volume_3,tertullian,treatise,Matt,Matt,5,26,new_testament,Bible:Matt.5.26,"Ver.
26"
volume_3,tertullian,treatise,Rev,Rev,12,10,new_testament,Bible:Rev.12.10,Rev. xii. 10
volume_3,tertullian,treatise,Matt,Matt,17,12,new_testament,Bible:Matt.17.12,Matt. xvii. 12
volume_3,tertullian,treatise,Matt,Matt,11,14,new_testament,Bible:Matt.11.14,Matt. xi. 14
volume_3,tertullian,treatise,John,John,1,21,new_testament,Bible:John.1.21,John i. 21
volume_3,tertullian,treatise,Mal,Mal,4,5,old_testament_or_other,Bible:Mal.4.5,Mal. iv. 5
volume_3,tertullian,treatise,Num,Num,12,2,old_testament_or_other,Bible:Num.12.2,Num. xii. 2
volume_3,tertullian,treatise,Matt,Matt,22,30,new_testament,Bible:Matt.22.30,Matt. xxii. 30
volume_3,tertullian,treatise,Gen,Gen,2,16,old_testament_or_other,Bible:Gen.2.16,Gen. ii. 16
volume_3,tertullian,treatise,Gen,Gen,9,3,old_testament_or_other,Bible:Gen.9.3,Gen. ix. 3
volume_3,tertullian,treatise,1Cor,1Cor,7,14,new_testament,Bible:1Cor.7.14,1 Cor. vii. 14
volume_3,tertullian,treatise,John,John,3,5,new_testament,Bible:John.3.5,John iii. 5
volume_3,tertullian,treatise,Rom,Rom,6,4,new_testament,Bible:Rom.6.4,Rom. vi. 4
volume_3,tertullian,treatise,Gal,Gal,5,16,new_testament,Bible:Gal.5.16,Gal. v. 16
volume_3,tertullian,treatise,Gal,Gal,5,17,new_testament,Bible:Gal.5.17,"Ver.
17"
volume_3,tertullian,treatise,Rom,Rom,8,5,new_testament,Bible:Rom.8.5,Rom. viii. 5
volume_3,tertullian,treatise,Gen,Gen,2,21,old_testament_or_other,Bible:Gen.2.21,Gen. ii. 21
volume_3,tertullian,treatise,Joel,Joel,3,1,old_testament_or_other,Bible:Joel.3.1,Joel iii. 1
volume_3,tertullian,treatise,Matt,Matt,5,45,new_testament,Bible:Matt.5.45,Matt. v. 45
volume_3,tertullian,treatise,Dan,Dan,2,1,old_testament_or_other,Bible:Dan.2.1,Dan. ii. 1
volume_3,tertullian,treatise,Dan,Dan,1,8,old_testament_or_other,Bible:Dan.1.8-Dan.1.14,Dan. i. 8–14
volume_3,tertullian,treatise,Dan,Dan,10,2,old_testament_or_other,Bible:Dan.10.2,Dan. x. 2
volume_3,tertullian,treatise,Gen,Gen,2,17,old_testament_or_other,Bible:Gen.2.17,Gen. ii. 17
volume_3,tertullian,treatise,Gen,Gen|Heb,5,24,old_testament_or_other,Bible:Gen.5.24 Bible:Heb.11.5,Gen. v. 24; Heb. xi. 5
volume_3,tertullian,treatise,2Kgs,2Kgs,2,11,old_testament_or_other,Bible:2Kgs.2.11,2 Kings ii. 11
volume_3,tertullian,treatise,Rev,Rev,11,3,new_testament,Bible:Rev.11.3,Rev. xi. 3
volume_3,tertullian,treatise,John,John,21,23,new_testament,Bible:John.21.23,John xxi. 23
volume_3,tertullian,treatise,1Cor,1Cor|1Cor|2Cor,3,16,new_testament,Bible:1Cor.3.16 Bible:1Cor.6.19 Bible:2Cor.6.16,"1 Cor. iii. 16; vi. 19; 2 Cor. vi.
16"
volume_3,tertullian,treatise,Matt,Matt,12,40,new_testament,Bible:Matt.12.40,Matt. xii. 40
volume_3,tertullian,treatise,1Cor,1Cor,15,3,new_testament,Bible:1Cor.15.3,1 Cor. xv. 3
volume_3,tertullian,treatise,1Cor,1Cor,15,4,new_testament,Bible:1Cor.15.4,"Ver.
4"
volume_3,tertullian,treatise,1Pet,1Pet,3,19,new_testament,Bible:1Pet.3.19,1 Pet. iii. 19
volume_3,tertullian,treatise,Matt,Matt,10,24,new_testament,Bible:Matt.10.24,Matt. x. 24
volume_3,tertullian,treatise,1Cor,1Cor|1Thess,15,52,new_testament,Bible:1Cor.15.52 Bible:1Thess.4.16,1 Cor. xv. 52 and 1 Thess. iv. 16
volume_3,tertullian,treatise,1Thess,1Thess,4,17,new_testament,Bible:1Thess.4.17,1 Thess. iv. 17
volume_3,tertullian,treatise,1Thess,1Thess,4,16,new_testament,Bible:1Thess.4.16,"Ver.
16"
volume_3,tertullian,treatise,Matt,Matt,16,24,new_testament,Bible:Matt.16.24,Matt. xvi. 24
volume_3,tertullian,treatise,Exod,Exod,7,12,old_testament_or_other,Bible:Exod.7.12,Ex. vii. 12
volume_3,tertullian,treatise,Acts,Acts|Acts,8,9,new_testament,Bible:Acts.8.9 Bible:Acts.13.8,Acts viii. 9; xiii. 8
volume_3,tertullian,treatise,1Sam,1Sam,28,6,old_testament_or_other,Bible:1Sam.28.6-1Sam.28.16,1 Sam. xxviii. 6–16
volume_3,tertullian,treatise,2Cor,2Cor,11,14,new_testament,Bible:2Cor.11.14,2 Cor. xi. 14
volume_3,tertullian,treatise,2Thess,2Thess,2,4,new_testament,Bible:2Thess.2.4,2 Thess. ii. 4
volume_3,tertullian,treatise,Matt,Matt,24,24,new_testament,Bible:Matt.24.24,Matt. xxiv. 24
volume_3,tertullian,treatise,Luke,Luke,16,26,new_testament,Bible:Luke.16.26,Luke xvi. 26
volume_3,tertullian,heretics,Matt,Matt|Matt|Matt|Matt|1Tim|2Pet,7,15,new_testament,Bible:Matt.7.15 Bible:Matt.24.4 Bible:Matt.24.11 Bible:Matt.24.24 Bible:1Tim.4.1-1Tim.4.3 Bible:2Pet.2.1,"Matt. vii. 15; xxiv. 4, 11, 24; 1 Tim. iv.
1–3; 2 Pet. ii. 1"
volume_3,tertullian,heretics,1Cor,1Cor,11,19,new_testament,Bible:1Cor.11.19,1 Cor. xi. 19
volume_3,tertullian,heretics,1Sam,1Sam,18,8,old_testament_or_other,Bible:1Sam.18.8-1Sam.18.9,"1 Sam. xviii. 8, 9"
volume_3,tertullian,heretics,1Sam,1Sam,13,14,old_testament_or_other,Bible:1Sam.13.14,1 Sam. xiii. 14
volume_3,tertullian,heretics,2Sam,2Sam,11,,old_testament_or_other,Bible:2Sam.11,2 Sam. xi
volume_3,tertullian,heretics,1Kgs,1Kgs,11,4,old_testament_or_other,Bible:1Kgs.11.4,1 Kings xi. 4
volume_3,tertullian,heretics,Heb,Heb,4,15,new_testament,Bible:Heb.4.15,Heb. iv. 15
volume_3,tertullian,heretics,Matt,Matt,10,22,new_testament,Bible:Matt.10.22,Matt. x. 22
volume_3,tertullian,heretics,Jer,Jer,32,19,old_testament_or_other,Bible:Jer.32.19,Jer. xxxii. 19
volume_3,tertullian,heretics,1Sam,1Sam,16,7,old_testament_or_other,Bible:1Sam.16.7,1 Sam. xvi. 7
volume_3,tertullian,heretics,2Tim,2Tim,2,19,new_testament,Bible:2Tim.2.19,2 Tim. ii. 19
volume_3,tertullian,heretics,Matt,Matt,15,13,new_testament,Bible:Matt.15.13,Matt. xv. 13
volume_3,tertullian,heretics,Matt,Matt,20,16,new_testament,Bible:Matt.20.16,Matt. xx. 16
volume_3,tertullian,heretics,Matt,Matt,3,12,new_testament,Bible:Matt.3.12,Matt. iii. 12
volume_3,tertullian,heretics,John,John,6,66,new_testament,Bible:John.6.66,John vi. 66
volume_3,tertullian,heretics,John,John|John|John,1,1,new_testament,Bible:John.1.1 Bible:John.6.68 Bible:John.16.30,"John
i. 1; vi. 68, and xvi. 30"
volume_3,tertullian,heretics,John,John,6,67,new_testament,Bible:John.6.67,John vi. 67
volume_3,tertullian,heretics,2Tim,2Tim|2Tim|1Tim,1,15,new_testament,Bible:2Tim.1.15 Bible:2Tim.2.17 Bible:1Tim.1.20,"2 Tim. i. 15; ii. 17; 1 Tim. i.
20"
volume_3,tertullian,heretics,1John,1John,2,19,new_testament,Bible:1John.2.19,1 John ii. 19
volume_3,tertullian,heretics,Matt,Matt,7,15,new_testament,Bible:Matt.7.15,Matt. vii. 15
volume_3,tertullian,heretics,Gal,Gal,1,8,new_testament,Bible:Gal.1.8-Gal.1.9,"Galat. i. 8, 9"
volume_3,tertullian,heretics,1Thess,1Thess,5,21,new_testament,Bible:1Thess.5.21,1 Thess. v. 21
volume_3,tertullian,heretics,1Cor,1Cor,11,18,new_testament,Bible:1Cor.11.18,1 Cor. xi. 18
volume_3,tertullian,heretics,1Cor,1Cor,1,10,new_testament,Bible:1Cor.1.10,1 Cor. i. 10
volume_3,tertullian,heretics,Gal,Gal,5,20,new_testament,Bible:Gal.5.20,Gal. v. 20
volume_3,tertullian,heretics,Titus,Titus,3,10,new_testament,Bible:Titus.3.10-Titus.3.11,"Tit. iii. 10, 11"
volume_3,tertullian,heretics,Gal,Gal,1,8,new_testament,Bible:Gal.1.8,Gal. i. 8
volume_3,tertullian,heretics,2Cor,2Cor,11,14,new_testament,Bible:2Cor.11.14,2 Cor. xi. 14
volume_3,tertullian,heretics,1Tim,1Tim,4,1,new_testament,Bible:1Tim.4.1,1 Tim. iv. 1
volume_3,tertullian,heretics,1Cor,1Cor|1Cor,3,18,new_testament,Bible:1Cor.3.18 Bible:1Cor.3.25,"1 Cor.
iii. 18 and 25"
volume_3,tertullian,heretics,Amos,Amos,3,,old_testament_or_other,Bible:Amos.3,Amos. iii.
volume_3,tertullian,heretics,1Tim,1Tim,1,4,new_testament,Bible:1Tim.1.4,1 Tim. i. 4
volume_3,tertullian,heretics,Titus,Titus,3,9,new_testament,Bible:Titus.3.9,Tit. iii. 9
volume_3,tertullian,heretics,2Tim,2Tim,2,17,new_testament,Bible:2Tim.2.17,2 Tim. ii. 17
volume_3,tertullian,heretics,Col,Col,2,8,new_testament,Bible:Col.2.8,Col. ii. 8
volume_3,tertullian,heretics,Acts,Acts,3,5,new_testament,Bible:Acts.3.5,Acts iii. 5
volume_3,tertullian,heretics,Wis,Wis,1,1,deuterocanonical,Bible:Wis.1.1,"Wisdom of
Solomon, i. 1"
volume_3,tertullian,heretics,Matt,Matt,7,7,new_testament,Bible:Matt.7.7,Matt. vii. 7
volume_3,tertullian,heretics,Luke,Luke,16,29,new_testament,Bible:Luke.16.29,Luke xvi. 29
volume_3,tertullian,heretics,John,John,5,39,new_testament,Bible:John.5.39,John v. 39
volume_3,tertullian,heretics,Isa,Isa,40,15,old_testament_or_other,Bible:Isa.40.15,Isa. xl. 15
volume_3,tertullian,heretics,Matt,Matt,15,24,new_testament,Bible:Matt.15.24,Matt. xv. 24
volume_3,tertullian,heretics,Matt,Matt,15,26,new_testament,Bible:Matt.15.26,"Ver.
26"
volume_3,tertullian,heretics,Matt,Matt,10,5,new_testament,Bible:Matt.10.5,Matt. x. 5
volume_3,tertullian,heretics,Matt,Matt,28,19,new_testament,Bible:Matt.28.19,Matt. xxviii. 19
volume_3,tertullian,heretics,John,John,16,13,new_testament,Bible:John.16.13,John xvi. 13
volume_3,tertullian,heretics,2Thess,2Thess|2Thess,2,10,new_testament,Bible:2Thess.2.10 Bible:2Thess.2.13,"2 Thess. ii. 10, 13"
volume_3,tertullian,heretics,Luke,Luke,15,8,new_testament,Bible:Luke.15.8,Luke xv. 8
volume_3,tertullian,heretics,Luke,Luke,11,5,new_testament,Bible:Luke.11.5,Luke xi. 5
volume_3,tertullian,heretics,Luke,Luke,18,2,new_testament,Bible:Luke.18.2-Luke.18.3,"Luke xviii. 2, 3"
volume_3,tertullian,heretics,Luke,Luke,11,9,new_testament,Bible:Luke.11.9,Luke xi. 9
volume_3,tertullian,heretics,Eph,Eph,4,11,new_testament,Bible:Eph.4.11,Eph. iv. 11
volume_3,tertullian,heretics,1Cor,1Cor,12,8,new_testament,Bible:1Cor.12.8,1 Cor. xii. 8
volume_3,tertullian,heretics,Luke,Luke,18,42,new_testament,Bible:Luke.18.42,Luke xviii. 42
volume_3,tertullian,heretics,Matt,Matt,15,14,new_testament,Bible:Matt.15.14,Matt. xv. 14
volume_3,tertullian,heretics,1Tim,1Tim,6,3,new_testament,Bible:1Tim.6.3-1Tim.6.4,"1 Tim. vi. 3, 4"
volume_3,tertullian,heretics,Titus,Titus,3,10,new_testament,Bible:Titus.3.10,Tit. iii. 10
volume_3,tertullian,heretics,Matt,Matt,18,16,new_testament,Bible:Matt.18.16,Matt. xviii. 16
volume_3,tertullian,heretics,Mark,Mark,4,34,new_testament,Bible:Mark.4.34,Mark iv. 34
volume_3,tertullian,heretics,Ps,Ps,109,8,old_testament_or_other,Bible:Ps.109.8,Ps. cix. 8
volume_3,tertullian,heretics,Acts,Acts,1,15,new_testament,Bible:Acts.1.15-Acts.1.20,Acts i. 15–20
volume_3,tertullian,heretics,3John,3John,1,8,new_testament,Bible:3John.1.8,3 John 8
volume_3,tertullian,heretics,Matt,Matt,11,27,new_testament,Bible:Matt.11.27,Matt. xi. 27
volume_3,tertullian,heretics,Matt,Matt,13,11,new_testament,Bible:Matt.13.11,Matt. xiii. 11
volume_3,tertullian,heretics,Matt,Matt,16,18,new_testament,Bible:Matt.16.18,Matt. xvi. 18
volume_3,tertullian,heretics,Matt,Matt,16,19,new_testament,Bible:Matt.16.19,"Ver.
19"
volume_3,tertullian,heretics,John,John,21,20,new_testament,Bible:John.21.20,John xxi. 20
volume_3,tertullian,heretics,John,John,13,25,new_testament,Bible:John.13.25,John xiii. 25
volume_3,tertullian,heretics,John,John,19,26,new_testament,Bible:John.19.26,John xix. 26
volume_3,tertullian,heretics,Matt,Matt,17,1,new_testament,Bible:Matt.17.1-Matt.17.8,Matt. xvii. 1–8
volume_3,tertullian,heretics,Deut,Deut|2Cor,19,15,old_testament_or_other,Bible:Deut.19.15 Bible:2Cor.13.1,"Deut. xix. 15, and 2 Cor. xiii. 1"
volume_3,tertullian,heretics,Luke,Luke,24,27,new_testament,Bible:Luke.24.27,Luke xxiv. 27
volume_3,tertullian,heretics,John,John,16,12,new_testament,Bible:John.16.12-John.16.13,"John xvi. 12, 13"
volume_3,tertullian,heretics,Gal,Gal,1,13,new_testament,Bible:Gal.1.13,Gal. i. 13
volume_3,tertullian,heretics,John,John,5,31,new_testament,Bible:John.5.31,John v. 31
volume_3,tertullian,heretics,Gal,Gal,1,18,new_testament,Bible:Gal.1.18,Gal. i. 18
volume_3,tertullian,heretics,Gal,Gal,1,24,new_testament,Bible:Gal.1.24,Gal. i. 24
volume_3,tertullian,heretics,Gal,Gal,2,9,new_testament,Bible:Gal.2.9,Gal. ii. 9
volume_3,tertullian,heretics,Gal,Gal,2,12,new_testament,Bible:Gal.2.12-Gal.2.13,"Vers. 12,
13"
volume_3,tertullian,heretics,1Cor,1Cor|1Cor,9,20,new_testament,Bible:1Cor.9.20 Bible:1Cor.9.22,"1 Cor. ix. 20, 22"
volume_3,tertullian,heretics,2Cor,2Cor,12,4,new_testament,Bible:2Cor.12.4,2 Cor. xii. 4
volume_3,tertullian,heretics,1Tim,1Tim,6,20,new_testament,Bible:1Tim.6.20,1 Tim. vi. 20
volume_3,tertullian,heretics,2Tim,2Tim,1,14,new_testament,Bible:2Tim.1.14,2 Tim. i. 14
volume_3,tertullian,heretics,1Tim,1Tim,1,18,new_testament,Bible:1Tim.1.18,1 Tim. i. 18
volume_3,tertullian,heretics,1Tim,1Tim,6,13,new_testament,Bible:1Tim.6.13,1 Tim. vi. 13
volume_3,tertullian,heretics,2Tim,2Tim,2,2,new_testament,Bible:2Tim.2.2,2 Tim. ii. 2
volume_3,tertullian,heretics,Matt,Matt,7,6,new_testament,Bible:Matt.7.6,Matt. vii. 6
volume_3,tertullian,heretics,John,John,18,20,new_testament,Bible:John.18.20,John xviii. 20
volume_3,tertullian,heretics,Matt,Matt,10,27,new_testament,Bible:Matt.10.27,Matt. x. 27
volume_3,tertullian,heretics,Luke,Luke,19,20,new_testament,Bible:Luke.19.20-Luke.19.24,Luke xix. 20–24
volume_3,tertullian,heretics,Matt,Matt,5,15,new_testament,Bible:Matt.5.15,Matt. v. 15
volume_3,tertullian,heretics,Luke,Luke,1,1,new_testament,Bible:Luke.1.1,Luke i. 1
volume_3,tertullian,heretics,Matt,Matt,5,37,new_testament,Bible:Matt.5.37,Matt. v. 37
volume_3,tertullian,heretics,Gal,Gal,3,1,new_testament,Bible:Gal.3.1,Gal. iii. 1
volume_3,tertullian,heretics,Gal,Gal,5,7,new_testament,Bible:Gal.5.7,Gal. v. 7
volume_3,tertullian,heretics,Gal,Gal,1,6,new_testament,Bible:Gal.1.6,Gal. i. 6
volume_3,tertullian,heretics,1Cor,1Cor,3,1,new_testament,Bible:1Cor.3.1,1 Cor. iii. 1
volume_3,tertullian,heretics,1Cor,1Cor,8,2,new_testament,Bible:1Cor.8.2,1 Cor. viii. 2
volume_3,tertullian,heretics,John,John,14,26,new_testament,Bible:John.14.26,John xiv. 26
volume_3,tertullian,heretics,John,John,15,26,new_testament,Bible:John.15.26,John xv. 26
volume_3,tertullian,heretics,Mark,Mark,14,21,new_testament,Bible:Mark.14.21,Mark. xiv. 21
volume_3,tertullian,heretics,Matt,Matt,7,16,new_testament,Bible:Matt.7.16,Matt. vii. 16
volume_3,tertullian,heretics,1Cor,1Cor,15,12,new_testament,Bible:1Cor.15.12,1 Cor. xv. 12
volume_3,tertullian,heretics,Gal,Gal,5,2,new_testament,Bible:Gal.5.2,Gal. v. 2
volume_3,tertullian,heretics,1Tim,1Tim,4,3,new_testament,Bible:1Tim.4.3,1 Tim. iv. 3
volume_3,tertullian,heretics,2Tim,2Tim,2,3,new_testament,Bible:2Tim.2.3,2 Tim. ii. 3
volume_3,tertullian,heretics,Gal,Gal,4,9,new_testament,Bible:Gal.4.9,Gal. iv. 9
volume_3,tertullian,heretics,Rev,Rev,2,14,new_testament,Bible:Rev.2.14,Rev. ii. 14
volume_3,tertullian,heretics,1John,1John,4,3,new_testament,Bible:1John.4.3,1 John iv. 3
volume_3,tertullian,heretics,Col,Col,2,18,new_testament,Bible:Col.2.18,Col. ii. 18
volume_3,tertullian,heretics,Luke,Luke,6,40,new_testament,Bible:Luke.6.40,Luke vi. 40
volume_3,tertullian,heretics,1Tim,1Tim|1Tim|2Tim|2Tim,5,21,new_testament,Bible:1Tim.5.21 Bible:1Tim.6.13 Bible:2Tim.2.14 Bible:2Tim.4.1-2Tim.4.4,"1 Tim. v. 21, and vi. 13; 2 Tim. ii. 14, and iv.
1–4"
volume_3,tertullian,heretics,Eph,Eph|1Cor,6,12,new_testament,Bible:Eph.6.12 Bible:1Cor.11.18,"Eph. vi. 12, and 1 Cor. xi. 18"
volume_3,tertullian,heretics,Acts,Acts,14,10,new_testament,Bible:Acts.14.10,Acts xiv. 10
volume_3,tertullian,heretics,Ps,Ps|Prov,111,10,old_testament_or_other,Bible:Ps.111.10 Bible:Prov.1.7,Ps. cxi. 10; Prov. i. 7
volume_3,tertullian,heretics,2Cor,2Cor,5,10,new_testament,Bible:2Cor.5.10,2 Cor. v. 10
volume_3,tertullian,heretics,Titus,Titus,3,10,new_testament,Bible:Titus.3.10-Titus.3.11,"Titus iii. 10, 11"
volume_3,tertullian,heretics,1Cor,1Cor,11,16,new_testament,Bible:1Cor.11.16,1 Corinthians xi. 16
volume_3,tertullian,heretics,1Pet,1Pet,2,4,new_testament,Bible:1Pet.2.4-1Pet.2.5,"1 Peter ii. 4,
5"
volume_3,tertullian,heretics,Rom,Rom,11,18,new_testament,Bible:Rom.11.18-Rom.11.21,"Romans xi.
18–21"
volume_3,tertullian,against_marcion,Luke,Luke,6,43,new_testament,Bible:Luke.6.43,Luke vi. 43
volume_3,tertullian,against_marcion,Isa,Isa,45,7,old_testament_or_other,Bible:Isa.45.7,Isa. xlv. 7
volume_3,tertullian,against_marcion,Isa,Isa|Isa,40,18,old_testament_or_other,Bible:Isa.40.18 Bible:Isa.40.25,"Isa. xl. 18, 25"
volume_3,tertullian,against_marcion,Ps,Ps|Ps,82,1,old_testament_or_other,Bible:Ps.82.1 Bible:Ps.82.6,"Ps. lxxxii. 1, 6"
volume_3,tertullian,against_marcion,Rom,Rom,1,20,new_testament,Bible:Rom.1.20,Rom. i. 20
volume_3,tertullian,against_marcion,2Cor,2Cor,12,5,new_testament,Bible:2Cor.12.5,2 Cor. xii. 5
volume_3,tertullian,against_marcion,Col,Col,1,16,new_testament,Bible:Col.1.16,Col. i. 16
volume_3,tertullian,against_marcion,1Cor,1Cor,15,11,new_testament,Bible:1Cor.15.11,1 Cor. xv. 11
volume_3,tertullian,against_marcion,Gal,Gal|Gal,1,6,new_testament,Bible:Gal.1.6-Gal.1.7 Bible:Gal.2.4,"Gal. i. 6,
7, and ii. 4"
volume_3,tertullian,against_marcion,Isa,Isa,43,19,old_testament_or_other,Bible:Isa.43.19,Isa. xliii. 19
volume_3,tertullian,against_marcion,Jer,Jer,31,32,old_testament_or_other,Bible:Jer.31.32,"Jer. xxxi.
32"
volume_3,tertullian,against_marcion,Jer,Jer,4,4,old_testament_or_other,Bible:Jer.4.4,Jer. iv. 4
volume_3,tertullian,against_marcion,Hos,Hos,2,11,old_testament_or_other,Bible:Hos.2.11,Hos. ii. 11
volume_3,tertullian,against_marcion,Isa,Isa,1,13,old_testament_or_other,Bible:Isa.1.13-Isa.1.14,"Isa. i. 13, 14"
volume_3,tertullian,against_marcion,Ps,Ps|Ps|Ps,2,3,old_testament_or_other,Bible:Ps.2.3 Bible:Ps.2.1 Bible:Ps.2.2,"Ps. ii. 3, 1, 2"
volume_3,tertullian,against_marcion,Matt,Matt,5,48,new_testament,Bible:Matt.5.48,Matt. v. 48
volume_3,tertullian,against_marcion,1Cor,1Cor,15,12,new_testament,Bible:1Cor.15.12,1 Cor. xv. 12
volume_3,tertullian,against_marcion,1Tim,1Tim,4,3,new_testament,Bible:1Tim.4.3,1 Tim. iv. 3
volume_3,tertullian,against_marcion,Gen,Gen,2,7,old_testament_or_other,Bible:Gen.2.7,Gen. ii. 7
volume_3,tertullian,against_marcion,Gen,Gen,1,28,old_testament_or_other,Bible:Gen.1.28,Gen. i. 28
volume_3,tertullian,against_marcion,Exod,Exod|Exod,20,14,old_testament_or_other,Bible:Exod.20.14 Bible:Exod.20.17,"Ex. xx. 14, 17"
volume_3,tertullian,against_marcion,Lev,Lev|Lev|Lev,20,10,old_testament_or_other,Bible:Lev.20.10 Bible:Lev.20.13 Bible:Lev.20.15,"Lev. xx. 10, 13, 15"
volume_3,tertullian,against_marcion,1Cor,1Cor,7,29,new_testament,Bible:1Cor.7.29,1 Cor. vii. 29
volume_3,tertullian,against_marcion,2Cor,2Cor,12,9,new_testament,Bible:2Cor.12.9,2 Cor. xii. 9
volume_3,tertullian,against_marcion,Isa,Isa|Rom,40,13,old_testament_or_other,Bible:Isa.40.13-Isa.40.14 Bible:Rom.11.34,"Isa. xl. 13, 14, with Rom. xi. 34"
volume_3,tertullian,against_marcion,Rom,Rom,11,33,new_testament,Bible:Rom.11.33,Rom. xi. 33
volume_3,tertullian,against_marcion,1Cor,1Cor,2,11,new_testament,Bible:1Cor.2.11,1 Cor. ii. 11
volume_3,tertullian,against_marcion,1Cor,1Cor,1,21,new_testament,Bible:1Cor.1.21,1 Cor. i. 21
volume_3,tertullian,against_marcion,1Cor,1Cor,1,25,new_testament,Bible:1Cor.1.25,1 Cor. i. 25
volume_3,tertullian,against_marcion,1Cor,1Cor,2,14,new_testament,Bible:1Cor.2.14,1 Cor. ii. 14
volume_3,tertullian,against_marcion,Luke,Luke|Matt,8,18,new_testament,Bible:Luke.8.18 Bible:Matt.13.12,Luke viii. 18; comp. Matt. xiii. 12
volume_3,tertullian,against_marcion,Gen,Gen,1,14,old_testament_or_other,Bible:Gen.1.14,Gen. i. 14
volume_3,tertullian,against_marcion,Ps,Ps,45,1,old_testament_or_other,Bible:Ps.45.1,Ps. xlv. 1
volume_3,tertullian,against_marcion,Ps,Ps,44,1,old_testament_or_other,Bible:Ps.44.1,Ps. xliv. 1
volume_3,tertullian,against_marcion,Gen,Gen,1,,old_testament_or_other,Bible:Gen.1,Gen. i
volume_3,tertullian,against_marcion,Gen,Gen,1,26,old_testament_or_other,Bible:Gen.1.26,Gen. i. 26
volume_3,tertullian,against_marcion,Gen,Gen,2,18,old_testament_or_other,Bible:Gen.2.18,Gen. ii. 18
volume_3,tertullian,against_marcion,Gen,Gen,2,17,old_testament_or_other,Bible:Gen.2.17,Gen. ii. 17
volume_3,tertullian,against_marcion,Rev,Rev,22,15,new_testament,Bible:Rev.22.15,Rev. xxii. 15
volume_3,tertullian,against_marcion,John,John,10,25,new_testament,Bible:John.10.25,John x. 25
volume_3,tertullian,against_marcion,Ezek,Ezek,18,23,old_testament_or_other,Bible:Ezek.18.23,Ezek. xviii. 23
volume_3,tertullian,against_marcion,Ps,Ps,104,4,old_testament_or_other,Bible:Ps.104.4,Ps. civ. 4
volume_3,tertullian,against_marcion,Heb,Heb,1,14,new_testament,Bible:Heb.1.14,Heb. i. 14
volume_3,tertullian,against_marcion,1Cor,1Cor,6,3,new_testament,Bible:1Cor.6.3,1 Cor. vi. 3
volume_3,tertullian,against_marcion,Ezek,Ezek,28,11,old_testament_or_other,Bible:Ezek.28.11-Ezek.28.16,Ezek. xxviii. 11–16
volume_3,tertullian,against_marcion,Luke,Luke,10,18,new_testament,Bible:Luke.10.18,Luke x. 18
volume_3,tertullian,against_marcion,Gen,Gen,3,16,old_testament_or_other,Bible:Gen.3.16,Gen. iii. 16
volume_3,tertullian,against_marcion,Gen,Gen,3,18,old_testament_or_other,Bible:Gen.3.18,Gen. iii. 18
volume_3,tertullian,against_marcion,Matt,Matt,7,13,new_testament,Bible:Matt.7.13,Matt. vii. 13
volume_3,tertullian,against_marcion,Hos,Hos,6,6,old_testament_or_other,Bible:Hos.6.6,Hos. vi. 6
volume_3,tertullian,against_marcion,Ezek,Ezek,33,11,old_testament_or_other,Bible:Ezek.33.11,Ezek. xxxiii. 11
volume_3,tertullian,against_marcion,Matt,Matt,22,37,new_testament,Bible:Matt.22.37,Matt. xxii. 37
volume_3,tertullian,against_marcion,Num,Num|Num,11,,old_testament_or_other,Bible:Num.11 Bible:Num.21,"Num. xi. and
xxi"
volume_3,tertullian,against_marcion,2Kgs,2Kgs,2,23,old_testament_or_other,Bible:2Kgs.2.23-2Kgs.2.24,"2 Kings ii. 23, 24"
volume_3,tertullian,against_marcion,Jer,Jer,31,29,old_testament_or_other,Bible:Jer.31.29,Jer. xxxi. 29
volume_3,tertullian,against_marcion,Matt,Matt,27,25,new_testament,Bible:Matt.27.25,Matt. xxvii. 25
volume_3,tertullian,against_marcion,Matt,Matt,5,45,new_testament,Bible:Matt.5.45,Matt. v. 45
volume_3,tertullian,against_marcion,Jonah,Jonah,3,10,old_testament_or_other,Bible:Jonah.3.10,Jonah iii. 10
volume_3,tertullian,against_marcion,2Kgs,2Kgs|2Kgs,20,,old_testament_or_other,Bible:2Kgs.20 Bible:2Kgs.1,2 Kings xx. i
volume_3,tertullian,against_marcion,Dan,Dan,4,33,old_testament_or_other,Bible:Dan.4.33,Dan. iv. 33
volume_3,tertullian,against_marcion,1Sam,1Sam,14,45,old_testament_or_other,Bible:1Sam.14.45,1 Sam. xiv. 45
volume_3,tertullian,against_marcion,2Sam,2Sam,12,13,old_testament_or_other,Bible:2Sam.12.13,2 Sam. xii. 13
volume_3,tertullian,against_marcion,Lev,Lev,25,4,old_testament_or_other,Bible:Lev.25.4,Lev. xxv. 4
volume_3,tertullian,against_marcion,1Cor,1Cor,9,10,new_testament,Bible:1Cor.9.10,1 Cor. ix. 10
volume_3,tertullian,against_marcion,Exod,Exod,21,24,old_testament_or_other,Bible:Exod.21.24,Ex. xxi. 24
volume_3,tertullian,against_marcion,Deut,Deut|Rom,32,35,old_testament_or_other,Bible:Deut.32.35 Bible:Rom.12.19,Deut. xxxii. 35; Rom. xii. 19
volume_3,tertullian,against_marcion,Exod,Exod,32,6,old_testament_or_other,Bible:Exod.32.6,Ex. xxxii. 6
volume_3,tertullian,against_marcion,Isa,Isa,1,11,old_testament_or_other,Bible:Isa.1.11-Isa.1.12,"Isa. i. 11, 12"
volume_3,tertullian,against_marcion,Ps,Ps,1,2,old_testament_or_other,Bible:Ps.1.2,Ps. i. 2
volume_3,tertullian,against_marcion,Isa,Isa,1,16,old_testament_or_other,Bible:Isa.1.16-Isa.1.17,"Isa. i. 16, 17"
volume_3,tertullian,against_marcion,Isa,Isa,1,18,old_testament_or_other,Bible:Isa.1.18,"Isa. i.
18"
volume_3,tertullian,against_marcion,Isa,Isa,58,6,old_testament_or_other,Bible:Isa.58.6,Isa. lviii. 6
volume_3,tertullian,against_marcion,Isa,Isa,58,7,old_testament_or_other,Bible:Isa.58.7,Isa. lviii. 7
volume_3,tertullian,against_marcion,Ps,Ps,34,13,old_testament_or_other,Bible:Ps.34.13-Ps.34.14,"Ps. xxxiv. 13, 14"
volume_3,tertullian,against_marcion,Ps,Ps,4,4,old_testament_or_other,Bible:Ps.4.4,Ps. iv. 4
volume_3,tertullian,against_marcion,Ps,Ps,1,1,old_testament_or_other,Bible:Ps.1.1,Ps. i. 1
volume_3,tertullian,against_marcion,Ps,Ps,133,1,old_testament_or_other,Bible:Ps.133.1,Ps. cxxxiii. 1
volume_3,tertullian,against_marcion,Ps,Ps,118,4,old_testament_or_other,Bible:Ps.118.4,Ps. cxviii. 4
volume_3,tertullian,against_marcion,Ps,Ps,1,3,old_testament_or_other,Bible:Ps.1.3,Ps. i. 3
volume_3,tertullian,against_marcion,Ps,Ps,24,4,old_testament_or_other,Bible:Ps.24.4-Ps.24.5,"Ps. xxiv. 4, 5"
volume_3,tertullian,against_marcion,Ps,Ps,33,18,old_testament_or_other,Bible:Ps.33.18-Ps.33.19,"Ps. xxxiii. 18, 19"
volume_3,tertullian,against_marcion,Ps,Ps,34,19,old_testament_or_other,Bible:Ps.34.19,Ps. xxxiv. 19
volume_3,tertullian,against_marcion,Ps,Ps,116,15,old_testament_or_other,Bible:Ps.116.15,Ps. cxvi. 15
volume_3,tertullian,against_marcion,Ps,Ps,34,20,old_testament_or_other,Bible:Ps.34.20,Ps. xxxiv. 20
volume_3,tertullian,against_marcion,Ps,Ps,34,22,old_testament_or_other,Bible:Ps.34.22,Ps. xxxiv. 22
volume_3,tertullian,against_marcion,Deut,Deut,14,,old_testament_or_other,Bible:Deut.14,Deut. xiv
volume_3,tertullian,against_marcion,Exod,Exod,3,22,old_testament_or_other,Bible:Exod.3.22,Ex. iii. 22
volume_3,tertullian,against_marcion,Exod,Exod,3,21,old_testament_or_other,Bible:Exod.3.21,Ex. iii. 21
volume_3,tertullian,against_marcion,Exod,Exod|Exod,1,18,old_testament_or_other,Bible:Exod.1.18 Bible:Exod.1.22,"Ex. i. 18, 22"
volume_3,tertullian,against_marcion,Exod,Exod,20,9,old_testament_or_other,Bible:Exod.20.9-Exod.20.10,"Ex. xx. 9, 10"
volume_3,tertullian,against_marcion,Num,Num,21,8,old_testament_or_other,Bible:Num.21.8-Num.21.9,"Num. xxi. 8, 9"
volume_3,tertullian,against_marcion,John,John,3,14,new_testament,Bible:John.3.14,John iii. 14
volume_3,tertullian,against_marcion,Isa,Isa,1,11,old_testament_or_other,Bible:Isa.1.11,Isa. i. 11
volume_3,tertullian,against_marcion,Ps,Ps,50,13,old_testament_or_other,Bible:Ps.50.13,Ps. l. 13
volume_3,tertullian,against_marcion,Isa,Isa|Isa,40,,old_testament_or_other,Bible:Isa.40 Bible:Isa.28,Isa. xl .28
volume_3,tertullian,against_marcion,Isa,Isa,1,11,old_testament_or_other,Bible:Isa.1.11-Isa.1.14,Isa. i. 11–14
volume_3,tertullian,against_marcion,1Sam,1Sam,9,,old_testament_or_other,Bible:1Sam.9,1 Sam. ix
volume_3,tertullian,against_marcion,1Sam,1Sam,13,,old_testament_or_other,Bible:1Sam.13,1 Sam. xiii
volume_3,tertullian,against_marcion,1Sam,1Sam,15,11,old_testament_or_other,Bible:1Sam.15.11,1 Sam. xv. 11
volume_3,tertullian,against_marcion,1Sam,1Sam,9,2,old_testament_or_other,Bible:1Sam.9.2,1 Sam. ix. 2
volume_3,tertullian,against_marcion,Jonah,Jonah,4,2,old_testament_or_other,Bible:Jonah.4.2,Jonah iv. 2
volume_3,tertullian,against_marcion,Jer,Jer,18,11,old_testament_or_other,Bible:Jer.18.11,Jer. xviii. 11
volume_3,tertullian,against_marcion,Matt,Matt,6,34,new_testament,Bible:Matt.6.34,"Matt. vi.
34"
volume_3,tertullian,against_marcion,1Sam,1Sam,15,28,old_testament_or_other,Bible:1Sam.15.28,1 Sam. xv. 28
volume_3,tertullian,against_marcion,1Sam,1Sam,15,29,old_testament_or_other,Bible:1Sam.15.29,"Ver.
29"
volume_3,tertullian,against_marcion,Gen,Gen|Gen,3,9,old_testament_or_other,Bible:Gen.3.9 Bible:Gen.3.11,"Gen. iii. 9, 11"
volume_3,tertullian,against_marcion,Matt,Matt,12,37,new_testament,Bible:Matt.12.37,Matt. xii. 37
volume_3,tertullian,against_marcion,Gen,Gen|2Pet,3,22,old_testament_or_other,Bible:Gen.3.22 Bible:2Pet.1.4,"Gen.
iii. 22. [II. Peter, i. 4"
volume_3,tertullian,against_marcion,Heb,Heb|Rev,9,8,new_testament,Bible:Heb.9.8 Bible:Rev.22.14,"Heb. ix. 8, and Rev. xxii. 14"
volume_3,tertullian,against_marcion,Gen,Gen,18,21,old_testament_or_other,Bible:Gen.18.21,Gen. xviii. 21
volume_3,tertullian,against_marcion,Jer,Jer,22,5,old_testament_or_other,Bible:Jer.22.5,Jer. xxii. 5
volume_3,tertullian,against_marcion,Isa,Isa,44,8,old_testament_or_other,Bible:Isa.44.8,Isa. xliv. 8
volume_3,tertullian,against_marcion,Exod,Exod,32,10,old_testament_or_other,Bible:Exod.32.10,Ex. xxxii. 10
volume_3,tertullian,against_marcion,Exod,Exod,32,32,old_testament_or_other,Bible:Exod.32.32,"Ex.
xxxii. 32"
volume_3,tertullian,against_marcion,Ps,Ps,8,6,old_testament_or_other,Bible:Ps.8.6,Ps. viii. 6
volume_3,tertullian,against_marcion,John,John|Matt|John,3,35,new_testament,Bible:John.3.35 Bible:Matt.28.18 Bible:John.5.22,"John iii. 35, Matt. xxviii.
18, John v. 22"
volume_3,tertullian,against_marcion,Matt,Matt,11,27,new_testament,Bible:Matt.11.27,Matt. xi. 27
volume_3,tertullian,against_marcion,Exod,Exod,33,20,old_testament_or_other,Bible:Exod.33.20,Ex. xxxiii. 20
volume_3,tertullian,against_marcion,Matt,Matt,24,24,new_testament,Bible:Matt.24.24,Matt. xxiv. 24
volume_3,tertullian,against_marcion,Isa,Isa,50,6,old_testament_or_other,Bible:Isa.50.6,"Ch. l.
6"
volume_3,tertullian,against_marcion,Joel,Joel,3,18,old_testament_or_other,Bible:Joel.3.18,Joel iii. 18
volume_3,tertullian,against_marcion,Exod,Exod|Exod|Deut|Deut,3,8,old_testament_or_other,Bible:Exod.3.8 Bible:Exod.3.17 Bible:Deut.26.9 Bible:Deut.26.15,"Ex. iii. 8, 17; Deut. xxvi. 9,
15"
volume_3,tertullian,against_marcion,Isa,Isa,41,18,old_testament_or_other,Bible:Isa.41.18-Isa.41.19,"Isa. xli. 18, 19"
volume_3,tertullian,against_marcion,1Cor,1Cor,9,9,new_testament,Bible:1Cor.9.9,1 Cor. ix. 9
volume_3,tertullian,against_marcion,1Cor,1Cor,10,4,new_testament,Bible:1Cor.10.4,1 Cor. x. 4
volume_3,tertullian,against_marcion,Gal,Gal|Gal,4,22,new_testament,Bible:Gal.4.22 Bible:Gal.4.24,"Gal. iv. 22, 24"
volume_3,tertullian,against_marcion,Eph,Eph,5,31,new_testament,Bible:Eph.5.31-Eph.5.32,"Eph. v. 31, 32"
volume_3,tertullian,against_marcion,Isa,Isa,29,14,old_testament_or_other,Bible:Isa.29.14,Isa. xxix. 14
volume_3,tertullian,against_marcion,Isa,Isa,6,9,old_testament_or_other,Bible:Isa.6.9-Isa.6.10,"Isa. vi. 9, 10"
volume_3,tertullian,against_marcion,Amos,Amos,4,13,old_testament_or_other,Bible:Amos.4.13,Amos iv. 13
volume_3,tertullian,against_marcion,Acts,Acts,2,16,new_testament,Bible:Acts.2.16-Acts.2.33,"Acts ii.
16–33"
volume_3,tertullian,against_marcion,Isa,Isa,42,19,old_testament_or_other,Bible:Isa.42.19,Isa. xlii. 19
volume_3,tertullian,against_marcion,Isa,Isa,1,2,old_testament_or_other,Bible:Isa.1.2-Isa.1.3,"Isa. i. 2, 3"
volume_3,tertullian,against_marcion,Lam,Lam,4,20,old_testament_or_other,Bible:Lam.4.20,"Lam. iv.
20"
volume_3,tertullian,against_marcion,Isa,Isa,1,4,old_testament_or_other,Bible:Isa.1.4,Isa. i. 4
volume_3,tertullian,against_marcion,Col,Col,2,9,new_testament,Bible:Col.2.9,Col. ii. 9
volume_3,tertullian,against_marcion,Isa,Isa,53,7,old_testament_or_other,Bible:Isa.53.7,"Isa.
liii. 7"
volume_3,tertullian,against_marcion,Isa,Isa,53,2,old_testament_or_other,Bible:Isa.53.2-Isa.53.3,"Isa. liii. 2, 3"
volume_3,tertullian,against_marcion,Isa,Isa|Isa,52,14,old_testament_or_other,Bible:Isa.52.14 Bible:Isa.53.3-Isa.53.4,"Isa. lii. 14; liii. 3, 4"
volume_3,tertullian,against_marcion,Isa,Isa,8,14,old_testament_or_other,Bible:Isa.8.14,Isa. viii. 14
volume_3,tertullian,against_marcion,Ps,Ps,22,7,old_testament_or_other,Bible:Ps.22.7,Ps. xxii. 7
volume_3,tertullian,against_marcion,Zech,Zech,4,7,old_testament_or_other,Bible:Zech.4.7,"Zech. iv.
7"
volume_3,tertullian,against_marcion,Dan,Dan,2,34,old_testament_or_other,Bible:Dan.2.34,Dan. ii. 34
volume_3,tertullian,against_marcion,Dan,Dan,7,13,old_testament_or_other,Bible:Dan.7.13-Dan.7.14,"Dan. vii. 13, 14"
volume_3,tertullian,against_marcion,Ps,Ps,45,2,old_testament_or_other,Bible:Ps.45.2-Ps.45.3,"Ps. xlv. 2, 3"
volume_3,tertullian,against_marcion,Ps,Ps,8,5,old_testament_or_other,Bible:Ps.8.5-Ps.8.6,"Ps. viii. 5, 6"
volume_3,tertullian,against_marcion,Zech,Zech|Zech,12,10,old_testament_or_other,Bible:Zech.12.10 Bible:Zech.12.12,"Zech. xii. 10, 12"
volume_3,tertullian,against_marcion,Isa,Isa,53,8,old_testament_or_other,Bible:Isa.53.8,Isa. liii. 8
volume_3,tertullian,against_marcion,Zech,Zech,3,,old_testament_or_other,Bible:Zech.3,Zech. iii
volume_3,tertullian,against_marcion,Lev,Lev|Lev,16,5,old_testament_or_other,Bible:Lev.16.5 Bible:Lev.16.7,"Lev. xvi. 5, 7"
volume_3,tertullian,against_marcion,Heb,Heb,9,19,new_testament,Bible:Heb.9.19,Heb. ix. 19
volume_3,tertullian,against_marcion,2Cor,2Cor,6,14,new_testament,Bible:2Cor.6.14,2 Cor. vi. 14
volume_3,tertullian,against_marcion,1Cor,1Cor|1Cor|1Cor|1Cor,15,3,new_testament,Bible:1Cor.15.3-1Cor.15.4 Bible:1Cor.15.14 Bible:1Cor.15.17 Bible:1Cor.15.18,"1 Cor. xv. 3, 4, 14, 17, 18"
volume_3,tertullian,against_marcion,1Cor,1Cor,15,13,new_testament,Bible:1Cor.15.13-1Cor.15.18,1 Cor. xv. 13–18
volume_3,tertullian,against_marcion,Luke,Luke,20,36,new_testament,Bible:Luke.20.36,Luke xx. 36
volume_3,tertullian,against_marcion,Luke,Luke,11,27,new_testament,Bible:Luke.11.27,Luke xi. 27
volume_3,tertullian,against_marcion,Luke,Luke,8,20,new_testament,Bible:Luke.8.20,Luke viii. 20
volume_3,tertullian,against_marcion,Isa,Isa,7,14,old_testament_or_other,Bible:Isa.7.14,Isa. vii. 14
volume_3,tertullian,against_marcion,Isa,Isa,8,4,old_testament_or_other,Bible:Isa.8.4,Isa. viii. 4
volume_3,tertullian,against_marcion,Gal,Gal,3,27,new_testament,Bible:Gal.3.27,Gal. iii. 27
volume_3,tertullian,against_marcion,Isa,Isa,7,4,old_testament_or_other,Bible:Isa.7.4,Isa. vii. 4
volume_3,tertullian,against_marcion,Zech,Zech,14,14,old_testament_or_other,Bible:Zech.14.14,Zech. xiv. 14
volume_3,tertullian,against_marcion,Ps,Ps,72,15,old_testament_or_other,Bible:Ps.72.15,Ps. lxxii. 15
volume_3,tertullian,against_marcion,Ps,Ps,72,10,old_testament_or_other,Bible:Ps.72.10,Ps. lxxii. 10
volume_3,tertullian,against_marcion,Isa,Isa,1,10,old_testament_or_other,Bible:Isa.1.10,Isa. i. 10
volume_3,tertullian,against_marcion,Ezek,Ezek,16,3,old_testament_or_other,Bible:Ezek.16.3,Ezek. xvi. 3
volume_3,tertullian,against_marcion,Isa,Isa,1,2,old_testament_or_other,Bible:Isa.1.2,Isa. i. 2
volume_3,tertullian,against_marcion,Ps,Ps,45,3,old_testament_or_other,Bible:Ps.45.3,Ps. xlv. 3
volume_3,tertullian,against_marcion,Ps,Ps,45,2,old_testament_or_other,Bible:Ps.45.2,Ps. xlv. 2
volume_3,tertullian,against_marcion,Ps,Ps,45,4,old_testament_or_other,Bible:Ps.45.4,Ps. xlv. 4
volume_3,tertullian,against_marcion,Rev,Rev,1,16,new_testament,Bible:Rev.1.16,Rev. i. 16
volume_3,tertullian,against_marcion,Eph,Eph,6,14,new_testament,Bible:Eph.6.14-Eph.6.17,Eph. vi. 14–17
volume_3,tertullian,against_marcion,Matt,Matt,10,34,new_testament,Bible:Matt.10.34,Matt. x. 34
volume_3,tertullian,against_marcion,Ps,Ps,45,5,old_testament_or_other,Bible:Ps.45.5,Ps. xlv. 5
volume_3,tertullian,against_marcion,1Cor,1Cor,8,5,new_testament,Bible:1Cor.8.5,1 Cor. viii. 5
volume_3,tertullian,against_marcion,Matt,Matt,9,16,new_testament,Bible:Matt.9.16-Matt.9.17,"Matt. ix. 16, 17"
volume_3,tertullian,against_marcion,Exod,Exod,23,20,old_testament_or_other,Bible:Exod.23.20-Exod.23.21,"Ex. xxiii. 20, 21"
volume_3,tertullian,against_marcion,Isa,Isa|Isa,52,14,old_testament_or_other,Bible:Isa.52.14 Bible:Isa.53.2,Isa. lii. 14 and liii. 2
volume_3,tertullian,against_marcion,Isa,Isa,52,14,old_testament_or_other,Bible:Isa.52.14,Isa. lii. 14
volume_3,tertullian,against_marcion,Ps,Ps,22,6,old_testament_or_other,Bible:Ps.22.6,Ps. xxii. 6
volume_3,tertullian,against_marcion,Isa,Isa,11,1,old_testament_or_other,Bible:Isa.11.1-Isa.11.2,"Isa. xi. 1, 2"
volume_3,tertullian,against_marcion,Isa,Isa|Isa,53,3,old_testament_or_other,Bible:Isa.53.3 Bible:Isa.53.7,"Isa. liii. 3, 7"
volume_3,tertullian,against_marcion,Isa,Isa,50,10,old_testament_or_other,Bible:Isa.50.10,Isa. l. 10
volume_3,tertullian,against_marcion,Isa,Isa,53,4,old_testament_or_other,Bible:Isa.53.4,Isa. liii. 4
volume_3,tertullian,against_marcion,Deut,Deut|Gal,21,23,old_testament_or_other,Bible:Deut.21.23 Bible:Gal.3.13,Deut. xxi. 23 with Gal. iii. 13
volume_3,tertullian,against_marcion,Deut,Deut,33,17,old_testament_or_other,Bible:Deut.33.17,Deut. xxxiii. 17
volume_3,tertullian,against_marcion,Gen,Gen,49,6,old_testament_or_other,Bible:Gen.49.6,Gen. xlix. 6
volume_3,tertullian,against_marcion,Ps,Ps,96,10,old_testament_or_other,Bible:Ps.96.10,Ps. xcvi. 10
volume_3,tertullian,against_marcion,Isa,Isa,9,6,old_testament_or_other,Bible:Isa.9.6,Isa. ix. 6
volume_3,tertullian,against_marcion,Jer,Jer,11,19,old_testament_or_other,Bible:Jer.11.19,Jer. xi. 19
volume_3,tertullian,against_marcion,Ps,Ps,22,16,old_testament_or_other,Bible:Ps.22.16,Ps. xxii. 16
volume_3,tertullian,against_marcion,Isa,Isa,53,12,old_testament_or_other,Bible:Isa.53.12,Isa. liii. 12
volume_3,tertullian,against_marcion,Ps,Ps,2,7,old_testament_or_other,Bible:Ps.2.7,Ps. ii. 7
volume_3,tertullian,against_marcion,Isa,Isa,42,6,old_testament_or_other,Bible:Isa.42.6-Isa.42.7,"Isa. xlii. 6, 7"
volume_3,tertullian,against_marcion,Isa,Isa,55,4,old_testament_or_other,Bible:Isa.55.4-Isa.55.5,"Isa. lv. 4, 5"
volume_3,tertullian,against_marcion,Isa,Isa,55,3,old_testament_or_other,Bible:Isa.55.3,Isa. lv. 3
volume_3,tertullian,against_marcion,Ps,Ps,132,11,old_testament_or_other,Bible:Ps.132.11,Ps. cxxxii. 11
volume_3,tertullian,against_marcion,2Sam,2Sam,7,12,old_testament_or_other,Bible:2Sam.7.12,"2 Samuel vii.
12"
volume_3,tertullian,against_marcion,1Kgs,1Kgs,11,14,old_testament_or_other,Bible:1Kgs.11.14,1 Kings xi. 14
volume_3,tertullian,against_marcion,2Sam,2Sam|1Chr,24,1,old_testament_or_other,Bible:2Sam.24.1 Bible:1Chr.21.1,"2 Sam. xxiv. 1 
    with 1 Chron. xxi. i."
volume_3,tertullian,against_marcion,Isa,Isa,2,2,old_testament_or_other,Bible:Isa.2.2-Isa.2.3,"Isa. ii. 2, 3"
volume_3,tertullian,against_marcion,Isa,Isa,2,4,old_testament_or_other,Bible:Isa.2.4,Isa. ii. 4
volume_3,tertullian,against_marcion,Isa,Isa|Rom,52,7,old_testament_or_other,Bible:Isa.52.7 Bible:Rom.10.15,"Isa.
lii. 7 and Rom. x. 15"
volume_3,tertullian,against_marcion,Ps,Ps,19,5,old_testament_or_other,Bible:Ps.19.5,Ps. xix. 5
volume_3,tertullian,against_marcion,Isa,Isa,46,12,old_testament_or_other,Bible:Isa.46.12-Isa.46.13,"Isa. xlvi.
12, 13"
volume_3,tertullian,against_marcion,Isa,Isa,52,11,old_testament_or_other,Bible:Isa.52.11,Isa. lii. 11
volume_3,tertullian,against_marcion,Ps,Ps|Acts,2,2,old_testament_or_other,Bible:Ps.2.2-Ps.2.3 Bible:Acts.4.25-Acts.4.30,"Ps. ii. 2, 3, with Acts iv.
25–30"
volume_3,tertullian,against_marcion,Isa,Isa,57,1,old_testament_or_other,Bible:Isa.57.1,Isa. lvii. 1
volume_3,tertullian,against_marcion,Wis,Wis,2,12,deuterocanonical,Bible:Wis.2.12,Wisd. of Sol. ii. 12
volume_3,tertullian,against_marcion,Ezek,Ezek,9,4,old_testament_or_other,Bible:Ezek.9.4,Ezek. ix. 4
volume_3,tertullian,against_marcion,Ps,Ps|Ps,22,22,old_testament_or_other,Bible:Ps.22.22 Bible:Ps.22.25,"Ps. xxii. 22, 25"
volume_3,tertullian,against_marcion,Ps,Ps,68,26,old_testament_or_other,Bible:Ps.68.26,Ps. lxviii. 26
volume_3,tertullian,against_marcion,Mal,Mal,1,10,old_testament_or_other,Bible:Mal.1.10-Mal.1.11,"Mal. i. 10, 11"
volume_3,tertullian,against_marcion,Isa,Isa,2,20,old_testament_or_other,Bible:Isa.2.20,Isa. ii. 20
volume_3,tertullian,against_marcion,Isa,Isa,3,1,old_testament_or_other,Bible:Isa.3.1-Isa.3.3,"Isa. iii.
1–3"
volume_3,tertullian,against_marcion,Isa,Isa,5,6,old_testament_or_other,Bible:Isa.5.6-Isa.5.7,"Isa. v. 6, 7"
volume_3,tertullian,against_marcion,Isa,Isa,52,5,old_testament_or_other,Bible:Isa.52.5,Isa. lii. 5
volume_3,tertullian,against_marcion,Isa,Isa,1,7,old_testament_or_other,Bible:Isa.1.7-Isa.1.8,"Isa. i. 7, 8"
volume_3,tertullian,against_marcion,Isa,Isa,1,3,old_testament_or_other,Bible:Isa.1.3-Isa.1.4,"Isa. i. 3, 4"
volume_3,tertullian,against_marcion,Isa,Isa,1,20,old_testament_or_other,Bible:Isa.1.20,Isa. i. 20
volume_3,tertullian,against_marcion,Ps,Ps,59,11,old_testament_or_other,Bible:Ps.59.11,Ps. lix. 11
volume_3,tertullian,against_marcion,Isa,Isa,50,11,old_testament_or_other,Bible:Isa.50.11,Isa. l. 11
volume_3,tertullian,against_marcion,Isa,Isa,53,9,old_testament_or_other,Bible:Isa.53.9,Isa. liii. 9
volume_3,tertullian,against_marcion,Rev,Rev,21,2,new_testament,Bible:Rev.21.2,Rev. xxi. 2
volume_3,tertullian,against_marcion,Gal,Gal,4,26,new_testament,Bible:Gal.4.26,Gal. iv. 26
volume_3,tertullian,against_marcion,Phil,Phil,3,20,new_testament,Bible:Phil.3.20,Phil. iii. 20
volume_3,tertullian,against_marcion,Ezek,Ezek,48,30,old_testament_or_other,Bible:Ezek.48.30-Ezek.48.35,Ezek. xlviii. 30–35
volume_3,tertullian,against_marcion,Rev,Rev,21,10,new_testament,Bible:Rev.21.10-Rev.21.23,Rev. xxi. 10–23
volume_3,tertullian,against_marcion,Gen,Gen,27,28,old_testament_or_other,Bible:Gen.27.28,Gen. xxvii. 28
volume_3,tertullian,against_marcion,Luke,Luke,12,31,new_testament,Bible:Luke.12.31,Luke xii. 31
volume_3,tertullian,against_marcion,Gen,Gen,27,39,old_testament_or_other,Bible:Gen.27.39,Gen. xxvii. 39
volume_3,tertullian,against_marcion,Gen,Gen,28,12,old_testament_or_other,Bible:Gen.28.12-Gen.28.17,Gen. xxviii. 12–17
volume_3,tertullian,against_marcion,Amos,Amos,9,6,old_testament_or_other,Bible:Amos.9.6,Amos ix. 6
volume_3,tertullian,against_marcion,Isa,Isa,49,18,old_testament_or_other,Bible:Isa.49.18,Isa. xlix. 18
volume_3,tertullian,against_marcion,Isa,Isa,60,8,old_testament_or_other,Bible:Isa.60.8,Isa. lx. 8
volume_3,tertullian,against_marcion,Matt,Matt,3,16,new_testament,Bible:Matt.3.16,Matt. iii. 16
volume_3,tertullian,against_marcion,Dan,Dan,7,13,old_testament_or_other,Bible:Dan.7.13,Dan. vii. 13
volume_3,tertullian,against_marcion,1Thess,1Thess,4,17,new_testament,Bible:1Thess.4.17,1 Thess. iv. 17
volume_3,tertullian,against_marcion,Isa,Isa,2,3,old_testament_or_other,Bible:Isa.2.3,Isa. ii. 3
volume_3,tertullian,against_marcion,Ps,Ps,19,7,old_testament_or_other,Bible:Ps.19.7,Ps. xix. 7
volume_3,tertullian,against_marcion,Isa,Isa,10,23,old_testament_or_other,Bible:Isa.10.23,Isa. x. 23
volume_3,tertullian,against_marcion,Isa,Isa,43,18,old_testament_or_other,Bible:Isa.43.18-Isa.43.19,"Isa. xliii. 18, 19"
volume_3,tertullian,against_marcion,Jer,Jer,4,3,old_testament_or_other,Bible:Jer.4.3-Jer.4.4,"Jer. iv. 3, 4"
volume_3,tertullian,against_marcion,Jer,Jer,31,31,old_testament_or_other,Bible:Jer.31.31-Jer.31.32,"Jer. xxxi. 31, 32"
volume_3,tertullian,against_marcion,Isa,Isa,11,1,old_testament_or_other,Bible:Isa.11.1,Isa. xi. 1
volume_3,tertullian,against_marcion,Deut,Deut,32,39,old_testament_or_other,Bible:Deut.32.39,Deut. xxxii. 39
volume_3,tertullian,against_marcion,Gal,Gal,2,2,new_testament,Bible:Gal.2.2,Gal. ii. 2
volume_3,tertullian,against_marcion,Gal,Gal,2,13,new_testament,Bible:Gal.2.13-Gal.2.14,"Gal. ii. 13, 14"
volume_3,tertullian,against_marcion,1Cor,1Cor,9,22,new_testament,Bible:1Cor.9.22,1 Cor. ix. 22
volume_3,tertullian,against_marcion,Matt,Matt,10,24,new_testament,Bible:Matt.10.24,Matt. x. 24
volume_3,tertullian,against_marcion,1Cor,1Cor,14,32,new_testament,Bible:1Cor.14.32,1 Cor. xiv. 32
volume_3,tertullian,against_marcion,Gal,Gal,1,8,new_testament,Bible:Gal.1.8,Gal. i. 8
volume_3,tertullian,against_marcion,Luke,Luke|Luke,3,1,new_testament,Bible:Luke.3.1 Bible:Luke.4.31,"Luke iii. 1
and iv. 31"
volume_3,tertullian,against_marcion,Matt,Matt,4,14,new_testament,Bible:Matt.4.14,Matt. iv. 14
volume_3,tertullian,against_marcion,Matt,Matt,5,17,new_testament,Bible:Matt.5.17,Matt. v. 17
volume_3,tertullian,against_marcion,Matt,Matt,15,24,new_testament,Bible:Matt.15.24,Matt. xv. 24
volume_3,tertullian,against_marcion,Matt,Matt,15,26,new_testament,Bible:Matt.15.26,Matt. xv. 26
volume_3,tertullian,against_marcion,Luke,Luke,4,32,new_testament,Bible:Luke.4.32,Luke iv. 32
volume_3,tertullian,against_marcion,Luke,Luke,4,33,new_testament,Bible:Luke.4.33-Luke.4.34,"Luke iv. 33, 34"
volume_3,tertullian,against_marcion,Ps,Ps|Dan,16,10,old_testament_or_other,Bible:Ps.16.10 Bible:Dan.9.24,"Ps.
xvi. 10, and probably Dan. ix. 24"
volume_3,tertullian,against_marcion,Luke,Luke,1,35,new_testament,Bible:Luke.1.35,"Luke
i. 35"
volume_3,tertullian,against_marcion,Matt,Matt,1,21,new_testament,Bible:Matt.1.21,Matt. i. 21
volume_3,tertullian,against_marcion,Luke,Luke,10,20,new_testament,Bible:Luke.10.20,Luke x. 20
volume_3,tertullian,against_marcion,Lam,Lam,4,7,old_testament_or_other,Bible:Lam.4.7,Lam. iv. 7
volume_3,tertullian,against_marcion,Luke,Luke,4,16,new_testament,Bible:Luke.4.16-Luke.4.30,"Luke iv.
16–30"
volume_3,tertullian,against_marcion,Luke,Luke,4,23,new_testament,Bible:Luke.4.23,Luke iv. 23
volume_3,tertullian,against_marcion,Luke,Luke,4,29,new_testament,Bible:Luke.4.29,Luke iv. 29
volume_3,tertullian,against_marcion,Luke,Luke,4,24,new_testament,Bible:Luke.4.24,Luke iv. 24
volume_3,tertullian,against_marcion,Luke,Luke,4,40,new_testament,Bible:Luke.4.40,Luke iv. 40
volume_3,tertullian,against_marcion,Luke,Luke,4,41,new_testament,Bible:Luke.4.41,Luke iv. 41
volume_3,tertullian,against_marcion,Luke,Luke,4,42,new_testament,Bible:Luke.4.42,Luke iv. 42
volume_3,tertullian,against_marcion,Acts,Acts,7,38,new_testament,Bible:Acts.7.38,"Acts
vii. 38"
volume_3,tertullian,against_marcion,Exod,Exod,19,1,old_testament_or_other,Bible:Exod.19.1,Ex. xix. 1
volume_3,tertullian,against_marcion,Isa,Isa,35,1,old_testament_or_other,Bible:Isa.35.1,Isa. xxxv. 1
volume_3,tertullian,against_marcion,Luke,Luke,4,42,new_testament,Bible:Luke.4.42-Luke.4.43,"Luke iv. 42, 43"
volume_3,tertullian,against_marcion,Luke,Luke,5,1,new_testament,Bible:Luke.5.1-Luke.5.11,Luke v. 1–11
volume_3,tertullian,against_marcion,Jer,Jer,16,16,old_testament_or_other,Bible:Jer.16.16,Jer. xvi. 16
volume_3,tertullian,against_marcion,Luke,Luke,5,12,new_testament,Bible:Luke.5.12-Luke.5.14,Luke v. 12–14
volume_3,tertullian,against_marcion,1Cor,1Cor,5,11,new_testament,Bible:1Cor.5.11,1 Cor. v. 11
volume_3,tertullian,against_marcion,Luke,Luke,4,27,new_testament,Bible:Luke.4.27,Luke iv. 27
volume_3,tertullian,against_marcion,2Kgs,2Kgs|Luke,5,9,old_testament_or_other,Bible:2Kgs.5.9-2Kgs.5.14 Bible:Luke.4.27,"2 Kings v. 9–14 with Luke iv.
27"
volume_3,tertullian,against_marcion,Luke,Luke,2,32,new_testament,Bible:Luke.2.32,"Luke ii.
32"
volume_3,tertullian,against_marcion,Luke,Luke,5,14,new_testament,Bible:Luke.5.14,Luke v. 14
volume_3,tertullian,against_marcion,Luke,Luke,5,16,new_testament,Bible:Luke.5.16-Luke.5.26,Luke v. 16–26
volume_3,tertullian,against_marcion,Isa,Isa,35,2,old_testament_or_other,Bible:Isa.35.2,Isa. xxxv. 2
volume_3,tertullian,against_marcion,Isa,Isa,35,3,old_testament_or_other,Bible:Isa.35.3,Isa. xxxv. 3
volume_3,tertullian,against_marcion,Isa,Isa,35,4,old_testament_or_other,Bible:Isa.35.4,Isa. xxxv. 4
volume_3,tertullian,against_marcion,Isa,Isa,1,18,old_testament_or_other,Bible:Isa.1.18,Isa. i. 18
volume_3,tertullian,against_marcion,Mic,Mic,7,18,old_testament_or_other,Bible:Mic.7.18-Mic.7.19,"Mic. vii. 18, 19"
volume_3,tertullian,against_marcion,1Kgs,1Kgs,21,29,old_testament_or_other,Bible:1Kgs.21.29,1 Kings xxi. 29
volume_3,tertullian,against_marcion,1Sam,1Sam,14,43,old_testament_or_other,Bible:1Sam.14.43-1Sam.14.45,"1 Sam. xiv.
43–45"
volume_3,tertullian,against_marcion,Dan,Dan,3,25,old_testament_or_other,Bible:Dan.3.25,Dan. iii. 25
volume_3,tertullian,against_marcion,Luke,Luke,5,27,new_testament,Bible:Luke.5.27-Luke.5.39,"Luke v.
27–39"
volume_3,tertullian,against_marcion,Matt,Matt,16,17,new_testament,Bible:Matt.16.17,Matt. xvi. 17
volume_3,tertullian,against_marcion,Luke,Luke,5,31,new_testament,Bible:Luke.5.31,Luke v. 31
volume_3,tertullian,against_marcion,Luke,Luke,5,34,new_testament,Bible:Luke.5.34-Luke.5.35,"Luke v. 34, 35"
volume_3,tertullian,against_marcion,Ps,Ps,19,5,old_testament_or_other,Bible:Ps.19.5-Ps.19.6,"Ps. xix. 5, 6"
volume_3,tertullian,against_marcion,Isa,Isa,61,10,old_testament_or_other,Bible:Isa.61.10,Isa. lxi. 10
volume_3,tertullian,against_marcion,Song,Song,4,8,old_testament_or_other,Bible:Song.4.8,Song of Sol. iv. 8
volume_3,tertullian,against_marcion,Jer,Jer,4,3,old_testament_or_other,Bible:Jer.4.3,Jer. iv. 3
volume_3,tertullian,against_marcion,Isa,Isa|2Cor,43,19,old_testament_or_other,Bible:Isa.43.19 Bible:2Cor.5.17,Isa. xliii. 19; comp. 2 Cor. v. 17
volume_3,tertullian,against_marcion,Ps,Ps,78,2,old_testament_or_other,Bible:Ps.78.2,Ps. lxxviii. 2
volume_3,tertullian,against_marcion,Isa,Isa,1,14,old_testament_or_other,Bible:Isa.1.14,Isa. i. 14
volume_3,tertullian,against_marcion,Luke,Luke|1Sam,6,1,new_testament,Bible:Luke.6.1-Luke.6.4 Bible:1Sam.21.2-1Sam.21.6,"Luke vi. 1–4; 1 Sam. xxi.
2–6"
volume_3,tertullian,against_marcion,Luke,Luke,6,7,new_testament,Bible:Luke.6.7,Luke vi. 7
volume_3,tertullian,against_marcion,Exod,Exod,20,16,old_testament_or_other,Bible:Exod.20.16,Ex. xx. 16
volume_3,tertullian,against_marcion,Exod,Exod,20,10,old_testament_or_other,Bible:Exod.20.10,"Ex. xx.
10"
volume_3,tertullian,against_marcion,Exod,Exod,20,9,old_testament_or_other,Bible:Exod.20.9,"verse
9"
volume_3,tertullian,against_marcion,Exod,Exod,12,16,old_testament_or_other,Bible:Exod.12.16,Ex. xii. 16
volume_3,tertullian,against_marcion,Exod,Exod,12,16,old_testament_or_other,Bible:Exod.12.16,"Ex. xii.
16"
volume_3,tertullian,against_marcion,Luke,Luke,6,9,new_testament,Bible:Luke.6.9,Luke vi. 9
volume_3,tertullian,against_marcion,Luke,Luke,6,5,new_testament,Bible:Luke.6.5,Luke vi. 5
volume_3,tertullian,against_marcion,Isa,Isa,29,13,old_testament_or_other,Bible:Isa.29.13,Isa. xxix. 13
volume_3,tertullian,against_marcion,Isa,Isa|Isa,58,13,old_testament_or_other,Bible:Isa.58.13 Bible:Isa.56.2,"Isa.
lviii. 13 and lvi. 2"
volume_3,tertullian,against_marcion,2Kgs,2Kgs,4,23,old_testament_or_other,Bible:2Kgs.4.23,2 Kings iv. 23
volume_3,tertullian,against_marcion,Luke,Luke,6,12,new_testament,Bible:Luke.6.12,Luke vi. 12
volume_3,tertullian,against_marcion,Isa,Isa,40,9,old_testament_or_other,Bible:Isa.40.9,Isa. xl. 9
volume_3,tertullian,against_marcion,Isa,Isa,52,6,old_testament_or_other,Bible:Isa.52.6,Isa. lii. 6
volume_3,tertullian,against_marcion,Isa,Isa,52,7,old_testament_or_other,Bible:Isa.52.7,"Isa. lii.
7"
volume_3,tertullian,against_marcion,Nah,Nah,1,15,old_testament_or_other,Bible:Nah.1.15,Nahum i. 15
volume_3,tertullian,against_marcion,Ps,Ps,22,2,old_testament_or_other,Bible:Ps.22.2,Ps. xxii. 2
volume_3,tertullian,against_marcion,Ps,Ps,3,4,old_testament_or_other,Bible:Ps.3.4,Ps. iii. 4
volume_3,tertullian,against_marcion,Luke,Luke,6,13,new_testament,Bible:Luke.6.13-Luke.6.19,Luke vi. 13–19
volume_3,tertullian,against_marcion,Num,Num,33,9,old_testament_or_other,Bible:Num.33.9,Num. xxxiii. 9
volume_3,tertullian,against_marcion,Exod,Exod,28,13,old_testament_or_other,Bible:Exod.28.13-Exod.28.21,Ex. xxviii. 13–21
volume_3,tertullian,against_marcion,Isa,Isa,43,20,old_testament_or_other,Bible:Isa.43.20,Isa. xliii. 20
volume_3,tertullian,against_marcion,Luke,Luke,6,14,new_testament,Bible:Luke.6.14,Luke vi. 14
volume_3,tertullian,against_marcion,Isa,Isa|Rom|1Pet,8,14,old_testament_or_other,Bible:Isa.8.14 Bible:Rom.9.33 Bible:1Pet.2.8,"Isa. viii. 14; Rom. ix. 33; 1 Pet. ii.
8"
volume_3,tertullian,against_marcion,Ps,Ps,87,4,old_testament_or_other,Bible:Ps.87.4-Ps.87.5,"Ps. lxxxvii. 4, 5"
volume_3,tertullian,against_marcion,Isa,Isa,49,12,old_testament_or_other,Bible:Isa.49.12,Isa. xlix. 12
volume_3,tertullian,against_marcion,Isa,Isa,49,21,old_testament_or_other,Bible:Isa.49.21,Isa. xlix. 21
volume_3,tertullian,against_marcion,Luke,Luke,6,20,new_testament,Bible:Luke.6.20,Luke vi. 20
volume_3,tertullian,against_marcion,Ps,Ps,82,3,old_testament_or_other,Bible:Ps.82.3-Ps.82.4,"Ps. lxxxii. 3, 4"
volume_3,tertullian,against_marcion,Ps,Ps,72,4,old_testament_or_other,Bible:Ps.72.4,Ps. lxxii. 4
volume_3,tertullian,against_marcion,Ps,Ps,72,11,old_testament_or_other,Bible:Ps.72.11,Ps. lxxii. 11
volume_3,tertullian,against_marcion,Ps,Ps,72,12,old_testament_or_other,Bible:Ps.72.12-Ps.72.14,"Ps. lxxii. 12, 13, 14"
volume_3,tertullian,against_marcion,Ps,Ps,9,17,old_testament_or_other,Bible:Ps.9.17-Ps.9.18,"Ps. ix. 17, 18"
volume_3,tertullian,against_marcion,Ps,Ps,113,5,old_testament_or_other,Bible:Ps.113.5-Ps.113.8,Ps. cxiii. 5–8
volume_3,tertullian,against_marcion,1Sam,1Sam,2,8,old_testament_or_other,Bible:1Sam.2.8,1 Sam. ii. 8
volume_3,tertullian,against_marcion,Isa,Isa,3,14,old_testament_or_other,Bible:Isa.3.14-Isa.3.15,"Isa. iii. 14, 15"
volume_3,tertullian,against_marcion,Isa,Isa,10,1,old_testament_or_other,Bible:Isa.10.1-Isa.10.2,"Isa. x. 1, 2"
volume_3,tertullian,against_marcion,Isa,Isa,1,17,old_testament_or_other,Bible:Isa.1.17-Isa.1.18,"Isa. i. 17, 18"
volume_3,tertullian,against_marcion,Luke,Luke,6,21,new_testament,Bible:Luke.6.21,Luke vi. 21
volume_3,tertullian,against_marcion,Isa,Isa,5,26,old_testament_or_other,Bible:Isa.5.26,Isa. v. 26
volume_3,tertullian,against_marcion,Isa,Isa,65,13,old_testament_or_other,Bible:Isa.65.13,Isa. lxv. 13
volume_3,tertullian,against_marcion,Isa,Isa,65,13,old_testament_or_other,Bible:Isa.65.13-Isa.65.14,"Isa. lxv. 13, 14"
volume_3,tertullian,against_marcion,Ps,Ps,126,5,old_testament_or_other,Bible:Ps.126.5,Ps. cxxvi. 5
volume_3,tertullian,against_marcion,Isa,Isa,61,1,old_testament_or_other,Bible:Isa.61.1,Isa. lxi. 1
volume_3,tertullian,against_marcion,Isa,Isa,61,2,old_testament_or_other,Bible:Isa.61.2,Isa. lxi. 2
volume_3,tertullian,against_marcion,Isa,Isa,61,3,old_testament_or_other,Bible:Isa.61.3,Isa. lxi. 3
volume_3,tertullian,against_marcion,Luke,Luke,6,22,new_testament,Bible:Luke.6.22,Luke vi. 22
volume_3,tertullian,against_marcion,Isa,Isa,51,7,old_testament_or_other,Bible:Isa.51.7,Isa. li. 7
volume_3,tertullian,against_marcion,Isa,Isa,53,,old_testament_or_other,Bible:Isa.53,Isa. liii
volume_3,tertullian,against_marcion,Luke,Luke,6,26,new_testament,Bible:Luke.6.26,Luke vi. 26
volume_3,tertullian,against_marcion,Deut,Deut,30,19,old_testament_or_other,Bible:Deut.30.19,Deut. xxx. 19
volume_3,tertullian,against_marcion,1Kgs,1Kgs,3,5,old_testament_or_other,Bible:1Kgs.3.5-1Kgs.3.13,1 Kings iii. 5–13
volume_3,tertullian,against_marcion,Luke,Luke,6,24,new_testament,Bible:Luke.6.24,Luke vi. 24
volume_3,tertullian,against_marcion,Deut,Deut,8,12,old_testament_or_other,Bible:Deut.8.12-Deut.8.14,Deut. viii. 12–14
volume_3,tertullian,against_marcion,Isa,Isa,39,6,old_testament_or_other,Bible:Isa.39.6,Isa. xxxix. 6
volume_3,tertullian,against_marcion,Jer,Jer,9,23,old_testament_or_other,Bible:Jer.9.23-Jer.9.24,"Jer. ix. 23, 24"
volume_3,tertullian,against_marcion,Isa,Isa,3,16,old_testament_or_other,Bible:Isa.3.16-Isa.3.24,Isa. iii. 16–24
volume_3,tertullian,against_marcion,Isa,Isa,5,14,old_testament_or_other,Bible:Isa.5.14,Isa. v. 14
volume_3,tertullian,against_marcion,Isa,Isa,10,33,old_testament_or_other,Bible:Isa.10.33,Isa. x. 33
volume_3,tertullian,against_marcion,Ps,Ps,48,,old_testament_or_other,Bible:Ps.48,"Psalm
xlviii."
volume_3,tertullian,against_marcion,Ps,Ps,49,16,old_testament_or_other,Bible:Ps.49.16-Ps.49.17,"Ps. xlix. 16, 17"
volume_3,tertullian,against_marcion,Ps,Ps,61,,old_testament_or_other,Bible:Ps.61,"Psalm
lxi."
volume_3,tertullian,against_marcion,Ps,Ps,62,11,old_testament_or_other,Bible:Ps.62.11,Ps. lxii. 11
volume_3,tertullian,against_marcion,Amos,Amos,6,1,old_testament_or_other,Bible:Amos.6.1-Amos.6.6,Amos vi. 1–6
volume_3,tertullian,against_marcion,Luke,Luke,6,25,new_testament,Bible:Luke.6.25,Luke vi. 25
volume_3,tertullian,against_marcion,Isa,Isa,3,12,old_testament_or_other,Bible:Isa.3.12,Isa. iii. 12
volume_3,tertullian,against_marcion,Jer,Jer,17,5,old_testament_or_other,Bible:Jer.17.5,Jer. xvii. 5
volume_3,tertullian,against_marcion,Ps,Ps,117,,old_testament_or_other,Bible:Ps.117,"Psalm
cxvii."
volume_3,tertullian,against_marcion,Ps,Ps,118,8,old_testament_or_other,Bible:Ps.118.8-Ps.118.9,"Ps. cxviii. 8, 9"
volume_3,tertullian,against_marcion,2Esd,2Esd,15,1,deuterocanonical,Bible:2Esd.15.1,2 Esdras xv. 1
volume_3,tertullian,against_marcion,Luke,Luke,6,27,new_testament,Bible:Luke.6.27-Luke.6.28,"Luke vi. 27, 28"
volume_3,tertullian,against_marcion,Isa,Isa,66,5,old_testament_or_other,Bible:Isa.66.5,Isa. lxvi. 5
volume_3,tertullian,against_marcion,Luke,Luke,6,29,new_testament,Bible:Luke.6.29,Luke vi. 29
volume_3,tertullian,against_marcion,Zech,Zech,7,10,old_testament_or_other,Bible:Zech.7.10,Zech. vii. 10
volume_3,tertullian,against_marcion,Zech,Zech,8,17,old_testament_or_other,Bible:Zech.8.17,Zech. viii. 17
volume_3,tertullian,against_marcion,Deut,Deut|Rom|Heb,32,35,old_testament_or_other,Bible:Deut.32.35 Bible:Rom.12.19 Bible:Heb.10.30,"Deut. xxxii. 35; comp. Rom. xii. 19 and Heb. x.
30"
volume_3,tertullian,against_marcion,Luke,Luke,6,30,new_testament,Bible:Luke.6.30,Luke vi. 30
volume_3,tertullian,against_marcion,Deut,Deut,15,4,old_testament_or_other,Bible:Deut.15.4,"Deut. xv.
4"
volume_3,tertullian,against_marcion,Deut,Deut,15,7,old_testament_or_other,Bible:Deut.15.7-Deut.15.8,"Deut. xv. 7, 8"
volume_3,tertullian,against_marcion,Hos,Hos|Hos,1,6,old_testament_or_other,Bible:Hos.1.6 Bible:Hos.1.9,"Hos. i. 6,
9"
volume_3,tertullian,against_marcion,Luke,Luke,6,31,new_testament,Bible:Luke.6.31,Luke vi. 31
volume_3,tertullian,against_marcion,Ezek,Ezek,18,7,old_testament_or_other,Bible:Ezek.18.7,Ezek. xviii. 7
volume_3,tertullian,against_marcion,Exod,Exod,20,13,old_testament_or_other,Bible:Exod.20.13-Exod.20.16,Ex. xx. 13–16
volume_3,tertullian,against_marcion,Rom,Rom,9,28,new_testament,Bible:Rom.9.28,Rom. ix. 28
volume_3,tertullian,against_marcion,Luke,Luke,6,34,new_testament,Bible:Luke.6.34,Luke vi. 34
volume_3,tertullian,against_marcion,Ezek,Ezek,18,8,old_testament_or_other,Bible:Ezek.18.8,Ezek. xviii. 8
volume_3,tertullian,against_marcion,Ezek,Ezek,18,16,old_testament_or_other,Bible:Ezek.18.16,Ezek. xviii. 16
volume_3,tertullian,against_marcion,Deut,Deut,24,12,old_testament_or_other,Bible:Deut.24.12-Deut.24.13,"Deut. xxiv. 12, 13"
volume_3,tertullian,against_marcion,Deut,Deut,15,2,old_testament_or_other,Bible:Deut.15.2,Deut. xv. 2
volume_3,tertullian,against_marcion,Luke,Luke,6,35,new_testament,Bible:Luke.6.35,Luke vi. 35
volume_3,tertullian,against_marcion,Ps,Ps,19,11,old_testament_or_other,Bible:Ps.19.11,Ps. xix. 11
volume_3,tertullian,against_marcion,Luke,Luke,6,36,new_testament,Bible:Luke.6.36,Luke vi. 36
volume_3,tertullian,against_marcion,Isa,Isa,1,17,old_testament_or_other,Bible:Isa.1.17,Isa. i. 17
volume_3,tertullian,against_marcion,Luke,Luke,6,37,new_testament,Bible:Luke.6.37-Luke.6.38,"Luke vi. 37, 38"
volume_3,tertullian,against_marcion,Luke,Luke,6,39,new_testament,Bible:Luke.6.39,Luke vi. 39
volume_3,tertullian,against_marcion,Luke,Luke,6,40,new_testament,Bible:Luke.6.40,Luke vi. 40
volume_3,tertullian,against_marcion,Luke,Luke,6,41,new_testament,Bible:Luke.6.41-Luke.6.45,Luke vi. 41–45
volume_3,tertullian,against_marcion,Luke,Luke,6,46,new_testament,Bible:Luke.6.46,Luke vi. 46
volume_3,tertullian,against_marcion,Luke,Luke,7,1,new_testament,Bible:Luke.7.1-Luke.7.10,Luke vii. 1–10
volume_3,tertullian,against_marcion,Luke,Luke,7,11,new_testament,Bible:Luke.7.11-Luke.7.17,Luke vii. 11–17
volume_3,tertullian,against_marcion,Luke,Luke,7,16,new_testament,Bible:Luke.7.16,Luke vii. 16
volume_3,tertullian,against_marcion,Mark,Mark|Rom|1Tim|Heb|1Pet,2,8,new_testament,Bible:Mark.2.8 Bible:Rom.1.3-Rom.1.4 Bible:1Tim.3.16 Bible:Heb.9.14 Bible:1Pet.3.18-1Pet.3.20,"Mark
ii. 8; Rom. i. 3, 4; 1 Tim. iii. 16; Heb. ix. 14; 1 Pet. iii.
18–20"
volume_3,tertullian,against_marcion,John,John|John,6,63,new_testament,Bible:John.6.63 Bible:John.56,"John vi. 63, compared with 56"
volume_3,tertullian,against_marcion,Luke,Luke,7,,new_testament,Bible:Luke.7,Luke vii.
volume_3,tertullian,against_marcion,Matt,Matt,11,,new_testament,Bible:Matt.11,Matt. xi.
volume_3,tertullian,against_marcion,Luke,Luke,7,20,new_testament,Bible:Luke.7.20,Luke vii. 20
volume_3,tertullian,against_marcion,Luke,Luke,7,21,new_testament,Bible:Luke.7.21-Luke.7.22,"Luke vii. 21, 22"
volume_3,tertullian,against_marcion,Luke,Luke|Mal,7,26,new_testament,Bible:Luke.7.26-Luke.7.27 Bible:Mal.3.1-Mal.3.3,"Luke vii. 26, 27, and Mal. iii.
1–3"
volume_3,tertullian,against_marcion,Luke,Luke,7,28,new_testament,Bible:Luke.7.28,Luke vii. 28
volume_3,tertullian,against_marcion,Luke,Luke,7,25,new_testament,Bible:Luke.7.25,Luke vii. 25
volume_3,tertullian,against_marcion,Luke,Luke,7,36,new_testament,Bible:Luke.7.36-Luke.7.50,Luke vii. 36–50
volume_3,tertullian,against_marcion,Hab,Hab,2,4,old_testament_or_other,Bible:Hab.2.4,Hab. ii. 4
volume_3,tertullian,against_marcion,Isa,Isa,32,9,old_testament_or_other,Bible:Isa.32.9-Isa.32.10,"Isa. xxxii. 9, 10"
volume_3,tertullian,against_marcion,Isa,Isa,6,9,old_testament_or_other,Bible:Isa.6.9,Isa. vi. 9
volume_3,tertullian,against_marcion,Luke,Luke,8,8,new_testament,Bible:Luke.8.8,Luke viii. 8
volume_3,tertullian,against_marcion,Luke,Luke,8,18,new_testament,Bible:Luke.8.18,Luke viii. 18
volume_3,tertullian,against_marcion,Luke,Luke,8,16,new_testament,Bible:Luke.8.16,Luke viii. 16
volume_3,tertullian,against_marcion,Luke,Luke,8,17,new_testament,Bible:Luke.8.17,Luke viii. 17
volume_3,tertullian,against_marcion,Matt,Matt,12,48,new_testament,Bible:Matt.12.48,Matt. xii. 48
volume_3,tertullian,against_marcion,Luke,Luke,10,25,new_testament,Bible:Luke.10.25,Luke x. 25
volume_3,tertullian,against_marcion,Luke,Luke,20,20,new_testament,Bible:Luke.20.20,Luke xx. 20
volume_3,tertullian,against_marcion,Matt,Matt,12,48,new_testament,Bible:Matt.12.48,"St. Matthew’s narrative, chap. xii.
48"
volume_3,tertullian,against_marcion,Matt,Matt,10,37,new_testament,Bible:Matt.10.37,Matt. x. 37
volume_3,tertullian,against_marcion,Luke,Luke,8,25,new_testament,Bible:Luke.8.25,Luke viii. 25
volume_3,tertullian,against_marcion,Josh,Josh,3,9,old_testament_or_other,Bible:Josh.3.9-Josh.3.17,Josh. iii. 9–17
volume_3,tertullian,against_marcion,Ps,Ps,29,3,old_testament_or_other,Bible:Ps.29.3,Ps. xxix. 3
volume_3,tertullian,against_marcion,Hab,Hab,3,10,old_testament_or_other,Bible:Hab.3.10,Hab. iii. 10
volume_3,tertullian,against_marcion,Nah,Nah,1,4,old_testament_or_other,Bible:Nah.1.4,Nah. i. 4
volume_3,tertullian,against_marcion,Luke,Luke,8,30,new_testament,Bible:Luke.8.30,Luke viii. 30
volume_3,tertullian,against_marcion,Ps,Ps,24,8,old_testament_or_other,Bible:Ps.24.8,Ps. xxiv. 8
volume_3,tertullian,against_marcion,Luke,Luke,8,28,new_testament,Bible:Luke.8.28,Luke viii. 28
volume_3,tertullian,against_marcion,Luke,Luke,8,43,new_testament,Bible:Luke.8.43-Luke.8.46,Luke viii. 43–46
volume_3,tertullian,against_marcion,Lev,Lev,15,19,old_testament_or_other,Bible:Lev.15.19,Lev. xv. 19
volume_3,tertullian,against_marcion,Luke,Luke,8,48,new_testament,Bible:Luke.8.48,Luke viii. 48
volume_3,tertullian,against_marcion,Isa,Isa,7,9,old_testament_or_other,Bible:Isa.7.9,Isa. vii. 9
volume_3,tertullian,against_marcion,Luke,Luke,9,1,new_testament,Bible:Luke.9.1-Luke.9.6,Luke ix. 1–6
volume_3,tertullian,against_marcion,Deut,Deut,25,4,old_testament_or_other,Bible:Deut.25.4,Deut. xxv. 4
volume_3,tertullian,against_marcion,Luke,Luke,9,7,new_testament,Bible:Luke.9.7-Luke.9.8,"Luke ix. 7, 8"
volume_3,tertullian,against_marcion,Luke,Luke,9,10,new_testament,Bible:Luke.9.10-Luke.9.17,Luke ix. 10–17
volume_3,tertullian,against_marcion,1Kgs,1Kgs,17,7,old_testament_or_other,Bible:1Kgs.17.7-1Kgs.17.16,1 Kings xvii. 7–16
volume_3,tertullian,against_marcion,2Kgs,2Kgs,4,42,old_testament_or_other,Bible:2Kgs.4.42-2Kgs.4.44,2 Kings iv. 42–44
volume_3,tertullian,against_marcion,Luke,Luke,9,20,new_testament,Bible:Luke.9.20,Luke ix. 20
volume_3,tertullian,against_marcion,Luke,Luke,9,21,new_testament,Bible:Luke.9.21,Luke ix. 21
volume_3,tertullian,against_marcion,Luke,Luke,9,22,new_testament,Bible:Luke.9.22,Luke ix. 22
volume_3,tertullian,against_marcion,Luke,Luke,9,24,new_testament,Bible:Luke.9.24,Luke ix. 24
volume_3,tertullian,against_marcion,Dan,Dan,3,25,old_testament_or_other,Bible:Dan.3.25-Dan.3.26,"Dan. iii. 25, 26"
volume_3,tertullian,against_marcion,Isa,Isa|Isa,57,,old_testament_or_other,Bible:Isa.57 Bible:Isa.1,Isa. lvii. i
volume_3,tertullian,against_marcion,Luke,Luke,9,26,new_testament,Bible:Luke.9.26,Luke ix. 26
volume_3,tertullian,against_marcion,Job,Job,10,10,old_testament_or_other,Bible:Job.10.10,Job x. 10
volume_3,tertullian,against_marcion,Isa,Isa,53,5,old_testament_or_other,Bible:Isa.53.5,Isa. liii. 5
volume_3,tertullian,against_marcion,Luke,Luke,9,28,new_testament,Bible:Luke.9.28-Luke.9.36,Luke ix. 28–36
volume_3,tertullian,against_marcion,Luke,Luke,9,35,new_testament,Bible:Luke.9.35,Luke ix. 35
volume_3,tertullian,against_marcion,Luke,Luke,9,33,new_testament,Bible:Luke.9.33,Luke ix. 33
volume_3,tertullian,against_marcion,Deut,Deut|Luke,19,15,old_testament_or_other,Bible:Deut.19.15 Bible:Luke.9.28,Deut. xix. 15 with Luke ix. 28
volume_3,tertullian,against_marcion,Deut,Deut,18,15,old_testament_or_other,Bible:Deut.18.15,Deut. xviii. 15
volume_3,tertullian,against_marcion,Deut,Deut,18,19,old_testament_or_other,Bible:Deut.18.19,Deut. xviii. 19
volume_3,tertullian,against_marcion,Heb,Heb,1,5,new_testament,Bible:Heb.1.5,Heb. i. 5
volume_3,tertullian,against_marcion,Isa,Isa,44,26,old_testament_or_other,Bible:Isa.44.26,Isa. xliv. 26
volume_3,tertullian,against_marcion,Isa,Isa,63,9,old_testament_or_other,Bible:Isa.63.9,Isa. lxiii. 9
volume_3,tertullian,against_marcion,Hab,Hab,3,2,old_testament_or_other,Bible:Hab.3.2,Hab. iii. 2
volume_3,tertullian,against_marcion,Zech,Zech|Zech,4,3,old_testament_or_other,Bible:Zech.4.3 Bible:Zech.4.14,"Zech. iv. 3, 14"
volume_3,tertullian,against_marcion,Exod,Exod,33,13,old_testament_or_other,Bible:Exod.33.13-Exod.33.23,Ex. xxxiii. 13–23
volume_3,tertullian,against_marcion,Exod,Exod,33,23,old_testament_or_other,Bible:Exod.33.23,Exod. xxxiii. 23
volume_3,tertullian,against_marcion,Num,Num,12,6,old_testament_or_other,Bible:Num.12.6-Num.12.8,Num. xii. 6–8
volume_3,tertullian,against_marcion,Luke,Luke,9,41,new_testament,Bible:Luke.9.41,Luke ix. 41
volume_3,tertullian,against_marcion,Luke,Luke,9,47,new_testament,Bible:Luke.9.47-Luke.9.48,"Luke ix. 47, 48"
volume_3,tertullian,against_marcion,Exod,Exod,2,15,old_testament_or_other,Bible:Exod.2.15-Exod.2.21,Ex. ii. 15–21
volume_3,tertullian,against_marcion,2Kgs,2Kgs,1,9,old_testament_or_other,Bible:2Kgs.1.9-2Kgs.1.12,2 Kings i. 9–12
volume_3,tertullian,against_marcion,Luke,Luke,9,51,new_testament,Bible:Luke.9.51-Luke.9.56,Luke ix. 51–56
volume_3,tertullian,against_marcion,Isa,Isa,42,2,old_testament_or_other,Bible:Isa.42.2-Isa.42.3,"Isa. xlii. 2, 3"
volume_3,tertullian,against_marcion,1Kgs,1Kgs,19,12,old_testament_or_other,Bible:1Kgs.19.12,1 Kings xix. 12
volume_3,tertullian,against_marcion,Luke,Luke,9,57,new_testament,Bible:Luke.9.57-Luke.9.58,"Luke ix. 57, 58"
volume_3,tertullian,against_marcion,Luke,Luke,9,59,new_testament,Bible:Luke.9.59-Luke.9.60,"Luke ix. 59, 60"
volume_3,tertullian,against_marcion,Lev,Lev,21,1,old_testament_or_other,Bible:Lev.21.1,Lev. xxi. 1
volume_3,tertullian,against_marcion,Num,Num,6,6,old_testament_or_other,Bible:Num.6.6-Num.6.7,"Num. vi. 6, 7"
volume_3,tertullian,against_marcion,Gen,Gen,19,17,old_testament_or_other,Bible:Gen.19.17,Gen. xix. 17
volume_3,tertullian,against_marcion,Luke,Luke|Luke,10,,new_testament,Bible:Luke.10 Bible:Luke.1,Luke x. i
volume_3,tertullian,against_marcion,Exod,Exod|Num,15,27,old_testament_or_other,Bible:Exod.15.27 Bible:Num.33.9,"Ex.
xv. 27 and Num. xxxiii. 9"
volume_3,tertullian,against_marcion,Exod,Exod,12,34,old_testament_or_other,Bible:Exod.12.34-Exod.12.35,"Ex. xii. 34,
35"
volume_3,tertullian,against_marcion,Luke,Luke|Matt,10,4,new_testament,Bible:Luke.10.4 Bible:Matt.10.10,"Luke x. 4, and Matt x. 10"
volume_3,tertullian,against_marcion,Deut,Deut,29,5,old_testament_or_other,Bible:Deut.29.5,Deut. xxix. 5
volume_3,tertullian,against_marcion,Luke,Luke,10,4,new_testament,Bible:Luke.10.4,Luke x. 4
volume_3,tertullian,against_marcion,2Kgs,2Kgs,4,29,old_testament_or_other,Bible:2Kgs.4.29,2 Kings iv. 29
volume_3,tertullian,against_marcion,Luke,Luke,10,5,new_testament,Bible:Luke.10.5,Luke x. 5
volume_3,tertullian,against_marcion,2Kgs,2Kgs,4,26,old_testament_or_other,Bible:2Kgs.4.26,2 Kings iv. 26
volume_3,tertullian,against_marcion,Luke,Luke,10,7,new_testament,Bible:Luke.10.7,Luke x. 7
volume_3,tertullian,against_marcion,Luke,Luke,10,9,new_testament,Bible:Luke.10.9,Luke x. 9
volume_3,tertullian,against_marcion,Luke,Luke,10,11,new_testament,Bible:Luke.10.11,Luke x. 11
volume_3,tertullian,against_marcion,Deut,Deut,23,3,old_testament_or_other,Bible:Deut.23.3,Deut. xxiii. 3
volume_3,tertullian,against_marcion,Luke,Luke,10,16,new_testament,Bible:Luke.10.16,Luke x. 16
volume_3,tertullian,against_marcion,Num,Num,14,27,old_testament_or_other,Bible:Num.14.27,Num. xiv. 27
volume_3,tertullian,against_marcion,Luke,Luke,10,19,new_testament,Bible:Luke.10.19,Luke x. 19
volume_3,tertullian,against_marcion,Isa,Isa,11,8,old_testament_or_other,Bible:Isa.11.8-Isa.11.9,"Isa. xi. 8, 9"
volume_3,tertullian,against_marcion,Ps,Ps,91,13,old_testament_or_other,Bible:Ps.91.13,Ps. xci. 13
volume_3,tertullian,against_marcion,Isa,Isa,27,1,old_testament_or_other,Bible:Isa.27.1,Isa. xxvii. 1
volume_3,tertullian,against_marcion,Isa,Isa,35,8,old_testament_or_other,Bible:Isa.35.8-Isa.35.9,"Isa. xxxv. 8, 9"
volume_3,tertullian,against_marcion,Isa,Isa|Isa|Isa,35,3,old_testament_or_other,Bible:Isa.35.3 Bible:Isa.35.5 Bible:Isa.35.6,"Isa. xxxv. 3, 5, 6"
volume_3,tertullian,against_marcion,Luke,Luke,10,21,new_testament,Bible:Luke.10.21,Luke x. 21
volume_3,tertullian,against_marcion,Rom,Rom,1,20,new_testament,Bible:Rom.1.20-Rom.1.23,Rom. i. 20–23
volume_3,tertullian,against_marcion,Isa,Isa,45,3,old_testament_or_other,Bible:Isa.45.3,Isa. xlv. 3
volume_3,tertullian,against_marcion,Isa,Isa,44,25,old_testament_or_other,Bible:Isa.44.25,Isa. xliv. 25
volume_3,tertullian,against_marcion,Isa,Isa|Isa,42,6,old_testament_or_other,Bible:Isa.42.6 Bible:Isa.49.6,"Isa. xlii.
6 and xlix. 6"
volume_3,tertullian,against_marcion,Luke,Luke,10,22,new_testament,Bible:Luke.10.22,Luke x. 22
volume_3,tertullian,against_marcion,Ps,Ps,2,8,old_testament_or_other,Bible:Ps.2.8,Ps. ii. 8
volume_3,tertullian,against_marcion,Isa,Isa,1,3,old_testament_or_other,Bible:Isa.1.3,Isa. i. 3
volume_3,tertullian,against_marcion,Isa,Isa,63,3,old_testament_or_other,Bible:Isa.63.3,"Is.
lxiii. 3"
volume_3,tertullian,against_marcion,Isa,Isa,65,5,old_testament_or_other,Bible:Isa.65.5,Isa. lxv. 5
volume_3,tertullian,against_marcion,Isa,Isa,40,15,old_testament_or_other,Bible:Isa.40.15,Isa. xl. 15
volume_3,tertullian,against_marcion,Isa,Isa,63,3,old_testament_or_other,Bible:Isa.63.3,Is. lxiii. 3
volume_3,tertullian,against_marcion,Isa,Isa,1,8,old_testament_or_other,Bible:Isa.1.8,"Isa. i.
8"
volume_3,tertullian,against_marcion,Luke,Luke,10,23,new_testament,Bible:Luke.10.23-Luke.10.24,"Luke x. 23, 24"
volume_3,tertullian,against_marcion,Exod,Exod|Deut,20,12,old_testament_or_other,Bible:Exod.20.12 Bible:Deut.6.2,"Ex.
xx. 12 and Deut. vi. 2"
volume_3,tertullian,against_marcion,Luke,Luke,10,27,new_testament,Bible:Luke.10.27,Luke x. 27
volume_3,tertullian,against_marcion,Luke,Luke,11,1,new_testament,Bible:Luke.11.1,Luke xi. 1
volume_3,tertullian,against_marcion,Luke,Luke,11,2,new_testament,Bible:Luke.11.2,Luke xi. 2
volume_3,tertullian,against_marcion,Gen,Gen,1,2,old_testament_or_other,Bible:Gen.1.2,Gen. i. 2
volume_3,tertullian,against_marcion,Luke,Luke,11,3,new_testament,Bible:Luke.11.3,Luke xi. 3
volume_3,tertullian,against_marcion,Ps,Ps,68,25,old_testament_or_other,Bible:Ps.68.25,Ps. lxviii. 25
volume_3,tertullian,against_marcion,Luke,Luke,11,4,new_testament,Bible:Luke.11.4,Luke xi. 4
volume_3,tertullian,against_marcion,Luke,Luke,11,9,new_testament,Bible:Luke.11.9,Luke xi. 9
volume_3,tertullian,against_marcion,Luke,Luke,11,5,new_testament,Bible:Luke.11.5-Luke.11.8,Luke xi. 5–8
volume_3,tertullian,against_marcion,Luke,Luke,11,8,new_testament,Bible:Luke.11.8,Luke xi. 8
volume_3,tertullian,against_marcion,Luke,Luke,11,11,new_testament,Bible:Luke.11.11-Luke.11.13,Luke xi. 11–13
volume_3,tertullian,against_marcion,Luke,Luke,11,14,new_testament,Bible:Luke.11.14,Luke xi. 14
volume_3,tertullian,against_marcion,Isa,Isa,29,18,old_testament_or_other,Bible:Isa.29.18,Isa. xxix. 18
volume_3,tertullian,against_marcion,Luke,Luke,11,19,new_testament,Bible:Luke.11.19,Luke xi. 19
volume_3,tertullian,against_marcion,Luke,Luke,11,18,new_testament,Bible:Luke.11.18,Luke xi. 18
volume_3,tertullian,against_marcion,Luke,Luke,11,20,new_testament,Bible:Luke.11.20,Luke xi. 20
volume_3,tertullian,against_marcion,Exod,Exod,8,19,old_testament_or_other,Bible:Exod.8.19,Ex. viii. 19
volume_3,tertullian,against_marcion,Luke,Luke,11,21,new_testament,Bible:Luke.11.21-Luke.11.22,"Luke xi. 21, 22"
volume_3,tertullian,against_marcion,Luke,Luke,11,27,new_testament,Bible:Luke.11.27-Luke.11.28,"Luke xi. 27, 28"
volume_3,tertullian,against_marcion,Luke,Luke,8,21,new_testament,Bible:Luke.8.21,Luke viii. 21
volume_3,tertullian,against_marcion,Luke,Luke,11,29,new_testament,Bible:Luke.11.29,Luke xi. 29
volume_3,tertullian,against_marcion,Luke,Luke,11,33,new_testament,Bible:Luke.11.33,Luke xi. 33
volume_3,tertullian,against_marcion,Luke,Luke|Luke,6,28,new_testament,Bible:Luke.6.28 Bible:Luke.11.37-Luke.11.52,"Luke
vi. 28, also xi. 37–52"
volume_3,tertullian,against_marcion,Luke,Luke,11,39,new_testament,Bible:Luke.11.39,Luke xi. 39
volume_3,tertullian,against_marcion,Matt,Matt|Matt|Hos,9,13,new_testament,Bible:Matt.9.13 Bible:Matt.12.7 Bible:Hos.8.6,"Matt. ix. 13, xii. 7; comp. Hos. viii.
6"
volume_3,tertullian,against_marcion,Luke,Luke,11,41,new_testament,Bible:Luke.11.41,Luke xi. 41
volume_3,tertullian,against_marcion,Luke,Luke,11,42,new_testament,Bible:Luke.11.42,Luke xi. 42
volume_3,tertullian,against_marcion,Deut,Deut,6,5,old_testament_or_other,Bible:Deut.6.5,Deut. vi. 5
volume_3,tertullian,against_marcion,Ps,Ps,118,9,old_testament_or_other,Bible:Ps.118.9,Ps. cxviii. 9
volume_3,tertullian,against_marcion,Luke,Luke,11,46,new_testament,Bible:Luke.11.46,Luke xi. 46
volume_3,tertullian,against_marcion,Isa,Isa|Isa|Isa,5,5,old_testament_or_other,Bible:Isa.5.5 Bible:Isa.5.23 Bible:Isa.10.2,"Isa. v.
5, 23, and x. 2"
volume_3,tertullian,against_marcion,Isa,Isa,28,14,old_testament_or_other,Bible:Isa.28.14,Isa. xxviii. 14
volume_3,tertullian,against_marcion,Isa,Isa,3,3,old_testament_or_other,Bible:Isa.3.3-Isa.3.4,"Isa. iii. 3, 4"
volume_3,tertullian,against_marcion,Luke,Luke,11,47,new_testament,Bible:Luke.11.47,Luke xi. 47
volume_3,tertullian,against_marcion,Luke,Luke,11,52,new_testament,Bible:Luke.11.52,Luke xi. 52
volume_3,tertullian,against_marcion,Luke,Luke,12,1,new_testament,Bible:Luke.12.1-Luke.12.21,"Luke xii.
1–21"
volume_3,tertullian,against_marcion,Luke,Luke,12,2,new_testament,Bible:Luke.12.2,Luke xii. 2
volume_3,tertullian,against_marcion,Luke,Luke,12,4,new_testament,Bible:Luke.12.4,Luke xii. 4
volume_3,tertullian,against_marcion,Luke,Luke,12,5,new_testament,Bible:Luke.12.5,Luke xii. 5
volume_3,tertullian,against_marcion,Luke,Luke,12,8,new_testament,Bible:Luke.12.8,Luke xii. 8
volume_3,tertullian,against_marcion,Luke,Luke,12,9,new_testament,Bible:Luke.12.9,Luke xii. 9
volume_3,tertullian,against_marcion,Luke,Luke,12,10,new_testament,Bible:Luke.12.10,Luke xii. 10
volume_3,tertullian,against_marcion,Luke,Luke,12,11,new_testament,Bible:Luke.12.11-Luke.12.12,"Luke xii. 11, 12"
volume_3,tertullian,against_marcion,Num,Num,22,,old_testament_or_other,Bible:Num.22,Num. xxii.–xxiv
volume_3,tertullian,against_marcion,Exod,Exod,2,13,old_testament_or_other,Bible:Exod.2.13-Exod.2.14,"Ex. ii. 13, 14"
volume_3,tertullian,against_marcion,Luke,Luke,12,13,new_testament,Bible:Luke.12.13-Luke.12.14,"Luke xii. 13, 14"
volume_3,tertullian,against_marcion,1Sam,1Sam|Ps|Luke,2,8,old_testament_or_other,Bible:1Sam.2.8 Bible:Ps.113.7 Bible:Luke.1.52,"1 Sam. ii. 8 with Ps. cxiii. 7 and Luke i.
52"
volume_3,tertullian,against_marcion,Luke,Luke,12,16,new_testament,Bible:Luke.12.16-Luke.12.20,Luke xii. 16–20
volume_3,tertullian,against_marcion,Isa,Isa,39,,old_testament_or_other,Bible:Isa.39,Isa. xxxix
volume_3,tertullian,against_marcion,Luke,Luke,12,22,new_testament,Bible:Luke.12.22-Luke.12.28,Luke xii. 22–28
volume_3,tertullian,against_marcion,Luke,Luke,12,24,new_testament,Bible:Luke.12.24-Luke.12.27,"Luke xii.
24–27"
volume_3,tertullian,against_marcion,Luke,Luke,12,28,new_testament,Bible:Luke.12.28,Luke xii. 28
volume_3,tertullian,against_marcion,Luke,Luke,12,30,new_testament,Bible:Luke.12.30,Luke xii. 30
volume_3,tertullian,against_marcion,Luke,Luke,12,35,new_testament,Bible:Luke.12.35,Luke xii. 35
volume_3,tertullian,against_marcion,Luke,Luke,12,36,new_testament,Bible:Luke.12.36,Luke xii. 36
volume_3,tertullian,against_marcion,Luke,Luke,12,39,new_testament,Bible:Luke.12.39,Luke xii. 39
volume_3,tertullian,against_marcion,Luke,Luke,11,40,new_testament,Bible:Luke.11.40,Luke xi. 40
volume_3,tertullian,against_marcion,Luke,Luke,12,41,new_testament,Bible:Luke.12.41,Luke xii. 41
volume_3,tertullian,against_marcion,Luke,Luke,12,41,new_testament,Bible:Luke.12.41-Luke.12.46,Luke xii. 41–46
volume_3,tertullian,against_marcion,Luke,Luke,12,49,new_testament,Bible:Luke.12.49,Luke xii. 49
volume_3,tertullian,against_marcion,Ps,Ps,97,3,old_testament_or_other,Bible:Ps.97.3,Ps. xcvii. 3
volume_3,tertullian,against_marcion,Hos,Hos,8,14,old_testament_or_other,Bible:Hos.8.14,Hos. viii. 14
volume_3,tertullian,against_marcion,Jer,Jer,15,14,old_testament_or_other,Bible:Jer.15.14,"Jer. xv.
14"
volume_3,tertullian,against_marcion,Isa,Isa|Isa,30,27,old_testament_or_other,Bible:Isa.30.27 Bible:Isa.30.30,"Isa. xxx. 27,
30"
volume_3,tertullian,against_marcion,Luke,Luke,12,51,new_testament,Bible:Luke.12.51,Luke xii. 51
volume_3,tertullian,against_marcion,Luke,Luke,12,53,new_testament,Bible:Luke.12.53,Luke xii. 53
volume_3,tertullian,against_marcion,Mic,Mic,7,6,old_testament_or_other,Bible:Mic.7.6,Mic. vii. 6
volume_3,tertullian,against_marcion,Luke,Luke,12,56,new_testament,Bible:Luke.12.56,Luke xii. 56
volume_3,tertullian,against_marcion,Luke,Luke,12,57,new_testament,Bible:Luke.12.57,Luke xii. 57
volume_3,tertullian,against_marcion,Zech,Zech,8,16,old_testament_or_other,Bible:Zech.8.16,Zech. viii. 16
volume_3,tertullian,against_marcion,Jer,Jer,22,3,old_testament_or_other,Bible:Jer.22.3,Jer. xxii. 3
volume_3,tertullian,against_marcion,Isa,Isa,5,,old_testament_or_other,Bible:Isa.5,chap. v
volume_3,tertullian,against_marcion,Isa,Isa,5,7,old_testament_or_other,Bible:Isa.5.7,ver. 7
volume_3,tertullian,against_marcion,Isa,Isa,5,2,old_testament_or_other,Bible:Isa.5.2,ver. 2
volume_3,tertullian,against_marcion,Isa,Isa,5,7,old_testament_or_other,Bible:Isa.5.7,Isa. v. 7
volume_3,tertullian,against_marcion,Luke,Luke,12,58,new_testament,Bible:Luke.12.58-Luke.12.59,"Luke xii. 58, 59"
volume_3,tertullian,against_marcion,Luke,Luke,13,15,new_testament,Bible:Luke.13.15,Luke xiii. 15
volume_3,tertullian,against_marcion,Luke,Luke,13,28,new_testament,Bible:Luke.13.28,Luke xiii. 28
volume_3,tertullian,against_marcion,Luke,Luke,13,20,new_testament,Bible:Luke.13.20-Luke.13.21,"Luke xiii. 20, 21"
volume_3,tertullian,against_marcion,Luke,Luke,13,25,new_testament,Bible:Luke.13.25,Luke xiii. 25
volume_3,tertullian,against_marcion,Isa,Isa,2,19,old_testament_or_other,Bible:Isa.2.19,Isa. ii. 19
volume_3,tertullian,against_marcion,Luke,Luke,13,25,new_testament,Bible:Luke.13.25-Luke.13.28,Luke xiii. 25–28
volume_3,tertullian,against_marcion,Luke,Luke,14,12,new_testament,Bible:Luke.14.12-Luke.14.14,Luke xiv. 12–14
volume_3,tertullian,against_marcion,Luke,Luke,14,16,new_testament,Bible:Luke.14.16,Luke xiv. 16
volume_3,tertullian,against_marcion,Luke,Luke,14,18,new_testament,Bible:Luke.14.18,Luke xiv. 18
volume_3,tertullian,against_marcion,Exod,Exod,32,1,old_testament_or_other,Bible:Exod.32.1,Ex. xxxii. 1
volume_3,tertullian,against_marcion,Isa,Isa,6,10,old_testament_or_other,Bible:Isa.6.10,Isa. vi. 10
volume_3,tertullian,against_marcion,Jer,Jer,7,23,old_testament_or_other,Bible:Jer.7.23,Jer. vii. 23
volume_3,tertullian,against_marcion,Jer,Jer,7,24,old_testament_or_other,Bible:Jer.7.24,Jer. vii. 24
volume_3,tertullian,against_marcion,Jer,Jer,11,8,old_testament_or_other,Bible:Jer.11.8,Jer. xi. 8
volume_3,tertullian,against_marcion,Luke,Luke,14,18,new_testament,Bible:Luke.14.18-Luke.14.20,Luke xiv. 18–20
volume_3,tertullian,against_marcion,Jer,Jer|Jer|Jer|Jer|Jer,7,25,old_testament_or_other,Bible:Jer.7.25 Bible:Jer.25.4 Bible:Jer.26.5 Bible:Jer.35.15 Bible:Jer.44.4,"Jer. vii. 25; also xxv. 4, xxvi. 5, xxxv. 15,
xliv. 4"
volume_3,tertullian,against_marcion,Jer,Jer,7,26,old_testament_or_other,Bible:Jer.7.26,Jer. vii. 26
volume_3,tertullian,against_marcion,Luke,Luke,14,21,new_testament,Bible:Luke.14.21,Luke xiv. 21
volume_3,tertullian,against_marcion,Jer,Jer,2,31,old_testament_or_other,Bible:Jer.2.31,Jer. ii. 31
volume_3,tertullian,against_marcion,Luke,Luke,14,23,new_testament,Bible:Luke.14.23,Luke xiv. 23
volume_3,tertullian,against_marcion,Deut,Deut,32,20,old_testament_or_other,Bible:Deut.32.20-Deut.32.21,"Deut. xxxii. 20, 21"
volume_3,tertullian,against_marcion,Isa,Isa,1,8,old_testament_or_other,Bible:Isa.1.8,Isa. i. 8
volume_3,tertullian,against_marcion,Luke,Luke,15,1,new_testament,Bible:Luke.15.1-Luke.15.10,Luke xv. 1–10
volume_3,tertullian,against_marcion,Luke,Luke,16,13,new_testament,Bible:Luke.16.13,Luke xvi. 13
volume_3,tertullian,against_marcion,Ps,Ps,103,,old_testament_or_other,Bible:Ps.103,Ps. ciii.
volume_3,tertullian,against_marcion,Luke,Luke,16,11,new_testament,Bible:Luke.16.11,Luke xvi. 11
volume_3,tertullian,against_marcion,Luke,Luke,16,12,new_testament,Bible:Luke.16.12,Luke xvi. 12
volume_3,tertullian,against_marcion,Luke,Luke,16,15,new_testament,Bible:Luke.16.15,Luke xvi. 15
volume_3,tertullian,against_marcion,Jer,Jer,17,10,old_testament_or_other,Bible:Jer.17.10,Jer. xvii. 10
volume_3,tertullian,against_marcion,Jer,Jer,20,12,old_testament_or_other,Bible:Jer.20.12,Jer. xx. 12
volume_3,tertullian,against_marcion,Isa,Isa,2,12,old_testament_or_other,Bible:Isa.2.12,Isa. ii. 12
volume_3,tertullian,against_marcion,Luke,Luke,16,16,new_testament,Bible:Luke.16.16,Luke xvi. 16
volume_3,tertullian,against_marcion,Luke,Luke|Luke,16,17,new_testament,Bible:Luke.16.17 Bible:Luke.21.23,"Luke
xvi. 17 and xxi. 23"
volume_3,tertullian,against_marcion,Isa,Isa,40,8,old_testament_or_other,Bible:Isa.40.8,Isa. xl. 8
volume_3,tertullian,against_marcion,Isa,Isa,40,3,old_testament_or_other,Bible:Isa.40.3,Isa. xl. 3
volume_3,tertullian,against_marcion,Luke,Luke,16,18,new_testament,Bible:Luke.16.18,Luke xvi. 18
volume_3,tertullian,against_marcion,Deut,Deut,24,1,old_testament_or_other,Bible:Deut.24.1,Deut. xxiv. 1
volume_3,tertullian,against_marcion,Matt,Matt,19,8,new_testament,Bible:Matt.19.8,Matt. xix. 8
volume_3,tertullian,against_marcion,Matt,Matt|Matt,19,4,new_testament,Bible:Matt.19.4 Bible:Matt.19.6,"Matt. xix. 4, 6"
volume_3,tertullian,against_marcion,1Cor,1Cor,6,15,new_testament,Bible:1Cor.6.15,1 Cor. vi. 15
volume_3,tertullian,against_marcion,Matt,Matt,5,32,new_testament,Bible:Matt.5.32,Matt. v. 32
volume_3,tertullian,against_marcion,Deut,Deut,22,28,old_testament_or_other,Bible:Deut.22.28-Deut.22.29,"Deut. xxii. 28, 29"
volume_3,tertullian,against_marcion,Mal,Mal,2,15,old_testament_or_other,Bible:Mal.2.15,Mal. ii. 15
volume_3,tertullian,against_marcion,Deut,Deut,25,5,old_testament_or_other,Bible:Deut.25.5-Deut.25.6,"Deut. xxv. 5, 6"
volume_3,tertullian,against_marcion,Deut,Deut,25,5,old_testament_or_other,Bible:Deut.25.5,Deut. xxv. 5
volume_3,tertullian,against_marcion,Luke,Luke,16,19,new_testament,Bible:Luke.16.19-Luke.16.31,Luke xvi. 19–31
volume_3,tertullian,against_marcion,Luke,Luke,16,29,new_testament,Bible:Luke.16.29,Luke xvi. 29
volume_3,tertullian,against_marcion,Luke,Luke,16,23,new_testament,Bible:Luke.16.23,Luke xvi. 23
volume_3,tertullian,against_marcion,Heb,Heb|Heb|Heb,2,2,new_testament,Bible:Heb.2.2 Bible:Heb.10.35 Bible:Heb.11.26,Heb. ii. 2 with x. 35 and xi. 26
volume_3,tertullian,against_marcion,Isa,Isa,33,14,old_testament_or_other,Bible:Isa.33.14-Isa.33.16,Isa. xxxiii. 14–16
volume_3,tertullian,against_marcion,Luke,Luke,9,35,new_testament,Bible:Luke.9.35,"Luke ix.
35"
volume_3,tertullian,against_marcion,Isa,Isa|Isa|Amos,52,7,old_testament_or_other,Bible:Isa.52.7 Bible:Isa.33.14 Bible:Amos.9.6,"Isa. lii. 7, xxxiii. 14 (Sept.), and Amos ix.
6"
volume_3,tertullian,against_marcion,1Sam,1Sam|Ps|Luke,2,6,old_testament_or_other,Bible:1Sam.2.6-1Sam.2.8 Bible:Ps.113.7 Bible:Luke.1.52,"1 Sam. ii. 6–8, Ps. cxiii. 7, and Luke i.
52"
volume_3,tertullian,against_marcion,Luke,Luke,17,1,new_testament,Bible:Luke.17.1-Luke.17.2,"Luke xvii. 1, 2"
volume_3,tertullian,against_marcion,Zech,Zech,2,8,old_testament_or_other,Bible:Zech.2.8,Zech. ii. 8
volume_3,tertullian,against_marcion,Luke,Luke,17,3,new_testament,Bible:Luke.17.3,Luke xvii. 3
volume_3,tertullian,against_marcion,Lev,Lev,19,17,old_testament_or_other,Bible:Lev.19.17,Lev. xix. 17
volume_3,tertullian,against_marcion,Luke,Luke,17,4,new_testament,Bible:Luke.17.4,Luke xvii. 4
volume_3,tertullian,against_marcion,Lev,Lev,19,18,old_testament_or_other,Bible:Lev.19.18,Lev. xix. 18
volume_3,tertullian,against_marcion,Lev,Lev|Lev,13,,old_testament_or_other,Bible:Lev.13 Bible:Lev.14,"Lev. xiii. and
xiv"
volume_3,tertullian,against_marcion,Luke,Luke,17,11,new_testament,Bible:Luke.17.11-Luke.17.19,Luke xvii. 11–19
volume_3,tertullian,against_marcion,Luke,Luke,17,14,new_testament,Bible:Luke.17.14,Luke xvii. 14
volume_3,tertullian,against_marcion,Luke,Luke,17,17,new_testament,Bible:Luke.17.17,Luke xvii. 17
volume_3,tertullian,against_marcion,1Kgs,1Kgs|1Kgs,11,29,old_testament_or_other,Bible:1Kgs.11.29-1Kgs.11.39 Bible:1Kgs.12.15,"1
Kings xi. 29–39 and xii. 15"
volume_3,tertullian,against_marcion,John,John|John,4,12,new_testament,Bible:John.4.12 Bible:John.4.20,"John iv. 12, 20"
volume_3,tertullian,against_marcion,Amos,Amos,6,1,old_testament_or_other,Bible:Amos.6.1,Amos vi. 1
volume_3,tertullian,against_marcion,John,John,4,22,new_testament,Bible:John.4.22,John iv. 22
volume_3,tertullian,against_marcion,Luke,Luke,17,19,new_testament,Bible:Luke.17.19,Luke xvii. 19
volume_3,tertullian,against_marcion,Luke,Luke,17,15,new_testament,Bible:Luke.17.15,Luke xvii. 15
volume_3,tertullian,against_marcion,Luke,Luke,17,20,new_testament,Bible:Luke.17.20-Luke.17.21,"Luke xvii. 20, 21"
volume_3,tertullian,against_marcion,Deut,Deut,30,11,old_testament_or_other,Bible:Deut.30.11-Deut.30.13,Deut. xxx. 11–13
volume_3,tertullian,against_marcion,Luke,Luke,17,21,new_testament,Bible:Luke.17.21,Luke xvii. 21
volume_3,tertullian,against_marcion,Luke,Luke,17,25,new_testament,Bible:Luke.17.25,Luke xvii. 25
volume_3,tertullian,against_marcion,Ps,Ps,118,21,old_testament_or_other,Bible:Ps.118.21,Ps. cxviii. 21
volume_3,tertullian,against_marcion,Isa,Isa|1Cor,8,14,old_testament_or_other,Bible:Isa.8.14 Bible:1Cor.10.4,Isa. viii. 14 and 1 Cor. x. 4
volume_3,tertullian,against_marcion,Luke,Luke,17,26,new_testament,Bible:Luke.17.26-Luke.17.30,Luke xvii. 26–30
volume_3,tertullian,against_marcion,Luke,Luke,17,32,new_testament,Bible:Luke.17.32,Luke xvii. 32
volume_3,tertullian,against_marcion,Luke,Luke,18,1,new_testament,Bible:Luke.18.1-Luke.18.8,Luke xviii. 1–8
volume_3,tertullian,against_marcion,Luke,Luke,18,7,new_testament,Bible:Luke.18.7-Luke.18.8,"Luke xviii. 7, 8"
volume_3,tertullian,against_marcion,Luke,Luke,18,10,new_testament,Bible:Luke.18.10-Luke.18.14,Luke xviii. 10–14
volume_3,tertullian,against_marcion,Luke,Luke,18,19,new_testament,Bible:Luke.18.19,Luke xviii. 19
volume_3,tertullian,against_marcion,Luke,Luke,18,18,new_testament,Bible:Luke.18.18-Luke.18.20,Luke xviii. 18–20
volume_3,tertullian,against_marcion,Luke,Luke,18,21,new_testament,Bible:Luke.18.21-Luke.18.22,"Luke xviii. 21, 22"
volume_3,tertullian,against_marcion,Mic,Mic,6,8,old_testament_or_other,Bible:Mic.6.8,Mic. vi. 8
volume_3,tertullian,against_marcion,Luke,Luke,18,38,new_testament,Bible:Luke.18.38,Luke xviii. 38
volume_3,tertullian,against_marcion,Luke,Luke,18,39,new_testament,Bible:Luke.18.39,Luke xviii. 39
volume_3,tertullian,against_marcion,Luke,Luke,18,40,new_testament,Bible:Luke.18.40,Luke xviii. 40
volume_3,tertullian,against_marcion,Luke,Luke,18,42,new_testament,Bible:Luke.18.42,Luke xviii. 42
volume_3,tertullian,against_marcion,2Sam,2Sam,5,6,old_testament_or_other,Bible:2Sam.5.6-2Sam.5.8,2 Sam. v. 6–8
volume_3,tertullian,against_marcion,2Sam,2Sam,5,8,old_testament_or_other,Bible:2Sam.5.8,2 Sam. v. 8
volume_3,tertullian,against_marcion,Luke,Luke,19,9,new_testament,Bible:Luke.19.9,Luke xix. 9
volume_3,tertullian,against_marcion,Luke,Luke,19,1,new_testament,Bible:Luke.19.1-Luke.19.10,"Luke xix.
1–10"
volume_3,tertullian,against_marcion,Luke,Luke,19,8,new_testament,Bible:Luke.19.8,Luke xix. 8
volume_3,tertullian,against_marcion,Luke,Luke,19,10,new_testament,Bible:Luke.19.10,Luke xix. 10
volume_3,tertullian,against_marcion,Luke,Luke,19,22,new_testament,Bible:Luke.19.22,Luke xix. 22
volume_3,tertullian,against_marcion,Luke,Luke,20,4,new_testament,Bible:Luke.20.4,Luke xx. 4
volume_3,tertullian,against_marcion,Luke,Luke,20,6,new_testament,Bible:Luke.20.6,Luke xx. 6
volume_3,tertullian,against_marcion,Gen,Gen,3,3,old_testament_or_other,Bible:Gen.3.3,"Gen. iii.
3"
volume_3,tertullian,against_marcion,Luke,Luke,20,5,new_testament,Bible:Luke.20.5,Luke xx. 5
volume_3,tertullian,against_marcion,Luke,Luke,20,8,new_testament,Bible:Luke.20.8,Luke xx. 8
volume_3,tertullian,against_marcion,Luke,Luke,20,25,new_testament,Bible:Luke.20.25,Luke xx. 25
volume_3,tertullian,against_marcion,Luke,Luke,20,27,new_testament,Bible:Luke.20.27-Luke.20.33,Luke xx. 27–33
volume_3,tertullian,against_marcion,Luke,Luke,20,34,new_testament,Bible:Luke.20.34,Luke xx. 34
volume_3,tertullian,against_marcion,Luke,Luke,20,35,new_testament,Bible:Luke.20.35-Luke.20.36,"Luke xx. 35, 36"
volume_3,tertullian,against_marcion,Luke,Luke,20,33,new_testament,Bible:Luke.20.33,Luke xx. 33
volume_3,tertullian,against_marcion,Luke,Luke,20,39,new_testament,Bible:Luke.20.39,Luke xx. 39
volume_3,tertullian,against_marcion,Luke,Luke,20,41,new_testament,Bible:Luke.20.41-Luke.20.44,Luke xx. 41–44
volume_3,tertullian,against_marcion,Luke,Luke,20,41,new_testament,Bible:Luke.20.41,Luke xx. 41
volume_3,tertullian,against_marcion,Luke,Luke,21,8,new_testament,Bible:Luke.21.8,Luke xxi. 8
volume_3,tertullian,against_marcion,Luke,Luke,21,9,new_testament,Bible:Luke.21.9-Luke.21.11,Luke xxi. 9–11
volume_3,tertullian,against_marcion,Luke,Luke|Luke|Luke|Luke|Luke,21,9,new_testament,Bible:Luke.21.9 Bible:Luke.21.22 Bible:Luke.21.28 Bible:Luke.21.31-Luke.21.33 Bible:Luke.21.35-Luke.21.36,"Luke xxi., verses 9, 22, 28,
31–33, 35, and 36"
volume_3,tertullian,against_marcion,Luke,Luke,21,12,new_testament,Bible:Luke.21.12-Luke.21.13,"Verses 12,
13"
volume_3,tertullian,against_marcion,Zech,Zech,9,15,old_testament_or_other,Bible:Zech.9.15-Zech.9.16,"Zech. ix. 15, 16"
volume_3,tertullian,against_marcion,Eph,Eph,2,20,new_testament,Bible:Eph.2.20,Eph. ii. 20
volume_3,tertullian,against_marcion,Luke,Luke,21,12,new_testament,Bible:Luke.21.12-Luke.21.14,Luke xxi. 12–14
volume_3,tertullian,against_marcion,Exod,Exod,4,10,old_testament_or_other,Bible:Exod.4.10-Exod.4.12,Ex. iv. 10–12
volume_3,tertullian,against_marcion,Isa,Isa,44,5,old_testament_or_other,Bible:Isa.44.5,Isa. xliv. 5
volume_3,tertullian,against_marcion,Gen,Gen,32,28,old_testament_or_other,Bible:Gen.32.28,Gen. xxxii. 28
volume_3,tertullian,against_marcion,Isa,Isa,50,4,old_testament_or_other,Bible:Isa.50.4,Isa. l. 4
volume_3,tertullian,against_marcion,Luke,Luke,21,16,new_testament,Bible:Luke.21.16-Luke.21.17,"Luke xxi. 16, 17"
volume_3,tertullian,against_marcion,Luke,Luke|Matt,21,19,new_testament,Bible:Luke.21.19 Bible:Matt.24.13,Luke xxi. 19 with Matt. xxiv. 13
volume_3,tertullian,against_marcion,Ps,Ps,9,18,old_testament_or_other,Bible:Ps.9.18,Ps. ix. 18
volume_3,tertullian,against_marcion,Luke,Luke,21,20,new_testament,Bible:Luke.21.20,Luke xxi. 20
volume_3,tertullian,against_marcion,Luke,Luke,21,25,new_testament,Bible:Luke.21.25-Luke.21.26,"Luke xxi. 25, 26"
volume_3,tertullian,against_marcion,Luke,Luke,21,26,new_testament,Bible:Luke.21.26,Luke xxi. 26
volume_3,tertullian,against_marcion,Joel,Joel,3,30,old_testament_or_other,Bible:Joel.3.30-Joel.3.31,"Joel iii. 30, 31"
volume_3,tertullian,against_marcion,Hab,Hab,3,9,old_testament_or_other,Bible:Hab.3.9-Hab.3.12,Hab. iii. 9–12
volume_3,tertullian,against_marcion,Luke,Luke,21,27,new_testament,Bible:Luke.21.27-Luke.21.28,"Luke xxi. 27, 28"
volume_3,tertullian,against_marcion,Luke,Luke,21,31,new_testament,Bible:Luke.21.31,Luke xxi. 31
volume_3,tertullian,against_marcion,Dan,Dan,7,14,old_testament_or_other,Bible:Dan.7.14,Dan. vii. 14
volume_3,tertullian,against_marcion,Luke,Luke,19,12,new_testament,Bible:Luke.19.12-Luke.19.13,"Luke xix. 12, 13"
volume_3,tertullian,against_marcion,Hab,Hab,3,13,old_testament_or_other,Bible:Hab.3.13,Hab. iii. 13
volume_3,tertullian,against_marcion,Luke,Luke,21,7,new_testament,Bible:Luke.21.7,Luke xxi. 7
volume_3,tertullian,against_marcion,Luke,Luke,21,33,new_testament,Bible:Luke.21.33,Luke xxi. 33
volume_3,tertullian,against_marcion,Luke,Luke,21,29,new_testament,Bible:Luke.21.29-Luke.21.31,Luke xxi. 29–31
volume_3,tertullian,against_marcion,Luke,Luke,21,34,new_testament,Bible:Luke.21.34-Luke.21.35,"Luke xxi. 34, 35"
volume_3,tertullian,against_marcion,Luke,Luke,21,34,new_testament,Bible:Luke.21.34-Luke.21.38,"Luke xxi.
34–38"
volume_3,tertullian,against_marcion,Luke,Luke,21,37,new_testament,Bible:Luke.21.37,Luke xxi. 37
volume_3,tertullian,against_marcion,Hos,Hos,12,4,old_testament_or_other,Bible:Hos.12.4,Hosea xii. 4
volume_3,tertullian,against_marcion,Zech,Zech,14,4,old_testament_or_other,Bible:Zech.14.4,Zech. xiv. 4
volume_3,tertullian,against_marcion,Luke,Luke,21,38,new_testament,Bible:Luke.21.38,Luke xxi. 38
volume_3,tertullian,against_marcion,Luke,Luke|Luke,22,,new_testament,Bible:Luke.22 Bible:Luke.1,Luke xxii. i
volume_3,tertullian,against_marcion,Lev,Lev,23,5,old_testament_or_other,Bible:Lev.23.5,Lev. xxiii. 5
volume_3,tertullian,against_marcion,Luke,Luke,22,15,new_testament,Bible:Luke.22.15,Luke xxii. 15
volume_3,tertullian,against_marcion,Isa,Isa,53,7,old_testament_or_other,Bible:Isa.53.7,Isa. liii. 7
volume_3,tertullian,against_marcion,Ps,Ps,41,9,old_testament_or_other,Bible:Ps.41.9,Ps. xli. 9
volume_3,tertullian,against_marcion,Amos,Amos,2,6,old_testament_or_other,Bible:Amos.2.6,Amos ii. 6
volume_3,tertullian,against_marcion,Zech,Zech,11,12,old_testament_or_other,Bible:Zech.11.12-Zech.11.13,Zech. xi. 12 and 13
volume_3,tertullian,against_marcion,Jer,Jer,32,7,old_testament_or_other,Bible:Jer.32.7-Jer.32.15,"Jer. xxxii.
7–15"
volume_3,tertullian,against_marcion,Matt,Matt,27,3,new_testament,Bible:Matt.27.3-Matt.27.10,"Matt. xxvii.
3–10"
volume_3,tertullian,against_marcion,Matt,Matt,27,9,new_testament,Bible:Matt.27.9,ver. 9
volume_3,tertullian,against_marcion,Luke,Luke,22,19,new_testament,Bible:Luke.22.19,Luke xxii. 19
volume_3,tertullian,against_marcion,Luke,Luke,22,20,new_testament,Bible:Luke.22.20,Luke xxii. 20
volume_3,tertullian,against_marcion,Isa,Isa,63,1,old_testament_or_other,Bible:Isa.63.1,Isa. lxiii. 1
volume_3,tertullian,against_marcion,Gen,Gen,49,11,old_testament_or_other,Bible:Gen.49.11,Gen. xlix. 11
volume_3,tertullian,against_marcion,Luke,Luke,22,22,new_testament,Bible:Luke.22.22,Luke xxii. 22
volume_3,tertullian,against_marcion,Luke,Luke|Luke,22,34,new_testament,Bible:Luke.22.34 Bible:Luke.22.54-Luke.22.62,"Luke
xxii. 34 and 54–62"
volume_3,tertullian,against_marcion,Luke,Luke,22,47,new_testament,Bible:Luke.22.47-Luke.22.49,Luke xxii. 47–49
volume_3,tertullian,against_marcion,Luke,Luke,22,66,new_testament,Bible:Luke.22.66-Luke.22.67,"Luke xxii. 66, 67"
volume_3,tertullian,against_marcion,Luke,Luke,22,67,new_testament,Bible:Luke.22.67,Luke xxii. 67
volume_3,tertullian,against_marcion,Luke,Luke,22,69,new_testament,Bible:Luke.22.69,Luke xxii. 69
volume_3,tertullian,against_marcion,Ps,Ps,110,1,old_testament_or_other,Bible:Ps.110.1,Ps. cx. 1
volume_3,tertullian,against_marcion,Luke,Luke,22,70,new_testament,Bible:Luke.22.70,Luke xxii. 70
volume_3,tertullian,against_marcion,Luke,Luke,22,71,new_testament,Bible:Luke.22.71,Luke xxii. 71
volume_3,tertullian,against_marcion,Luke,Luke,23,1,new_testament,Bible:Luke.23.1-Luke.23.2,"Luke xxiii. 1, 2"
volume_3,tertullian,against_marcion,Luke,Luke,23,3,new_testament,Bible:Luke.23.3,Luke xxiii. 3
volume_3,tertullian,against_marcion,Isa,Isa,3,13,old_testament_or_other,Bible:Isa.3.13-Isa.3.14,"Isa. iii. 13, 14"
volume_3,tertullian,against_marcion,Ps,Ps,2,1,old_testament_or_other,Bible:Ps.2.1-Ps.2.2,"Ps. ii. 1, 2"
volume_3,tertullian,against_marcion,Luke,Luke,23,7,new_testament,Bible:Luke.23.7,Luke xxiii. 7
volume_3,tertullian,against_marcion,Hos,Hos,10,6,old_testament_or_other,Bible:Hos.10.6,Hos. x. 6
volume_3,tertullian,against_marcion,Luke,Luke,23,8,new_testament,Bible:Luke.23.8-Luke.23.9,"Luke xxiii. 8, 9"
volume_3,tertullian,against_marcion,Ps,Ps,22,15,old_testament_or_other,Bible:Ps.22.15,Ps. xxii. 15
volume_3,tertullian,against_marcion,Luke,Luke,23,25,new_testament,Bible:Luke.23.25,Luke xxiii. 25
volume_3,tertullian,against_marcion,Luke,Luke|Isa,23,33,new_testament,Bible:Luke.23.33 Bible:Isa.53.12,Luke xxiii. 33 with Isa. liii. 12
volume_3,tertullian,against_marcion,Ps,Ps,22,18,old_testament_or_other,Bible:Ps.22.18,Ps. xxii. 18
volume_3,tertullian,against_marcion,Ps,Ps|Ps|Ps,22,16,old_testament_or_other,Bible:Ps.22.16 Bible:Ps.22.7 Bible:Ps.22.8,"Ps. xxii. 16, 7, 8"
volume_3,tertullian,against_marcion,Josh,Josh,10,13,old_testament_or_other,Bible:Josh.10.13,Josh. x. 13
volume_3,tertullian,against_marcion,Isa,Isa,50,3,old_testament_or_other,Bible:Isa.50.3,Isa. l. 3
volume_3,tertullian,against_marcion,Amos,Amos,8,9,old_testament_or_other,Bible:Amos.8.9,Amos viii. 9
volume_3,tertullian,against_marcion,Luke,Luke,23,45,new_testament,Bible:Luke.23.45,Luke xxiii. 45
volume_3,tertullian,against_marcion,Ezek,Ezek,11,22,old_testament_or_other,Bible:Ezek.11.22-Ezek.11.23,"Ezek. xi. 22, 23"
volume_3,tertullian,against_marcion,Ps,Ps,30,,old_testament_or_other,Bible:Ps.30,Psalm xxx.
volume_3,tertullian,against_marcion,Luke,Luke|Ps,23,46,new_testament,Bible:Luke.23.46 Bible:Ps.31.5,"Luke
xxiii. 46 with Ps. xxxi. 5"
volume_3,tertullian,against_marcion,Luke,Luke,23,46,new_testament,Bible:Luke.23.46,Luke xxiii. 46
volume_3,tertullian,against_marcion,Luke,Luke,23,46,new_testament,Bible:Luke.23.46,"verse
46"
volume_3,tertullian,against_marcion,Luke,Luke,23,47,new_testament,Bible:Luke.23.47-Luke.23.55,"Luke xxiii.
47–55"
volume_3,tertullian,against_marcion,Luke,Luke,23,51,new_testament,Bible:Luke.23.51,Luke xxiii. 51
volume_3,tertullian,against_marcion,Luke,Luke,24,1,new_testament,Bible:Luke.24.1,Luke xxiv. 1
volume_3,tertullian,against_marcion,Hos,Hos|Hos,5,15,old_testament_or_other,Bible:Hos.5.15 Bible:Hos.6.1-Hos.6.2,"Hos. v.
15 and vi. 1, 2"
volume_3,tertullian,against_marcion,Luke,Luke,24,3,new_testament,Bible:Luke.24.3,Luke xxiv. 3
volume_3,tertullian,against_marcion,Isa,Isa,57,2,old_testament_or_other,Bible:Isa.57.2,Isa. lvii. 2
volume_3,tertullian,against_marcion,Luke,Luke,24,4,new_testament,Bible:Luke.24.4,Luke xxiv. 4
volume_3,tertullian,against_marcion,Deut,Deut|Deut|Matt|2Cor,17,6,old_testament_or_other,Bible:Deut.17.6 Bible:Deut.19.15 Bible:Matt.18.16 Bible:2Cor.13.1,"Deut. xvii. 6, xix. 15, compared with Matt.
xviii. 16 and 2 Cor. xiii. 1"
volume_3,tertullian,against_marcion,Isa,Isa,27,11,old_testament_or_other,Bible:Isa.27.11,Isa. xxvii. 11
volume_3,tertullian,against_marcion,Luke,Luke,24,13,new_testament,Bible:Luke.24.13-Luke.24.19,Luke xxiv. 13–19
volume_3,tertullian,against_marcion,Luke,Luke,24,21,new_testament,Bible:Luke.24.21,Luke xxiv. 21
volume_3,tertullian,against_marcion,Luke,Luke,24,25,new_testament,Bible:Luke.24.25,Luke xxiv. 25
volume_3,tertullian,against_marcion,Luke,Luke,24,6,new_testament,Bible:Luke.24.6-Luke.24.7,"Luke xxiv. 6, 7"
volume_3,tertullian,against_marcion,Luke,Luke,24,37,new_testament,Bible:Luke.24.37-Luke.24.39,Luke xxiv. 37–39
volume_3,tertullian,against_marcion,Luke,Luke,24,39,new_testament,Bible:Luke.24.39,Luke xxiv. 39
volume_3,tertullian,against_marcion,Luke,Luke,24,41,new_testament,Bible:Luke.24.41,Luke xxiv. 41
volume_3,tertullian,against_marcion,Luke,Luke|Matt,24,47,new_testament,Bible:Luke.24.47 Bible:Matt.28.19,Luke xxiv. 47 and Matt. xxviii. 19
volume_3,tertullian,against_marcion,Ps,Ps,19,4,old_testament_or_other,Bible:Ps.19.4,Ps. xix. 4
volume_3,tertullian,against_marcion,Luke,Luke|Luke,1,,new_testament,Bible:Luke.1 Bible:Luke.2,Chaps. i. and ii
volume_3,tertullian,against_marcion,Luke,Luke,3,1,new_testament,Bible:Luke.3.1,"iii.
1"
volume_3,tertullian,against_marcion,Luke,Luke,3,1,new_testament,Bible:Luke.3.1-Luke.3.2,"vers. 1, 2"
volume_3,tertullian,against_marcion,Luke,Luke,4,31,new_testament,Bible:Luke.4.31,chap. iv. 31
volume_3,tertullian,against_marcion,Luke,Luke,4,,new_testament,Bible:Luke.4,chap. iv
volume_3,tertullian,against_marcion,Luke,Luke,4,30,new_testament,Bible:Luke.4.30,"ver.
30"
volume_3,tertullian,against_marcion,Luke,Luke,8,19,new_testament,Bible:Luke.8.19,chap. viii. 19
volume_3,tertullian,against_marcion,Matt,Matt,12,48,new_testament,Bible:Matt.12.48,"St. Matthew, chap. xii. 48"
volume_3,tertullian,against_marcion,Matt,Matt|Matt,5,17,new_testament,Bible:Matt.5.17 Bible:Matt.15.24,"Matthew
v. 17 and xv. 24"
volume_3,tertullian,against_marcion,Luke,Luke,11,29,new_testament,Bible:Luke.11.29,chap. xi. 29
volume_3,tertullian,against_marcion,Luke,Luke,11,30,new_testament,Bible:Luke.11.30-Luke.11.32,"30th, 31st,
and 32d"
volume_3,tertullian,against_marcion,Luke,Luke,11,42,new_testament,Bible:Luke.11.42,"ver.
42"
volume_3,tertullian,against_marcion,Luke,Luke,11,49,new_testament,Bible:Luke.11.49-Luke.11.51,"49, 50, 51"
volume_3,tertullian,against_marcion,Luke,Luke,12,6,new_testament,Bible:Luke.12.6,chap. xii. 6
volume_3,tertullian,against_marcion,Luke,Luke,12,8,new_testament,Bible:Luke.12.8,"ver.
8"
volume_3,tertullian,against_marcion,Luke,Luke,12,28,new_testament,Bible:Luke.12.28,28th verse
volume_3,tertullian,against_marcion,Luke,Luke|Luke,12,30,new_testament,Bible:Luke.12.30 Bible:Luke.12.32,verses 30 and 32
volume_3,tertullian,against_marcion,Luke,Luke,12,38,new_testament,Bible:Luke.12.38,"ver.
38"
volume_3,tertullian,against_marcion,Luke,Luke,13,,new_testament,Bible:Luke.13,"chap.
xiii"
volume_3,tertullian,against_marcion,Luke,Luke,13,1,new_testament,Bible:Luke.13.1-Luke.13.5,first five verses
volume_3,tertullian,against_marcion,Luke,Luke,13,28,new_testament,Bible:Luke.13.28,"28th
verse"
volume_3,tertullian,against_marcion,Luke,Luke,13,29,new_testament,Bible:Luke.13.29-Luke.13.35,"remaining
verses of this chapter"
volume_3,tertullian,against_marcion,Luke,Luke,15,11,new_testament,Bible:Luke.15.11-Luke.15.31,chap. xv. after the 10th verse
volume_3,tertullian,against_marcion,Luke,Luke,17,10,new_testament,Bible:Luke.17.10,"xvii.
10"
volume_3,tertullian,against_marcion,Luke,Luke,17,12,new_testament,Bible:Luke.17.12-Luke.17.14,"ver. 12, all of ver. 13, and altered ver.
14"
volume_3,tertullian,against_marcion,Luke,Luke,4,27,new_testament,Bible:Luke.4.27,chap. iv. 27
volume_3,tertullian,against_marcion,Luke,Luke,18,19,new_testament,Bible:Luke.18.19,chap. xviii. 19
volume_3,tertullian,against_marcion,Luke,Luke,18,20,new_testament,Bible:Luke.18.20,"ver.
20"
volume_3,tertullian,against_marcion,Luke,Luke,18,31,new_testament,Bible:Luke.18.31-Luke.18.33,verses 31–33
volume_3,tertullian,against_marcion,Luke,Luke,19,27,new_testament,Bible:Luke.19.27-Luke.19.47,"end of ver. 27 to the beginning of ver.
47"
volume_3,tertullian,against_marcion,Luke,Luke,20,8,new_testament,Bible:Luke.20.8-Luke.20.18,"end of ver. 8
to the end of ver. 18"
volume_3,tertullian,against_marcion,Luke,Luke,20,37,new_testament,Bible:Luke.20.37-Luke.20.38,verses 37 and 38
volume_3,tertullian,against_marcion,Luke,Luke,21,1,new_testament,Bible:Luke.21.1-Luke.21.22,"chap. xxi. the first eighteen verses, as well
as verses 21 and 22"
volume_3,tertullian,against_marcion,Luke,Luke,20,16,new_testament,Bible:Luke.20.16,xx. 16
volume_3,tertullian,against_marcion,Luke,Luke|Luke,20,35,new_testament,Bible:Luke.20.35-Luke.20.37 Bible:Luke.20.50-Luke.20.51,"verses 35–37, 50,
and 51"
volume_3,tertullian,against_marcion,Luke,Luke|Luke,20,38,new_testament,Bible:Luke.20.38 Bible:Luke.20.49,vers. 38 and 49
volume_3,tertullian,against_marcion,Luke,Luke,23,2,new_testament,Bible:Luke.23.2,chap. xxiii. 2
volume_3,tertullian,against_marcion,Luke,Luke,23,43,new_testament,Bible:Luke.23.43,ver. 43
volume_3,tertullian,against_marcion,Luke,Luke,24,,new_testament,Bible:Luke.24,chap. xxiv
volume_3,tertullian,against_marcion,Luke,Luke,24,26,new_testament,Bible:Luke.24.26-Luke.24.27,verses 26 and 27
volume_3,tertullian,against_marcion,Luke,Luke,24,25,new_testament,Bible:Luke.24.25,ver. 25
volume_3,tertullian,against_marcion,Matt,Matt,27,35,new_testament,Bible:Matt.27.35,Matthew xxvii. 35
volume_3,tertullian,against_marcion,1John,1John,5,16,new_testament,Bible:1John.5.16-1John.5.17,"1 John v.
16–17"
volume_3,tertullian,against_marcion,1Cor,1Cor,5,4,new_testament,Bible:1Cor.5.4-1Cor.5.5,"1 Cor. v.
4–5"
volume_3,tertullian,against_marcion,Matt,Matt,18,15,new_testament,Bible:Matt.18.15,"Matt. xviii.
15"
volume_3,tertullian,against_marcion,Jas,Jas,5,16,new_testament,Bible:Jas.5.16,James v. 16
volume_3,tertullian,against_marcion,Matt,Matt,6,12,new_testament,Bible:Matt.6.12,"Matt. vi.
12"
volume_3,tertullian,against_marcion,Rom,Rom,13,4,new_testament,Bible:Rom.13.4,Rom. xiii. 4
volume_3,tertullian,against_marcion,2Kgs,2Kgs,10,29,old_testament_or_other,Bible:2Kgs.10.29-2Kgs.10.31,2 Kings x. 29–31
volume_3,tertullian,against_marcion,John,John,3,30,new_testament,Bible:John.3.30,John iii. 30
volume_3,tertullian,against_marcion,John,John,2,4,new_testament,Bible:John.2.4,John ii. 4
volume_3,tertullian,against_marcion,Ps,Ps,106,33,old_testament_or_other,Bible:Ps.106.33,Psalm cvi. 33
volume_3,tertullian,against_marcion,Gen,Gen,47,20,old_testament_or_other,Bible:Gen.47.20,Gen. xlvii. 20
volume_3,tertullian,against_marcion,Deut,Deut,33,9,old_testament_or_other,Bible:Deut.33.9,"Deut.
xxxiii. 9"
volume_3,tertullian,against_marcion,Luke,Luke,14,26,new_testament,Bible:Luke.14.26-Luke.14.27,Luke xiv. 26–27
volume_3,tertullian,against_marcion,Matt,Matt,10,37,new_testament,Bible:Matt.10.37-Matt.10.38,"Matt. x.
37–38"
volume_3,tertullian,against_marcion,Luke,Luke,3,49,new_testament,Bible:Luke.3.49,"Luke iii.
49"
volume_3,tertullian,against_marcion,John,John,2,4,new_testament,Bible:John.2.4,"John ii.
4"
volume_3,tertullian,against_marcion,Luke,Luke,1,47,new_testament,Bible:Luke.1.47-Luke.1.48,"Luke
i. 47–48"
volume_3,tertullian,against_marcion,1Cor,1Cor,14,,new_testament,Bible:1Cor.14,1 Cor. xiv
volume_3,tertullian,against_marcion,1Pet,1Pet,3,19,new_testament,Bible:1Pet.3.19,1 Peter iii. 19
volume_3,tertullian,against_marcion,Isa,Isa,63,3,old_testament_or_other,Bible:Isa.63.3,Isaiah lxiii. 3
volume_3,tertullian,against_marcion,Acts,Acts,9,3,new_testament,Bible:Acts.9.3-Acts.9.8,Acts ix. 3–8
volume_3,tertullian,against_marcion,Gal,Gal,1,1,new_testament,Bible:Gal.1.1,Gal. i. 1
volume_3,tertullian,against_marcion,Gen,Gen,49,27,old_testament_or_other,Bible:Gen.49.27,Gen. xlix. 27
volume_3,tertullian,against_marcion,Gal,Gal,1,,new_testament,Bible:Gal.1,"Gal.
i.–ii"
volume_3,tertullian,against_marcion,Isa,Isa|Isa|2Cor,43,18,old_testament_or_other,Bible:Isa.43.18-Isa.43.19 Bible:Isa.65.17 Bible:2Cor.5.17,"Isa. xliii. 18, 19, and lxv. 17, with 2 Cor. v.
17"
volume_3,tertullian,against_marcion,Gal,Gal,1,6,new_testament,Bible:Gal.1.6-Gal.1.7,"Gal. i. 6, 7"
volume_3,tertullian,against_marcion,Gal,Gal,1,7,new_testament,Bible:Gal.1.7,Gal. i. 7
volume_3,tertullian,against_marcion,Isa,Isa,52,7,old_testament_or_other,Bible:Isa.52.7,Isa. lii. 7
volume_3,tertullian,against_marcion,Isa,Isa,42,4,old_testament_or_other,Bible:Isa.42.4,Isa. xlii. 4
volume_3,tertullian,against_marcion,Matt,Matt,12,21,new_testament,Bible:Matt.12.21,"chap. xii, ver. 21"
volume_3,tertullian,against_marcion,Isa,Isa,42,6,old_testament_or_other,Bible:Isa.42.6,Isa. xlii. 6
volume_3,tertullian,against_marcion,Gal,Gal|Acts,1,11,new_testament,Bible:Gal.1.11-Gal.1.24 Bible:Acts.15.5-Acts.15.29,"Gal. i. 11–24, compared with Acts xv.
5–29"
volume_3,tertullian,against_marcion,Gal,Gal,2,1,new_testament,Bible:Gal.2.1-Gal.2.2,"Gal. ii. 1, 2"
volume_3,tertullian,against_marcion,Gal,Gal,2,3,new_testament,Bible:Gal.2.3,Gal. ii. 3
volume_3,tertullian,against_marcion,Gal,Gal,2,4,new_testament,Bible:Gal.2.4,Gal. ii. 4
volume_3,tertullian,against_marcion,Gal,Gal,2,4,new_testament,Bible:Gal.2.4-Gal.2.5,"Gal. ii. 4, 5"
volume_3,tertullian,against_marcion,Gal,Gal,2,3,new_testament,Bible:Gal.2.3-Gal.2.4,"Gal. ii. 3, 4"
volume_3,tertullian,against_marcion,Gal,Gal,2,9,new_testament,Bible:Gal.2.9-Gal.2.10,"Gal. ii. 9, 10"
volume_3,tertullian,against_marcion,Acts,Acts,16,3,new_testament,Bible:Acts.16.3,Acts xvi. 3
volume_3,tertullian,against_marcion,Acts,Acts,21,23,new_testament,Bible:Acts.21.23-Acts.21.26,Acts xxi. 23–26
volume_3,tertullian,against_marcion,1Cor,1Cor|1Cor,9,20,new_testament,Bible:1Cor.9.20 Bible:1Cor.9.22,"1 Cor. ix. 20, 22"
volume_3,tertullian,against_marcion,Gal,Gal,2,9,new_testament,Bible:Gal.2.9,Gal. ii. 9
volume_3,tertullian,against_marcion,Gal,Gal,2,10,new_testament,Bible:Gal.2.10,Gal. ii. 10
volume_3,tertullian,against_marcion,Gal,Gal|Gal,2,12,new_testament,Bible:Gal.2.12 Bible:Gal.2.14,"Gal. ii. 12; or, <i>living</i>, see ver.
14"
volume_3,tertullian,against_marcion,Gal,Gal,2,12,new_testament,Bible:Gal.2.12,Gal. ii. 12
volume_3,tertullian,against_marcion,Gal,Gal,2,16,new_testament,Bible:Gal.2.16,Gal. ii. 16
volume_3,tertullian,against_marcion,Gal,Gal,2,18,new_testament,Bible:Gal.2.18,Gal. ii. 18
volume_3,tertullian,against_marcion,Luke,Luke,3,4,new_testament,Bible:Luke.3.4-Luke.3.5,"Luke iii. 4, 5"
volume_3,tertullian,against_marcion,Ps,Ps,2,3,old_testament_or_other,Bible:Ps.2.3,Ps. ii. 3
volume_3,tertullian,against_marcion,Gal,Gal|Gal,2,16,new_testament,Bible:Gal.2.16 Bible:Gal.3.11,"Gal. ii.
16 and iii. 11"
volume_3,tertullian,against_marcion,Deut,Deut,11,26,old_testament_or_other,Bible:Deut.11.26,Deut. xi. 26
volume_3,tertullian,against_marcion,Gal,Gal,3,13,new_testament,Bible:Gal.3.13,Gal. iii. 13
volume_3,tertullian,against_marcion,Deut,Deut,21,23,old_testament_or_other,Bible:Deut.21.23,"Deut.
xxi. 23"
volume_3,tertullian,against_marcion,Gal,Gal,3,26,new_testament,Bible:Gal.3.26,Gal. iii. 26
volume_3,tertullian,against_marcion,Gal,Gal|Gal|Gal,3,7,new_testament,Bible:Gal.3.7 Bible:Gal.3.9 Bible:Gal.3.29,"Gal. iii. 7, 9, 29"
volume_3,tertullian,against_marcion,Gal,Gal,3,6,new_testament,Bible:Gal.3.6,Gal. iii. 6
volume_3,tertullian,against_marcion,Rom,Rom,4,11,new_testament,Bible:Rom.4.11,Rom. iv. 11
volume_3,tertullian,against_marcion,Gal,Gal|Gal,3,15,new_testament,Bible:Gal.3.15 Bible:Gal.4.3,Gal. iii. 15 and iv. 3
volume_3,tertullian,against_marcion,Gal,Gal,3,15,new_testament,Bible:Gal.3.15-Gal.4.3,"ver. 15, and the beginning of chap. iv.,
until you come to the word <span class=""Greek"" id=""v.iv.vi.iv-p3.4"" lang=""EL"">ὅτε</span> in
ver. 3"
volume_3,tertullian,against_marcion,Gal,Gal,3,6,new_testament,Bible:Gal.3.6-Gal.3.8,"vers. 6, 7, 8"
volume_3,tertullian,against_marcion,Gal,Gal,3,9,new_testament,Bible:Gal.3.9,ver. 9
volume_3,tertullian,against_marcion,Gal,Gal,3,15,new_testament,Bible:Gal.3.15,Gal. iii. 15
volume_3,tertullian,against_marcion,Gal,Gal,4,3,new_testament,Bible:Gal.4.3,Gal. iv. 3
volume_3,tertullian,against_marcion,Gal,Gal,3,16,new_testament,Bible:Gal.3.16,Gal. iii. 16
volume_3,tertullian,against_marcion,Gal,Gal,3,,new_testament,Bible:Gal.3,chap. iii
volume_3,tertullian,against_marcion,Gal,Gal,4,,new_testament,Bible:Gal.4,"chap.
iv"
volume_3,tertullian,against_marcion,Gal,Gal,4,4,new_testament,Bible:Gal.4.4,Gal. iv. 4
volume_3,tertullian,against_marcion,Isa,Isa,2,2,old_testament_or_other,Bible:Isa.2.2,Isa. ii. 2
volume_3,tertullian,against_marcion,Joel,Joel,3,28,old_testament_or_other,Bible:Joel.3.28,Joel iii. 28
volume_3,tertullian,against_marcion,Acts,Acts,2,17,new_testament,Bible:Acts.2.17,Acts ii. 17
volume_3,tertullian,against_marcion,Gal,Gal,4,5,new_testament,Bible:Gal.4.5,Gal. iv. 5
volume_3,tertullian,against_marcion,Isa,Isa,40,4,old_testament_or_other,Bible:Isa.40.4,Isa. xl. 4
volume_3,tertullian,against_marcion,Isa,Isa|Isa,42,4,old_testament_or_other,Bible:Isa.42.4 Bible:Isa.42.6,"Isa. xlii. 4, 6"
volume_3,tertullian,against_marcion,Gal,Gal,4,6,new_testament,Bible:Gal.4.6,Gal. iv. 6
volume_3,tertullian,against_marcion,Gal,Gal,4,9,new_testament,Bible:Gal.4.9,Gal. iv. 9
volume_3,tertullian,against_marcion,Gal,Gal,4,8,new_testament,Bible:Gal.4.8,Gal. iv. 8
volume_3,tertullian,against_marcion,Gal,Gal,4,10,new_testament,Bible:Gal.4.10,Gal. iv. 10
volume_3,tertullian,against_marcion,John,John,19,31,new_testament,Bible:John.19.31,"John xix.
31"
volume_3,tertullian,against_marcion,John,John,19,31,new_testament,Bible:John.19.31,John xix. 31
volume_3,tertullian,against_marcion,Amos,Amos,5,21,old_testament_or_other,Bible:Amos.5.21,Amos v. 21
volume_3,tertullian,against_marcion,Gal,Gal|Gal,4,21,new_testament,Bible:Gal.4.21-Gal.4.26 Bible:Gal.4.31,"Gal. iv. 21–26, 31"
volume_3,tertullian,against_marcion,Gal,Gal,5,1,new_testament,Bible:Gal.5.1,Gal. v. 1
volume_3,tertullian,against_marcion,Ps,Ps|Ps,2,3,old_testament_or_other,Bible:Ps.2.3 Bible:Ps.2.2,"Ps. ii. 3, 2"
volume_3,tertullian,against_marcion,Deut,Deut,10,16,old_testament_or_other,Bible:Deut.10.16,Deut. x. 16
volume_3,tertullian,against_marcion,Gal,Gal,5,6,new_testament,Bible:Gal.5.6,Gal. v. 6
volume_3,tertullian,against_marcion,Gal,Gal,5,10,new_testament,Bible:Gal.5.10,Gal. v. 10
volume_3,tertullian,against_marcion,Gal,Gal,5,14,new_testament,Bible:Gal.5.14,Gal. v. 14
volume_3,tertullian,against_marcion,Gal,Gal,6,2,new_testament,Bible:Gal.6.2,Gal. vi. 2
volume_3,tertullian,against_marcion,Gal,Gal,6,7,new_testament,Bible:Gal.6.7,Gal. vi. 7
volume_3,tertullian,against_marcion,Gal,Gal,6,9,new_testament,Bible:Gal.6.9,Gal. vi. 9
volume_3,tertullian,against_marcion,Gal,Gal,6,10,new_testament,Bible:Gal.6.10,Gal. vi. 10
volume_3,tertullian,against_marcion,Eccl,Eccl,3,17,old_testament_or_other,Bible:Eccl.3.17,Eccles. iii. 17
volume_3,tertullian,against_marcion,Gal,Gal,6,14,new_testament,Bible:Gal.6.14,Gal. vi. 14
volume_3,tertullian,against_marcion,Gal,Gal,6,17,new_testament,Bible:Gal.6.17,Gal. vi. 17
volume_3,tertullian,against_marcion,1Cor,1Cor,1,3,new_testament,Bible:1Cor.1.3,1 Cor. i. 3
volume_3,tertullian,against_marcion,1Cor,1Cor,1,18,new_testament,Bible:1Cor.1.18,1 Cor. i. 18
volume_3,tertullian,against_marcion,1Cor,1Cor|Isa,1,19,new_testament,Bible:1Cor.1.19 Bible:Isa.29.14,"1
Cor. i. 19, from Isa. xxix. 14"
volume_3,tertullian,against_marcion,1Cor,1Cor,1,20,new_testament,Bible:1Cor.1.20,1 Cor. i. 20
volume_3,tertullian,against_marcion,1Cor,1Cor,1,22,new_testament,Bible:1Cor.1.22,1 Cor. i. 22
volume_3,tertullian,against_marcion,1Cor,1Cor,1,23,new_testament,Bible:1Cor.1.23,1 Cor. i. 23
volume_3,tertullian,against_marcion,Isa,Isa,28,16,old_testament_or_other,Bible:Isa.28.16,Isa. xxviii. 16
volume_3,tertullian,against_marcion,Luke,Luke,2,34,new_testament,Bible:Luke.2.34,Luke ii. 34
volume_3,tertullian,against_marcion,1Cor,1Cor,1,27,new_testament,Bible:1Cor.1.27,1 Cor. i. 27
volume_3,tertullian,against_marcion,Lev,Lev,15,,old_testament_or_other,Bible:Lev.15,Lev. xv
volume_3,tertullian,against_marcion,Lev,Lev,13,2,old_testament_or_other,Bible:Lev.13.2-Lev.13.6,Lev. xiii. 2–6
volume_3,tertullian,against_marcion,1Cor,1Cor|1Cor,1,29,new_testament,Bible:1Cor.1.29 Bible:1Cor.1.31,"1 Cor. i. 29, 31"
volume_3,tertullian,against_marcion,Jer,Jer,9,23,old_testament_or_other,Bible:Jer.9.23-Jer.9.24,"Jeremiah,
chap. ix. 23, 24"
volume_3,tertullian,against_marcion,1Cor,1Cor,2,6,new_testament,Bible:1Cor.2.6-1Cor.2.7,"1 Cor. ii. 6, 7"
volume_3,tertullian,against_marcion,1Cor,1Cor,2,7,new_testament,Bible:1Cor.2.7,1 Cor. ii. 7
volume_3,tertullian,against_marcion,1Cor,1Cor,2,8,new_testament,Bible:1Cor.2.8,1 Cor. ii. 8
volume_3,tertullian,against_marcion,Matt,Matt,4,1,new_testament,Bible:Matt.4.1-Matt.4.11,Matt. iv. 1–11
volume_3,tertullian,against_marcion,Luke,Luke,4,34,new_testament,Bible:Luke.4.34,Luke iv. 34
volume_3,tertullian,against_marcion,Luke,Luke,22,3,new_testament,Bible:Luke.22.3,Luke xxii. 3
volume_3,tertullian,against_marcion,Isa,Isa,40,13,old_testament_or_other,Bible:Isa.40.13,Isa. xl. 13
volume_3,tertullian,against_marcion,1Cor,1Cor,3,10,new_testament,Bible:1Cor.3.10,1 Cor. iii. 10
volume_3,tertullian,against_marcion,Isa,Isa,3,3,old_testament_or_other,Bible:Isa.3.3,Isa. iii. 3
volume_3,tertullian,against_marcion,1Cor,1Cor,3,11,new_testament,Bible:1Cor.3.11,1 Cor. iii. 11
volume_3,tertullian,against_marcion,1Cor,1Cor,1,12,new_testament,Bible:1Cor.1.12-1Cor.1.15,1 Cor. i. 12–15
volume_3,tertullian,against_marcion,1Cor,1Cor,3,16,new_testament,Bible:1Cor.3.16,1 Cor. iii. 16
volume_3,tertullian,against_marcion,1Cor,1Cor,3,17,new_testament,Bible:1Cor.3.17,1 Cor. iii. 17
volume_3,tertullian,against_marcion,1Cor,1Cor,3,18,new_testament,Bible:1Cor.3.18,1 Cor. iii. 18
volume_3,tertullian,against_marcion,1Cor,1Cor,3,19,new_testament,Bible:1Cor.3.19,1 Cor. iii. 19
volume_3,tertullian,against_marcion,1Cor,1Cor|Job|Ps,3,19,new_testament,Bible:1Cor.3.19-1Cor.3.20 Bible:Job.5.13 Bible:Ps.94.11,"1 Cor. iii. 19, 20; Job v. 13; Ps. xciv.
11"
volume_3,tertullian,against_marcion,1Cor,1Cor,3,21,new_testament,Bible:1Cor.3.21,1 Cor. iii. 21
volume_3,tertullian,against_marcion,Ps,Ps,118,8,old_testament_or_other,Bible:Ps.118.8,Ps. cxviii. 8
volume_3,tertullian,against_marcion,1Cor,1Cor,4,5,new_testament,Bible:1Cor.4.5,1 Cor. iv. 5
volume_3,tertullian,against_marcion,Ps,Ps,7,9,old_testament_or_other,Bible:Ps.7.9,Ps. vii. 9
volume_3,tertullian,against_marcion,1Cor,1Cor,4,9,new_testament,Bible:1Cor.4.9,1 Cor. iv. 9
volume_3,tertullian,against_marcion,Lev,Lev,18,8,old_testament_or_other,Bible:Lev.18.8,Lev. xviii. 8
volume_3,tertullian,against_marcion,1Cor,1Cor,5,1,new_testament,Bible:1Cor.5.1,1 Cor. v. 1
volume_3,tertullian,against_marcion,1Cor,1Cor,5,5,new_testament,Bible:1Cor.5.5,1 Cor. v. 5
volume_3,tertullian,against_marcion,1Cor,1Cor,5,13,new_testament,Bible:1Cor.5.13,1 Cor. v. 13
volume_3,tertullian,against_marcion,1Cor,1Cor,5,7,new_testament,Bible:1Cor.5.7,1 Cor. v. 7
volume_3,tertullian,against_marcion,Exod,Exod,12,,old_testament_or_other,Bible:Exod.12,Ex. xii
volume_3,tertullian,against_marcion,1Cor,1Cor,6,13,new_testament,Bible:1Cor.6.13,1 Cor. vi. 13
volume_3,tertullian,against_marcion,1Cor,1Cor,6,14,new_testament,Bible:1Cor.6.14,1 Cor. vi. 14
volume_3,tertullian,against_marcion,1Cor,1Cor,6,20,new_testament,Bible:1Cor.6.20,1 Cor. vi. 20
volume_3,tertullian,against_marcion,1Cor,1Cor,7,7,new_testament,Bible:1Cor.7.7-1Cor.7.8,"1 Cor. vii. 7, 8"
volume_3,tertullian,against_marcion,1Cor,1Cor|1Cor|1Cor,7,9,new_testament,Bible:1Cor.7.9 Bible:1Cor.7.13 Bible:1Cor.7.14,"1 Cor. vii. 9, 13, 14"
volume_3,tertullian,against_marcion,1Cor,1Cor,7,27,new_testament,Bible:1Cor.7.27,1 Cor. vii. 27
volume_3,tertullian,against_marcion,1Cor,1Cor,7,10,new_testament,Bible:1Cor.7.10,1 Cor. vii. 10
volume_3,tertullian,against_marcion,1Cor,1Cor,7,10,new_testament,Bible:1Cor.7.10-1Cor.7.11,"1 Cor. vii. 10, 11"
volume_3,tertullian,against_marcion,1Cor,1Cor,7,39,new_testament,Bible:1Cor.7.39,1 Cor. vii. 39
volume_3,tertullian,against_marcion,1Cor,1Cor,8,4,new_testament,Bible:1Cor.8.4,1 Cor. viii. 4
volume_3,tertullian,against_marcion,1Cor,1Cor,8,6,new_testament,Bible:1Cor.8.6,1 Cor. viii. 6
volume_3,tertullian,against_marcion,1Cor,1Cor,3,21,new_testament,Bible:1Cor.3.21-1Cor.3.22,"1 Cor. iii. 21, 22"
volume_3,tertullian,against_marcion,1Cor,1Cor,3,23,new_testament,Bible:1Cor.3.23,1 Cor. iii. 23
volume_3,tertullian,against_marcion,1Cor,1Cor,9,13,new_testament,Bible:1Cor.9.13,1 Cor. ix. 13
volume_3,tertullian,against_marcion,1Cor,1Cor,9,7,new_testament,Bible:1Cor.9.7,1 Cor. ix. 7
volume_3,tertullian,against_marcion,1Cor,1Cor|Deut,9,9,new_testament,Bible:1Cor.9.9 Bible:Deut.25.4,"1
Cor. ix. 9 and Deut. xxv. 4"
volume_3,tertullian,against_marcion,1Cor,1Cor,11,10,new_testament,Bible:1Cor.11.10,1 Cor. xi. 10
volume_3,tertullian,against_marcion,1Cor,1Cor|Deut,9,13,new_testament,Bible:1Cor.9.13-1Cor.9.14 Bible:Deut.18.1-Deut.18.2,"1 Cor. ix. 13, 14, with Deut. xviii. 1,
2"
volume_3,tertullian,against_marcion,1Cor,1Cor,9,15,new_testament,Bible:1Cor.9.15,1 Cor. ix. 15
volume_3,tertullian,against_marcion,1Cor,1Cor,10,6,new_testament,Bible:1Cor.10.6,1 Cor. x. 6
volume_3,tertullian,against_marcion,1Cor,1Cor,10,7,new_testament,Bible:1Cor.10.7-1Cor.10.10,1 Cor. x. 7–10
volume_3,tertullian,against_marcion,1Cor,1Cor,10,11,new_testament,Bible:1Cor.10.11,1 Cor. x. 11
volume_3,tertullian,against_marcion,1Cor,1Cor,10,25,new_testament,Bible:1Cor.10.25-1Cor.10.27,1 Cor. x. 25–27
volume_3,tertullian,against_marcion,1Cor,1Cor,11,3,new_testament,Bible:1Cor.11.3,1 Cor. xi. 3
volume_3,tertullian,against_marcion,1Cor,1Cor,11,7,new_testament,Bible:1Cor.11.7,1 Cor. xi. 7
volume_3,tertullian,against_marcion,1Cor,1Cor,11,9,new_testament,Bible:1Cor.11.9,1 Cor. xi. 9
volume_3,tertullian,against_marcion,Gen,Gen,6,1,old_testament_or_other,Bible:Gen.6.1-Gen.6.4,Gen. vi. 1–4
volume_3,tertullian,against_marcion,1Cor,1Cor,11,18,new_testament,Bible:1Cor.11.18-1Cor.11.19,"1 Cor. xi. 18, 19"
volume_3,tertullian,against_marcion,Luke,Luke|1Cor,22,15,new_testament,Bible:Luke.22.15-Luke.22.20 Bible:1Cor.11.23-1Cor.11.29,"Luke xxii. 15–20 and 1 Cor. xi.
23–29"
volume_3,tertullian,against_marcion,1Cor,1Cor,12,1,new_testament,Bible:1Cor.12.1,1 Cor. xii. 1
volume_3,tertullian,against_marcion,Isa,Isa,11,1,old_testament_or_other,Bible:Isa.11.1-Isa.11.3,Isa. xi. 1–3
volume_3,tertullian,against_marcion,Isa,Isa,3,2,old_testament_or_other,Bible:Isa.3.2-Isa.3.3,"Isa. iii. 2, 3"
volume_3,tertullian,against_marcion,1Cor,1Cor|Eph|Ps,12,4,new_testament,Bible:1Cor.12.4-1Cor.12.11 Bible:Eph.4.8 Bible:Ps.68.18,"1 Cor. xii. 4–11; Eph. iv. 8, and Ps.
lxviii. 18"
volume_3,tertullian,against_marcion,1Cor,1Cor,4,15,new_testament,Bible:1Cor.4.15,1 Cor. iv. 15
volume_3,tertullian,against_marcion,Gal,Gal,4,19,new_testament,Bible:Gal.4.19,Gal. iv. 19
volume_3,tertullian,against_marcion,Joel,Joel,2,28,old_testament_or_other,Bible:Joel.2.28-Joel.2.29,"Joel ii. 28, 29"
volume_3,tertullian,against_marcion,Acts,Acts,2,17,new_testament,Bible:Acts.2.17-Acts.2.18,"Acts ii. 17, 18"
volume_3,tertullian,against_marcion,1Cor,1Cor|Isa,12,8,new_testament,Bible:1Cor.12.8-1Cor.12.11 Bible:Isa.11.1-Isa.11.3,"1 Cor. xii. 8–11 and Isa. xi.
1–3"
volume_3,tertullian,against_marcion,1Cor,1Cor|Eph,12,12,new_testament,Bible:1Cor.12.12-1Cor.12.30 Bible:Eph.4.16,"1 Cor. xii. 12–30, compared with Eph. iv.
16"
volume_3,tertullian,against_marcion,1Cor,1Cor|1Cor|1Cor,12,31,new_testament,Bible:1Cor.12.31 Bible:1Cor.13.1 Bible:1Cor.13.13,"1 Cor. xii. 31; xiii. 1, 13"
volume_3,tertullian,against_marcion,John,John|John|John,10,34,new_testament,Bible:John.10.34 Bible:John.12.34 Bible:John.15.25,"John x. 34; xii. 34; xv.
25"
volume_3,tertullian,against_marcion,Isa,Isa,28,11,old_testament_or_other,Bible:Isa.28.11,"Isa. xxviii.
11"
volume_3,tertullian,against_marcion,1Cor,1Cor,14,21,new_testament,Bible:1Cor.14.21,1 Cor. xiv. 21
volume_3,tertullian,against_marcion,1Cor,1Cor,14,34,new_testament,Bible:1Cor.14.34-1Cor.14.35,"1 Cor. xiv. 34, 35"
volume_3,tertullian,against_marcion,1Cor,1Cor,11,5,new_testament,Bible:1Cor.11.5-1Cor.11.6,"1 Cor. xi. 5, 6"
volume_3,tertullian,against_marcion,1Cor,1Cor|Gen,14,34,new_testament,Bible:1Cor.14.34 Bible:Gen.3.16,"1
Cor. xiv. 34, where Gen. iii. 16"
volume_3,tertullian,against_marcion,1Cor,1Cor,14,25,new_testament,Bible:1Cor.14.25,1 Cor. xiv. 25
volume_3,tertullian,against_marcion,1Cor,1Cor,14,26,new_testament,Bible:1Cor.14.26,1 Cor. xiv. 26
volume_3,tertullian,against_marcion,Gen,Gen,3,19,old_testament_or_other,Bible:Gen.3.19,Gen. iii. 19
volume_3,tertullian,against_marcion,1Cor,1Cor,15,21,new_testament,Bible:1Cor.15.21,1 Cor. xv. 21
volume_3,tertullian,against_marcion,1Cor,1Cor|1Cor,15,25,new_testament,Bible:1Cor.15.25 Bible:1Cor.15.27,"1 Cor. xv. 25, 27"
volume_3,tertullian,against_marcion,Ps,Ps|Ps,110,1,old_testament_or_other,Bible:Ps.110.1-Ps.110.2 Bible:Ps.8.6,"Ps. cx.
1, 2, and viii. 6"
volume_3,tertullian,against_marcion,Ps,Ps,110,,old_testament_or_other,Bible:Ps.110,Ps. cx
volume_3,tertullian,against_marcion,2Kgs,2Kgs,19,14,old_testament_or_other,Bible:2Kgs.19.14,2 Kings xix. 14
volume_3,tertullian,against_marcion,Ps,Ps,110,3,old_testament_or_other,Bible:Ps.110.3,Ps. cx. 3
volume_3,tertullian,against_marcion,Dan,Dan,7,13,old_testament_or_other,Bible:Dan.7.13,"Dan. vii.
13"
volume_3,tertullian,against_marcion,Gen,Gen,35,8,old_testament_or_other,Bible:Gen.35.8,Gen. xxxv. 8
volume_3,tertullian,against_marcion,Matt,Matt,22,44,new_testament,Bible:Matt.22.44,Matt. xxii. 44
volume_3,tertullian,against_marcion,1Macc,1Macc,10,20,deuterocanonical,Bible:1Macc.10.20,1 Macc. x. 20
volume_3,tertullian,against_marcion,Ps,Ps,110,,old_testament_or_other,Bible:Ps.110,Ps. cx.
volume_3,tertullian,against_marcion,Ps,Ps,110,4,old_testament_or_other,Bible:Ps.110.4,Ps. cx. 4
volume_3,tertullian,against_marcion,Ps,Ps,72,1,old_testament_or_other,Bible:Ps.72.1,Ps. lxxii. 1
volume_3,tertullian,against_marcion,Ps,Ps,72,6,old_testament_or_other,Bible:Ps.72.6,Ps. lxxii. 6
volume_3,tertullian,against_marcion,Ps,Ps,70,8,old_testament_or_other,Bible:Ps.70.8,Ps. lxx. 8
volume_3,tertullian,against_marcion,Ps,Ps,70,11,old_testament_or_other,Bible:Ps.70.11,Ps. lxx. 11
volume_3,tertullian,against_marcion,Ps,Ps,70,17,old_testament_or_other,Bible:Ps.70.17,Ps. lxx. 17
volume_3,tertullian,against_marcion,Ps,Ps,70,18,old_testament_or_other,Bible:Ps.70.18,Ps. lxx. 18
volume_3,tertullian,against_marcion,Ps,Ps,70,19,old_testament_or_other,Bible:Ps.70.19,Ps. lxx. 19
volume_3,tertullian,against_marcion,Ps,Ps,70,9,old_testament_or_other,Bible:Ps.70.9,Ps. lxx. 9
volume_3,tertullian,against_marcion,1Cor,1Cor,15,29,new_testament,Bible:1Cor.15.29,1 Cor. xv. 29
volume_3,tertullian,against_marcion,Eph,Eph,4,5,new_testament,Bible:Eph.4.5,Eph. iv. 5
volume_3,tertullian,against_marcion,1Cor,1Cor,15,35,new_testament,Bible:1Cor.15.35,1 Cor. xv. 35
volume_3,tertullian,against_marcion,1Cor,1Cor,15,37,new_testament,Bible:1Cor.15.37-1Cor.15.38,"1 Cor. xv. 37, 38"
volume_3,tertullian,against_marcion,1Cor,1Cor,15,38,new_testament,Bible:1Cor.15.38,1 Cor. xv. 38
volume_3,tertullian,against_marcion,1Cor,1Cor,15,39,new_testament,Bible:1Cor.15.39-1Cor.15.41,1 Cor. xv. 39–41
volume_3,tertullian,against_marcion,1Cor,1Cor,15,42,new_testament,Bible:1Cor.15.42,1 Cor. xv. 42
volume_3,tertullian,against_marcion,1Cor,1Cor,15,42,new_testament,Bible:1Cor.15.42-1Cor.15.43,"1 Cor. xv. 42, 43"
volume_3,tertullian,against_marcion,1Cor,1Cor,15,44,new_testament,Bible:1Cor.15.44,1 Cor. xv. 44
volume_3,tertullian,against_marcion,1Cor,1Cor,15,46,new_testament,Bible:1Cor.15.46,1 Cor. xv. 46
volume_3,tertullian,against_marcion,1Cor,1Cor,15,45,new_testament,Bible:1Cor.15.45,1 Cor. xv. 45
volume_3,tertullian,against_marcion,1Cor,1Cor,15,47,new_testament,Bible:1Cor.15.47,1 Cor. xv. 47
volume_3,tertullian,against_marcion,1Cor,1Cor,15,48,new_testament,Bible:1Cor.15.48,"ver.
48"
volume_3,tertullian,against_marcion,Phil,Phil,3,20,new_testament,Bible:Phil.3.20-Phil.3.21,"Phil. iii. 20,
21"
volume_3,tertullian,against_marcion,1Cor,1Cor,15,49,new_testament,Bible:1Cor.15.49,1 Cor. xv. 49
volume_3,tertullian,against_marcion,1Cor,1Cor,15,50,new_testament,Bible:1Cor.15.50,1 Cor. xv. 50
volume_3,tertullian,against_marcion,Gal,Gal,5,19,new_testament,Bible:Gal.5.19-Gal.5.21,Gal. v. 19–21
volume_3,tertullian,against_marcion,Rom,Rom,8,8,new_testament,Bible:Rom.8.8,Rom. viii. 8
volume_3,tertullian,against_marcion,1Cor,1Cor,15,52,new_testament,Bible:1Cor.15.52,1 Cor. xv. 52
volume_3,tertullian,against_marcion,1Cor,1Cor,15,53,new_testament,Bible:1Cor.15.53,1 Cor. xv. 53
volume_3,tertullian,against_marcion,Matt,Matt|Luke,22,30,new_testament,Bible:Matt.22.30 Bible:Luke.20.36,Matt. xxii. 30 and Luke xx. 36
volume_3,tertullian,against_marcion,Isa,Isa,25,8,old_testament_or_other,Bible:Isa.25.8,Isa. xxv. 8
volume_3,tertullian,against_marcion,1Cor,1Cor,15,55,new_testament,Bible:1Cor.15.55,1 Cor. xv. 55
volume_3,tertullian,against_marcion,Isa,Isa|Hos,25,8,old_testament_or_other,Bible:Isa.25.8 Bible:Hos.13.14,"Isa.
xxv. 8 and (especially) Hos. xiii. 14"
volume_3,tertullian,against_marcion,1Cor,1Cor,15,55,new_testament,Bible:1Cor.15.55,"1 Cor. xv.
55"
volume_3,tertullian,against_marcion,2Cor,2Cor,1,3,new_testament,Bible:2Cor.1.3,2 Cor. i. 3
volume_3,tertullian,against_marcion,Gen,Gen,1,22,old_testament_or_other,Bible:Gen.1.22,Gen. i. 22
volume_3,tertullian,against_marcion,Dan,Dan|Dan|Dan|Dan,2,19,old_testament_or_other,Bible:Dan.2.19-Dan.2.20 Bible:Dan.3.28-Dan.3.29 Bible:Dan.4.34 Bible:Dan.4.37,"Dan. ii. 19, 20; iii. 28, 29; iv. 34,
37"
volume_3,tertullian,against_marcion,Ps,Ps|Ps|Ps|Jonah,86,15,old_testament_or_other,Bible:Ps.86.15 Bible:Ps.112.4 Bible:Ps.145.8 Bible:Jonah.4.2,"Ps. lxxxvi. 15; cxii. 4; cxlv. 8; Jonah
iv. 2"
volume_3,tertullian,against_marcion,Jonah,Jonah,3,8,old_testament_or_other,Bible:Jonah.3.8,Jonah iii. 8
volume_3,tertullian,against_marcion,2Kgs,2Kgs|2Kgs,20,3,old_testament_or_other,Bible:2Kgs.20.3 Bible:2Kgs.20.5,"2 Kings xx. 3, 5"
volume_3,tertullian,against_marcion,1Kgs,1Kgs|1Kgs,21,27,old_testament_or_other,Bible:1Kgs.21.27 Bible:1Kgs.21.29,"1 Kings xxi. 27, 29"
volume_3,tertullian,against_marcion,2Cor,2Cor,3,6,new_testament,Bible:2Cor.3.6,2 Cor. iii. 6
volume_3,tertullian,against_marcion,Joel,Joel,2,28,old_testament_or_other,Bible:Joel.2.28,Joel ii. 28
volume_3,tertullian,against_marcion,2Cor,2Cor|2Cor,3,7,new_testament,Bible:2Cor.3.7 Bible:2Cor.3.13,"2 Cor. iii. 7, 13"
volume_3,tertullian,against_marcion,2Cor,2Cor,3,7,new_testament,Bible:2Cor.3.7-2Cor.3.8,"2 Cor. iii. 7, 8"
volume_3,tertullian,against_marcion,2Cor,2Cor,3,14,new_testament,Bible:2Cor.3.14,"2 Cor.
iii. 14"
volume_3,tertullian,against_marcion,2Cor,2Cor,3,15,new_testament,Bible:2Cor.3.15,2 Cor. iii. 15
volume_3,tertullian,against_marcion,2Cor,2Cor,3,16,new_testament,Bible:2Cor.3.16,2 Cor. iii. 16
volume_3,tertullian,against_marcion,2Cor,2Cor,3,18,new_testament,Bible:2Cor.3.18,2 Cor. iii. 18
volume_3,tertullian,against_marcion,2Cor,2Cor,4,4,new_testament,Bible:2Cor.4.4,2 Cor. iv. 4
volume_3,tertullian,against_marcion,Isa,Isa,14,14,old_testament_or_other,Bible:Isa.14.14,Isa. xiv. 14
volume_3,tertullian,against_marcion,2Cor,2Cor,4,6,new_testament,Bible:2Cor.4.6,2 Cor. iv. 6
volume_3,tertullian,against_marcion,Gen,Gen,1,3,old_testament_or_other,Bible:Gen.1.3,Gen. i. 3
volume_3,tertullian,against_marcion,Isa,Isa,49,6,old_testament_or_other,Bible:Isa.49.6,Isa. xlix. 6
volume_3,tertullian,against_marcion,Acts,Acts,13,47,new_testament,Bible:Acts.13.47,Acts xiii. 47
volume_3,tertullian,against_marcion,Isa,Isa|Matt,9,2,old_testament_or_other,Bible:Isa.9.2 Bible:Matt.4.16,"Isa.
ix. 2 and Matt. iv. 16"
volume_3,tertullian,against_marcion,Ps,Ps,4,7,old_testament_or_other,Bible:Ps.4.7,Ps. iv. 7
volume_3,tertullian,against_marcion,Eph,Eph,2,12,new_testament,Bible:Eph.2.12,Eph. ii. 12
volume_3,tertullian,against_marcion,2Cor,2Cor,4,7,new_testament,Bible:2Cor.4.7,2 Cor. iv. 7
volume_3,tertullian,against_marcion,2Cor,2Cor,4,8,new_testament,Bible:2Cor.4.8-2Cor.4.12,2 Cor. iv. 8–12
volume_3,tertullian,against_marcion,2Cor,2Cor,4,10,new_testament,Bible:2Cor.4.10,2 Cor. iv. 10
volume_3,tertullian,against_marcion,2Cor,2Cor,4,16,new_testament,Bible:2Cor.4.16-2Cor.4.18,2 Cor. iv. 16–18
volume_3,tertullian,against_marcion,2Cor,2Cor,4,11,new_testament,Bible:2Cor.4.11,2 Cor. iv. 11
volume_3,tertullian,against_marcion,2Cor,2Cor,4,14,new_testament,Bible:2Cor.4.14,2 Cor. iv. 14
volume_3,tertullian,against_marcion,2Cor,2Cor,4,16,new_testament,Bible:2Cor.4.16,2 Cor. iv. 16
volume_3,tertullian,against_marcion,2Cor,2Cor,5,1,new_testament,Bible:2Cor.5.1,2 Cor. v. 1
volume_3,tertullian,against_marcion,2Cor,2Cor,5,2,new_testament,Bible:2Cor.5.2-2Cor.5.3,"2 Cor. v. 2, 3"
volume_3,tertullian,against_marcion,2Cor,2Cor,5,4,new_testament,Bible:2Cor.5.4,2 Cor. v. 4
volume_3,tertullian,against_marcion,2Cor,2Cor,5,5,new_testament,Bible:2Cor.5.5,2 Cor. v. 5
volume_3,tertullian,against_marcion,2Cor,2Cor,5,6,new_testament,Bible:2Cor.5.6,2 Cor. v. 6
volume_3,tertullian,against_marcion,2Cor,2Cor,5,8,new_testament,Bible:2Cor.5.8,2 Cor. v. 8
volume_3,tertullian,against_marcion,2Cor,2Cor,5,10,new_testament,Bible:2Cor.5.10,2 Cor. v. 10
volume_3,tertullian,against_marcion,2Cor,2Cor,5,17,new_testament,Bible:2Cor.5.17,2 Cor. v. 17
volume_3,tertullian,against_marcion,2Cor,2Cor,7,1,new_testament,Bible:2Cor.7.1,2 Cor. vii. 1
volume_3,tertullian,against_marcion,2Cor,2Cor,11,2,new_testament,Bible:2Cor.11.2,2 Cor. xi. 2
volume_3,tertullian,against_marcion,2Cor,2Cor,11,13,new_testament,Bible:2Cor.11.13,2 Cor. xi. 13
volume_3,tertullian,against_marcion,2Cor,2Cor,11,14,new_testament,Bible:2Cor.11.14,2 Cor. xi. 14
volume_3,tertullian,against_marcion,2Kgs,2Kgs,2,11,old_testament_or_other,Bible:2Kgs.2.11,2 Kings ii. 11
volume_3,tertullian,against_marcion,2Cor,2Cor,12,7,new_testament,Bible:2Cor.12.7-2Cor.12.8,"2 Cor. xii. 7, 8"
volume_3,tertullian,against_marcion,1Sam,1Sam|Ps|Luke,2,7,old_testament_or_other,Bible:1Sam.2.7-1Sam.2.8 Bible:Ps.147.6 Bible:Luke.1.52,"1 Sam. ii. 7, 8; Ps. cxlvii. 6; Luke i.
52"
volume_3,tertullian,against_marcion,Job,Job|2Cor,1,12,old_testament_or_other,Bible:Job.1.12 Bible:2Cor.12.9,"Job
i. 12 and 2 Cor. xii. 9"
volume_3,tertullian,against_marcion,Gal,Gal,1,6,new_testament,Bible:Gal.1.6-Gal.1.9,Gal. i. 6–9
volume_3,tertullian,against_marcion,2Cor,2Cor,13,1,new_testament,Bible:2Cor.13.1,2 Cor. xiii. 1
volume_3,tertullian,against_marcion,2Cor,2Cor,13,2,new_testament,Bible:2Cor.13.2,2 Cor. xiii. 2
volume_3,tertullian,against_marcion,2Cor,2Cor,13,10,new_testament,Bible:2Cor.13.10,2 Cor. xiii. 10
volume_3,tertullian,against_marcion,Rom,Rom,1,16,new_testament,Bible:Rom.1.16-Rom.1.17,"Rom. i. 16, 17"
volume_3,tertullian,against_marcion,Rom,Rom,1,18,new_testament,Bible:Rom.1.18,Rom. i. 18
volume_3,tertullian,against_marcion,Rom,Rom,2,2,new_testament,Bible:Rom.2.2,Rom. ii. 2
volume_3,tertullian,against_marcion,Rom,Rom,2,12,new_testament,Bible:Rom.2.12-Rom.2.16,Rom. ii. 12–16
volume_3,tertullian,against_marcion,Rom,Rom,2,16,new_testament,Bible:Rom.2.16,Rom. ii. 16
volume_3,tertullian,against_marcion,Rom,Rom,1,16,new_testament,Bible:Rom.1.16-Rom.1.17,verses 16 and 17
volume_3,tertullian,against_marcion,Rom,Rom,2,21,new_testament,Bible:Rom.2.21,Rom. ii. 21
volume_3,tertullian,against_marcion,Exod,Exod,20,15,old_testament_or_other,Bible:Exod.20.15,Ex. xx. 15
volume_3,tertullian,against_marcion,Rom,Rom,2,24,new_testament,Bible:Rom.2.24,Rom. ii. 24
volume_3,tertullian,against_marcion,Rom,Rom,2,29,new_testament,Bible:Rom.2.29,Rom. ii. 29
volume_3,tertullian,against_marcion,Rom,Rom,2,28,new_testament,Bible:Rom.2.28,Rom. ii. 28
volume_3,tertullian,against_marcion,Rom,Rom,3,21,new_testament,Bible:Rom.3.21-Rom.3.22,"Rom. iii. 21, 22"
volume_3,tertullian,against_marcion,Rom,Rom,5,1,new_testament,Bible:Rom.5.1,Rom. v. 1
volume_3,tertullian,against_marcion,Rom,Rom,5,20,new_testament,Bible:Rom.5.20,Rom. v. 20
volume_3,tertullian,against_marcion,Rom,Rom,5,21,new_testament,Bible:Rom.5.21,Rom. v. 21
volume_3,tertullian,against_marcion,Gal,Gal,3,22,new_testament,Bible:Gal.3.22,Gal. iii. 22
volume_3,tertullian,against_marcion,Rom,Rom,3,19,new_testament,Bible:Rom.3.19,Rom. iii. 19
volume_3,tertullian,against_marcion,Rom,Rom|Gal,7,4,new_testament,Bible:Rom.7.4 Bible:Gal.2.19,"Rom.
vii. 4, also Gal. ii. 19"
volume_3,tertullian,against_marcion,Rom,Rom,6,2,new_testament,Bible:Rom.6.2,Rom. vi. 2
volume_3,tertullian,against_marcion,Rom,Rom,7,4,new_testament,Bible:Rom.7.4,Rom. vii. 4
volume_3,tertullian,against_marcion,John,John,1,14,new_testament,Bible:John.1.14,John i. 14
volume_3,tertullian,against_marcion,Rom,Rom|Rom,7,4,new_testament,Bible:Rom.7.4-Rom.7.6 Bible:Rom.8.2-Rom.8.3,"first part of ver. 4 with vers. 5 and 6 and
viii. 2, 3"
volume_3,tertullian,against_marcion,Rom,Rom,7,7,new_testament,Bible:Rom.7.7,Rom. vii. 7
volume_3,tertullian,against_marcion,Rom,Rom,7,7,new_testament,Bible:Rom.7.7,"Rom. vii.
7"
volume_3,tertullian,against_marcion,Rom,Rom,7,8,new_testament,Bible:Rom.7.8,Rom. vii. 8
volume_3,tertullian,against_marcion,Rom,Rom,7,13,new_testament,Bible:Rom.7.13,Rom. vii. 13
volume_3,tertullian,against_marcion,Rom,Rom,7,14,new_testament,Bible:Rom.7.14,Rom. vii. 14
volume_3,tertullian,against_marcion,Rom,Rom,8,3,new_testament,Bible:Rom.8.3,Rom. viii. 3
volume_3,tertullian,against_marcion,Rom,Rom,7,23,new_testament,Bible:Rom.7.23,Rom. vii. 23
volume_3,tertullian,against_marcion,Rom,Rom,8,5,new_testament,Bible:Rom.8.5-Rom.8.13,Rom. viii. 5–13
volume_3,tertullian,against_marcion,Rom,Rom,8,10,new_testament,Bible:Rom.8.10,Rom. viii. 10
volume_3,tertullian,against_marcion,Rom,Rom,8,11,new_testament,Bible:Rom.8.11,Rom. viii. 11
volume_3,tertullian,against_marcion,Rom,Rom,8,11,new_testament,Bible:Rom.8.11-Rom.10.2,Rom. viii. 11 to x. 2
volume_3,tertullian,against_marcion,Rom,Rom,14,23,new_testament,Bible:Rom.14.23,xiv. 23
volume_3,tertullian,against_marcion,Rom,Rom,14,23,new_testament,Bible:Rom.14.23,23d verse of chap. xiv
volume_3,tertullian,against_marcion,Rom,Rom|Rom,15,,new_testament,Bible:Rom.15 Bible:Rom.16,"chaps. xv., xvi"
volume_3,tertullian,against_marcion,Rom,Rom,10,2,new_testament,Bible:Rom.10.2-Rom.10.4,Rom. x. 2–4
volume_3,tertullian,against_marcion,Ps,Ps,2,2,old_testament_or_other,Bible:Ps.2.2,Ps. ii. 2
volume_3,tertullian,against_marcion,Rom,Rom,10,17,new_testament,Bible:Rom.10.17,Rom. x. 17
volume_3,tertullian,against_marcion,Rom,Rom,11,34,new_testament,Bible:Rom.11.34-Rom.11.35,"Rom. xi. 34,
35"
volume_3,tertullian,against_marcion,Rom,Rom,12,9,new_testament,Bible:Rom.12.9,Rom. xii. 9
volume_3,tertullian,against_marcion,Ps,Ps,34,14,old_testament_or_other,Bible:Ps.34.14,Ps. xxxiv. 14
volume_3,tertullian,against_marcion,Rom,Rom,12,10,new_testament,Bible:Rom.12.10,Rom. xii. 10
volume_3,tertullian,against_marcion,Rom,Rom,12,12,new_testament,Bible:Rom.12.12,Rom. xii. 12
volume_3,tertullian,against_marcion,Ps,Ps,20,1,old_testament_or_other,Bible:Ps.20.1,Ps. xx. 1
volume_3,tertullian,against_marcion,Rom,Rom,12,16,new_testament,Bible:Rom.12.16,Rom. xii. 16
volume_3,tertullian,against_marcion,Isa,Isa,5,21,old_testament_or_other,Bible:Isa.5.21,Isa. v. 21
volume_3,tertullian,against_marcion,Rom,Rom,12,17,new_testament,Bible:Rom.12.17,Rom. xii. 17
volume_3,tertullian,against_marcion,Lev,Lev,19,17,old_testament_or_other,Bible:Lev.19.17-Lev.19.18,"Lev. xix. 17, 18"
volume_3,tertullian,against_marcion,Rom,Rom,12,19,new_testament,Bible:Rom.12.19,Rom. xii. 19
volume_3,tertullian,against_marcion,Rom,Rom|Deut,12,19,new_testament,Bible:Rom.12.19 Bible:Deut.32.25,"Rom. xii. 19, quoted from Deut. xxxii.
25"
volume_3,tertullian,against_marcion,Rom,Rom,12,18,new_testament,Bible:Rom.12.18,Rom. xii. 18
volume_3,tertullian,against_marcion,Rom,Rom,13,9,new_testament,Bible:Rom.13.9,Rom. xiii. 9
volume_3,tertullian,against_marcion,1Thess,1Thess,2,15,new_testament,Bible:1Thess.2.15,1 Thess. ii. 15
volume_3,tertullian,against_marcion,1Thess,1Thess,4,3,new_testament,Bible:1Thess.4.3-1Thess.4.4,"1 Thess. iv. 3, 4"
volume_3,tertullian,against_marcion,1Thess,1Thess,4,5,new_testament,Bible:1Thess.4.5,1 Thess. iv. 5
volume_3,tertullian,against_marcion,1Thess,1Thess,4,15,new_testament,Bible:1Thess.4.15-1Thess.4.17,1 Thess. iv. 15–17
volume_3,tertullian,against_marcion,1Thess,1Thess,5,19,new_testament,Bible:1Thess.5.19-1Thess.5.20,"1 Thess. v. 19, 20"
volume_3,tertullian,against_marcion,1Thess,1Thess,5,23,new_testament,Bible:1Thess.5.23,1 Thess. v. 23
volume_3,tertullian,against_marcion,2Thess,2Thess,1,6,new_testament,Bible:2Thess.1.6-2Thess.1.8,2 Thess. i. 6–8
volume_3,tertullian,against_marcion,2Thess,2Thess,1,8,new_testament,Bible:2Thess.1.8-2Thess.1.9,"2 Thess. i. 8, 9"
volume_3,tertullian,against_marcion,2Thess,2Thess,1,8,new_testament,Bible:2Thess.1.8,2 Thess. i. 8
volume_3,tertullian,against_marcion,2Thess,2Thess,1,9,new_testament,Bible:2Thess.1.9,2 Thess. i. 9
volume_3,tertullian,against_marcion,2Thess,2Thess,2,3,new_testament,Bible:2Thess.2.3-2Thess.2.4,"2 Thess. ii. 3, 4"
volume_3,tertullian,against_marcion,1John,1John,4,1,new_testament,Bible:1John.4.1-1John.4.3,1 John iv. 1–3
volume_3,tertullian,against_marcion,1John,1John,4,3,new_testament,Bible:1John.4.3,1 John iv. 3
volume_3,tertullian,against_marcion,John,John,4,2,new_testament,Bible:John.4.2,ver. 2
volume_3,tertullian,against_marcion,John,John,4,3,new_testament,Bible:John.4.3,"ver.
3"
volume_3,tertullian,against_marcion,2Thess,2Thess,2,9,new_testament,Bible:2Thess.2.9,2 Thess. ii. 9
volume_3,tertullian,against_marcion,2Thess,2Thess,2,10,new_testament,Bible:2Thess.2.10-2Thess.2.12,2 Thess. ii. 10–12
volume_3,tertullian,against_marcion,2Thess,2Thess,2,11,new_testament,Bible:2Thess.2.11,2 Thess. ii. 11
volume_3,tertullian,against_marcion,2Thess,2Thess,3,10,new_testament,Bible:2Thess.3.10,2 Thess. iii. 10
volume_3,tertullian,against_marcion,Eph,Eph,1,9,new_testament,Bible:Eph.1.9-Eph.1.10,"Eph. i. 9, 10"
volume_3,tertullian,against_marcion,Eph,Eph,1,12,new_testament,Bible:Eph.1.12,Eph. i. 12
volume_3,tertullian,against_marcion,Eph,Eph,1,13,new_testament,Bible:Eph.1.13,Eph. i. 13
volume_3,tertullian,against_marcion,Eph,Eph,2,17,new_testament,Bible:Eph.2.17,Eph. ii. 17
volume_3,tertullian,against_marcion,Ps,Ps,24,10,old_testament_or_other,Bible:Ps.24.10,Ps. xxiv. 10
volume_3,tertullian,against_marcion,Eph,Eph,1,17,new_testament,Bible:Eph.1.17,Eph. i. 17
volume_3,tertullian,against_marcion,Isa,Isa,11,2,old_testament_or_other,Bible:Isa.11.2,Isa. xi. 2
volume_3,tertullian,against_marcion,Eph,Eph,1,18,new_testament,Bible:Eph.1.18,Eph. i. 18
volume_3,tertullian,against_marcion,Eph,Eph,1,19,new_testament,Bible:Eph.1.19-Eph.1.22,Eph. i. 19–22
volume_3,tertullian,against_marcion,Ps,Ps,8,7,old_testament_or_other,Bible:Ps.8.7,Ps. viii. 7
volume_3,tertullian,against_marcion,Eph,Eph,2,1,new_testament,Bible:Eph.2.1-Eph.2.2,"Eph. ii. 1, 2"
volume_3,tertullian,against_marcion,Eph,Eph,2,2,new_testament,Bible:Eph.2.2,ver. 2
volume_3,tertullian,against_marcion,Isa,Isa,14,13,old_testament_or_other,Bible:Isa.14.13-Isa.14.14,"Isa. xiv. 13, 14"
volume_3,tertullian,against_marcion,Eph,Eph,2,3,new_testament,Bible:Eph.2.3,Eph. ii. 3
volume_3,tertullian,against_marcion,Eph,Eph,2,10,new_testament,Bible:Eph.2.10,Eph. ii. 10
volume_3,tertullian,against_marcion,Eph,Eph,2,11,new_testament,Bible:Eph.2.11-Eph.2.12,"Eph. ii. 11, 12"
volume_3,tertullian,against_marcion,Eph,Eph,2,13,new_testament,Bible:Eph.2.13,Eph. ii. 13
volume_3,tertullian,against_marcion,Isa,Isa,46,12,old_testament_or_other,Bible:Isa.46.12-Isa.46.13,"Isa. xlvi. 12, 13"
volume_3,tertullian,against_marcion,Eph,Eph,2,14,new_testament,Bible:Eph.2.14,Eph. ii. 14
volume_3,tertullian,against_marcion,Eph,Eph,2,15,new_testament,Bible:Eph.2.15,Eph. ii. 15
volume_3,tertullian,against_marcion,Eph,Eph,2,15,new_testament,Bible:Eph.2.15-Eph.2.16,Eph. ii. 15–16
volume_3,tertullian,against_marcion,Eph,Eph,2,16,new_testament,Bible:Eph.2.16,Eph. ii. 16
volume_3,tertullian,against_marcion,Eph,Eph,2,17,new_testament,Bible:Eph.2.17-Eph.2.20,Eph. ii. 17–20
volume_3,tertullian,against_marcion,Ps,Ps,118,22,old_testament_or_other,Bible:Ps.118.22,Ps. cxviii. 22
volume_3,tertullian,against_marcion,Eph,Eph,3,8,new_testament,Bible:Eph.3.8-Eph.3.9,"Eph. iii. 8, 9"
volume_3,tertullian,against_marcion,Col,Col,3,3,new_testament,Bible:Col.3.3,Col. iii. 3
volume_3,tertullian,against_marcion,Eph,Eph,3,10,new_testament,Bible:Eph.3.10,Eph. iii. 10
volume_3,tertullian,against_marcion,Eph,Eph|Ps,4,8,new_testament,Bible:Eph.4.8 Bible:Ps.68.19,"Eph.
iv. 8 and Ps. lxviii. 19"
volume_3,tertullian,against_marcion,Eph,Eph,4,25,new_testament,Bible:Eph.4.25,Eph. iv. 25
volume_3,tertullian,against_marcion,Eph,Eph,4,26,new_testament,Bible:Eph.4.26,Eph. iv. 26
volume_3,tertullian,against_marcion,Eph,Eph,5,11,new_testament,Bible:Eph.5.11,Eph. v. 11
volume_3,tertullian,against_marcion,Ps,Ps,18,26,old_testament_or_other,Bible:Ps.18.26,Ps. xviii. 26
volume_3,tertullian,against_marcion,Deut,Deut|1Cor,21,21,old_testament_or_other,Bible:Deut.21.21 Bible:1Cor.5.13,"Deut. xxi. 21, quoted also in 1 Cor. v.
13"
volume_3,tertullian,against_marcion,Isa,Isa|2Cor,52,11,old_testament_or_other,Bible:Isa.52.11 Bible:2Cor.6.17,"Isa. lii. 11, quoted in 2 Cor. vi. 17"
volume_3,tertullian,against_marcion,Eph,Eph,5,18,new_testament,Bible:Eph.5.18,Eph. v. 18
volume_3,tertullian,against_marcion,Amos,Amos,2,12,old_testament_or_other,Bible:Amos.2.12,Amos ii. 12
volume_3,tertullian,against_marcion,Lev,Lev,10,9,old_testament_or_other,Bible:Lev.10.9,Lev. x. 9
volume_3,tertullian,against_marcion,Eph,Eph,5,19,new_testament,Bible:Eph.5.19,Eph. v. 19
volume_3,tertullian,against_marcion,Isa,Isa,5,11,old_testament_or_other,Bible:Isa.5.11-Isa.5.12,"Isa. v. 11, 12"
volume_3,tertullian,against_marcion,Eph,Eph|Eph,5,22,new_testament,Bible:Eph.5.22 Bible:Eph.5.24,"Eph. v. 22, 24"
volume_3,tertullian,against_marcion,Eph,Eph,5,23,new_testament,Bible:Eph.5.23,Eph. v. 23
volume_3,tertullian,against_marcion,Eph,Eph|Eph,5,25,new_testament,Bible:Eph.5.25 Bible:Eph.5.28,"Eph. v. 25, 28"
volume_3,tertullian,against_marcion,Eph,Eph,5,29,new_testament,Bible:Eph.5.29,Eph. v. 29
volume_3,tertullian,against_marcion,Eph,Eph,5,32,new_testament,Bible:Eph.5.32,Eph. v. 32
volume_3,tertullian,against_marcion,Eph,Eph,6,1,new_testament,Bible:Eph.6.1,Eph. vi. 1
volume_3,tertullian,against_marcion,Eph,Eph,6,2,new_testament,Bible:Eph.6.2,Eph. vi. 2
volume_3,tertullian,against_marcion,Exod,Exod,20,12,old_testament_or_other,Bible:Exod.20.12,Ex. xx. 12
volume_3,tertullian,against_marcion,Eph,Eph,6,4,new_testament,Bible:Eph.6.4,Eph. vi. 4
volume_3,tertullian,against_marcion,Exod,Exod,10,2,old_testament_or_other,Bible:Exod.10.2,Ex. x. 2
volume_3,tertullian,against_marcion,Eph,Eph,6,12,new_testament,Bible:Eph.6.12,Eph. vi. 12
volume_3,tertullian,against_marcion,Eph,Eph,6,11,new_testament,Bible:Eph.6.11,Eph. vi. 11
volume_3,tertullian,against_marcion,Eph,Eph,6,12,new_testament,Bible:Eph.6.12,"12th
verse"
volume_3,tertullian,against_marcion,Eph,Eph,6,19,new_testament,Bible:Eph.6.19-Eph.6.20,"Eph. vi. 19, 20"
volume_3,tertullian,against_marcion,Col,Col,1,5,new_testament,Bible:Col.1.5-Col.1.6,"Col. i. 5, 6"
volume_3,tertullian,against_marcion,Col,Col,1,15,new_testament,Bible:Col.1.15,Col. i. 15
volume_3,tertullian,against_marcion,John,John,1,3,new_testament,Bible:John.1.3,John i. 3
volume_3,tertullian,against_marcion,Col,Col,1,19,new_testament,Bible:Col.1.19,Col. i. 19
volume_3,tertullian,against_marcion,Col,Col,1,20,new_testament,Bible:Col.1.20,Col. i. 20
volume_3,tertullian,against_marcion,Col,Col,1,21,new_testament,Bible:Col.1.21,Col. i. 21
volume_3,tertullian,against_marcion,Eph,Eph,1,23,new_testament,Bible:Eph.1.23,Eph. i. 23
volume_3,tertullian,against_marcion,Col,Col,1,24,new_testament,Bible:Col.1.24,Col. i. 24
volume_3,tertullian,against_marcion,Col,Col,1,22,new_testament,Bible:Col.1.22,Col. i. 22
volume_3,tertullian,against_marcion,Col,Col,2,8,new_testament,Bible:Col.2.8,Col. ii. 8
volume_3,tertullian,against_marcion,Isa,Isa|1Cor|Jer|Job,29,14,old_testament_or_other,Bible:Isa.29.14 Bible:1Cor.1.19 Bible:Jer.8.9 Bible:Job.5.12-Job.5.13,"Isa. xxix. 14, quoted 1 Cor. i. 19; comp. Jer.
viii. 9 and Job v. 12, 13"
volume_3,tertullian,against_marcion,Col,Col,2,13,new_testament,Bible:Col.2.13,Col. ii. 13
volume_3,tertullian,against_marcion,Col,Col,2,16,new_testament,Bible:Col.2.16-Col.2.17,"Col. ii. 16, 17"
volume_3,tertullian,against_marcion,Col,Col|Col,2,18,new_testament,Bible:Col.2.18-Col.2.19 Bible:Col.2.21,"Col. ii. 18, 19, 21"
volume_3,tertullian,against_marcion,Col,Col,2,22,new_testament,Bible:Col.2.22,Col. ii. 22
volume_3,tertullian,against_marcion,Eph,Eph,1,10,new_testament,Bible:Eph.1.10,Eph. i. 10
volume_3,tertullian,against_marcion,Isa,Isa|Isa|2Cor,43,18,old_testament_or_other,Bible:Isa.43.18-Isa.43.19 Bible:Isa.65.17 Bible:2Cor.5.17,"Isa. xliii. 18, 19, and lxv. 17; 2 Cor. v.
17"
volume_3,tertullian,against_marcion,Phil,Phil,1,14,new_testament,Bible:Phil.1.14-Phil.1.17,Phil. i. 14–17
volume_3,tertullian,against_marcion,Phil,Phil,1,18,new_testament,Bible:Phil.1.18,Phil. i. 18
volume_3,tertullian,against_marcion,Phil,Phil,2,6,new_testament,Bible:Phil.2.6-Phil.2.7,"Phil. ii. 6, 7"
volume_3,tertullian,against_marcion,Phil,Phil,2,8,new_testament,Bible:Phil.2.8,Phil. ii. 8
volume_3,tertullian,against_marcion,Phil,Phil,3,4,new_testament,Bible:Phil.3.4-Phil.3.6,"Phil. iii.
4–6"
volume_3,tertullian,against_marcion,Phil,Phil,3,7,new_testament,Bible:Phil.3.7,Phil. iii. 7
volume_3,tertullian,against_marcion,Phil,Phil,3,8,new_testament,Bible:Phil.3.8,Phil. iii. 8
volume_3,tertullian,against_marcion,Phil,Phil,3,9,new_testament,Bible:Phil.3.9,Phil. iii. 9
volume_3,tertullian,against_marcion,Gen,Gen,22,17,old_testament_or_other,Bible:Gen.22.17,Gen. xxii. 17
volume_3,tertullian,against_marcion,1Cor,1Cor,15,41,new_testament,Bible:1Cor.15.41,1 Cor. xv. 41
volume_3,tertullian,against_marcion,Phil,Phil,3,21,new_testament,Bible:Phil.3.21,Phil. iii. 21
volume_3,tertullian,against_marcion,1Cor,1Cor,15,51,new_testament,Bible:1Cor.15.51-1Cor.15.52,"1 Cor. xv. 51, 52"
volume_3,tertullian,against_marcion,1Thess,1Thess,4,16,new_testament,Bible:1Thess.4.16-1Thess.4.17,"1 Thess. iv. 16, 17"
volume_3,tertullian,against_marcion,Acts,Acts,20,29,new_testament,Bible:Acts.20.29-Acts.20.30,"Acts
xx. 29, 30"
volume_3,tertullian,against_hermogenes,Gen,Gen,1,28,old_testament_or_other,Bible:Gen.1.28,Gen. i. 28
volume_3,tertullian,against_hermogenes,2Tim,2Tim,1,15,new_testament,Bible:2Tim.1.15,2 Tim. i. 15
volume_3,tertullian,against_hermogenes,Gen,Gen,1,1,old_testament_or_other,Bible:Gen.1.1,Gen. i. 1
volume_3,tertullian,against_hermogenes,Gen,Gen,1,3,old_testament_or_other,Bible:Gen.1.3,Gen. i. 3
volume_3,tertullian,against_hermogenes,Gen,Gen,2,15,old_testament_or_other,Bible:Gen.2.15,Gen. ii. 15
volume_3,tertullian,against_hermogenes,Gen,Gen,2,16,old_testament_or_other,Bible:Gen.2.16,Gen. ii. 16
volume_3,tertullian,against_hermogenes,1Cor,1Cor,8,5,new_testament,Bible:1Cor.8.5,1 Cor. viii. 5
volume_3,tertullian,against_hermogenes,Ps,Ps,82,6,old_testament_or_other,Bible:Ps.82.6,Ps. lxxxii. 6
volume_3,tertullian,against_hermogenes,Ps,Ps,82,1,old_testament_or_other,Bible:Ps.82.1,"Ver.
1"
volume_3,tertullian,against_hermogenes,Isa,Isa,45,23,old_testament_or_other,Bible:Isa.45.23,Isa. xlv. 23
volume_3,tertullian,against_hermogenes,Isa,Isa|Isa|Isa,41,4,old_testament_or_other,Bible:Isa.41.4 Bible:Isa.44.6 Bible:Isa.48.12,"Isa. xli. 4; xliv. 6; xlviii.
12"
volume_3,tertullian,against_hermogenes,Isa,Isa,44,24,old_testament_or_other,Bible:Isa.44.24,Isa. xliv. 24
volume_3,tertullian,against_hermogenes,1Cor,1Cor,5,13,new_testament,Bible:1Cor.5.13,1 Cor. v. 13
volume_3,tertullian,against_hermogenes,Matt,Matt,25,41,new_testament,Bible:Matt.25.41,Matt. xxv. 41
volume_3,tertullian,against_hermogenes,Rev,Rev,20,3,new_testament,Bible:Rev.20.3,Rev. xx. 3
volume_3,tertullian,against_hermogenes,Rom,Rom,8,19,new_testament,Bible:Rom.8.19,Rom. viii. 19
volume_3,tertullian,against_hermogenes,Rom,Rom,8,21,new_testament,Bible:Rom.8.21,Rom. viii. 21
volume_3,tertullian,against_hermogenes,Rom,Rom,8,20,new_testament,Bible:Rom.8.20,Rom. viii. 20
volume_3,tertullian,against_hermogenes,Isa,Isa,11,6,old_testament_or_other,Bible:Isa.11.6,Isa. xi. 6
volume_3,tertullian,against_hermogenes,Ps,Ps,110,1,old_testament_or_other,Bible:Ps.110.1,Ps. cx. 1
volume_3,tertullian,against_hermogenes,Matt,Matt,3,9,new_testament,Bible:Matt.3.9,Matt. iii. 9
volume_3,tertullian,against_hermogenes,Matt,Matt,3,7,new_testament,Bible:Matt.3.7-Matt.3.8,"Verses 7,
8"
volume_3,tertullian,against_hermogenes,Gen,Gen,1,21,old_testament_or_other,Bible:Gen.1.21-Gen.1.22,"Gen. i. 21, 22"
volume_3,tertullian,against_hermogenes,Matt,Matt,7,18,new_testament,Bible:Matt.7.18,Matt. vii. 18
volume_3,tertullian,against_hermogenes,Rom,Rom|Isa,11,34,new_testament,Bible:Rom.11.34-Rom.11.35 Bible:Isa.40.14,"Rom. xi. 34, 35; comp. Isa. xl. 14"
volume_3,tertullian,against_hermogenes,1Cor,1Cor,2,11,new_testament,Bible:1Cor.2.11,1 Cor. ii. 11
volume_3,tertullian,against_hermogenes,Isa,Isa,40,14,old_testament_or_other,Bible:Isa.40.14,Isa. xl. 14
volume_3,tertullian,against_hermogenes,Prov,Prov,8,27,old_testament_or_other,Bible:Prov.8.27-Prov.8.31,Prov. viii. 27–31
volume_3,tertullian,against_hermogenes,Prov,Prov,8,,old_testament_or_other,Bible:Prov.8,Prov. viii
volume_3,tertullian,against_hermogenes,Ps,Ps,45,1,old_testament_or_other,Bible:Ps.45.1,Ps. xlv. 1
volume_3,tertullian,against_hermogenes,John,John,1,1,new_testament,Bible:John.1.1,John i. 1
volume_3,tertullian,against_hermogenes,John,John,10,30,new_testament,Bible:John.10.30,John x. 30
volume_3,tertullian,against_hermogenes,Prov,Prov,8,22,old_testament_or_other,Bible:Prov.8.22,Prov. viii. 22
volume_3,tertullian,against_hermogenes,John,John,1,1,new_testament,Bible:John.1.1-John.1.3,John i. 1–3
volume_3,tertullian,against_hermogenes,Gen,Gen,1,11,old_testament_or_other,Bible:Gen.1.11-Gen.1.12,"Gen. i. 11, 12"
volume_3,tertullian,against_hermogenes,Gen,Gen,1,20,old_testament_or_other,Bible:Gen.1.20-Gen.1.21,"Gen. i. 20, 21"
volume_3,tertullian,against_hermogenes,Gen,Gen,1,24,old_testament_or_other,Bible:Gen.1.24,"Ver.
24"
volume_3,tertullian,against_hermogenes,John,John,1,3,new_testament,Bible:John.1.3,John i. 3
volume_3,tertullian,against_hermogenes,Rev,Rev,22,18,new_testament,Bible:Rev.22.18-Rev.22.19,"Rev. xxii. 18, 19"
volume_3,tertullian,against_hermogenes,Gen,Gen,1,2,old_testament_or_other,Bible:Gen.1.2,Gen. i. 2
volume_3,tertullian,against_hermogenes,Gen,Gen,1,31,old_testament_or_other,Bible:Gen.1.31,Gen. i. 31
volume_3,tertullian,against_hermogenes,Gen,Gen,1,7,old_testament_or_other,Bible:Gen.1.7,Gen. i. 7
volume_3,tertullian,against_hermogenes,Gen,Gen,1,8,old_testament_or_other,Bible:Gen.1.8,"Ver.
8"
volume_3,tertullian,against_hermogenes,Gen,Gen,1,27,old_testament_or_other,Bible:Gen.1.27,Gen. i. 27
volume_3,tertullian,against_hermogenes,Gen,Gen,2,7,old_testament_or_other,Bible:Gen.2.7,Gen. ii. 7
volume_3,tertullian,against_hermogenes,Gen,Gen,1,1,old_testament_or_other,Bible:Gen.1.1-Gen.1.2,"Gen. i. 1, 2"
volume_3,tertullian,against_hermogenes,Isa,Isa,45,18,old_testament_or_other,Bible:Isa.45.18,Isa. xlv. 18
volume_3,tertullian,against_hermogenes,Ps,Ps,24,1,old_testament_or_other,Bible:Ps.24.1,Ps. xxiv. 1
volume_3,tertullian,against_hermogenes,Gen,Gen,1,9,old_testament_or_other,Bible:Gen.1.9,Gen. i. 9
volume_3,tertullian,against_hermogenes,Gen,Gen,1,10,old_testament_or_other,Bible:Gen.1.10,Gen. i. 10
volume_3,tertullian,against_hermogenes,Gen,Gen,1,11,old_testament_or_other,Bible:Gen.1.11,"Ver.
11"
volume_3,tertullian,against_hermogenes,Gen,Gen,1,1,old_testament_or_other,Bible:Gen.1.1,"Gen. i.
1"
volume_3,tertullian,against_hermogenes,Gen,Gen|Gen|Gen|Gen|Gen,2,21,old_testament_or_other,Bible:Gen.2.21 Bible:Gen.2.23 Bible:Gen.3.5 Bible:Gen.3.19 Bible:Gen.4.10,"Gen. ii. 21, 23; iii. 5, 19; iv.
10"
volume_3,tertullian,against_hermogenes,Prov,Prov,8,24,old_testament_or_other,Bible:Prov.8.24,Prov. viii. 24
volume_3,tertullian,against_hermogenes,Isa,Isa,45,7,old_testament_or_other,Bible:Isa.45.7,Isa. xlv. 7
volume_3,tertullian,against_hermogenes,Amos,Amos,4,13,old_testament_or_other,Bible:Amos.4.13,Amos iv. 13
volume_3,tertullian,against_hermogenes,John,John,4,24,new_testament,Bible:John.4.24,John iv. 24
volume_3,tertullian,against_hermogenes,Isa,Isa,57,16,old_testament_or_other,Bible:Isa.57.16,Isa. lvii. 16
volume_3,tertullian,against_hermogenes,Prov,Prov,8,28,old_testament_or_other,Bible:Prov.8.28,Prov. viii. 28
volume_3,tertullian,against_hermogenes,Isa,Isa|Matt|2Pet|Rev,34,4,old_testament_or_other,Bible:Isa.34.4 Bible:Matt.24.29 Bible:2Pet.3.10 Bible:Rev.6.14,"Isa. xxxiv. 4; Matt. xxiv. 29; 2 Pet. iii.
10; Rev. vi. 14"
volume_3,tertullian,against_hermogenes,Matt,Matt,24,35,new_testament,Bible:Matt.24.35,Matt. xxiv. 35
volume_3,tertullian,against_hermogenes,Rev,Rev,21,1,new_testament,Bible:Rev.21.1,Rev. xxi. 1
volume_3,tertullian,against_hermogenes,Rev,Rev,20,11,new_testament,Bible:Rev.20.11,Rev. xx. 11
volume_3,tertullian,against_hermogenes,Ps,Ps,102,25,old_testament_or_other,Bible:Ps.102.25-Ps.102.26,"Ps. cii. 25, 26"
volume_3,tertullian,against_hermogenes,Rev,Rev,6,13,new_testament,Bible:Rev.6.13,Rev. vi. 13
volume_3,tertullian,against_hermogenes,Ps,Ps,97,5,old_testament_or_other,Bible:Ps.97.5,Ps. xcvii. 5
volume_3,tertullian,against_hermogenes,Isa,Isa,2,19,old_testament_or_other,Bible:Isa.2.19,Isa. ii. 19
volume_3,tertullian,against_hermogenes,Isa,Isa,42,15,old_testament_or_other,Bible:Isa.42.15,Isa. xlii. 15
volume_3,tertullian,against_hermogenes,Isa,Isa,41,17,old_testament_or_other,Bible:Isa.41.17,Isa. xli. 17
volume_3,tertullian,against_hermogenes,Dan,Dan,3,21,old_testament_or_other,Bible:Dan.3.21,Dan. iii. 21
volume_3,tertullian,against_hermogenes,Prov,Prov,8,22,old_testament_or_other,Bible:Prov.8.22-Prov.8.23,"Prov. viii. 22, 23"
volume_3,tertullian,against_hermogenes,Ps,Ps,33,6,old_testament_or_other,Bible:Ps.33.6,Ps. xxxiii. 6
volume_3,tertullian,against_hermogenes,Isa,Isa,48,13,old_testament_or_other,Bible:Isa.48.13,Isa. xlviii. 13
volume_3,tertullian,against_hermogenes,Ps,Ps,102,25,old_testament_or_other,Bible:Ps.102.25,Ps. cii. 25
volume_3,tertullian,against_hermogenes,Isa,Isa|Isa,40,12,old_testament_or_other,Bible:Isa.40.12 Bible:Isa.48.13,"Isa. xl.
12 and xlviii. 13"
volume_3,tertullian,against_hermogenes,Jer,Jer,51,15,old_testament_or_other,Bible:Jer.51.15,Jer. li. 15
volume_3,tertullian,against_hermogenes,Ps,Ps,64,7,old_testament_or_other,Bible:Ps.64.7,Ps. lxiv. 7
volume_3,tertullian,against_hermogenes,Rom,Rom,1,20,new_testament,Bible:Rom.1.20,Rom. i. 20
volume_3,tertullian,against_hermogenes,Rom,Rom,11,34,new_testament,Bible:Rom.11.34,Rom. xi. 34
volume_3,tertullian,against_hermogenes,Rom,Rom,11,33,new_testament,Bible:Rom.11.33,"Ver.
33"
volume_3,tertullian,against_valentinians,Matt,Matt,10,16,new_testament,Bible:Matt.10.16,Matt. x. 16
volume_3,tertullian,against_valentinians,Wis,Wis,1,1,deuterocanonical,Bible:Wis.1.1,Wisd. of Sol. i. 1
volume_3,tertullian,against_valentinians,1Cor,1Cor,14,20,new_testament,Bible:1Cor.14.20,1 Cor. xiv. 20
volume_3,tertullian,against_valentinians,Zech,Zech,6,12,old_testament_or_other,Bible:Zech.6.12,Zech. vi. 12
volume_3,tertullian,against_valentinians,Zech,Zech,3,8,old_testament_or_other,Bible:Zech.3.8,"Zech. iii.
8"
volume_3,tertullian,against_valentinians,Luke,Luke,1,78,new_testament,Bible:Luke.1.78,Luke i. 78
volume_3,tertullian,against_valentinians,1Tim,1Tim,1,4,new_testament,Bible:1Tim.1.4,1 Tim. i. 4
volume_3,tertullian,against_valentinians,1Cor,1Cor,11,19,new_testament,Bible:1Cor.11.19,1 Cor. xi. 19
volume_3,tertullian,against_valentinians,Col,Col,1,16,new_testament,Bible:Col.1.16,Col. i. 16
volume_3,tertullian,against_valentinians,Isa,Isa|Isa,45,5,old_testament_or_other,Bible:Isa.45.5 Bible:Isa.46.9,Isa. xlv. 5; xlvi. 9
volume_3,tertullian,against_valentinians,Eph,Eph,6,12,new_testament,Bible:Eph.6.12,"Eph. vi.
12"
volume_3,tertullian,against_valentinians,Matt,Matt,8,5,new_testament,Bible:Matt.8.5-Matt.8.6,"Matt. viii. 5, 6"
volume_3,tertullian,against_valentinians,Isa,Isa,40,6,old_testament_or_other,Bible:Isa.40.6,Isa. xl. 6
volume_3,tertullian,christ_flesh,Matt,Matt,22,23,new_testament,Bible:Matt.22.23,Matt. xxii. 23
volume_3,tertullian,christ_flesh,Luke,Luke,1,26,new_testament,Bible:Luke.1.26-Luke.1.38,Luke i. 26–38
volume_3,tertullian,christ_flesh,Isa,Isa,7,14,old_testament_or_other,Bible:Isa.7.14,Isa. vii. 14
volume_3,tertullian,christ_flesh,Luke,Luke,2,1,new_testament,Bible:Luke.2.1-Luke.2.7,Luke ii. 1–7
volume_3,tertullian,christ_flesh,Luke,Luke,2,13,new_testament,Bible:Luke.2.13,Luke ii. 13
volume_3,tertullian,christ_flesh,Luke,Luke,2,8,new_testament,Bible:Luke.2.8,Luke ii. 8
volume_3,tertullian,christ_flesh,Matt,Matt,2,1,new_testament,Bible:Matt.2.1,Matt. ii. 1
volume_3,tertullian,christ_flesh,Matt,Matt,2,11,new_testament,Bible:Matt.2.11,Matt. ii. 11
volume_3,tertullian,christ_flesh,Matt,Matt|Jer,2,16,new_testament,Bible:Matt.2.16-Matt.2.18 Bible:Jer.31.15,"Matt. ii. 16–18, and Jer. xxxi.
15"
volume_3,tertullian,christ_flesh,Luke,Luke,2,22,new_testament,Bible:Luke.2.22-Luke.2.24,Luke ii. 22–24
volume_3,tertullian,christ_flesh,Luke,Luke,2,25,new_testament,Bible:Luke.2.25-Luke.2.35,Luke ii. 25–35
volume_3,tertullian,christ_flesh,Luke,Luke,2,36,new_testament,Bible:Luke.2.36-Luke.2.38,Luke ii. 36–38
volume_3,tertullian,christ_flesh,Gen,Gen,18,,old_testament_or_other,Bible:Gen.18,Gen. xviii
volume_3,tertullian,christ_flesh,Gen,Gen,19,,old_testament_or_other,Bible:Gen.19,Gen. xix
volume_3,tertullian,christ_flesh,Gen,Gen,32,,old_testament_or_other,Bible:Gen.32,Gen. xxxii
volume_3,tertullian,christ_flesh,Matt,Matt,3,16,new_testament,Bible:Matt.3.16,Matt. iii. 16
volume_3,tertullian,christ_flesh,Phil,Phil,2,8,new_testament,Bible:Phil.2.8,Phil. ii. 8
volume_3,tertullian,christ_flesh,1Cor,1Cor,1,27,new_testament,Bible:1Cor.1.27,1 Cor. i. 27
volume_3,tertullian,christ_flesh,1Cor,1Cor,2,2,new_testament,Bible:1Cor.2.2,1 Cor. ii. 2
volume_3,tertullian,christ_flesh,Matt,Matt|Mark|Luke,10,33,new_testament,Bible:Matt.10.33 Bible:Mark.8.38 Bible:Luke.9.26,"Matt. x. 33, Mark viii. 38, and Luke ix.
26"
volume_3,tertullian,christ_flesh,Luke,Luke,24,39,new_testament,Bible:Luke.24.39,Luke xxiv. 39
volume_3,tertullian,christ_flesh,Gal,Gal,1,8,new_testament,Bible:Gal.1.8,Gal. i. 8
volume_3,tertullian,christ_flesh,Ps,Ps,78,24,old_testament_or_other,Bible:Ps.78.24,Ps. lxxviii. 24
volume_3,tertullian,christ_flesh,Matt,Matt|Luke,12,48,new_testament,Bible:Matt.12.48 Bible:Luke.8.20-Luke.8.21,"Matt. xii. 48; Luke viii. 20,
21"
volume_3,tertullian,christ_flesh,Luke,Luke,10,25,new_testament,Bible:Luke.10.25,Luke x. 25
volume_3,tertullian,christ_flesh,John,John,7,5,new_testament,Bible:John.7.5,John vii. 5
volume_3,tertullian,christ_flesh,Luke,Luke,11,27,new_testament,Bible:Luke.11.27-Luke.11.28,"Luke xi. 27, 28"
volume_3,tertullian,christ_flesh,Matt,Matt,7,17,new_testament,Bible:Matt.7.17,Matt. vii. 17
volume_3,tertullian,christ_flesh,1Cor,1Cor,15,47,new_testament,Bible:1Cor.15.47,1 Cor. xv. 47
volume_3,tertullian,christ_flesh,Matt,Matt,13,54,new_testament,Bible:Matt.13.54,Matt. xiii. 54
volume_3,tertullian,christ_flesh,Isa,Isa,53,2,old_testament_or_other,Bible:Isa.53.2,Isa. liii. 2
volume_3,tertullian,christ_flesh,Matt,Matt,26,41,new_testament,Bible:Matt.26.41,Matt. xxvi. 41
volume_3,tertullian,christ_flesh,1John,1John,1,2,new_testament,Bible:1John.1.2,1 John i. 2
volume_3,tertullian,christ_flesh,Luke,Luke,9,56,new_testament,Bible:Luke.9.56,Luke ix. 56
volume_3,tertullian,christ_flesh,Matt,Matt,26,38,new_testament,Bible:Matt.26.38,Matt. xxvi. 38
volume_3,tertullian,christ_flesh,John,John,6,51,new_testament,Bible:John.6.51,John vi. 51
volume_3,tertullian,christ_flesh,Matt,Matt,25,41,new_testament,Bible:Matt.25.41,Matt. xxv. 41
volume_3,tertullian,christ_flesh,Ps,Ps,8,5,old_testament_or_other,Bible:Ps.8.5,Ps. viii. 5
volume_3,tertullian,christ_flesh,Luke,Luke,1,35,new_testament,Bible:Luke.1.35,Luke i. 35
volume_3,tertullian,christ_flesh,Zech,Zech,1,14,old_testament_or_other,Bible:Zech.1.14,Zech. i. 14
volume_3,tertullian,christ_flesh,Isa,Isa,63,9,old_testament_or_other,Bible:Isa.63.9,Isa. lxiii. 9
volume_3,tertullian,christ_flesh,John,John,8,40,new_testament,Bible:John.8.40,John viii. 40
volume_3,tertullian,christ_flesh,Matt,Matt,12,8,new_testament,Bible:Matt.12.8,Matt. xii. 8
volume_3,tertullian,christ_flesh,Isa,Isa,53,3,old_testament_or_other,Bible:Isa.53.3,Isa. liii. 3
volume_3,tertullian,christ_flesh,Jer,Jer,17,9,old_testament_or_other,Bible:Jer.17.9,Jer. xvii. 9
volume_3,tertullian,christ_flesh,Dan,Dan,7,13,old_testament_or_other,Bible:Dan.7.13,Dan. vii. 13
volume_3,tertullian,christ_flesh,1Tim,1Tim,2,5,new_testament,Bible:1Tim.2.5,1 Tim. ii. 5
volume_3,tertullian,christ_flesh,Acts,Acts,2,22,new_testament,Bible:Acts.2.22,Acts ii. 22
volume_3,tertullian,christ_flesh,Ps,Ps,8,6,old_testament_or_other,Bible:Ps.8.6,Ps. viii. 6
volume_3,tertullian,christ_flesh,Ps,Ps,22,6,old_testament_or_other,Bible:Ps.22.6,Ps. xxii. 6
volume_3,tertullian,christ_flesh,2Tim,2Tim,4,14,new_testament,Bible:2Tim.4.14,2 Tim. iv. 14
volume_3,tertullian,christ_flesh,1Tim,1Tim,1,20,new_testament,Bible:1Tim.1.20,1 Tim. i. 20
volume_3,tertullian,christ_flesh,Rom,Rom,8,3,new_testament,Bible:Rom.8.3,Romans viii. 3
volume_3,tertullian,christ_flesh,Rom,Rom|Rom,8,3,new_testament,Bible:Rom.8.3 Bible:Rom.6.6,Romans viii. 3 with Romans vi. 6
volume_3,tertullian,christ_flesh,Rom,Rom,8,3,new_testament,Bible:Rom.8.3,Rom. viii. 3
volume_3,tertullian,christ_flesh,Matt,Matt,1,23,new_testament,Bible:Matt.1.23,Matt. i. 23
volume_3,tertullian,christ_flesh,Gen,Gen,2,7,old_testament_or_other,Bible:Gen.2.7,Gen. ii. 7
volume_3,tertullian,christ_flesh,Matt,Matt,12,41,new_testament,Bible:Matt.12.41-Matt.12.42,"Matt. xii. 41, 42"
volume_3,tertullian,christ_flesh,John,John,1,14,new_testament,Bible:John.1.14,John i. 14
volume_3,tertullian,christ_flesh,John,John,3,6,new_testament,Bible:John.3.6,John iii. 6
volume_3,tertullian,christ_flesh,John,John,1,13,new_testament,Bible:John.1.13,John i. 13
volume_3,tertullian,christ_flesh,Job,Job,10,10,old_testament_or_other,Bible:Job.10.10,Job x. 10
volume_3,tertullian,christ_flesh,Matt,Matt,1,20,new_testament,Bible:Matt.1.20,Matt. i. 20
volume_3,tertullian,christ_flesh,Matt,Matt,1,16,new_testament,Bible:Matt.1.16,Matt. i. 16
volume_3,tertullian,christ_flesh,Gal,Gal,4,4,new_testament,Bible:Gal.4.4,Gal. iv. 4
volume_3,tertullian,christ_flesh,Ps,Ps,22,9,old_testament_or_other,Bible:Ps.22.9,Ps. xxii. 9
volume_3,tertullian,christ_flesh,Ps,Ps,22,9,old_testament_or_other,Bible:Ps.22.9-Ps.22.10,"Vers. 9,
10"
volume_3,tertullian,christ_flesh,Ps,Ps,22,10,old_testament_or_other,Bible:Ps.22.10,"Ver.
10"
volume_3,tertullian,christ_flesh,Isa,Isa|Matt,7,14,old_testament_or_other,Bible:Isa.7.14 Bible:Matt.1.23,Isa. vii. 14; Matt. i. 23
volume_3,tertullian,christ_flesh,Luke,Luke,1,31,new_testament,Bible:Luke.1.31,Luke i. 31
volume_3,tertullian,christ_flesh,Luke,Luke,1,41,new_testament,Bible:Luke.1.41,Luke i. 41
volume_3,tertullian,christ_flesh,Luke,Luke,1,43,new_testament,Bible:Luke.1.43,"Ver.
43"
volume_3,tertullian,christ_flesh,Luke,Luke,1,42,new_testament,Bible:Luke.1.42,"Ver.
42"
volume_3,tertullian,christ_flesh,Ps,Ps|Acts,132,11,old_testament_or_other,Bible:Ps.132.11 Bible:Acts.2.30,"Ps.
cxxxii. 11; also Acts ii. 30"
volume_3,tertullian,christ_flesh,Matt,Matt,1,1,new_testament,Bible:Matt.1.1,Matt. i. 1
volume_3,tertullian,christ_flesh,Rom,Rom|2Tim,1,3,new_testament,Bible:Rom.1.3 Bible:2Tim.2.8,Rom. i. 3; 2 Tim. ii. 8
volume_3,tertullian,christ_flesh,Gal,Gal|Gal,3,8,new_testament,Bible:Gal.3.8 Bible:Gal.3.16,"Gal. iii. 8, 16"
volume_3,tertullian,christ_flesh,Luke,Luke,2,34,new_testament,Bible:Luke.2.34,Luke ii. 34
volume_3,tertullian,christ_flesh,Matt,Matt,5,37,new_testament,Bible:Matt.5.37,Matt. v. 37
volume_3,tertullian,christ_flesh,Exod,Exod|Luke,13,2,old_testament_or_other,Bible:Exod.13.2 Bible:Luke.2.23,Ex. xiii. 2; Luke ii. 23
volume_3,tertullian,christ_flesh,Isa,Isa,5,20,old_testament_or_other,Bible:Isa.5.20,Isa. v. 20
volume_3,tertullian,christ_flesh,Isa,Isa,45,5,old_testament_or_other,Bible:Isa.45.5,Isa. xlv. 5
volume_3,tertullian,christ_flesh,Isa,Isa,46,9,old_testament_or_other,Bible:Isa.46.9,Isa. xlvi. 9
volume_3,tertullian,christ_flesh,1John,1John,4,3,new_testament,Bible:1John.4.3,1 John iv. 3
volume_3,tertullian,christ_flesh,Acts,Acts,1,11,new_testament,Bible:Acts.1.11,Acts i. 11
volume_3,tertullian,christ_flesh,Ezek,Ezek,43,2,old_testament_or_other,Bible:Ezek.43.2,Ezekiel (Cap. xliii. 2)
volume_3,tertullian,christ_flesh,Luke,Luke,3,22,new_testament,Bible:Luke.3.22,Luke iii. 22
volume_3,tertullian,resurrection_flesh,Isa,Isa,44,20,old_testament_or_other,Bible:Isa.44.20,Isa. xliv. 20
volume_3,tertullian,resurrection_flesh,1Cor,1Cor|1Cor,1,20,new_testament,Bible:1Cor.1.20 Bible:1Cor.3.19,"1 Cor. i. 20, iii. 19"
volume_3,tertullian,resurrection_flesh,1Cor,1Cor,7,31,new_testament,Bible:1Cor.7.31,1 Cor. vii. 31
volume_3,tertullian,resurrection_flesh,John,John,1,3,new_testament,Bible:John.1.3,John i. 3
volume_3,tertullian,resurrection_flesh,Gen,Gen,1,26,old_testament_or_other,Bible:Gen.1.26,Gen. i. 26
volume_3,tertullian,resurrection_flesh,Gen,Gen,1,27,old_testament_or_other,Bible:Gen.1.27,Gen. i. 27
volume_3,tertullian,resurrection_flesh,Gen,Gen,2,7,old_testament_or_other,Bible:Gen.2.7,Gen. ii. 7
volume_3,tertullian,resurrection_flesh,Gen,Gen,2,7,old_testament_or_other,Bible:Gen.2.7-Gen.2.8,"Gen. ii. 7, 8"
volume_3,tertullian,resurrection_flesh,Phil,Phil,2,6,new_testament,Bible:Phil.2.6,Phil. ii. 6
volume_3,tertullian,resurrection_flesh,Gen,Gen,3,19,old_testament_or_other,Bible:Gen.3.19,Gen. iii. 19
volume_3,tertullian,resurrection_flesh,Gen,Gen,3,31,old_testament_or_other,Bible:Gen.3.31,Gen. iii. 31
volume_3,tertullian,resurrection_flesh,Gen,Gen,2,23,old_testament_or_other,Bible:Gen.2.23,Gen. ii. 23
volume_3,tertullian,resurrection_flesh,Rom,Rom,9,20,new_testament,Bible:Rom.9.20,Rom. ix. 20
volume_3,tertullian,resurrection_flesh,2Cor,2Cor,6,7,new_testament,Bible:2Cor.6.7,2 Cor. vi. 7
volume_3,tertullian,resurrection_flesh,Col,Col,2,11,new_testament,Bible:Col.2.11,Col. ii. 11
volume_3,tertullian,resurrection_flesh,John,John,4,24,new_testament,Bible:John.4.24,John iv. 24
volume_3,tertullian,resurrection_flesh,Matt,Matt,22,37,new_testament,Bible:Matt.22.37-Matt.22.40,Matt. xxii. 37–40
volume_3,tertullian,resurrection_flesh,2Cor,2Cor,12,9,new_testament,Bible:2Cor.12.9,2 Cor. xii. 9
volume_3,tertullian,resurrection_flesh,Luke,Luke,5,31,new_testament,Bible:Luke.5.31,Luke v. 31
volume_3,tertullian,resurrection_flesh,1Cor,1Cor,12,23,new_testament,Bible:1Cor.12.23,1 Cor. xii. 23
volume_3,tertullian,resurrection_flesh,Luke,Luke,19,10,new_testament,Bible:Luke.19.10,Luke xix. 10
volume_3,tertullian,resurrection_flesh,Ezek,Ezek,18,23,old_testament_or_other,Bible:Ezek.18.23,Ezek. xviii. 23
volume_3,tertullian,resurrection_flesh,Deut,Deut,32,39,old_testament_or_other,Bible:Deut.32.39,Deut. xxxii. 39
volume_3,tertullian,resurrection_flesh,Isa,Isa,40,7,old_testament_or_other,Bible:Isa.40.7,Isa. xl. 7
volume_3,tertullian,resurrection_flesh,Isa,Isa,40,5,old_testament_or_other,Bible:Isa.40.5,Isa. xl. 5
volume_3,tertullian,resurrection_flesh,Gen,Gen,6,3,old_testament_or_other,Bible:Gen.6.3,Gen. vi. 3
volume_3,tertullian,resurrection_flesh,Joel,Joel,3,1,old_testament_or_other,Bible:Joel.3.1,Joel iii. 1
volume_3,tertullian,resurrection_flesh,Rom,Rom,8,18,new_testament,Bible:Rom.8.18,Rom. viii. 18
volume_3,tertullian,resurrection_flesh,Rom,Rom,8,8,new_testament,Bible:Rom.8.8,Rom. viii. 8
volume_3,tertullian,resurrection_flesh,Gal,Gal,5,17,new_testament,Bible:Gal.5.17,Gal. v. 17
volume_3,tertullian,resurrection_flesh,Gal,Gal,6,17,new_testament,Bible:Gal.6.17,Gal. vi. 17
volume_3,tertullian,resurrection_flesh,1Cor,1Cor,3,16,new_testament,Bible:1Cor.3.16,1 Cor. iii. 16
volume_3,tertullian,resurrection_flesh,1Cor,1Cor,6,15,new_testament,Bible:1Cor.6.15,1 Cor. vi. 15
volume_3,tertullian,resurrection_flesh,1Cor,1Cor,6,20,new_testament,Bible:1Cor.6.20,"Ver.
20"
volume_3,tertullian,resurrection_flesh,Ps,Ps,92,12,old_testament_or_other,Bible:Ps.92.12,Ps. xcii. 12
volume_3,tertullian,resurrection_flesh,Matt,Matt,10,33,new_testament,Bible:Matt.10.33,Matt. x. 33
volume_3,tertullian,resurrection_flesh,Matt,Matt,9,4,new_testament,Bible:Matt.9.4,Matt. ix. 4
volume_3,tertullian,resurrection_flesh,Matt,Matt,5,28,new_testament,Bible:Matt.5.28,Matt. v. 28
volume_3,tertullian,resurrection_flesh,1Thess,1Thess,4,4,new_testament,Bible:1Thess.4.4,1 Thess. iv. 4
volume_3,tertullian,resurrection_flesh,2Cor,2Cor,4,16,new_testament,Bible:2Cor.4.16,2 Cor. iv. 16
volume_3,tertullian,resurrection_flesh,Rom,Rom,8,3,new_testament,Bible:Rom.8.3,Rom. viii. 3
volume_3,tertullian,resurrection_flesh,1Cor,1Cor,6,20,new_testament,Bible:1Cor.6.20,1 Cor. vi. 20
volume_3,tertullian,resurrection_flesh,John,John,2,19,new_testament,Bible:John.2.19,John ii. 19
volume_3,tertullian,resurrection_flesh,Matt,Matt,26,38,new_testament,Bible:Matt.26.38,Matt. xxvi. 38
volume_3,tertullian,resurrection_flesh,John,John,2,21,new_testament,Bible:John.2.21,John ii. 21
volume_3,tertullian,resurrection_flesh,Gen,Gen,23,4,old_testament_or_other,Bible:Gen.23.4,Gen. xxiii. 4
volume_3,tertullian,resurrection_flesh,Matt,Matt,23,27,new_testament,Bible:Matt.23.27,Matt. xxiii. 27
volume_3,tertullian,resurrection_flesh,Isa,Isa|Matt,7,14,old_testament_or_other,Bible:Isa.7.14 Bible:Matt.1.23,Isa. vii. 14; Matt. i. 23
volume_3,tertullian,resurrection_flesh,Isa,Isa,8,4,old_testament_or_other,Bible:Isa.8.4,Isa. viii. 4
volume_3,tertullian,resurrection_flesh,Isa,Isa,3,13,old_testament_or_other,Bible:Isa.3.13,Isa. iii. 13
volume_3,tertullian,resurrection_flesh,Ps,Ps,2,1,old_testament_or_other,Bible:Ps.2.1-Ps.2.2,"Ps. ii. 1, 2"
volume_3,tertullian,resurrection_flesh,Isa,Isa,53,7,old_testament_or_other,Bible:Isa.53.7,Isa. liii. 7
volume_3,tertullian,resurrection_flesh,Isa,Isa,50,6,old_testament_or_other,Bible:Isa.50.6,Isa. l. 6
volume_3,tertullian,resurrection_flesh,Isa,Isa,53,12,old_testament_or_other,Bible:Isa.53.12,Isa. liii. 12
volume_3,tertullian,resurrection_flesh,Ps,Ps,22,17,old_testament_or_other,Bible:Ps.22.17,Ps. xxii. 17
volume_3,tertullian,resurrection_flesh,Ps,Ps,22,18,old_testament_or_other,Bible:Ps.22.18,"Ver.
18"
volume_3,tertullian,resurrection_flesh,Ps,Ps,69,22,old_testament_or_other,Bible:Ps.69.22,Ps. lxix. 22
volume_3,tertullian,resurrection_flesh,Ps,Ps,22,8,old_testament_or_other,Bible:Ps.22.8,Ps. xxii. 8
volume_3,tertullian,resurrection_flesh,Zech,Zech,11,12,old_testament_or_other,Bible:Zech.11.12,Zech. xi. 12
volume_3,tertullian,resurrection_flesh,Isa,Isa,35,5,old_testament_or_other,Bible:Isa.35.5,Isa. xxxv. 5
volume_3,tertullian,resurrection_flesh,Isa,Isa,35,3,old_testament_or_other,Bible:Isa.35.3,"Ver.
3"
volume_3,tertullian,resurrection_flesh,Isa,Isa,35,6,old_testament_or_other,Bible:Isa.35.6,"Ver.
6"
volume_3,tertullian,resurrection_flesh,Luke,Luke,21,24,new_testament,Bible:Luke.21.24,Luke xxi. 24
volume_3,tertullian,resurrection_flesh,Joel,Joel|Dan,3,9,old_testament_or_other,Bible:Joel.3.9-Joel.3.15 Bible:Dan.7.13-Dan.7.14,"Joel iii. 9–15; Dan. vii. 13,
14"
volume_3,tertullian,resurrection_flesh,Luke,Luke,21,25,new_testament,Bible:Luke.21.25-Luke.21.26,"Luke xxi. 25, 26"
volume_3,tertullian,resurrection_flesh,Luke,Luke,21,26,new_testament,Bible:Luke.21.26-Luke.21.28,"Vers.
26–28"
volume_3,tertullian,resurrection_flesh,Luke,Luke|Matt,21,29,new_testament,Bible:Luke.21.29-Luke.21.30 Bible:Matt.24.32,"Luke xxi. 29, 30; Matt. xxiv.
32"
volume_3,tertullian,resurrection_flesh,Luke,Luke|Matt,21,31,new_testament,Bible:Luke.21.31 Bible:Matt.24.33,Luke xxi. 31; Matt. xxiv. 33
volume_3,tertullian,resurrection_flesh,Luke,Luke,21,36,new_testament,Bible:Luke.21.36,Luke xxi. 36
volume_3,tertullian,resurrection_flesh,Isa,Isa,2,19,old_testament_or_other,Bible:Isa.2.19,Isa. ii. 19
volume_3,tertullian,resurrection_flesh,Ps,Ps,110,1,old_testament_or_other,Bible:Ps.110.1,Ps. cx. 1
volume_3,tertullian,resurrection_flesh,Acts,Acts,1,11,new_testament,Bible:Acts.1.11,Acts i. 11
volume_3,tertullian,resurrection_flesh,Zech,Zech|John,12,10,old_testament_or_other,Bible:Zech.12.10 Bible:John.19.37,Zech. xii. 10; comp. John xix. 37
volume_3,tertullian,resurrection_flesh,Mal,Mal,4,5,old_testament_or_other,Bible:Mal.4.5,Mal. iv. 5
volume_3,tertullian,resurrection_flesh,1John,1John,4,3,new_testament,Bible:1John.4.3,1 John iv. 3
volume_3,tertullian,resurrection_flesh,Rev,Rev,18,2,new_testament,Bible:Rev.18.2,Rev. xviii. 2
volume_3,tertullian,resurrection_flesh,Matt,Matt,22,21,new_testament,Bible:Matt.22.21,Matt. xxii. 21
volume_3,tertullian,resurrection_flesh,Col,Col,1,21,new_testament,Bible:Col.1.21,Col. i. 21
volume_3,tertullian,resurrection_flesh,Col,Col,2,12,new_testament,Bible:Col.2.12,Col. ii. 12
volume_3,tertullian,resurrection_flesh,Col,Col,2,13,new_testament,Bible:Col.2.13,"Ver.
13"
volume_3,tertullian,resurrection_flesh,Col,Col,2,20,new_testament,Bible:Col.2.20,"Ver.
20"
volume_3,tertullian,resurrection_flesh,Col,Col,3,1,new_testament,Bible:Col.3.1-Col.3.2,"Col. iii. 1, 2"
volume_3,tertullian,resurrection_flesh,Col,Col,3,3,new_testament,Bible:Col.3.3,"Ver.
3"
volume_3,tertullian,resurrection_flesh,1John,1John,3,2,new_testament,Bible:1John.3.2,1 John iii. 2
volume_3,tertullian,resurrection_flesh,Gal,Gal,5,5,new_testament,Bible:Gal.5.5,Gal. v. 5
volume_3,tertullian,resurrection_flesh,Phil,Phil,3,11,new_testament,Bible:Phil.3.11-Phil.3.12,"Phil. iii. 11, 12"
volume_3,tertullian,resurrection_flesh,Phil,Phil,3,12,new_testament,Bible:Phil.3.12,"Ver.
12"
volume_3,tertullian,resurrection_flesh,Gal,Gal,6,9,new_testament,Bible:Gal.6.9,Gal. vi. 9
volume_3,tertullian,resurrection_flesh,2Tim,2Tim,1,18,new_testament,Bible:2Tim.1.18,2 Tim. i. 18
volume_3,tertullian,resurrection_flesh,1Tim,1Tim|1Tim,6,14,new_testament,Bible:1Tim.6.14-1Tim.6.15 Bible:1Tim.6.20,"1 Tim. vi. 14, 15, 20"
volume_3,tertullian,resurrection_flesh,Acts,Acts,3,19,new_testament,Bible:Acts.3.19-Acts.3.21,Acts iii. 19–21
volume_3,tertullian,resurrection_flesh,1Thess,1Thess,1,9,new_testament,Bible:1Thess.1.9-1Thess.1.10,"1 Thess. i. 9, 10"
volume_3,tertullian,resurrection_flesh,1Thess,1Thess,2,19,new_testament,Bible:1Thess.2.19,1 Thess. ii. 19
volume_3,tertullian,resurrection_flesh,1Thess,1Thess,3,13,new_testament,Bible:1Thess.3.13,1 Thess. iii. 13
volume_3,tertullian,resurrection_flesh,1Thess,1Thess,4,13,new_testament,Bible:1Thess.4.13-1Thess.4.17,1 Thess. iv. 13–17
volume_3,tertullian,resurrection_flesh,1Cor,1Cor,15,19,new_testament,Bible:1Cor.15.19,1 Cor. xv. 19
volume_3,tertullian,resurrection_flesh,2Tim,2Tim,1,15,new_testament,Bible:2Tim.1.15,2 Tim. i. 15
volume_3,tertullian,resurrection_flesh,1Thess,1Thess,5,1,new_testament,Bible:1Thess.5.1-1Thess.5.3,1 Thess. v. 1–3
volume_3,tertullian,resurrection_flesh,2Thess,2Thess,2,1,new_testament,Bible:2Thess.2.1-2Thess.2.7,2 Thess. ii. 1–7
volume_3,tertullian,resurrection_flesh,2Thess,2Thess,2,8,new_testament,Bible:2Thess.2.8-2Thess.2.10,2 Thess. ii. 8–10
volume_3,tertullian,resurrection_flesh,Rev,Rev,6,9,new_testament,Bible:Rev.6.9-Rev.6.10,"Rev. vi. 9, 10"
volume_3,tertullian,resurrection_flesh,Rev,Rev,16,,new_testament,Bible:Rev.16,Rev. xvi
volume_3,tertullian,resurrection_flesh,Rev,Rev,18,,new_testament,Bible:Rev.18,Rev. xviii
volume_3,tertullian,resurrection_flesh,Rev,Rev,20,2,new_testament,Bible:Rev.20.2,Rev. xx. 2
volume_3,tertullian,resurrection_flesh,Rev,Rev,20,4,new_testament,Bible:Rev.20.4-Rev.20.6,"Vers.
4–6"
volume_3,tertullian,resurrection_flesh,Rev,Rev,20,12,new_testament,Bible:Rev.20.12-Rev.20.14,"Vers.
12–14"
volume_3,tertullian,resurrection_flesh,Gen,Gen,4,11,old_testament_or_other,Bible:Gen.4.11,Gen. iv. 11
volume_3,tertullian,resurrection_flesh,Ps,Ps,97,1,old_testament_or_other,Bible:Ps.97.1,Ps. xcvii. 1
volume_3,tertullian,resurrection_flesh,Zech,Zech,12,10,old_testament_or_other,Bible:Zech.12.10,Zech. xii. 10
volume_3,tertullian,resurrection_flesh,Isa,Isa,1,19,old_testament_or_other,Bible:Isa.1.19,Isa. i. 19
volume_3,tertullian,resurrection_flesh,1Cor,1Cor,2,9,new_testament,Bible:1Cor.2.9,1 Cor. ii. 9
volume_3,tertullian,resurrection_flesh,Matt,Matt,5,45,new_testament,Bible:Matt.5.45,Matt. v. 45
volume_3,tertullian,resurrection_flesh,Rom,Rom,1,25,new_testament,Bible:Rom.1.25,Rom. i. 25
volume_3,tertullian,resurrection_flesh,Matt,Matt,4,4,new_testament,Bible:Matt.4.4,Matt. iv. 4
volume_3,tertullian,resurrection_flesh,Rom,Rom,2,28,new_testament,Bible:Rom.2.28-Rom.2.29,"Rom. ii. 28, 29"
volume_3,tertullian,resurrection_flesh,Isa,Isa,51,9,old_testament_or_other,Bible:Isa.51.9,Isa. li. 9
volume_3,tertullian,resurrection_flesh,Rev,Rev|Rev,3,4,new_testament,Bible:Rev.3.4 Bible:Rev.14.4,"Rev. iii. 4
and xiv. 4"
volume_3,tertullian,resurrection_flesh,Matt,Matt,19,12,new_testament,Bible:Matt.19.12,Matt. xix. 12
volume_3,tertullian,resurrection_flesh,Rev,Rev,3,5,new_testament,Bible:Rev.3.5,Rev. iii. 5
volume_3,tertullian,resurrection_flesh,Matt,Matt,22,11,new_testament,Bible:Matt.22.11-Matt.22.12,"Matt. xxii. 11, 12"
volume_3,tertullian,resurrection_flesh,Isa,Isa,58,8,old_testament_or_other,Bible:Isa.58.8,Isa. lviii. 8
volume_3,tertullian,resurrection_flesh,Isa,Isa,26,20,old_testament_or_other,Bible:Isa.26.20,Isa. xxvi. 20
volume_3,tertullian,resurrection_flesh,Exod,Exod,4,6,old_testament_or_other,Bible:Exod.4.6-Exod.4.7,"Ex. iv. 6, 7"
volume_3,tertullian,resurrection_flesh,Exod,Exod,4,2,old_testament_or_other,Bible:Exod.4.2-Exod.4.9,Ex. iv. 2–9
volume_3,tertullian,resurrection_flesh,Exod,Exod,4,3,old_testament_or_other,Bible:Exod.4.3-Exod.4.4,"vers. 3,
4"
volume_3,tertullian,resurrection_flesh,Exod,Exod,4,6,old_testament_or_other,Bible:Exod.4.6-Exod.4.7,"vers. 6,
7"
volume_3,tertullian,resurrection_flesh,Exod,Exod,4,9,old_testament_or_other,Bible:Exod.4.9,ver. 9
volume_3,tertullian,resurrection_flesh,Gen,Gen,9,5,old_testament_or_other,Bible:Gen.9.5,Gen. ix. 5
volume_3,tertullian,resurrection_flesh,Isa,Isa|Isa,38,12,old_testament_or_other,Bible:Isa.38.12-Isa.38.13 Bible:Isa.38.16,"Isa. xxxviii. 12, 13, 16"
volume_3,tertullian,resurrection_flesh,1Sam,1Sam|Deut,2,6,old_testament_or_other,Bible:1Sam.2.6 Bible:Deut.32.39,"1 Sam. ii. 6,
Deut. xxxii. 39"
volume_3,tertullian,resurrection_flesh,Ezek,Ezek,37,1,old_testament_or_other,Bible:Ezek.37.1-Ezek.37.14,Ezek. xxxvii. 1–14
volume_3,tertullian,resurrection_flesh,Ezek,Ezek,31,,old_testament_or_other,Bible:Ezek.31,Ch. XXXI
volume_3,tertullian,resurrection_flesh,Mal,Mal,4,2,old_testament_or_other,Bible:Mal.4.2-Mal.4.3,"Mal. iv. 2, 3"
volume_3,tertullian,resurrection_flesh,Isa,Isa,66,14,old_testament_or_other,Bible:Isa.66.14,Isa. lxvi. 14
volume_3,tertullian,resurrection_flesh,Isa,Isa,26,19,old_testament_or_other,Bible:Isa.26.19,Isa. xxvi. 19
volume_3,tertullian,resurrection_flesh,Isa,Isa,66,23,old_testament_or_other,Bible:Isa.66.23,Isa. lxvi. 23
volume_3,tertullian,resurrection_flesh,Isa,Isa,66,22,old_testament_or_other,Bible:Isa.66.22,"Ver.
22"
volume_3,tertullian,resurrection_flesh,Isa,Isa,66,24,old_testament_or_other,Bible:Isa.66.24,Isa. lxvi. 24
volume_3,tertullian,resurrection_flesh,Matt,Matt,13,34,new_testament,Bible:Matt.13.34,Matt. xiii. 34
volume_3,tertullian,resurrection_flesh,Matt,Matt,13,10,new_testament,Bible:Matt.13.10,"Ver.
10"
volume_3,tertullian,resurrection_flesh,Matt,Matt|Isa,13,13,new_testament,Bible:Matt.13.13 Bible:Isa.6.9,Matt. xiii. 13; comp. Isa. vi. 9
volume_3,tertullian,resurrection_flesh,Luke,Luke|Luke,6,39,new_testament,Bible:Luke.6.39 Bible:Luke.6.20,"Luke vi. 39;
comp. with ver. 20"
volume_3,tertullian,resurrection_flesh,Luke,Luke,8,11,new_testament,Bible:Luke.8.11,Luke viii. 11
volume_3,tertullian,resurrection_flesh,Luke,Luke,18,1,new_testament,Bible:Luke.18.1,Luke xviii. 1
volume_3,tertullian,resurrection_flesh,Matt,Matt|Luke,21,45,new_testament,Bible:Matt.21.45 Bible:Luke.20.19,Matt. xxi. 45 and Luke xx. 19
volume_3,tertullian,resurrection_flesh,Matt,Matt,11,22,new_testament,Bible:Matt.11.22,Matt. xi. 22
volume_3,tertullian,resurrection_flesh,Matt,Matt,10,7,new_testament,Bible:Matt.10.7,Matt. x. 7
volume_3,tertullian,resurrection_flesh,Luke,Luke,14,14,new_testament,Bible:Luke.14.14,Luke xiv. 14
volume_3,tertullian,resurrection_flesh,Rom,Rom,5,20,new_testament,Bible:Rom.5.20,Rom. v. 20
volume_3,tertullian,resurrection_flesh,John,John,6,38,new_testament,Bible:John.6.38,John vi. 38
volume_3,tertullian,resurrection_flesh,John,John,6,39,new_testament,Bible:John.6.39,"Ver.
39"
volume_3,tertullian,resurrection_flesh,John,John,6,40,new_testament,Bible:John.6.40,"Ver.
40"
volume_3,tertullian,resurrection_flesh,John,John,20,29,new_testament,Bible:John.20.29,John xx. 29
volume_3,tertullian,resurrection_flesh,Matt,Matt,10,28,new_testament,Bible:Matt.10.28,Matt. x. 28
volume_3,tertullian,resurrection_flesh,Matt,Matt,10,29,new_testament,Bible:Matt.10.29,Matt. x. 29
volume_3,tertullian,resurrection_flesh,Matt,Matt,10,31,new_testament,Bible:Matt.10.31,"Ver.
31"
volume_3,tertullian,resurrection_flesh,Matt,Matt,10,30,new_testament,Bible:Matt.10.30,Matt. x. 30
volume_3,tertullian,resurrection_flesh,John,John,6,39,new_testament,Bible:John.6.39,John vi. 39
volume_3,tertullian,resurrection_flesh,Matt,Matt|Matt|Matt|Matt,8,12,new_testament,Bible:Matt.8.12 Bible:Matt.13.42 Bible:Matt.22.13 Bible:Matt.25.30,"Matt. viii. 12; xiii. 42; xxii. 13; xxv.
30"
volume_3,tertullian,resurrection_flesh,Matt,Matt|Mark|Luke,22,23,new_testament,Bible:Matt.22.23-Matt.22.32 Bible:Mark.12.18-Mark.12.27 Bible:Luke.20.27-Luke.20.38,"Matt. xxii. 23–32; Mark xii.
18–27; Luke xx. 27–38"
volume_3,tertullian,resurrection_flesh,Luke,Luke,20,37,new_testament,Bible:Luke.20.37,Luke xx. 37
volume_3,tertullian,resurrection_flesh,Luke,Luke,20,36,new_testament,Bible:Luke.20.36,"Ver.
36"
volume_3,tertullian,resurrection_flesh,John,John,6,63,new_testament,Bible:John.6.63,John vi. 63
volume_3,tertullian,resurrection_flesh,John,John,5,24,new_testament,Bible:John.5.24,John v. 24
volume_3,tertullian,resurrection_flesh,John,John,1,14,new_testament,Bible:John.1.14,John i. 14
volume_3,tertullian,resurrection_flesh,John,John,6,51,new_testament,Bible:John.6.51,John vi. 51
volume_3,tertullian,resurrection_flesh,John,John|John|John,6,31,new_testament,Bible:John.6.31 Bible:John.6.49 Bible:John.6.58,"John vi. 31, 49, 58"
volume_3,tertullian,resurrection_flesh,John,John,5,25,new_testament,Bible:John.5.25,John v. 25
volume_3,tertullian,resurrection_flesh,John,John,5,28,new_testament,Bible:John.5.28-John.5.29,"John v. 28, 29"
volume_3,tertullian,resurrection_flesh,Rev,Rev,6,9,new_testament,Bible:Rev.6.9-Rev.6.11,Rev. vi. 9–11
volume_3,tertullian,resurrection_flesh,Acts,Acts,23,6,new_testament,Bible:Acts.23.6,Acts xxiii. 6
volume_3,tertullian,resurrection_flesh,Acts,Acts,26,22,new_testament,Bible:Acts.26.22,Acts xxvi. 22
volume_3,tertullian,resurrection_flesh,Gen,Gen,9,5,old_testament_or_other,Bible:Gen.9.5-Gen.9.6,"Gen. ix. 5, 6"
volume_3,tertullian,resurrection_flesh,Acts,Acts,17,32,new_testament,Bible:Acts.17.32,Acts xvii. 32
volume_3,tertullian,resurrection_flesh,1Cor,1Cor,11,19,new_testament,Bible:1Cor.11.19,1 Cor. xi. 19
volume_3,tertullian,resurrection_flesh,Eph,Eph,3,17,new_testament,Bible:Eph.3.17,Eph. iii. 17
volume_3,tertullian,resurrection_flesh,2Cor,2Cor,4,17,new_testament,Bible:2Cor.4.17-2Cor.4.18,"2 Cor. iv. 17, 18"
volume_3,tertullian,resurrection_flesh,Rom,Rom,8,17,new_testament,Bible:Rom.8.17-Rom.8.18,"Rom. viii. 17, 18"
volume_3,tertullian,resurrection_flesh,2Cor,2Cor,7,5,new_testament,Bible:2Cor.7.5,2 Cor. vii. 5
volume_3,tertullian,resurrection_flesh,2Cor,2Cor,7,5,new_testament,Bible:2Cor.7.5,"Same
verse"
volume_3,tertullian,resurrection_flesh,2Cor,2Cor,5,1,new_testament,Bible:2Cor.5.1,2 Cor. v. 1
volume_3,tertullian,resurrection_flesh,Matt,Matt,5,10,new_testament,Bible:Matt.5.10,Matt. v. 10
volume_3,tertullian,resurrection_flesh,John,John,14,2,new_testament,Bible:John.14.2,John xiv. 2
volume_3,tertullian,resurrection_flesh,2Cor,2Cor,5,2,new_testament,Bible:2Cor.5.2-2Cor.5.3,"2 Cor. v. 2, 3"
volume_3,tertullian,resurrection_flesh,1Thess,1Thess,4,15,new_testament,Bible:1Thess.4.15-1Thess.4.17,1 Thess. iv. 15–17
volume_3,tertullian,resurrection_flesh,1Cor,1Cor,15,51,new_testament,Bible:1Cor.15.51-1Cor.15.53,1 Cor. xv. 51–53
volume_3,tertullian,resurrection_flesh,Matt,Matt,5,26,new_testament,Bible:Matt.5.26,Matt. v. 26
volume_3,tertullian,resurrection_flesh,2Cor,2Cor,5,4,new_testament,Bible:2Cor.5.4,2 Cor. v. 4
volume_3,tertullian,resurrection_flesh,2Cor,2Cor,5,3,new_testament,Bible:2Cor.5.3,2 Cor. v. 3
volume_3,tertullian,resurrection_flesh,2Cor,2Cor,5,6,new_testament,Bible:2Cor.5.6-2Cor.5.7,"2 Cor. v. 6, 7"
volume_3,tertullian,resurrection_flesh,2Cor,2Cor,5,8,new_testament,Bible:2Cor.5.8,"Ver.
8"
volume_3,tertullian,resurrection_flesh,2Cor,2Cor,5,9,new_testament,Bible:2Cor.5.9-2Cor.5.10,"2 Cor. v. 9, 10"
volume_3,tertullian,resurrection_flesh,2Cor,2Cor,5,10,new_testament,Bible:2Cor.5.10,2 Cor. v. 10
volume_3,tertullian,resurrection_flesh,2Cor,2Cor,4,6,new_testament,Bible:2Cor.4.6,2 Cor. iv. 6
volume_3,tertullian,resurrection_flesh,2Cor,2Cor,4,7,new_testament,Bible:2Cor.4.7,"Ver.
7"
volume_3,tertullian,resurrection_flesh,2Cor,2Cor,4,10,new_testament,Bible:2Cor.4.10,2 Cor. iv. 10
volume_3,tertullian,resurrection_flesh,2Cor,2Cor,4,10,new_testament,Bible:2Cor.4.10,"Ver.
10"
volume_3,tertullian,resurrection_flesh,Ps,Ps,107,16,old_testament_or_other,Bible:Ps.107.16,Ps. cvii. 16
volume_3,tertullian,resurrection_flesh,2Cor,2Cor,4,11,new_testament,Bible:2Cor.4.11,2 Cor. iv. 11
volume_3,tertullian,resurrection_flesh,2Cor,2Cor,4,14,new_testament,Bible:2Cor.4.14,"Ver.
14"
volume_3,tertullian,resurrection_flesh,Eph,Eph,4,22,new_testament,Bible:Eph.4.22-Eph.4.24,Eph. iv. 22–24
volume_3,tertullian,resurrection_flesh,Gen,Gen,1,28,old_testament_or_other,Bible:Gen.1.28,Gen. i. 28
volume_3,tertullian,resurrection_flesh,Eph,Eph,4,22,new_testament,Bible:Eph.4.22,Eph. iv. 22
volume_3,tertullian,resurrection_flesh,Gal,Gal,5,19,new_testament,Bible:Gal.5.19,Gal. v. 19
volume_3,tertullian,resurrection_flesh,Eph,Eph,4,25,new_testament,Bible:Eph.4.25-Eph.4.32,Eph. iv. 25–32
volume_3,tertullian,resurrection_flesh,Rom,Rom,8,8,new_testament,Bible:Rom.8.8-Rom.8.9,"Rom. viii. 8, 9"
volume_3,tertullian,resurrection_flesh,Rom,Rom,8,10,new_testament,Bible:Rom.8.10,"Ver.
10"
volume_3,tertullian,resurrection_flesh,Rom,Rom,8,11,new_testament,Bible:Rom.8.11,Rom. viii. 11
volume_3,tertullian,resurrection_flesh,Rom,Rom,8,12,new_testament,Bible:Rom.8.12-Rom.8.13,"Vers. 12,
13"
volume_3,tertullian,resurrection_flesh,Rom,Rom,8,2,new_testament,Bible:Rom.8.2,"Ver.
2"
volume_3,tertullian,resurrection_flesh,Rom,Rom|Rom|Rom,7,17,new_testament,Bible:Rom.7.17 Bible:Rom.7.20 Bible:Rom.7.23,"Rom. vii. 17, 20, 23"
volume_3,tertullian,resurrection_flesh,Rom,Rom,7,20,new_testament,Bible:Rom.7.20,Rom. vii. 20
volume_3,tertullian,resurrection_flesh,Rom,Rom,8,6,new_testament,Bible:Rom.8.6,Rom. viii. 6
volume_3,tertullian,resurrection_flesh,Rom,Rom,8,7,new_testament,Bible:Rom.8.7,"Ver.
7"
volume_3,tertullian,resurrection_flesh,Col,Col,2,20,new_testament,Bible:Col.2.20,Col. ii. 20
volume_3,tertullian,resurrection_flesh,Rom,Rom,6,6,new_testament,Bible:Rom.6.6,Rom. vi. 6
volume_3,tertullian,resurrection_flesh,Rom,Rom,6,8,new_testament,Bible:Rom.6.8,"Ver.
8"
volume_3,tertullian,resurrection_flesh,Rom,Rom,6,11,new_testament,Bible:Rom.6.11,"Ver.
11"
volume_3,tertullian,resurrection_flesh,Rom,Rom,6,12,new_testament,Bible:Rom.6.12-Rom.6.13,"Vers. 12,
13"
volume_3,tertullian,resurrection_flesh,Rom,Rom,6,19,new_testament,Bible:Rom.6.19-Rom.6.23,"Vers.
19–23"
volume_3,tertullian,resurrection_flesh,Rom,Rom,6,3,new_testament,Bible:Rom.6.3-Rom.6.4,"Rom. vi. 3, 4"
volume_3,tertullian,resurrection_flesh,Rom,Rom,6,5,new_testament,Bible:Rom.6.5,"Ver.
5"
volume_3,tertullian,resurrection_flesh,Rom,Rom,5,21,new_testament,Bible:Rom.5.21,Rom. v. 21
volume_3,tertullian,resurrection_flesh,1Cor,1Cor,15,55,new_testament,Bible:1Cor.15.55,1 Cor. xv. 55
volume_3,tertullian,resurrection_flesh,Phil,Phil,3,20,new_testament,Bible:Phil.3.20-Phil.3.21,"Phil. iii. 20, 21"
volume_3,tertullian,resurrection_flesh,Rom,Rom,12,1,new_testament,Bible:Rom.12.1,Rom. xii. 1
volume_3,tertullian,resurrection_flesh,1Thess,1Thess,5,23,new_testament,Bible:1Thess.5.23,1 Thess. v. 23
volume_3,tertullian,resurrection_flesh,1Cor,1Cor,15,50,new_testament,Bible:1Cor.15.50,1 Cor. xv. 50
volume_3,tertullian,resurrection_flesh,1Cor,1Cor,15,12,new_testament,Bible:1Cor.15.12-1Cor.15.18,1 Cor. xv. 12–18
volume_3,tertullian,resurrection_flesh,1Cor,1Cor,15,3,new_testament,Bible:1Cor.15.3,"Ver.
3"
volume_3,tertullian,resurrection_flesh,1Cor,1Cor,15,4,new_testament,Bible:1Cor.15.4,"Ver.
4"
volume_3,tertullian,resurrection_flesh,1Cor,1Cor,15,21,new_testament,Bible:1Cor.15.21,"Ver.
21"
volume_3,tertullian,resurrection_flesh,1Cor,1Cor,15,22,new_testament,Bible:1Cor.15.22,1 Cor. xv. 22
volume_3,tertullian,resurrection_flesh,1Cor,1Cor,15,23,new_testament,Bible:1Cor.15.23,"Ver.
23"
volume_3,tertullian,resurrection_flesh,1Cor,1Cor,15,29,new_testament,Bible:1Cor.15.29,"Ver.
29"
volume_3,tertullian,resurrection_flesh,1Pet,1Pet,3,21,new_testament,Bible:1Pet.3.21,1 Pet. iii. 21
volume_3,tertullian,resurrection_flesh,1Cor,1Cor,15,30,new_testament,Bible:1Cor.15.30,1 Cor. xv. 30
volume_3,tertullian,resurrection_flesh,1Cor,1Cor,15,31,new_testament,Bible:1Cor.15.31,"Ver.
31"
volume_3,tertullian,resurrection_flesh,1Cor,1Cor,15,32,new_testament,Bible:1Cor.15.32,"Ver.
32"
volume_3,tertullian,resurrection_flesh,2Cor,2Cor,1,8,new_testament,Bible:2Cor.1.8,2 Cor. i. 8
volume_3,tertullian,resurrection_flesh,1Cor,1Cor,15,35,new_testament,Bible:1Cor.15.35,1 Cor. xv. 35
volume_3,tertullian,resurrection_flesh,1Cor,1Cor,15,47,new_testament,Bible:1Cor.15.47,1 Cor. xv. 47
volume_3,tertullian,resurrection_flesh,1Cor,1Cor,15,45,new_testament,Bible:1Cor.15.45,"Ver.
45"
volume_3,tertullian,resurrection_flesh,1Cor,1Cor,15,48,new_testament,Bible:1Cor.15.48,1 Cor. xv. 48
volume_3,tertullian,resurrection_flesh,1Cor,1Cor,15,40,new_testament,Bible:1Cor.15.40,1 Cor. xv. 40
volume_3,tertullian,resurrection_flesh,1Cor,1Cor,15,41,new_testament,Bible:1Cor.15.41,"Ver.
41"
volume_3,tertullian,resurrection_flesh,Rom,Rom,8,9,new_testament,Bible:Rom.8.9,Rom. viii. 9
volume_3,tertullian,resurrection_flesh,Gal,Gal,5,21,new_testament,Bible:Gal.5.21,Gal. v. 21
volume_3,tertullian,resurrection_flesh,1Cor,1Cor,15,32,new_testament,Bible:1Cor.15.32,1 Cor. xv. 32
volume_3,tertullian,resurrection_flesh,John,John,5,29,new_testament,Bible:John.5.29,"John
v. 29"
volume_3,tertullian,resurrection_flesh,1Cor,1Cor,15,53,new_testament,Bible:1Cor.15.53,1 Cor. xv. 53
volume_3,tertullian,resurrection_flesh,Gal,Gal,1,15,new_testament,Bible:Gal.1.15-Gal.1.16,"i. 15,
16"
volume_3,tertullian,resurrection_flesh,Mark,Mark,16,19,new_testament,Bible:Mark.16.19,Mark xvi. 19
volume_3,tertullian,resurrection_flesh,1Cor,1Cor,15,45,new_testament,Bible:1Cor.15.45,1 Cor. xv. 45
volume_3,tertullian,resurrection_flesh,Acts,Acts,1,9,new_testament,Bible:Acts.1.9,Acts i. 9
volume_3,tertullian,resurrection_flesh,Acts,Acts,1,10,new_testament,Bible:Acts.1.10,"Ver.
10"
volume_3,tertullian,resurrection_flesh,Zech,Zech|John|Rev,12,10,old_testament_or_other,Bible:Zech.12.10 Bible:John.19.37 Bible:Rev.1.7,"Zech. xii. 10; John xix. 37; Rev. i.
7"
volume_3,tertullian,resurrection_flesh,1Tim,1Tim,2,5,new_testament,Bible:1Tim.2.5,1 Tim. ii. 5
volume_3,tertullian,resurrection_flesh,2Cor,2Cor,5,5,new_testament,Bible:2Cor.5.5,2 Cor. v. 5
volume_3,tertullian,resurrection_flesh,1Cor,1Cor,15,54,new_testament,Bible:1Cor.15.54-1Cor.15.56,1 Cor. xv. 54–56
volume_3,tertullian,resurrection_flesh,Rom,Rom,7,23,new_testament,Bible:Rom.7.23,Rom. vii. 23
volume_3,tertullian,resurrection_flesh,1Cor,1Cor,15,26,new_testament,Bible:1Cor.15.26,1 Cor. xv. 26
volume_3,tertullian,resurrection_flesh,1Cor,1Cor,15,52,new_testament,Bible:1Cor.15.52,"Ver.
52"
volume_3,tertullian,resurrection_flesh,1Cor,1Cor,15,53,new_testament,Bible:1Cor.15.53,"Ver.
53"
volume_3,tertullian,resurrection_flesh,1Cor,1Cor,15,36,new_testament,Bible:1Cor.15.36,1 Cor. xv. 36
volume_3,tertullian,resurrection_flesh,1Cor,1Cor,15,37,new_testament,Bible:1Cor.15.37,"Ver.
37"
volume_3,tertullian,resurrection_flesh,1Cor,1Cor,15,37,new_testament,Bible:1Cor.15.37-1Cor.15.38,"Vers. 37,
38"
volume_3,tertullian,resurrection_flesh,1Cor,1Cor,15,38,new_testament,Bible:1Cor.15.38,1 Cor. xv. 38
volume_3,tertullian,resurrection_flesh,1Cor,1Cor,15,39,new_testament,Bible:1Cor.15.39,"Ver.
39"
volume_3,tertullian,resurrection_flesh,Ps,Ps,49,20,old_testament_or_other,Bible:Ps.49.20,Ps. xlix. 20
volume_3,tertullian,resurrection_flesh,1Cor,1Cor,15,39,new_testament,Bible:1Cor.15.39,1 Cor. xv. 39
volume_3,tertullian,resurrection_flesh,1Cor,1Cor,15,41,new_testament,Bible:1Cor.15.41,1 Cor. xv. 41
volume_3,tertullian,resurrection_flesh,1Cor,1Cor,15,42,new_testament,Bible:1Cor.15.42,"Ver.
42"
volume_3,tertullian,resurrection_flesh,1Cor,1Cor,15,42,new_testament,Bible:1Cor.15.42-1Cor.15.44,"Vers.
42–44"
volume_3,tertullian,resurrection_flesh,1Cor,1Cor,15,42,new_testament,Bible:1Cor.15.42-1Cor.15.43,"1 Cor. xv. 42, 43"
volume_3,tertullian,resurrection_flesh,1Cor,1Cor|Gen,15,45,new_testament,Bible:1Cor.15.45 Bible:Gen.2.7,ver. 45 with Gen. ii. 7
volume_3,tertullian,resurrection_flesh,1Cor,1Cor,15,46,new_testament,Bible:1Cor.15.46,1 Cor. xv. 46
volume_3,tertullian,resurrection_flesh,1Cor,1Cor,15,47,new_testament,Bible:1Cor.15.47,"Ver.
47"
volume_3,tertullian,resurrection_flesh,1Cor,1Cor,15,46,new_testament,Bible:1Cor.15.46,"Ver.
46"
volume_3,tertullian,resurrection_flesh,1Cor,1Cor,15,44,new_testament,Bible:1Cor.15.44-1Cor.15.45,"1 Cor. xv. 44, 45"
volume_3,tertullian,resurrection_flesh,2Cor,2Cor|2Cor|Eph,1,22,new_testament,Bible:2Cor.1.22 Bible:2Cor.5.5 Bible:Eph.1.14,"2 Cor. i. 22, v. 5, and Eph. i. 14"
volume_3,tertullian,resurrection_flesh,1Cor,1Cor,15,54,new_testament,Bible:1Cor.15.54,"Ver.
54"
volume_3,tertullian,resurrection_flesh,1Cor,1Cor,15,55,new_testament,Bible:1Cor.15.55,"Ver.
55"
volume_3,tertullian,resurrection_flesh,Exod,Exod|Exod,34,29,old_testament_or_other,Bible:Exod.34.29 Bible:Exod.34.35,"Ex. xxxiv. 29, 35"
volume_3,tertullian,resurrection_flesh,Acts,Acts,6,15,new_testament,Bible:Acts.6.15,Acts vi. 15
volume_3,tertullian,resurrection_flesh,Acts,Acts,7,59,new_testament,Bible:Acts.7.59-Acts.7.60,"Acts vii. 59, 60"
volume_3,tertullian,resurrection_flesh,Matt,Matt,17,2,new_testament,Bible:Matt.17.2-Matt.17.4,Matt. xvii. 2–4
volume_3,tertullian,resurrection_flesh,Matt,Matt,17,3,new_testament,Bible:Matt.17.3,"Ver.
3"
volume_3,tertullian,resurrection_flesh,Phil,Phil,3,21,new_testament,Bible:Phil.3.21,Phil. iii. 21
volume_3,tertullian,resurrection_flesh,1Sam,1Sam,10,6,old_testament_or_other,Bible:1Sam.10.6,1 Sam. x. 6
volume_3,tertullian,resurrection_flesh,2Cor,2Cor,11,14,new_testament,Bible:2Cor.11.14,2 Cor. xi. 14
volume_3,tertullian,resurrection_flesh,Rev,Rev|Rev,5,9,new_testament,Bible:Rev.5.9 Bible:Rev.14.3,Rev. v. 9; xiv. 3
volume_3,tertullian,resurrection_flesh,1Cor,1Cor,15,52,new_testament,Bible:1Cor.15.52,1 Cor. xv. 52
volume_3,tertullian,resurrection_flesh,1Thess,1Thess|1Thess,4,13,new_testament,Bible:1Thess.4.13-1Thess.4.17 Bible:1Thess.5.23,"1
Thess. iv. 13–17 and v. 23"
volume_3,tertullian,resurrection_flesh,Matt,Matt,19,26,new_testament,Bible:Matt.19.26,Matt. xix. 26
volume_3,tertullian,resurrection_flesh,1Cor,1Cor,1,27,new_testament,Bible:1Cor.1.27,1 Cor. i. 27
volume_3,tertullian,resurrection_flesh,Isa,Isa,35,10,old_testament_or_other,Bible:Isa.35.10,Isa. xxxv. 10
volume_3,tertullian,resurrection_flesh,Isa,Isa,35,10,old_testament_or_other,Bible:Isa.35.10,"Ver.
10"
volume_3,tertullian,resurrection_flesh,Rev,Rev,7,17,new_testament,Bible:Rev.7.17,Rev. vii. 17
volume_3,tertullian,resurrection_flesh,Rev,Rev,21,4,new_testament,Bible:Rev.21.4,Rev. xxi. 4
volume_3,tertullian,resurrection_flesh,Rev,Rev|Rev,20,10,new_testament,Bible:Rev.20.10 Bible:Rev.20.13-Rev.20.15,"Rev. xx. 10, 13–15"
volume_3,tertullian,resurrection_flesh,Deut,Deut,29,5,old_testament_or_other,Bible:Deut.29.5,Deut. xxix. 5
volume_3,tertullian,resurrection_flesh,Dan,Dan,3,27,old_testament_or_other,Bible:Dan.3.27,Dan. iii. 27
volume_3,tertullian,resurrection_flesh,Jonah,Jonah|Jonah,1,17,old_testament_or_other,Bible:Jonah.1.17 Bible:Jonah.2.10,Jonah i. 17; ii. 10
volume_3,tertullian,resurrection_flesh,Gen,Gen|2Kgs,5,24,old_testament_or_other,Bible:Gen.5.24 Bible:2Kgs.2.11,Gen. v. 24; 2 Kings ii. 11
volume_3,tertullian,resurrection_flesh,1Cor,1Cor,10,6,new_testament,Bible:1Cor.10.6,1 Cor. x. 6
volume_3,tertullian,resurrection_flesh,1Cor,1Cor,3,22,new_testament,Bible:1Cor.3.22,1 Cor. iii. 22
volume_3,tertullian,resurrection_flesh,Isa,Isa,40,5,old_testament_or_other,Bible:Isa.40.5,"Ver.
5"
volume_3,tertullian,resurrection_flesh,Isa,Isa,40,15,old_testament_or_other,Bible:Isa.40.15,Isa. xl. 15
volume_3,tertullian,resurrection_flesh,Isa,Isa,40,17,old_testament_or_other,Bible:Isa.40.17,"Ver.
17"
volume_3,tertullian,resurrection_flesh,Isa,Isa,42,4,old_testament_or_other,Bible:Isa.42.4,Isa. xlii. 4
volume_3,tertullian,resurrection_flesh,Matt,Matt,12,21,new_testament,Bible:Matt.12.21,Matt. xii. 21
volume_3,tertullian,resurrection_flesh,Rom,Rom,15,12,new_testament,Bible:Rom.15.12,Rom. xv. 12
volume_3,tertullian,resurrection_flesh,Exod,Exod,24,8,old_testament_or_other,Bible:Exod.24.8,Ex. xxiv. 8
volume_3,tertullian,resurrection_flesh,1Kgs,1Kgs,19,8,old_testament_or_other,Bible:1Kgs.19.8,1 Kings xix. 8
volume_3,tertullian,resurrection_flesh,Deut,Deut|Matt,8,3,old_testament_or_other,Bible:Deut.8.3 Bible:Matt.4.4,Deut. viii. 3; Matt. iv. 4
volume_3,tertullian,resurrection_flesh,Luke,Luke|Matt,20,36,new_testament,Bible:Luke.20.36 Bible:Matt.22.30,Luke xx. 36; Matt. xxii. 30
volume_3,tertullian,resurrection_flesh,Gen,Gen,3,22,old_testament_or_other,Bible:Gen.3.22,Gen. iii. 22
volume_3,tertullian,resurrection_flesh,Joel,Joel|Acts,2,28,old_testament_or_other,Bible:Joel.2.28-Joel.2.29 Bible:Acts.2.17-Acts.2.18,"Joel ii. 28, 29; Acts ii. 17,
18"
volume_3,tertullian,against_praxeas,Matt,Matt,4,3,new_testament,Bible:Matt.4.3,Matt. iv. 3
volume_3,tertullian,against_praxeas,Matt,Matt,4,6,new_testament,Bible:Matt.4.6,"Ver.
6"
volume_3,tertullian,against_praxeas,Ps,Ps,91,11,old_testament_or_other,Bible:Ps.91.11,Ps. xci. 11
volume_3,tertullian,against_praxeas,John,John,8,44,new_testament,Bible:John.8.44,John viii. 44
volume_3,tertullian,against_praxeas,1Cor,1Cor,13,3,new_testament,Bible:1Cor.13.3,1 Cor. xiii. 3
volume_3,tertullian,against_praxeas,Matt,Matt,13,30,new_testament,Bible:Matt.13.30,Matt. xiii. 30
volume_3,tertullian,against_praxeas,Dan,Dan,7,10,old_testament_or_other,Bible:Dan.7.10,Dan. vii. 10
volume_3,tertullian,against_praxeas,1Cor,1Cor,15,24,new_testament,Bible:1Cor.15.24-1Cor.15.25,"1 Cor. xv. 24, 25"
volume_3,tertullian,against_praxeas,Ps,Ps,110,1,old_testament_or_other,Bible:Ps.110.1,Ps. cx. 1
volume_3,tertullian,against_praxeas,1Cor,1Cor,15,27,new_testament,Bible:1Cor.15.27-1Cor.15.28,"1 Cor. xv. 27, 28"
volume_3,tertullian,against_praxeas,Gen,Gen,1,26,old_testament_or_other,Bible:Gen.1.26,Gen. i. 26
volume_3,tertullian,against_praxeas,Prov,Prov,8,22,old_testament_or_other,Bible:Prov.8.22-Prov.8.25,Prov. viii. 22–25
volume_3,tertullian,against_praxeas,Prov,Prov,8,27,old_testament_or_other,Bible:Prov.8.27-Prov.8.30,Prov. viii. 27–30
volume_3,tertullian,against_praxeas,Gen,Gen,1,3,old_testament_or_other,Bible:Gen.1.3,Gen. i. 3
volume_3,tertullian,against_praxeas,Prov,Prov,8,22,old_testament_or_other,Bible:Prov.8.22,Prov. viii. 22
volume_3,tertullian,against_praxeas,Prov,Prov,8,27,old_testament_or_other,Bible:Prov.8.27,"Ver.
27"
volume_3,tertullian,against_praxeas,Col,Col,1,15,new_testament,Bible:Col.1.15,Col. i. 15
volume_3,tertullian,against_praxeas,Ps,Ps,45,1,old_testament_or_other,Bible:Ps.45.1,Ps. xlv. 1
volume_3,tertullian,against_praxeas,Ps,Ps,2,7,old_testament_or_other,Bible:Ps.2.7,Ps. ii. 7
volume_3,tertullian,against_praxeas,Prov,Prov|Prov,8,22,old_testament_or_other,Bible:Prov.8.22 Bible:Prov.8.25,"Prov. viii. 22, 25"
volume_3,tertullian,against_praxeas,John,John,1,3,new_testament,Bible:John.1.3,John i. 3
volume_3,tertullian,against_praxeas,Ps,Ps,33,6,old_testament_or_other,Bible:Ps.33.6,Ps. xxxiii. 6
volume_3,tertullian,against_praxeas,Prov,Prov,8,28,old_testament_or_other,Bible:Prov.8.28,"Ver.
28"
volume_3,tertullian,against_praxeas,John,John,1,1,new_testament,Bible:John.1.1,John i. 1
volume_3,tertullian,against_praxeas,Exod,Exod,20,7,old_testament_or_other,Bible:Exod.20.7,Ex. xx. 7
volume_3,tertullian,against_praxeas,Phil,Phil,2,6,new_testament,Bible:Phil.2.6,Phil. ii. 6
volume_3,tertullian,against_praxeas,John,John,4,24,new_testament,Bible:John.4.24,John iv. 24
volume_3,tertullian,against_praxeas,Matt,Matt,11,27,new_testament,Bible:Matt.11.27,Matt. xi. 27
volume_3,tertullian,against_praxeas,John,John,1,18,new_testament,Bible:John.1.18,John i. 18
volume_3,tertullian,against_praxeas,John,John,8,26,new_testament,Bible:John.8.26,John viii. 26
volume_3,tertullian,against_praxeas,John,John,6,38,new_testament,Bible:John.6.38,John vi. 38
volume_3,tertullian,against_praxeas,1Cor,1Cor,2,11,new_testament,Bible:1Cor.2.11,1 Cor. ii. 11
volume_3,tertullian,against_praxeas,John,John,14,11,new_testament,Bible:John.14.11,John xiv. 11
volume_3,tertullian,against_praxeas,John,John,10,30,new_testament,Bible:John.10.30,John x. 30
volume_3,tertullian,against_praxeas,John,John,14,28,new_testament,Bible:John.14.28,John xiv. 28
volume_3,tertullian,against_praxeas,Ps,Ps,8,5,old_testament_or_other,Bible:Ps.8.5,Ps. viii. 5
volume_3,tertullian,against_praxeas,John,John,14,16,new_testament,Bible:John.14.16,John xiv. 16
volume_3,tertullian,against_praxeas,Matt,Matt,5,37,new_testament,Bible:Matt.5.37,Matt. v. 37
volume_3,tertullian,against_praxeas,Matt,Matt,19,26,new_testament,Bible:Matt.19.26,Matt. xix. 26
volume_3,tertullian,against_praxeas,Luke,Luke,18,27,new_testament,Bible:Luke.18.27,Luke xviii. 27
volume_3,tertullian,against_praxeas,1Cor,1Cor,1,27,new_testament,Bible:1Cor.1.27,1 Cor. i. 27
volume_3,tertullian,against_praxeas,Gen,Gen,18,14,old_testament_or_other,Bible:Gen.18.14,Gen. xviii. 14
volume_3,tertullian,against_praxeas,Ps,Ps,110,3,old_testament_or_other,Bible:Ps.110.3,Ps. cx. 3
volume_3,tertullian,against_praxeas,Isa,Isa,42,1,old_testament_or_other,Bible:Isa.42.1,Isa. xlii. 1
volume_3,tertullian,against_praxeas,Isa,Isa,49,6,old_testament_or_other,Bible:Isa.49.6,Isa. xlix. 6
volume_3,tertullian,against_praxeas,Isa,Isa|Luke,61,1,old_testament_or_other,Bible:Isa.61.1 Bible:Luke.4.18,"Isa.
lxi. 1 and Luke iv. 18"
volume_3,tertullian,against_praxeas,Ps,Ps,71,18,old_testament_or_other,Bible:Ps.71.18,Ps. lxxi. 18
volume_3,tertullian,against_praxeas,Ps,Ps,3,1,old_testament_or_other,Bible:Ps.3.1,Ps. iii. 1
volume_3,tertullian,against_praxeas,Isa,Isa,45,1,old_testament_or_other,Bible:Isa.45.1,Isa. xlv. 1
volume_3,tertullian,against_praxeas,Isa,Isa,53,1,old_testament_or_other,Bible:Isa.53.1-Isa.53.2,"Isa. liii. 1, 2"
volume_3,tertullian,against_praxeas,Gen,Gen,3,22,old_testament_or_other,Bible:Gen.3.22,Gen. iii. 22
volume_3,tertullian,against_praxeas,Gen,Gen,1,27,old_testament_or_other,Bible:Gen.1.27,Gen. i. 27
volume_3,tertullian,against_praxeas,John,John,1,9,new_testament,Bible:John.1.9,John i. 9
volume_3,tertullian,against_praxeas,Gen,Gen,1,6,old_testament_or_other,Bible:Gen.1.6-Gen.1.7,"Gen. i. 6, 7"
volume_3,tertullian,against_praxeas,Gen,Gen|Gen,1,14,old_testament_or_other,Bible:Gen.1.14 Bible:Gen.1.16,"Gen. i. 14, 16"
volume_3,tertullian,against_praxeas,Ps,Ps,45,6,old_testament_or_other,Bible:Ps.45.6-Ps.45.7,"Ps. xlv. 6, 7"
volume_3,tertullian,against_praxeas,Isa,Isa,45,14,old_testament_or_other,Bible:Isa.45.14-Isa.45.15,"Isa. xlv. 14, 15"
volume_3,tertullian,against_praxeas,Isa,Isa,53,1,old_testament_or_other,Bible:Isa.53.1,Isa. liii. 1
volume_3,tertullian,against_praxeas,Gen,Gen,19,24,old_testament_or_other,Bible:Gen.19.24,Gen. xix. 24
volume_3,tertullian,against_praxeas,Ps,Ps,82,6,old_testament_or_other,Bible:Ps.82.6,Ps. lxxxii. 6
volume_3,tertullian,against_praxeas,Ps,Ps,82,1,old_testament_or_other,Bible:Ps.82.1,"Ver.
1"
volume_3,tertullian,against_praxeas,Rom,Rom,1,7,new_testament,Bible:Rom.1.7,Rom. i. 7
volume_3,tertullian,against_praxeas,Rom,Rom,9,5,new_testament,Bible:Rom.9.5,Rom. ix. 5
volume_3,tertullian,against_praxeas,Exod,Exod,33,13,old_testament_or_other,Bible:Exod.33.13,Ex. xxxiii. 13
volume_3,tertullian,against_praxeas,Exod,Exod,33,20,old_testament_or_other,Bible:Exod.33.20,"Ver.
20"
volume_3,tertullian,against_praxeas,Exod,Exod,33,11,old_testament_or_other,Bible:Exod.33.11,Ex. xxxiii. 11
volume_3,tertullian,against_praxeas,Gen,Gen,32,30,old_testament_or_other,Bible:Gen.32.30,Gen. xxxii. 30
volume_3,tertullian,against_praxeas,Num,Num,12,6,old_testament_or_other,Bible:Num.12.6-Num.12.8,Num. xii. 6–8
volume_3,tertullian,against_praxeas,1Cor,1Cor,13,12,new_testament,Bible:1Cor.13.12,1 Cor. xiii. 12
volume_3,tertullian,against_praxeas,Mark,Mark|Matt,9,4,new_testament,Bible:Mark.9.4 Bible:Matt.17.3,Mark ix. 4; Matt. xvii. 3
volume_3,tertullian,against_praxeas,Exod,Exod|Exod,33,13,old_testament_or_other,Bible:Exod.33.13 Bible:Exod.33.11,"ver. 13 with
ver. 11 of Ex. xxxiii"
volume_3,tertullian,against_praxeas,Gen,Gen,22,30,old_testament_or_other,Bible:Gen.22.30,Gen. xxii. 30
volume_3,tertullian,against_praxeas,Lam,Lam,4,20,old_testament_or_other,Bible:Lam.4.20,Lam. iv. 20
volume_3,tertullian,against_praxeas,Jer,Jer,52,9,old_testament_or_other,Bible:Jer.52.9,Jer. lii. 9
volume_3,tertullian,against_praxeas,1Cor,1Cor,11,3,new_testament,Bible:1Cor.11.3,1 Cor. xi. 3
volume_3,tertullian,against_praxeas,1Tim,1Tim,6,16,new_testament,Bible:1Tim.6.16,1 Tim. vi. 16
volume_3,tertullian,against_praxeas,Exod,Exod|Deut|Judg,33,20,old_testament_or_other,Bible:Exod.33.20 Bible:Deut.5.26 Bible:Judg.13.22,"Ex. xxxiii. 20; Deut. v. 26; Judg. xiii.
22"
volume_3,tertullian,against_praxeas,1John,1John,1,1,new_testament,Bible:1John.1.1,1 John i. 1
volume_3,tertullian,against_praxeas,John,John,1,1,new_testament,Bible:John.1.1-John.1.2,"John i. 1, 2"
volume_3,tertullian,against_praxeas,John,John,1,14,new_testament,Bible:John.1.14,John i. 14
volume_3,tertullian,against_praxeas,1John,1John,4,12,new_testament,Bible:1John.4.12,1 John iv. 12
volume_3,tertullian,against_praxeas,1Cor,1Cor,9,1,new_testament,Bible:1Cor.9.1,1 Cor. ix. 1
volume_3,tertullian,against_praxeas,1Tim,1Tim,1,17,new_testament,Bible:1Tim.1.17,1 Tim. i. 17
volume_3,tertullian,against_praxeas,1Cor,1Cor,15,3,new_testament,Bible:1Cor.15.3,1 Cor. xv. 3
volume_3,tertullian,against_praxeas,1Cor,1Cor,15,8,new_testament,Bible:1Cor.15.8,"Ver.
8"
volume_3,tertullian,against_praxeas,Acts,Acts,22,11,new_testament,Bible:Acts.22.11,Acts xxii. 11
volume_3,tertullian,against_praxeas,Matt,Matt|Mark,17,6,new_testament,Bible:Matt.17.6 Bible:Mark.9.6,Matt. xvii. 6; Mark ix. 6
volume_3,tertullian,against_praxeas,Exod,Exod,33,20,old_testament_or_other,Bible:Exod.33.20,Ex. xxxiii. 20
volume_3,tertullian,against_praxeas,John,John,5,19,new_testament,Bible:John.5.19,John v. 19
volume_3,tertullian,against_praxeas,John,John,3,35,new_testament,Bible:John.3.35,John iii. 35
volume_3,tertullian,against_praxeas,Matt,Matt,28,18,new_testament,Bible:Matt.28.18,Matt. xxviii. 18
volume_3,tertullian,against_praxeas,John,John,5,22,new_testament,Bible:John.5.22,John v. 22
volume_3,tertullian,against_praxeas,1Cor,1Cor,10,11,new_testament,Bible:1Cor.10.11,1 Cor. x. 11
volume_3,tertullian,against_praxeas,Gen,Gen,3,9,old_testament_or_other,Bible:Gen.3.9,Gen. iii. 9
volume_3,tertullian,against_praxeas,Gen,Gen,6,6,old_testament_or_other,Bible:Gen.6.6,Gen. vi. 6
volume_3,tertullian,against_praxeas,Ps,Ps,8,6,old_testament_or_other,Bible:Ps.8.6,Ps. viii. 6
volume_3,tertullian,against_praxeas,Acts,Acts,17,24,new_testament,Bible:Acts.17.24,Acts xvii. 24
volume_3,tertullian,against_praxeas,Joel,Joel|Ps,2,10,old_testament_or_other,Bible:Joel.2.10 Bible:Ps.97.5,Joel ii. 10; Ps. xcvii. 5
volume_3,tertullian,against_praxeas,Isa,Isa,10,14,old_testament_or_other,Bible:Isa.10.14,Isa. x. 14
volume_3,tertullian,against_praxeas,Isa,Isa,66,1,old_testament_or_other,Bible:Isa.66.1,Isa. lxvi. 1
volume_3,tertullian,against_praxeas,Isa,Isa,40,28,old_testament_or_other,Bible:Isa.40.28,Isa. xl. 28
volume_3,tertullian,against_praxeas,John,John,5,43,new_testament,Bible:John.5.43,John v. 43
volume_3,tertullian,against_praxeas,John,John,17,6,new_testament,Bible:John.17.6,John xvii. 6
volume_3,tertullian,against_praxeas,Ps,Ps,118,26,old_testament_or_other,Bible:Ps.118.26,Ps. cxviii. 26
volume_3,tertullian,against_praxeas,John,John,16,15,new_testament,Bible:John.16.15,John xvi. 15
volume_3,tertullian,against_praxeas,Acts,Acts,2,22,new_testament,Bible:Acts.2.22,Acts ii. 22
volume_3,tertullian,against_praxeas,Rev,Rev,1,8,new_testament,Bible:Rev.1.8,Rev. i. 8
volume_3,tertullian,against_praxeas,Isa,Isa,45,5,old_testament_or_other,Bible:Isa.45.5,Isa. xlv. 5
volume_3,tertullian,against_praxeas,Isa,Isa|Isa|Isa,45,5,old_testament_or_other,Bible:Isa.45.5 Bible:Isa.45.18 Bible:Isa.44.6,"Isa. xlv. 5, 18; xliv. 6"
volume_3,tertullian,against_praxeas,Isa,Isa,44,24,old_testament_or_other,Bible:Isa.44.24,Isa. xliv. 24
volume_3,tertullian,against_praxeas,Prov,Prov,8,27,old_testament_or_other,Bible:Prov.8.27,Prov. viii. 27
volume_3,tertullian,against_praxeas,Rom,Rom,11,34,new_testament,Bible:Rom.11.34,Rom. xi. 34
volume_3,tertullian,against_praxeas,Prov,Prov,8,30,old_testament_or_other,Bible:Prov.8.30,Prov. viii. 30
volume_3,tertullian,against_praxeas,1Cor,1Cor,1,24,new_testament,Bible:1Cor.1.24,1 Cor. i. 24
volume_3,tertullian,against_praxeas,1Cor,1Cor,2,11,new_testament,Bible:1Cor.2.11,1 Cor ii. 11
volume_3,tertullian,against_praxeas,Isa,Isa,44,25,old_testament_or_other,Bible:Isa.44.25,Isa. xliv. 25
volume_3,tertullian,against_praxeas,Matt,Matt,3,17,new_testament,Bible:Matt.3.17,Matt. iii. 17
volume_3,tertullian,against_praxeas,Isa,Isa,41,4,old_testament_or_other,Bible:Isa.41.4,Isa. xli. 4
volume_3,tertullian,against_praxeas,John,John,14,9,new_testament,Bible:John.14.9-John.14.10,"John xiv. 9, 10"
volume_3,tertullian,against_praxeas,John,John,1,1,new_testament,Bible:John.1.1-John.1.3,John i. 1–3
volume_3,tertullian,against_praxeas,John,John,1,29,new_testament,Bible:John.1.29,John i. 29
volume_3,tertullian,against_praxeas,John,John,1,49,new_testament,Bible:John.1.49,John i. 49
volume_3,tertullian,against_praxeas,Matt,Matt,16,16,new_testament,Bible:Matt.16.16,Matt. xvi. 16
volume_3,tertullian,against_praxeas,John,John,1,50,new_testament,Bible:John.1.50,John i. 50
volume_3,tertullian,against_praxeas,Matt,Matt,16,17,new_testament,Bible:Matt.16.17,Matt. xvi. 17
volume_3,tertullian,against_praxeas,John,John,2,16,new_testament,Bible:John.2.16,John ii. 16
volume_3,tertullian,against_praxeas,John,John,3,16,new_testament,Bible:John.3.16,John iii. 16
volume_3,tertullian,against_praxeas,John,John,3,17,new_testament,Bible:John.3.17-John.3.18,"John iii. 17, 18"
volume_3,tertullian,against_praxeas,John,John,3,35,new_testament,Bible:John.3.35-John.3.36,"John iii. 35, 36"
volume_3,tertullian,against_praxeas,John,John,4,25,new_testament,Bible:John.4.25,John iv. 25
volume_3,tertullian,against_praxeas,John,John,20,31,new_testament,Bible:John.20.31,John xx. 31
volume_3,tertullian,against_praxeas,John,John,4,34,new_testament,Bible:John.4.34,John iv. 34
volume_3,tertullian,against_praxeas,John,John,5,17,new_testament,Bible:John.5.17,John v. 17
volume_3,tertullian,against_praxeas,John,John,5,19,new_testament,Bible:John.5.19-John.5.27,John v. 19–27
volume_3,tertullian,against_praxeas,John,John,5,36,new_testament,Bible:John.5.36-John.5.37,"John v. 36, 37"
volume_3,tertullian,against_praxeas,John,John,5,37,new_testament,Bible:John.5.37,"Ver.
37"
volume_3,tertullian,against_praxeas,John,John,5,43,new_testament,Bible:John.5.43,"Ver.
43"
volume_3,tertullian,against_praxeas,John,John,6,29,new_testament,Bible:John.6.29,John vi. 29
volume_3,tertullian,against_praxeas,John,John,6,30,new_testament,Bible:John.6.30,"Ver.
30"
volume_3,tertullian,against_praxeas,John,John,6,32,new_testament,Bible:John.6.32,"Ver.
32"
volume_3,tertullian,against_praxeas,John,John,6,37,new_testament,Bible:John.6.37-John.6.45,John vi. 37–45
volume_3,tertullian,against_praxeas,John,John,6,46,new_testament,Bible:John.6.46,"Ver.
46"
volume_3,tertullian,against_praxeas,John,John,6,66,new_testament,Bible:John.6.66,"Ver.
66"
volume_3,tertullian,against_praxeas,John,John,6,67,new_testament,Bible:John.6.67,"Ver.
67"
volume_3,tertullian,against_praxeas,John,John,6,68,new_testament,Bible:John.6.68,"Ver.
68"
volume_3,tertullian,against_praxeas,John,John,7,,new_testament,Bible:John.7,John vii
volume_3,tertullian,against_praxeas,John,John,7,28,new_testament,Bible:John.7.28-John.7.29,"Ver. 28,
29"
volume_3,tertullian,against_praxeas,John,John,7,33,new_testament,Bible:John.7.33,"Ver.
33"
volume_3,tertullian,against_praxeas,John,John,8,16,new_testament,Bible:John.8.16,John viii. 16
volume_3,tertullian,against_praxeas,John,John,8,17,new_testament,Bible:John.8.17,"Ver.
17"
volume_3,tertullian,against_praxeas,John,John,8,18,new_testament,Bible:John.8.18,"Ver.
18"
volume_3,tertullian,against_praxeas,John,John,8,19,new_testament,Bible:John.8.19,"Ver.
19"
volume_3,tertullian,against_praxeas,John,John,8,27,new_testament,Bible:John.8.27,"Ver.
27"
volume_3,tertullian,against_praxeas,Jer,Jer,1,9,old_testament_or_other,Bible:Jer.1.9,Jer. i. 9
volume_3,tertullian,against_praxeas,Isa,Isa,50,4,old_testament_or_other,Bible:Isa.50.4,Isa. l. 4
volume_3,tertullian,against_praxeas,John,John,8,28,new_testament,Bible:John.8.28-John.8.29,"John viii. 28, 29"
volume_3,tertullian,against_praxeas,John,John,8,38,new_testament,Bible:John.8.38,"Ver.
38"
volume_3,tertullian,against_praxeas,John,John,8,40,new_testament,Bible:John.8.40,"Ver.
40"
volume_3,tertullian,against_praxeas,John,John,8,42,new_testament,Bible:John.8.42,"Ver.
42"
volume_3,tertullian,against_praxeas,John,John,8,49,new_testament,Bible:John.8.49,"Ver.
49"
volume_3,tertullian,against_praxeas,John,John,8,54,new_testament,Bible:John.8.54-John.8.55,"John viii. 54, 55"
volume_3,tertullian,against_praxeas,John,John,8,56,new_testament,Bible:John.8.56,"Ver.
56"
volume_3,tertullian,against_praxeas,John,John,9,4,new_testament,Bible:John.9.4,John ix. 4
volume_3,tertullian,against_praxeas,John,John,9,35,new_testament,Bible:John.9.35-John.9.38,"Vers.
35–38"
volume_3,tertullian,against_praxeas,John,John,10,15,new_testament,Bible:John.10.15,John x. 15
volume_3,tertullian,against_praxeas,John,John|John|John,10,15,new_testament,Bible:John.10.15 Bible:John.10.17 Bible:John.10.18,"Vers. 15,
17, 18"
volume_3,tertullian,against_praxeas,John,John,10,24,new_testament,Bible:John.10.24,"Ver.
24"
volume_3,tertullian,against_praxeas,John,John,10,25,new_testament,Bible:John.10.25,"Ver.
25"
volume_3,tertullian,against_praxeas,John,John,10,26,new_testament,Bible:John.10.26-John.10.28,"Vers.
26–28"
volume_3,tertullian,against_praxeas,John,John,10,29,new_testament,Bible:John.10.29,"Ver.
29"
volume_3,tertullian,against_praxeas,John,John,10,30,new_testament,Bible:John.10.30,"Ver.
30"
volume_3,tertullian,against_praxeas,John,John,10,32,new_testament,Bible:John.10.32,John x. 32
volume_3,tertullian,against_praxeas,John,John,10,34,new_testament,Bible:John.10.34-John.10.38,"Vers.
34–38"
volume_3,tertullian,against_praxeas,John,John,11,27,new_testament,Bible:John.11.27,John xi. 27
volume_3,tertullian,against_praxeas,John,John,11,41,new_testament,Bible:John.11.41-John.11.42,"John xi. 41, 42"
volume_3,tertullian,against_praxeas,John,John,12,27,new_testament,Bible:John.12.27-John.12.28,"John xii. 27, 28"
volume_3,tertullian,against_praxeas,Matt,Matt,17,5,new_testament,Bible:Matt.17.5,Matt. xvii. 5
volume_3,tertullian,against_praxeas,John,John,12,28,new_testament,Bible:John.12.28,John xii. 28
volume_3,tertullian,against_praxeas,Matt,Matt,6,9,new_testament,Bible:Matt.6.9,Matt. vi. 9
volume_3,tertullian,against_praxeas,Ps,Ps,8,5,old_testament_or_other,Bible:Ps.8.5,"Same
ver"
volume_3,tertullian,against_praxeas,John,John,12,30,new_testament,Bible:John.12.30,John xii. 30
volume_3,tertullian,against_praxeas,John,John,12,44,new_testament,Bible:John.12.44,John xii. 44
volume_3,tertullian,against_praxeas,John,John,12,45,new_testament,Bible:John.12.45,"Ver.
45"
volume_3,tertullian,against_praxeas,John,John,12,49,new_testament,Bible:John.12.49,John xii. 49
volume_3,tertullian,against_praxeas,John,John,12,50,new_testament,Bible:John.12.50,John xii. 50
volume_3,tertullian,against_praxeas,John,John|John,13,1,new_testament,Bible:John.13.1 Bible:John.13.3,"John xiii. 1, 3"
volume_3,tertullian,against_praxeas,John,John,13,31,new_testament,Bible:John.13.31,"Ver.
31"
volume_3,tertullian,against_praxeas,John,John,13,32,new_testament,Bible:John.13.32,"Ver.
32"
volume_3,tertullian,against_praxeas,John,John,14,5,new_testament,Bible:John.14.5-John.14.7,John xiv. 5–7
volume_3,tertullian,against_praxeas,John,John,14,8,new_testament,Bible:John.14.8,"Ver.
8"
volume_3,tertullian,against_praxeas,John,John,14,9,new_testament,Bible:John.14.9,"Ver.
9"
volume_3,tertullian,against_praxeas,John,John,14,9,new_testament,Bible:John.14.9,John xiv. 9
volume_3,tertullian,against_praxeas,John,John,16,28,new_testament,Bible:John.16.28,John xvi. 28
volume_3,tertullian,against_praxeas,John,John,14,6,new_testament,Bible:John.14.6,John xiv. 6
volume_3,tertullian,against_praxeas,John,John,6,44,new_testament,Bible:John.6.44,John vi. 44
volume_3,tertullian,against_praxeas,John,John,5,21,new_testament,Bible:John.5.21,John v. 21
volume_3,tertullian,against_praxeas,John,John,14,7,new_testament,Bible:John.14.7,John xiv. 7
volume_3,tertullian,against_praxeas,John,John,14,10,new_testament,Bible:John.14.10,John xiv. 10
volume_3,tertullian,against_praxeas,John,John,14,10,new_testament,Bible:John.14.10,"Same
ver"
volume_3,tertullian,against_praxeas,John,John,14,11,new_testament,Bible:John.14.11,"Ver.
11"
volume_3,tertullian,against_praxeas,John,John,16,14,new_testament,Bible:John.16.14,John xvi. 14
volume_3,tertullian,against_praxeas,John,John,15,1,new_testament,Bible:John.15.1,John xv. 1
volume_3,tertullian,against_praxeas,John,John,17,1,new_testament,Bible:John.17.1,John xvii. 1
volume_3,tertullian,against_praxeas,John,John,17,11,new_testament,Bible:John.17.11,John xvii. 11
volume_3,tertullian,against_praxeas,Matt,Matt,27,46,new_testament,Bible:Matt.27.46,Matt. xxvii. 46
volume_3,tertullian,against_praxeas,Luke,Luke,23,46,new_testament,Bible:Luke.23.46,Luke xxiii. 46
volume_3,tertullian,against_praxeas,John,John,20,17,new_testament,Bible:John.20.17,John xx. 17
volume_3,tertullian,against_praxeas,Luke,Luke,1,35,new_testament,Bible:Luke.1.35,Luke i. 35
volume_3,tertullian,against_praxeas,Luke,Luke,2,49,new_testament,Bible:Luke.2.49,Luke ii. 49
volume_3,tertullian,against_praxeas,Matt,Matt|Matt,4,3,new_testament,Bible:Matt.4.3 Bible:Matt.4.6,"Matt. iv. 3, 6"
volume_3,tertullian,against_praxeas,Mark,Mark|Matt,1,24,new_testament,Bible:Mark.1.24 Bible:Matt.8.29,Mark i. 24; Matt. viii. 29
volume_3,tertullian,against_praxeas,Matt,Matt|Luke|John,11,25,new_testament,Bible:Matt.11.25-Matt.11.26 Bible:Luke.10.21 Bible:John.11.41,"Matt. xi. 25, 26; Luke x. 21; John xi.
41"
volume_3,tertullian,against_praxeas,Matt,Matt,11,25,new_testament,Bible:Matt.11.25,Matt. xi. 25
volume_3,tertullian,against_praxeas,Matt,Matt|Luke,11,27,new_testament,Bible:Matt.11.27 Bible:Luke.10.22,Matt. xi. 27; Luke x. 22
volume_3,tertullian,against_praxeas,Matt,Matt,10,32,new_testament,Bible:Matt.10.32-Matt.10.33,"Matt. x. 32, 33"
volume_3,tertullian,against_praxeas,Matt,Matt,21,33,new_testament,Bible:Matt.21.33-Matt.21.41,Matt. xxi. 33–41
volume_3,tertullian,against_praxeas,Matt,Matt,24,36,new_testament,Bible:Matt.24.36,Matt. xxiv. 36
volume_3,tertullian,against_praxeas,Luke,Luke,22,29,new_testament,Bible:Luke.22.29,Luke xxii. 29
volume_3,tertullian,against_praxeas,Matt,Matt,26,53,new_testament,Bible:Matt.26.53,Matt. xxvi. 53
volume_3,tertullian,against_praxeas,Luke,Luke,24,49,new_testament,Bible:Luke.24.49,Luke xxiv. 49
volume_3,tertullian,against_praxeas,Matt,Matt,1,23,new_testament,Bible:Matt.1.23,Matt. i. 23
volume_3,tertullian,against_praxeas,Ps,Ps,87,5,old_testament_or_other,Bible:Ps.87.5,Ps. lxxxvii. 5
volume_3,tertullian,against_praxeas,Rom,Rom,1,3,new_testament,Bible:Rom.1.3,Rom. i. 3
volume_3,tertullian,against_praxeas,Rom,Rom,1,4,new_testament,Bible:Rom.1.4,"Ver.
4"
volume_3,tertullian,against_praxeas,John,John,3,6,new_testament,Bible:John.3.6,John iii. 6
volume_3,tertullian,against_praxeas,1Tim,1Tim,2,5,new_testament,Bible:1Tim.2.5,1 Tim. ii. 5
volume_3,tertullian,against_praxeas,Acts,Acts,4,27,new_testament,Bible:Acts.4.27,Acts iv. 27
volume_3,tertullian,against_praxeas,Acts,Acts,2,36,new_testament,Bible:Acts.2.36,Acts ii. 36
volume_3,tertullian,against_praxeas,1John,1John|1John|1John,2,22,new_testament,Bible:1John.2.22 Bible:1John.4.2-1John.4.3 Bible:1John.5.1,"1
John ii. 22, iv. 2, 3, and v. 1"
volume_3,tertullian,against_praxeas,1John,1John,1,3,new_testament,Bible:1John.1.3,1 John i. 3
volume_3,tertullian,against_praxeas,Rom,Rom,1,8,new_testament,Bible:Rom.1.8,Rom. i. 8
volume_3,tertullian,against_praxeas,Gal,Gal,1,1,new_testament,Bible:Gal.1.1,Gal. i. 1
volume_3,tertullian,against_praxeas,Amos,Amos,4,13,old_testament_or_other,Bible:Amos.4.13,Amos iv. 13
volume_3,tertullian,against_praxeas,Ps,Ps,2,2,old_testament_or_other,Bible:Ps.2.2,Ps. ii. 2
volume_3,tertullian,against_praxeas,Eph,Eph,1,17,new_testament,Bible:Eph.1.17,Eph. i. 17
volume_3,tertullian,against_praxeas,Rom,Rom,8,11,new_testament,Bible:Rom.8.11,Rom. viii. 11
volume_3,tertullian,against_praxeas,Gal,Gal,3,13,new_testament,Bible:Gal.3.13,Gal. iii. 13
volume_3,tertullian,against_praxeas,Deut,Deut,21,23,old_testament_or_other,Bible:Deut.21.23,Deut. xxi. 23
volume_3,tertullian,against_praxeas,Rom,Rom,8,32,new_testament,Bible:Rom.8.32,Rom. viii. 32
volume_3,tertullian,against_praxeas,Isa,Isa,53,5,old_testament_or_other,Bible:Isa.53.5-Isa.53.6,"Isa.
liii. 5, 6"
volume_3,tertullian,against_praxeas,1Cor,1Cor,15,3,new_testament,Bible:1Cor.15.3-1Cor.15.4,"1 Cor. xv. 3, 4"
volume_3,tertullian,against_praxeas,John,John,3,13,new_testament,Bible:John.3.13,John iii. 13
volume_3,tertullian,against_praxeas,Eph,Eph,4,9,new_testament,Bible:Eph.4.9,Eph. iv. 9
volume_3,tertullian,against_praxeas,Mark,Mark|Rev,16,19,new_testament,Bible:Mark.16.19 Bible:Rev.3.21,Mark xvi. 19; Rev. iii. 21
volume_3,tertullian,against_praxeas,Acts,Acts,7,55,new_testament,Bible:Acts.7.55,Acts vii. 55
volume_3,tertullian,against_praxeas,Acts,Acts|Luke,1,11,new_testament,Bible:Acts.1.11 Bible:Luke.21.37,Acts i. 11; Luke xxi. 37
volume_3,tertullian,against_praxeas,John,John,16,13,new_testament,Bible:John.16.13,John xvi. 13
volume_3,tertullian,against_praxeas,1John,1John,4,15,new_testament,Bible:1John.4.15,1 John iv. 15
volume_3,tertullian,against_praxeas,1John,1John,5,12,new_testament,Bible:1John.5.12,1 John v. 12
volume_3,tertullian,against_praxeas,Gen,Gen,1,26,old_testament_or_other,Bible:Gen.1.26,"Gen. i.
26"
volume_3,tertullian,against_praxeas,1John,1John,5,7,new_testament,Bible:1John.5.7,1 John v. 7
volume_3,tertullian,against_praxeas,Ps,Ps,13,,old_testament_or_other,Bible:Ps.13,Psa. xiii
volume_3,tertullian,against_praxeas,Rom,Rom,3,10,new_testament,Bible:Rom.3.10,Rom. iii. 10
volume_3,tertullian,against_praxeas,1John,1John,5,7,new_testament,Bible:1John.5.7,"1 John v.
7"
volume_3,tertullian,scorpiace,Mark,Mark,16,18,new_testament,Bible:Mark.16.18,Mark xvi. 18
volume_3,tertullian,scorpiace,Acts,Acts,28,3,new_testament,Bible:Acts.28.3,Acts xxviii. 3
volume_3,tertullian,scorpiace,Exod,Exod,3,2,old_testament_or_other,Bible:Exod.3.2,Ex. iii. 2
volume_3,tertullian,scorpiace,Ps,Ps,50,13,old_testament_or_other,Bible:Ps.50.13,Ps. l. 13
volume_3,tertullian,scorpiace,Ezek,Ezek,33,11,old_testament_or_other,Bible:Ezek.33.11,Ezek. xxxiii. 11
volume_3,tertullian,scorpiace,Ps,Ps,19,10,old_testament_or_other,Bible:Ps.19.10,Ps. xix. 10
volume_3,tertullian,scorpiace,Exod,Exod,3,17,old_testament_or_other,Bible:Exod.3.17,Ex. iii. 17
volume_3,tertullian,scorpiace,Isa,Isa,5,20,old_testament_or_other,Bible:Isa.5.20,Isa. v. 20
volume_3,tertullian,scorpiace,Exod,Exod,20,2,old_testament_or_other,Bible:Exod.20.2,Ex. xx. 2
volume_3,tertullian,scorpiace,Exod,Exod,20,22,old_testament_or_other,Bible:Exod.20.22-Exod.20.23,"Ex. xx. 22, 23"
volume_3,tertullian,scorpiace,Deut,Deut,6,4,old_testament_or_other,Bible:Deut.6.4,Deut. vi. 4
volume_3,tertullian,scorpiace,Deut,Deut,6,12,old_testament_or_other,Bible:Deut.6.12,Deut. vi. 12
volume_3,tertullian,scorpiace,Deut,Deut,11,27,old_testament_or_other,Bible:Deut.11.27,Deut. xi. 27
volume_3,tertullian,scorpiace,Deut,Deut,12,2,old_testament_or_other,Bible:Deut.12.2-Deut.12.3,"Deut. xii. 2, 3"
volume_3,tertullian,scorpiace,Deut,Deut,12,30,old_testament_or_other,Bible:Deut.12.30,Deut. xii. 30
volume_3,tertullian,scorpiace,Deut,Deut,13,1,old_testament_or_other,Bible:Deut.13.1,Deut. xiii. 1
volume_3,tertullian,scorpiace,Deut,Deut,13,6,old_testament_or_other,Bible:Deut.13.6,Deut. xiii. 6
volume_3,tertullian,scorpiace,Deut,Deut,13,16,old_testament_or_other,Bible:Deut.13.16,Deut. xiii. 16
volume_3,tertullian,scorpiace,Deut,Deut,27,15,old_testament_or_other,Bible:Deut.27.15,Deut. xxvii. 15
volume_3,tertullian,scorpiace,Rev,Rev,19,4,new_testament,Bible:Rev.19.4,Rev. xix. 4
volume_3,tertullian,scorpiace,Lev,Lev|Lev,25,55,old_testament_or_other,Bible:Lev.25.55 Bible:Lev.26.1,Lev. xxv. 55; xxvi. 1
volume_3,tertullian,scorpiace,Ps,Ps|Ps,135,15,old_testament_or_other,Bible:Ps.135.15 Bible:Ps.115.4,Ps. cxxxv. 15; cxv. 4
volume_3,tertullian,scorpiace,Exod,Exod,32,,old_testament_or_other,Bible:Exod.32,Ex. xxxii
volume_3,tertullian,scorpiace,Num,Num,25,1,old_testament_or_other,Bible:Num.25.1,Num. xxv. 1
volume_3,tertullian,scorpiace,Judg,Judg,2,8,old_testament_or_other,Bible:Judg.2.8-Judg.2.13,Judg. ii. 8–13
volume_3,tertullian,scorpiace,Judg,Judg,2,20,old_testament_or_other,Bible:Judg.2.20-Judg.2.21,"Judg. ii. 20, 21"
volume_3,tertullian,scorpiace,1Cor,1Cor,15,41,new_testament,Bible:1Cor.15.41,1 Cor. xv. 41
volume_3,tertullian,scorpiace,Ps,Ps|Rom,32,1,old_testament_or_other,Bible:Ps.32.1 Bible:Rom.4.7,Ps. xxxii. 1; Rom. iv. 7
volume_3,tertullian,scorpiace,1Pet,1Pet,4,8,new_testament,Bible:1Pet.4.8,1 Pet. iv. 8
volume_3,tertullian,scorpiace,Matt,Matt,22,37,new_testament,Bible:Matt.22.37,Matt. xxii. 37
volume_3,tertullian,scorpiace,Prov,Prov,9,2,old_testament_or_other,Bible:Prov.9.2,Prov. ix. 2
volume_3,tertullian,scorpiace,Prov,Prov,1,20,old_testament_or_other,Bible:Prov.1.20-Prov.1.21,"Prov. i. 20, 21"
volume_3,tertullian,scorpiace,Isa,Isa,44,5,old_testament_or_other,Bible:Isa.44.5,Isa. xliv. 5
volume_3,tertullian,scorpiace,Zech,Zech,13,9,old_testament_or_other,Bible:Zech.13.9,Zech. xiii. 9
volume_3,tertullian,scorpiace,Rom,Rom,8,32,new_testament,Bible:Rom.8.32,Rom. viii. 32
volume_3,tertullian,scorpiace,Rom,Rom,4,25,new_testament,Bible:Rom.4.25,Rom. iv. 25
volume_3,tertullian,scorpiace,Rom,Rom,11,34,new_testament,Bible:Rom.11.34,Rom. xi. 34
volume_3,tertullian,scorpiace,Ps,Ps,116,15,old_testament_or_other,Bible:Ps.116.15,Ps. cxvi. 15
volume_3,tertullian,scorpiace,Isa,Isa,57,1,old_testament_or_other,Bible:Isa.57.1,Isa. lvii. 1
volume_3,tertullian,scorpiace,Matt,Matt,14,3,new_testament,Bible:Matt.14.3,Matt. xiv. 3
volume_3,tertullian,scorpiace,Dan,Dan,3,12,old_testament_or_other,Bible:Dan.3.12,Dan. iii. 12
volume_3,tertullian,scorpiace,Bar,Bar,6,3,deuterocanonical,Bible:Bar.6.3,Baruch vi. 3
volume_3,tertullian,scorpiace,Dan,Dan,3,16,old_testament_or_other,Bible:Dan.3.16,Dan. iii. 16
volume_3,tertullian,scorpiace,Matt,Matt|Luke,5,10,new_testament,Bible:Matt.5.10 Bible:Luke.6.23,Matt. v. 10; Luke vi. 23
volume_3,tertullian,scorpiace,Matt,Matt,10,16,new_testament,Bible:Matt.10.16,Matt. x. 16
volume_3,tertullian,scorpiace,Isa,Isa,40,15,old_testament_or_other,Bible:Isa.40.15,Isa. xl. 15
volume_3,tertullian,scorpiace,Matt,Matt,16,13,new_testament,Bible:Matt.16.13,Matt. xvi. 13
volume_3,tertullian,scorpiace,Matt,Matt|Luke,7,12,new_testament,Bible:Matt.7.12 Bible:Luke.6.31,Matt. vii. 12 and Luke vi. 31
volume_3,tertullian,scorpiace,Ps,Ps,24,7,old_testament_or_other,Bible:Ps.24.7,Ps. xxiv. 7
volume_3,tertullian,scorpiace,Amos,Amos,9,6,old_testament_or_other,Bible:Amos.9.6,Amos ix. 6
volume_3,tertullian,scorpiace,Matt,Matt,10,34,new_testament,Bible:Matt.10.34,Matt. x. 34
volume_3,tertullian,scorpiace,Matt,Matt,10,21,new_testament,Bible:Matt.10.21,Matt. x. 21
volume_3,tertullian,scorpiace,Luke,Luke,14,26,new_testament,Bible:Luke.14.26,Luke xiv. 26
volume_3,tertullian,scorpiace,Matt,Matt,10,39,new_testament,Bible:Matt.10.39,Matt. x. 39
volume_3,tertullian,scorpiace,Matt,Matt,10,19,new_testament,Bible:Matt.10.19,Matt. x. 19
volume_3,tertullian,scorpiace,Matt,Matt,25,36,new_testament,Bible:Matt.25.36,Matt. xxv. 36
volume_3,tertullian,scorpiace,Luke,Luke,18,7,new_testament,Bible:Luke.18.7,Luke xviii. 7
volume_3,tertullian,scorpiace,Matt,Matt,13,3,new_testament,Bible:Matt.13.3,Matt. xiii. 3
volume_3,tertullian,scorpiace,1Pet,1Pet,2,20,new_testament,Bible:1Pet.2.20,1 Pet. ii. 20
volume_3,tertullian,scorpiace,1Pet,1Pet,4,12,new_testament,Bible:1Pet.4.12,1 Pet. iv. 12
volume_3,tertullian,scorpiace,1John,1John,3,16,new_testament,Bible:1John.3.16,1 John iii. 16
volume_3,tertullian,scorpiace,1John,1John,4,18,new_testament,Bible:1John.4.18,1 John iv. 18
volume_3,tertullian,scorpiace,Rev,Rev,2,10,new_testament,Bible:Rev.2.10,Rev. ii. 10
volume_3,tertullian,scorpiace,Rev,Rev,2,13,new_testament,Bible:Rev.2.13,Rev. ii. 13
volume_3,tertullian,scorpiace,Rev,Rev,3,10,new_testament,Bible:Rev.3.10,Rev. iii. 10
volume_3,tertullian,scorpiace,Matt,Matt,20,20,new_testament,Bible:Matt.20.20-Matt.20.23,Matt. xx. 20–23
volume_3,tertullian,scorpiace,Rev,Rev,6,9,new_testament,Bible:Rev.6.9,Rev. vi. 9
volume_3,tertullian,scorpiace,Rev,Rev,7,14,new_testament,Bible:Rev.7.14,Rev. vii. 14
volume_3,tertullian,scorpiace,Isa,Isa,1,18,old_testament_or_other,Bible:Isa.1.18,Isa. i. 18
volume_3,tertullian,scorpiace,Rev,Rev,17,6,new_testament,Bible:Rev.17.6,Rev. xvii. 6
volume_3,tertullian,scorpiace,Rev,Rev,21,8,new_testament,Bible:Rev.21.8,Rev. xxi. 8
volume_3,tertullian,scorpiace,Gen,Gen|Gen,25,34,old_testament_or_other,Bible:Gen.25.34 Bible:Gen.27.25,Gen. xxv. 34; xxvii. 25
volume_3,tertullian,scorpiace,2Thess,2Thess,1,4,new_testament,Bible:2Thess.1.4,2 Thess. i. 4
volume_3,tertullian,scorpiace,Rom,Rom,5,3,new_testament,Bible:Rom.5.3,Rom. v. 3
volume_3,tertullian,scorpiace,Rom,Rom,8,17,new_testament,Bible:Rom.8.17,Rom. viii. 17
volume_3,tertullian,scorpiace,Rom,Rom,8,35,new_testament,Bible:Rom.8.35,Rom. viii. 35
volume_3,tertullian,scorpiace,2Cor,2Cor,11,23,new_testament,Bible:2Cor.11.23,2 Cor. xi. 23
volume_3,tertullian,scorpiace,2Cor,2Cor,12,10,new_testament,Bible:2Cor.12.10,2 Cor. xii. 10
volume_3,tertullian,scorpiace,2Cor,2Cor,4,8,new_testament,Bible:2Cor.4.8,2 Cor. iv. 8
volume_3,tertullian,scorpiace,Phil,Phil,1,29,new_testament,Bible:Phil.1.29-Phil.1.30,"Phil. i. 29,
30"
volume_3,tertullian,scorpiace,Phil,Phil,2,17,new_testament,Bible:Phil.2.17,Phil. ii. 17
volume_3,tertullian,scorpiace,2Tim,2Tim,4,6,new_testament,Bible:2Tim.4.6,2 Tim. iv. 6
volume_3,tertullian,scorpiace,2Tim,2Tim,2,11,new_testament,Bible:2Tim.2.11,2 Tim ii. 11
volume_3,tertullian,scorpiace,2Tim,2Tim,1,8,new_testament,Bible:2Tim.1.8,2 Tim. i. 8
volume_3,tertullian,scorpiace,2Tim,2Tim,1,7,new_testament,Bible:2Tim.1.7,2 Tim. i. 7
volume_3,tertullian,scorpiace,Rom,Rom,13,1,new_testament,Bible:Rom.13.1,Rom. xiii. 1
volume_3,tertullian,scorpiace,Rom,Rom,13,6,new_testament,Bible:Rom.13.6,Rom. xiii. 6
volume_3,tertullian,scorpiace,Matt,Matt,22,21,new_testament,Bible:Matt.22.21,Matt. xxii. 21
volume_3,tertullian,scorpiace,1Pet,1Pet,2,13,new_testament,Bible:1Pet.2.13,1 Pet. ii. 13
volume_3,tertullian,scorpiace,Acts,Acts,5,40,new_testament,Bible:Acts.5.40,Acts v. 40
volume_3,tertullian,scorpiace,Acts,Acts,7,59,new_testament,Bible:Acts.7.59,Acts vii. 59
volume_3,tertullian,scorpiace,Acts,Acts,12,2,new_testament,Bible:Acts.12.2,Acts xii. 2
volume_3,tertullian,scorpiace,John,John,21,18,new_testament,Bible:John.21.18,John xxi. 18
volume_3,tertullian,scorpiace,Acts,Acts,21,11,new_testament,Bible:Acts.21.11,Acts xxi. 11
volume_3,tertullian,scorpiace,Matt,Matt|Matt,16,23,new_testament,Bible:Matt.16.23 Bible:Matt.4.10,"Matt.
xvi. 23 and iv. 10"
volume_3,tertullian,against_all_heresies,Acts,Acts,23,8,new_testament,Bible:Acts.23.8,Acts xxiii. 8
volume_3,tertullian,against_all_heresies,Acts,Acts,8,9,new_testament,Bible:Acts.8.9-Acts.8.24,Acts viii. 9–24
volume_3,tertullian,against_all_heresies,Matt,Matt|Mark|Luke,27,32,new_testament,Bible:Matt.27.32 Bible:Mark.15.21 Bible:Luke.23.26,"Matt. xxvii. 32; Mark xv. 21; Luke xxiii.
26"
volume_3,tertullian,against_all_heresies,Acts,Acts,6,1,new_testament,Bible:Acts.6.1-Acts.6.6,Acts vi. 1–6
volume_3,tertullian,against_all_heresies,Rev,Rev,2,6,new_testament,Bible:Rev.2.6,Rev. ii. 6
volume_3,tertullian,against_all_heresies,Gen,Gen,3,1,old_testament_or_other,Bible:Gen.3.1-Gen.3.7,Gen. iii. 1–7
volume_3,tertullian,against_all_heresies,Num,Num,21,4,old_testament_or_other,Bible:Num.21.4-Num.21.9,Num. xxi. 4–9
volume_3,tertullian,against_all_heresies,John,John,3,14,new_testament,Bible:John.3.14,John iii. 14
volume_3,tertullian,against_all_heresies,1Pet,1Pet,3,20,new_testament,Bible:1Pet.3.20,1 Pet. iii. 20
volume_3,tertullian,against_all_heresies,Gen,Gen|Gen|Gen,9,1,old_testament_or_other,Bible:Gen.9.1-Gen.9.2 Bible:Gen.9.7 Bible:Gen.9.19,"Gen. ix. 1, 2, 7, 19"
volume_3,tertullian,against_all_heresies,John,John|Acts|Gal,1,17,new_testament,Bible:John.1.17 Bible:Acts.7.53 Bible:Gal.3.19,"John i. 17, Acts
vii. 53, Gal. iii. 19"
volume_3,tertullian,against_all_heresies,Matt,Matt|Luke|John,10,24,new_testament,Bible:Matt.10.24 Bible:Luke.4.40 Bible:John.13.16,"Matt. x. 24; Luke iv. 40; John xiii.
16"
volume_3,tertullian,against_all_heresies,Rev,Rev|Rev|Rev,1,7,new_testament,Bible:Rev.1.7 Bible:Rev.21.6 Bible:Rev.22.13,Rev. i. 7; xxi. 6; xxii. 13
volume_3,tertullian,against_all_heresies,Matt,Matt|Mark|Luke|John,3,13,new_testament,Bible:Matt.3.13-Matt.3.17 Bible:Mark.1.9-Mark.1.11 Bible:Luke.3.21-Luke.3.22 Bible:John.1.29-John.1.34,"Matt. iii. 13–17; Mark i.
9–11; Luke iii. 21–22; John i. 29–34"
volume_3,tertullian,against_all_heresies,Matt,Matt,7,17,new_testament,Bible:Matt.7.17,Matt. vii. 17
volume_3,tertullian,against_all_heresies,Ps,Ps,110,4,old_testament_or_other,Bible:Ps.110.4,Ps. cx. 4
volume_3,tertullian,against_all_heresies,Heb,Heb,7,1,new_testament,Bible:Heb.7.1-Heb.7.3,Heb. vii. 1–3
volume_3,tertullian,repentance,Gen,Gen|Ps,1,28,old_testament_or_other,Bible:Gen.1.28 Bible:Ps.8.4-Ps.8.8,"Gen. i. 28; Ps. viii.
4–8"
volume_3,tertullian,repentance,Matt,Matt|Mark|Luke,3,1,new_testament,Bible:Matt.3.1-Matt.3.2 Bible:Mark.1.4 Bible:Luke.3.4-Luke.3.6,"Matt. iii. 1, 2; Mark i. 4; Luke iii.
4–6"
volume_3,tertullian,repentance,Luke,Luke,22,61,new_testament,Bible:Luke.22.61,Luke xxii. 61
volume_3,tertullian,repentance,Matt,Matt,5,27,new_testament,Bible:Matt.5.27-Matt.5.28,"Matt. v. 27, 28"
volume_3,tertullian,repentance,Ezek,Ezek|Ezek,18,30,old_testament_or_other,Bible:Ezek.18.30 Bible:Ezek.18.32,"Ezek. xviii. 30, 32"
volume_3,tertullian,repentance,Ezek,Ezek,33,11,old_testament_or_other,Bible:Ezek.33.11,"Ezek. xxxiii.
11"
volume_3,tertullian,repentance,1Tim,1Tim,1,16,new_testament,Bible:1Tim.1.16,1 Tim. i. 16
volume_3,tertullian,repentance,Isa,Isa,40,15,old_testament_or_other,Bible:Isa.40.15,Isa. xl. 15
volume_3,tertullian,repentance,Dan,Dan|Matt,2,35,old_testament_or_other,Bible:Dan.2.35 Bible:Matt.3.12,Dan. ii. 35; Matt. iii. 12
volume_3,tertullian,repentance,Ps,Ps|Rev,2,9,old_testament_or_other,Bible:Ps.2.9 Bible:Rev.2.27,Ps. ii. 9; Rev. ii. 27
volume_3,tertullian,repentance,Ps,Ps|Jer,1,3,old_testament_or_other,Bible:Ps.1.3 Bible:Jer.17.8,Ps. i. 3; Jer. xvii. 8
volume_3,tertullian,repentance,Luke,Luke,23,31,new_testament,Bible:Luke.23.31,Luke xxiii. 31
volume_3,tertullian,repentance,Jer,Jer|Matt,17,8,old_testament_or_other,Bible:Jer.17.8 Bible:Matt.3.10,Jer. xvii. 8; Matt. iii. 10
volume_3,tertullian,repentance,Matt,Matt,3,10,new_testament,Bible:Matt.3.10,Matt. iii. 10
volume_3,tertullian,repentance,John,John,14,6,new_testament,Bible:John.14.6,John xiv. 6
volume_3,tertullian,repentance,1John,1John|1John,3,9,new_testament,Bible:1John.3.9 Bible:1John.5.18,"1 John iii. 9; v.
18"
volume_3,tertullian,repentance,Matt,Matt,18,22,new_testament,Bible:Matt.18.22,"Matt. xviii.
22"
volume_3,tertullian,repentance,Acts,Acts,14,15,new_testament,Bible:Acts.14.15-Acts.14.17,Acts xiv. 15–17
volume_3,tertullian,repentance,Deut,Deut,32,2,old_testament_or_other,Bible:Deut.32.2,Deut. xxxii. 2
volume_3,tertullian,repentance,Luke,Luke,8,17,new_testament,Bible:Luke.8.17,Luke viii. 17
volume_3,tertullian,repentance,1John,1John,1,5,new_testament,Bible:1John.1.5,1 John i. 5
volume_3,tertullian,repentance,Rom,Rom|Rom|Col|Col,6,3,new_testament,Bible:Rom.6.3-Rom.6.4 Bible:Rom.6.8 Bible:Col.2.12 Bible:Col.2.20,"Rom. vi. 3, 4,
8; Col. ii. 12, 20"
volume_3,tertullian,repentance,Jer,Jer|Heb,31,34,old_testament_or_other,Bible:Jer.31.34 Bible:Heb.8.11,"Jer.
xxxi. (LXX. xxxviii.) 34; Heb. viii. 11"
volume_3,tertullian,repentance,John,John|Matt,13,10,new_testament,Bible:John.13.10 Bible:Matt.23.26,John xiii. 10 and Matt. xxiii. 26
volume_3,tertullian,repentance,1Cor,1Cor,6,3,new_testament,Bible:1Cor.6.3,1 Cor. vi. 3
volume_3,tertullian,repentance,Rev,Rev|Rev|Rev|Rev|Rev|Rev|Rev,2,7,new_testament,Bible:Rev.2.7 Bible:Rev.2.11 Bible:Rev.2.17 Bible:Rev.2.29 Bible:Rev.3.6 Bible:Rev.3.13 Bible:Rev.3.21,"Rev. ii. 7, 11, 17, 29; iii. 6, 13,
21"
volume_3,tertullian,repentance,Rev,Rev,2,4,new_testament,Bible:Rev.2.4,Rev. ii. 4
volume_3,tertullian,repentance,Rev,Rev,2,20,new_testament,Bible:Rev.2.20,Rev. ii. 20
volume_3,tertullian,repentance,Rev,Rev,3,2,new_testament,Bible:Rev.3.2,Rev. iii. 2
volume_3,tertullian,repentance,Rev,Rev,2,14,new_testament,Bible:Rev.2.14-Rev.2.15,"Rev. ii. 14, 15"
volume_3,tertullian,repentance,Rev,Rev,3,17,new_testament,Bible:Rev.3.17,Rev. iii. 17
volume_3,tertullian,repentance,Jer,Jer,8,4,old_testament_or_other,Bible:Jer.8.4,Jer. viii. 4
volume_3,tertullian,repentance,Hos,Hos|Matt,6,6,old_testament_or_other,Bible:Hos.6.6 Bible:Matt.9.13,Hos. vi. 6; Matt. ix. 13
volume_3,tertullian,repentance,Luke,Luke|Luke,15,7,new_testament,Bible:Luke.15.7 Bible:Luke.15.10,"Luke xv. 7, 10"
volume_3,tertullian,repentance,Luke,Luke,15,8,new_testament,Bible:Luke.15.8-Luke.15.10,Luke xv. 8–10
volume_3,tertullian,repentance,Luke,Luke,15,3,new_testament,Bible:Luke.15.3-Luke.15.7,Luke xv. 3–7
volume_3,tertullian,repentance,Luke,Luke,15,11,new_testament,Bible:Luke.15.11-Luke.15.32,Luke xv. 11–32
volume_3,tertullian,repentance,Matt,Matt|Eph,23,9,new_testament,Bible:Matt.23.9 Bible:Eph.3.14,"Matt. xxiii. 9; and Eph. iii. 14, 15"
volume_3,tertullian,repentance,Luke,Luke,15,29,new_testament,Bible:Luke.15.29-Luke.15.32,Luke xv. 29–32
volume_3,tertullian,repentance,Ps,Ps|Ps|Heb,22,1,old_testament_or_other,Bible:Ps.22.1 Bible:Ps.38.8 Bible:Heb.5.7,"Ps. xxii. 1 (in LXX. xxii. 3), xxxviii. 8 (in the
LXX. xxxvii. 9). Cf. Heb. v. 7"
volume_3,tertullian,repentance,Jas,Jas,5,16,new_testament,Bible:Jas.5.16,James v. 16
volume_3,tertullian,repentance,1Cor,1Cor,12,26,new_testament,Bible:1Cor.12.26,1 Cor. xii. 26
volume_3,tertullian,repentance,Matt,Matt,18,20,new_testament,Bible:Matt.18.20,Matt. xviii. 20
volume_3,tertullian,repentance,John,John,11,41,new_testament,Bible:John.11.41-John.11.42,"John xi. 41,
42"
volume_3,tertullian,repentance,Isa,Isa,5,18,old_testament_or_other,Bible:Isa.5.18,Isa. v. 18
volume_3,tertullian,repentance,Dan,Dan,4,25,old_testament_or_other,Bible:Dan.4.25,Dan. iv. 25
volume_3,tertullian,repentance,Exod,Exod,14,15,old_testament_or_other,Bible:Exod.14.15-Exod.14.31,Ex. xiv. 15–31
volume_3,tertullian,repentance,Gen,Gen|Luke|2Cor|Rev,3,24,old_testament_or_other,Bible:Gen.3.24 Bible:Luke.23.43 Bible:2Cor.12.4 Bible:Rev.2.7,"Gen. iii. 24 with Luke xxiii. 43, 2 Cor. xii. 4,
and Rev. ii. 7"
volume_3,tertullian,repentance,Matt,Matt,6,6,new_testament,Bible:Matt.6.6,"Matt. vi.
6"
volume_3,tertullian,repentance,2Cor,2Cor,2,10,new_testament,Bible:2Cor.2.10,2 Cor. ii. 10
volume_3,tertullian,baptism,1Tim,1Tim,2,11,new_testament,Bible:1Tim.2.11-1Tim.2.12,"1 Tim. ii. 11, 12"
volume_3,tertullian,baptism,1Cor,1Cor,1,27,new_testament,Bible:1Cor.1.27,1 Cor. i. 27
volume_3,tertullian,baptism,Luke,Luke,18,27,new_testament,Bible:Luke.18.27,Luke xviii. 27
volume_3,tertullian,baptism,Matt,Matt,21,23,new_testament,Bible:Matt.21.23,"Matt.
xxi. 23"
volume_3,tertullian,baptism,Gen,Gen,1,1,old_testament_or_other,Bible:Gen.1.1-Gen.1.2,"Gen. i. 1, 2"
volume_3,tertullian,baptism,Gen,Gen,1,6,old_testament_or_other,Bible:Gen.1.6-Gen.1.8,"Gen. i. 6, 7, 8"
volume_3,tertullian,baptism,Acts,Acts,8,26,new_testament,Bible:Acts.8.26-Acts.8.40,Acts viii. 26–40
volume_3,tertullian,baptism,John,John,5,1,new_testament,Bible:John.5.1-John.5.9,"John v.
1–9"
volume_3,tertullian,baptism,1Cor,1Cor,15,46,new_testament,Bible:1Cor.15.46,1 Cor. xv. 46
volume_3,tertullian,baptism,John,John,1,16,new_testament,Bible:John.1.16-John.1.17,"John i. 16, 17"
volume_3,tertullian,baptism,Luke,Luke,1,76,new_testament,Bible:Luke.1.76,Luke i. 76
volume_3,tertullian,baptism,Eccl,Eccl|Acts,5,6,old_testament_or_other,Bible:Eccl.5.6 Bible:Acts.12.15,"Eccles. v. 6, and Acts xii. 15"
volume_3,tertullian,baptism,Isa,Isa|Matt,40,3,old_testament_or_other,Bible:Isa.40.3 Bible:Matt.3.3,Isa. xl. 3; Matt. iii. 3
volume_3,tertullian,baptism,Deut,Deut|Matt|2Cor,19,15,old_testament_or_other,Bible:Deut.19.15 Bible:Matt.18.16 Bible:2Cor.13.1,"Deut. xix. 15; Matt. xviii. 16; 2 Cor.
xiii. 1"
volume_3,tertullian,baptism,Matt,Matt,18,20,new_testament,Bible:Matt.18.20,Matt. xviii. 20
volume_3,tertullian,baptism,Exod,Exod|Lev|Ps,29,7,old_testament_or_other,Bible:Exod.29.7 Bible:Lev.8.12 Bible:Ps.133.2,"Ex. xxix. 7; Lev. viii. 12; Ps. cxxxiii.
2"
volume_3,tertullian,baptism,Lev,Lev|Lev,4,5,old_testament_or_other,Bible:Lev.4.5 Bible:Lev.4.16,"Lev.
iv. 5, 16"
volume_3,tertullian,baptism,Acts,Acts,4,27,new_testament,Bible:Acts.4.27,Acts iv. 27
volume_3,tertullian,baptism,Acts,Acts|Lev|Isa,10,38,new_testament,Bible:Acts.10.38 Bible:Lev.4.18 Bible:Isa.61.1,"Acts x. 38 and Lev. iv. 18 with Isa. lxi.
1"
volume_3,tertullian,baptism,Eph,Eph,2,10,new_testament,Bible:Eph.2.10,"Eph. ii.
10"
volume_3,tertullian,baptism,Ps,Ps,150,4,old_testament_or_other,Bible:Ps.150.4,Ps. cl. 4
volume_3,tertullian,baptism,1Tim,1Tim,2,8,new_testament,Bible:1Tim.2.8,1 Tim. ii. 8
volume_3,tertullian,baptism,Matt,Matt|Luke,3,16,new_testament,Bible:Matt.3.16 Bible:Luke.3.22,Matt. iii. 16; Luke iii. 22
volume_3,tertullian,baptism,Matt,Matt,10,16,new_testament,Bible:Matt.10.16,Matt. x. 16
volume_3,tertullian,baptism,2Pet,2Pet|Heb|Heb,1,9,new_testament,Bible:2Pet.1.9 Bible:Heb.10.26-Heb.10.27 Bible:Heb.10.29,"2 Pet. i. 9; Heb. x. 26, 27,
29"
volume_3,tertullian,baptism,Exod,Exod|Exod|Exod|Exod,8,25,old_testament_or_other,Bible:Exod.8.25 Bible:Exod.8.28 Bible:Exod.10.10-Exod.10.11 Bible:Exod.10.24,"Ex. viii. 25, 28; x. 10, 11,
24"
volume_3,tertullian,baptism,Exod,Exod,14,27,old_testament_or_other,Bible:Exod.14.27-Exod.14.30,Ex. xiv. 27–30
volume_3,tertullian,baptism,Exod,Exod,15,24,old_testament_or_other,Bible:Exod.15.24-Exod.15.25,"Ex. xv. 24, 25"
volume_3,tertullian,baptism,Matt,Matt,3,13,new_testament,Bible:Matt.3.13-Matt.3.17,Matt. iii. 13–17
volume_3,tertullian,baptism,John,John,2,1,new_testament,Bible:John.2.1-John.2.11,John ii. 1–11
volume_3,tertullian,baptism,John,John,7,37,new_testament,Bible:John.7.37-John.7.38,"John vii. 37, 38"
volume_3,tertullian,baptism,Matt,Matt,10,42,new_testament,Bible:Matt.10.42,Matt. x. 42
volume_3,tertullian,baptism,John,John,4,6,new_testament,Bible:John.4.6,John iv. 6
volume_3,tertullian,baptism,Matt,Matt,14,25,new_testament,Bible:Matt.14.25,Matt. xiv. 25
volume_3,tertullian,baptism,Mark,Mark,4,36,new_testament,Bible:Mark.4.36,Mark iv. 36
volume_3,tertullian,baptism,John,John,13,1,new_testament,Bible:John.13.1-John.13.12,John xiii. 1–12
volume_3,tertullian,baptism,Matt,Matt,27,24,new_testament,Bible:Matt.27.24,Matt. xxvii. 24
volume_3,tertullian,baptism,John,John,19,34,new_testament,Bible:John.19.34,John xix. 34
volume_3,tertullian,baptism,Matt,Matt|Mark|Luke,21,25,new_testament,Bible:Matt.21.25 Bible:Mark.11.30 Bible:Luke.20.4,"Matt. xxi. 25; Mark xi. 30; Luke xx.
4"
volume_3,tertullian,baptism,John,John,1,33,new_testament,Bible:John.1.33,John i. 33
volume_3,tertullian,baptism,Acts,Acts,5,31,new_testament,Bible:Acts.5.31,Acts v. 31
volume_3,tertullian,baptism,John,John,1,9,new_testament,Bible:John.1.9,John i. 9
volume_3,tertullian,baptism,Matt,Matt|Matt|Matt|Matt,3,7,new_testament,Bible:Matt.3.7-Matt.3.12 Bible:Matt.21.23 Bible:Matt.21.31 Bible:Matt.21.32,"Matt. iii. 7–12; xxi. 23, 31,
32"
volume_3,tertullian,baptism,Mark,Mark|1Thess|2Cor|2Cor,2,8,new_testament,Bible:Mark.2.8 Bible:1Thess.4.8 Bible:2Cor.1.21-2Cor.1.22 Bible:2Cor.5.5,"Mark ii. 8; 1 Thess. iv. 8; 2 Cor. i. 21,
22; v. 5"
volume_3,tertullian,baptism,John,John,16,6,new_testament,Bible:John.16.6-John.16.7,"John xvi. 6, 7"
volume_3,tertullian,baptism,Acts,Acts|John,19,1,new_testament,Bible:Acts.19.1-Acts.19.7 Bible:John.7.39,Acts xix. 1–7. [John vii. 39.]
volume_3,tertullian,baptism,Matt,Matt|John,3,11,new_testament,Bible:Matt.3.11-Matt.3.12 Bible:John.1.6-John.1.36,"Matt. iii. 11, 12; John i.
6–36"
volume_3,tertullian,baptism,Matt,Matt|Luke,11,2,new_testament,Bible:Matt.11.2-Matt.11.6 Bible:Luke.7.18-Luke.7.23,"Matt. xi. 2–6; Luke vii.
18–23"
volume_3,tertullian,baptism,Acts,Acts,19,4,new_testament,Bible:Acts.19.4,Acts xix. 4
volume_3,tertullian,baptism,Mark,Mark,1,4,new_testament,Bible:Mark.1.4,Mark i. 4
volume_3,tertullian,baptism,John,John,3,30,new_testament,Bible:John.3.30-John.3.31,"John iii. 30, 31"
volume_3,tertullian,baptism,Matt,Matt,3,11,new_testament,Bible:Matt.3.11,Matt. iii. 11
volume_3,tertullian,baptism,John,John,4,2,new_testament,Bible:John.4.2,John iv. 2
volume_3,tertullian,baptism,Matt,Matt|Luke|Luke|Mark|Matt,8,5,new_testament,Bible:Matt.8.5 Bible:Luke.7.3 Bible:Luke.7.7 Bible:Mark.10.35 Bible:Matt.20.20,"Matt. viii. 5 with Luke vii.
3, 7; and Mark x. 35 with Matt. xx. 20"
volume_3,tertullian,baptism,1Pet,1Pet,1,11,new_testament,Bible:1Pet.1.11,1 Pet. i. 11
volume_3,tertullian,baptism,John,John,3,5,new_testament,Bible:John.3.5,John iii. 5
volume_3,tertullian,baptism,Gal,Gal,3,27,new_testament,Bible:Gal.3.27,Gal. iii. 27
volume_3,tertullian,baptism,Eph,Eph,4,5,new_testament,Bible:Eph.4.5,Eph. iv. 5
volume_3,tertullian,baptism,John,John,13,9,new_testament,Bible:John.13.9-John.13.10,"John xiii. 9, 10"
volume_3,tertullian,baptism,Matt,Matt,11,11,new_testament,Bible:Matt.11.11,Matt. xi. 11
volume_3,tertullian,baptism,Matt,Matt|Matt,8,24,new_testament,Bible:Matt.8.24 Bible:Matt.14.28-Matt.14.29,"Matt. viii. 24; xiv. 28, 29"
volume_3,tertullian,baptism,John,John,13,8,new_testament,Bible:John.13.8,John xiii. 8
volume_3,tertullian,baptism,Luke,Luke|Mark,18,42,new_testament,Bible:Luke.18.42 Bible:Mark.10.52,Luke xviii. 42; Mark x. 52
volume_3,tertullian,baptism,Mark,Mark,2,5,new_testament,Bible:Mark.2.5,"Mark ii.
5"
volume_3,tertullian,baptism,Matt,Matt,9,9,new_testament,Bible:Matt.9.9,Matt. ix. 9
volume_3,tertullian,baptism,Matt,Matt,4,21,new_testament,Bible:Matt.4.21-Matt.4.22,"Matt. iv. 21, 22"
volume_3,tertullian,baptism,Luke,Luke,9,59,new_testament,Bible:Luke.9.59-Luke.9.60,"Luke ix. 59, 60"
volume_3,tertullian,baptism,Matt,Matt,10,37,new_testament,Bible:Matt.10.37,Matt. x. 37
volume_3,tertullian,baptism,Matt,Matt,28,19,new_testament,Bible:Matt.28.19,Matt. xxviii. 19
volume_3,tertullian,baptism,John,John,2,5,new_testament,Bible:John.2.5,John ii. 5
volume_3,tertullian,baptism,Acts,Acts,9,1,new_testament,Bible:Acts.9.1-Acts.9.31,Acts ix. 1–31
volume_3,tertullian,baptism,1Cor,1Cor,1,17,new_testament,Bible:1Cor.1.17,1 Cor. i. 17
volume_3,tertullian,baptism,1Cor,1Cor|1Cor,1,14,new_testament,Bible:1Cor.1.14 Bible:1Cor.1.16,"1 Cor. i. 14, 16"
volume_3,tertullian,baptism,1Cor,1Cor|1Cor,1,11,new_testament,Bible:1Cor.1.11-1Cor.1.12 Bible:1Cor.3.3-1Cor.3.4,"1 Cor. i. 11, 12; iii. 3, 4"
volume_3,tertullian,baptism,Matt,Matt,5,9,new_testament,Bible:Matt.5.9,Matt. v. 9
volume_3,tertullian,baptism,Eph,Eph,4,4,new_testament,Bible:Eph.4.4-Eph.4.6,"Eph. iv. 4, 5, 6"
volume_3,tertullian,baptism,Eccl,Eccl,1,15,old_testament_or_other,Bible:Eccl.1.15,Eccles. i. 15
volume_3,tertullian,baptism,John,John|Eph,13,10,new_testament,Bible:John.13.10 Bible:Eph.4.5,"John
xiii. 10, and Eph. iv. 5"
volume_3,tertullian,baptism,Luke,Luke,12,50,new_testament,Bible:Luke.12.50,Luke xii. 50
volume_3,tertullian,baptism,1John,1John,5,6,new_testament,Bible:1John.5.6,1 John v. 6
volume_3,tertullian,baptism,Matt,Matt|Rev,20,16,new_testament,Bible:Matt.20.16 Bible:Rev.17.14,Matt. xx. 16; Rev. xvii. 14
volume_3,tertullian,baptism,John,John,6,53,new_testament,Bible:John.6.53,John vi. 53
volume_3,tertullian,baptism,1Cor,1Cor,10,23,new_testament,Bible:1Cor.10.23,1 Cor. x. 23
volume_3,tertullian,baptism,1Cor,1Cor,14,34,new_testament,Bible:1Cor.14.34-1Cor.14.35,"1 Cor. xiv. 34, 35"
volume_3,tertullian,baptism,Luke,Luke,6,30,new_testament,Bible:Luke.6.30,Luke vi. 30
volume_3,tertullian,baptism,Matt,Matt,7,6,new_testament,Bible:Matt.7.6,Matt. vii. 6
volume_3,tertullian,baptism,1Tim,1Tim,5,22,new_testament,Bible:1Tim.5.22,1 Tim. v. 22
volume_3,tertullian,baptism,Acts,Acts|Acts|Acts|Acts|Isa,8,28,new_testament,Bible:Acts.8.28 Bible:Acts.8.30 Bible:Acts.8.32 Bible:Acts.8.33 Bible:Isa.53.7-Isa.53.8,"Acts viii. 28, 30, 32, 33, and Isa. liii. 7,
8"
volume_3,tertullian,baptism,Acts,Acts,9,11,new_testament,Bible:Acts.9.11,Acts ix. 11
volume_3,tertullian,baptism,Acts,Acts,9,43,new_testament,Bible:Acts.9.43,"Acts ix.
43"
volume_3,tertullian,baptism,Matt,Matt|Mark|Luke,19,14,new_testament,Bible:Matt.19.14 Bible:Mark.10.14 Bible:Luke.18.16,"Matt. xix. 14; Mark x. 14; Luke xviii.
16"
volume_3,tertullian,baptism,Luke,Luke,6,30,new_testament,Bible:Luke.6.30,"Luke vi.
30"
volume_3,tertullian,baptism,Mark,Mark|Luke,14,13,new_testament,Bible:Mark.14.13 Bible:Luke.22.10,Mark xiv. 13; Luke xxii. 10
volume_3,tertullian,baptism,Acts,Acts,1,3,new_testament,Bible:Acts.1.3,Acts i. 3
volume_3,tertullian,baptism,Acts,Acts|Luke,1,10,new_testament,Bible:Acts.1.10 Bible:Luke.9.30,"Acts
i. 10 and Luke ix. 30"
volume_3,tertullian,baptism,Luke,Luke,24,4,new_testament,Bible:Luke.24.4,xxiv. 4
volume_3,tertullian,baptism,Acts,Acts,1,10,new_testament,Bible:Acts.1.10-Acts.1.11,"Acts i. 10, 11"
volume_3,tertullian,baptism,Jer,Jer,31,8,old_testament_or_other,Bible:Jer.31.8,Jer. xxxi. 8
volume_3,tertullian,baptism,Matt,Matt,3,6,new_testament,Bible:Matt.3.6,Matt. iii. 6
volume_3,tertullian,baptism,Prov,Prov,28,13,old_testament_or_other,Bible:Prov.28.13,"Prov. xxviii.
13"
volume_3,tertullian,baptism,Matt,Matt,26,41,new_testament,Bible:Matt.26.41,Matt. xxvi. 41
volume_3,tertullian,baptism,Luke,Luke,22,28,new_testament,Bible:Luke.22.28-Luke.22.29,"Luke xxii. 28, 29"
volume_3,tertullian,baptism,Exod,Exod|Exod,16,3,old_testament_or_other,Bible:Exod.16.3 Bible:Exod.16.7,"Ex.
xvi. 3, 7"
volume_3,tertullian,baptism,Num,Num,21,5,old_testament_or_other,Bible:Num.21.5,Num. xxi. 5
volume_3,tertullian,baptism,1Cor,1Cor,10,2,new_testament,Bible:1Cor.10.2,1 Cor. x. 2
volume_3,tertullian,baptism,Matt,Matt,4,1,new_testament,Bible:Matt.4.1-Matt.4.4,Matt. iv. 1–4
volume_3,tertullian,baptism,1Cor,1Cor,12,4,new_testament,Bible:1Cor.12.4-1Cor.12.12,1 Cor. xii. 4–12
volume_3,tertullian,baptism,Matt,Matt|Luke,7,7,new_testament,Bible:Matt.7.7 Bible:Luke.11.9,Matt. vii. 7; Luke xi. 9
volume_3,tertullian,baptism,Luke,Luke,7,29,new_testament,Bible:Luke.7.29-Luke.7.30,"Luke vii.
29–30"
volume_3,tertullian,baptism,Acts,Acts|Acts,19,2,new_testament,Bible:Acts.19.2 Bible:Acts.19.5,"Acts xix. 2, 5"
volume_3,tertullian,prayer,Matt,Matt|Mark|Luke,9,16,new_testament,Bible:Matt.9.16-Matt.9.17 Bible:Mark.2.21-Mark.2.22 Bible:Luke.5.36-Luke.5.37,"Matt. ix. 16, 17; Mark ii. 21, 22; Luke v.
36, 37"
volume_3,tertullian,prayer,John,John,3,30,new_testament,Bible:John.3.30,John iii. 30
volume_3,tertullian,prayer,John,John,3,31,new_testament,Bible:John.3.31-John.3.32,"John iii. 31, 32"
volume_3,tertullian,prayer,John,John,1,12,new_testament,Bible:John.1.12,John i. 12
volume_3,tertullian,prayer,Matt,Matt,23,9,new_testament,Bible:Matt.23.9,Matt. xxiii. 9
volume_3,tertullian,prayer,Isa,Isa,1,2,old_testament_or_other,Bible:Isa.1.2,Isa. i. 2
volume_3,tertullian,prayer,John,John,10,30,new_testament,Bible:John.10.30,John x. 30
volume_3,tertullian,prayer,Exod,Exod,3,13,old_testament_or_other,Bible:Exod.3.13-Exod.3.16,Ex. iii. 13–16
volume_3,tertullian,prayer,John,John,5,43,new_testament,Bible:John.5.43,John v. 43
volume_3,tertullian,prayer,John,John,12,28,new_testament,Bible:John.12.28,John xii. 28
volume_3,tertullian,prayer,John,John,17,6,new_testament,Bible:John.17.6,John xvii. 6
volume_3,tertullian,prayer,Ps,Ps,103,22,old_testament_or_other,Bible:Ps.103.22,Ps. ciii. 22
volume_3,tertullian,prayer,Isa,Isa|Rev,6,3,old_testament_or_other,Bible:Isa.6.3 Bible:Rev.4.8,Isa. vi. 3; Rev. iv. 8
volume_3,tertullian,prayer,Isa,Isa,30,18,old_testament_or_other,Bible:Isa.30.18,Isa. xxx. 18
volume_3,tertullian,prayer,1Tim,1Tim,2,1,new_testament,Bible:1Tim.2.1,1 Tim. ii. 1
volume_3,tertullian,prayer,Matt,Matt,5,44,new_testament,Bible:Matt.5.44,Matt. v. 44
volume_3,tertullian,prayer,John,John,6,38,new_testament,Bible:John.6.38,John vi. 38
volume_3,tertullian,prayer,Heb,Heb,10,24,new_testament,Bible:Heb.10.24,Heb. x. 24
volume_3,tertullian,prayer,Luke,Luke,22,42,new_testament,Bible:Luke.22.42,Luke xxii. 42
volume_3,tertullian,prayer,Prov,Prov,21,1,old_testament_or_other,Bible:Prov.21.1,Prov. xxi. 1
volume_3,tertullian,prayer,Matt,Matt,24,3,new_testament,Bible:Matt.24.3,Matt. xxiv. 3
volume_3,tertullian,prayer,Rev,Rev,6,10,new_testament,Bible:Rev.6.10,Rev. vi. 10
volume_3,tertullian,prayer,Matt,Matt,6,33,new_testament,Bible:Matt.6.33,Matt. vi. 33
volume_3,tertullian,prayer,John,John,6,35,new_testament,Bible:John.6.35,John vi. 35
volume_3,tertullian,prayer,John,John,6,33,new_testament,Bible:John.6.33,John vi. 33
volume_3,tertullian,prayer,Matt,Matt,26,26,new_testament,Bible:Matt.26.26,Matt. xxvi. 26
volume_3,tertullian,prayer,Matt,Matt,6,32,new_testament,Bible:Matt.6.32,Matt. vi. 32
volume_3,tertullian,prayer,Matt,Matt|Mark,15,26,new_testament,Bible:Matt.15.26 Bible:Mark.7.27,"Matt. xv. 26; Mark
vii. 27"
volume_3,tertullian,prayer,Matt,Matt|Luke,7,9,new_testament,Bible:Matt.7.9 Bible:Luke.11.11,Matt. vii. 9; Luke xi. 11
volume_3,tertullian,prayer,Luke,Luke,11,5,new_testament,Bible:Luke.11.5-Luke.11.9,Luke xi. 5–9
volume_3,tertullian,prayer,Matt,Matt|Luke,6,34,new_testament,Bible:Matt.6.34 Bible:Luke.12.29,Matt. vi. 34 and Luke xii. 29
volume_3,tertullian,prayer,Luke,Luke,12,16,new_testament,Bible:Luke.12.16-Luke.12.20,Luke xii. 16–20
volume_3,tertullian,prayer,Exod,Exod|Exod|Exod,18,23,old_testament_or_other,Bible:Exod.18.23 Bible:Exod.18.32 Bible:Exod.33.11,"Ex. xviii. 23, 32; xxxiii. 11"
volume_3,tertullian,prayer,Matt,Matt,18,21,new_testament,Bible:Matt.18.21-Matt.18.35,Matt. xviii. 21–35
volume_3,tertullian,prayer,Luke,Luke,6,37,new_testament,Bible:Luke.6.37,Luke vi. 37
volume_3,tertullian,prayer,Matt,Matt,18,21,new_testament,Bible:Matt.18.21-Matt.18.22,Matt. xviii. 21–22
volume_3,tertullian,prayer,Gen,Gen|Gen,4,15,old_testament_or_other,Bible:Gen.4.15 Bible:Gen.4.24,"Gen. iv. 15, 24"
volume_3,tertullian,prayer,Jas,Jas,1,13,new_testament,Bible:Jas.1.13,James i. 13
volume_3,tertullian,prayer,Matt,Matt|Luke,10,37,new_testament,Bible:Matt.10.37 Bible:Luke.14.26,"Matt. x. 37 and Luke
xiv. 26"
volume_3,tertullian,prayer,Deut,Deut|Deut,13,6,old_testament_or_other,Bible:Deut.13.6-Deut.13.10 Bible:Deut.33.9,Deut. xiii. 6–10 and xxxiii. 9
volume_3,tertullian,prayer,Matt,Matt|Luke,4,10,new_testament,Bible:Matt.4.10 Bible:Luke.4.8,Matt. iv. 10; Luke iv. 8
volume_3,tertullian,prayer,Luke,Luke|Matt|Mark,22,40,new_testament,Bible:Luke.22.40 Bible:Matt.26.41 Bible:Mark.14.31,"Luke xxii. 40; Matt. xxvi. 41; Mark xiv.
31"
volume_3,tertullian,prayer,Matt,Matt,6,8,new_testament,Bible:Matt.6.8,Matt. vi. 8
volume_3,tertullian,prayer,Matt,Matt|Luke,7,7,new_testament,Bible:Matt.7.7 Bible:Luke.11.9,Matt. vii. 7; Luke xi. 9
volume_3,tertullian,prayer,Heb,Heb,13,10,new_testament,Bible:Heb.13.10,Heb. xiii. 10
volume_3,tertullian,prayer,Matt,Matt,5,22,new_testament,Bible:Matt.5.22-Matt.5.23,"Matt. v. 22, 23"
volume_3,tertullian,prayer,Phil,Phil,4,6,new_testament,Bible:Phil.4.6-Phil.4.7,"Phil. iv. 6,
7"
volume_3,tertullian,prayer,Matt,Matt,6,14,new_testament,Bible:Matt.6.14-Matt.6.15,"Matt. vi. 14,
15"
volume_3,tertullian,prayer,Eph,Eph|Matt|Gen,4,31,new_testament,Bible:Eph.4.31 Bible:Matt.5.21-Matt.5.22 Bible:Gen.4.6-Gen.4.7,"Eph. iv. 31, Matt. v.
21, 22.  [Gen. iv. 6, 7.]"
volume_3,tertullian,prayer,Gen,Gen,45,24,old_testament_or_other,Bible:Gen.45.24,Gen. xlv. 24
volume_3,tertullian,prayer,Acts,Acts|Acts|Acts,9,2,new_testament,Bible:Acts.9.2 Bible:Acts.19.9 Bible:Acts.19.23,"Acts ix. 2; xix. 9, 23"
volume_3,tertullian,prayer,Matt,Matt,5,17,new_testament,Bible:Matt.5.17,Matt. v. 17
volume_3,tertullian,prayer,Matt,Matt,5,21,new_testament,Bible:Matt.5.21-Matt.5.22,"Matt. v. 21, 22"
volume_3,tertullian,prayer,Matt,Matt|1Pet,5,21,new_testament,Bible:Matt.5.21-Matt.5.22 Bible:1Pet.3.9,"Matt. v. 21, 22; 1 Pet. iii. 9"
volume_3,tertullian,prayer,Eph,Eph,4,26,new_testament,Bible:Eph.4.26,Eph. iv. 26
volume_3,tertullian,prayer,Eph,Eph,4,30,new_testament,Bible:Eph.4.30,Eph. iv. 30
volume_3,tertullian,prayer,John,John|Rom,17,14,new_testament,Bible:John.17.14 Bible:Rom.14.17,John xvii. 14; Rom. xiv. 17
volume_3,tertullian,prayer,Ps,Ps,51,12,old_testament_or_other,Bible:Ps.51.12,Ps. li. 12
volume_3,tertullian,prayer,1Tim,1Tim,2,8,new_testament,Bible:1Tim.2.8,1 Tim. ii. 8
volume_3,tertullian,prayer,Matt,Matt|Matt|Matt,15,10,new_testament,Bible:Matt.15.10-Matt.15.11 Bible:Matt.15.17-Matt.15.20 Bible:Matt.23.25-Matt.23.26,"Matt. xv. 10, 11, 17–20; xxiii. 25,
26"
volume_3,tertullian,prayer,Matt,Matt,27,24,new_testament,Bible:Matt.27.24,Matt. xxvii. 24
volume_3,tertullian,prayer,Matt,Matt|Luke,23,31,new_testament,Bible:Matt.23.31 Bible:Luke.11.48,Matt. xxiii. 31; Luke xi. 48
volume_3,tertullian,prayer,1Kgs,1Kgs,8,54,old_testament_or_other,Bible:1Kgs.8.54,1 Kings viii. 54
volume_3,tertullian,prayer,Ps,Ps|Ps|Ps,143,6,old_testament_or_other,Bible:Ps.143.6 Bible:Ps.28.2 Bible:Ps.62.4,"Ps. cxliii. 6; xxviii. 2;
lxii. 4"
volume_3,tertullian,prayer,Exod,Exod,17,11,old_testament_or_other,Bible:Exod.17.11-Exod.17.12,"Ex. xvii. 11, 12"
volume_3,tertullian,prayer,Isa,Isa,1,15,old_testament_or_other,Bible:Isa.1.15,Isa. i. 15
volume_3,tertullian,prayer,Rom,Rom,12,1,new_testament,Bible:Rom.12.1,"Rom. xii.
1"
volume_3,tertullian,prayer,1Cor,1Cor,11,3,new_testament,Bible:1Cor.11.3-1Cor.11.16,1 Cor. xi. 3–16
volume_3,tertullian,prayer,2Tim,2Tim,4,13,new_testament,Bible:2Tim.4.13,2 Tim. iv. 13
volume_3,tertullian,prayer,Dan,Dan,3,21,old_testament_or_other,Bible:Dan.3.21,Dan. iii. 21
volume_3,tertullian,prayer,Tob,Tob,12,12,deuterocanonical,Bible:Tob.12.12,Tob. xii. 12
volume_3,tertullian,prayer,Luke,Luke,1,11,new_testament,Bible:Luke.1.11,Luke i. 11
volume_3,tertullian,prayer,Rev,Rev,8,3,new_testament,Bible:Rev.8.3-Rev.8.4,"Rev. viii. 3, 4"
volume_3,tertullian,prayer,Luke,Luke,18,9,new_testament,Bible:Luke.18.9-Luke.18.14,Luke xviii. 9–14
volume_3,tertullian,prayer,Matt,Matt,6,5,new_testament,Bible:Matt.6.5-Matt.6.6,"Matt. vi. 5, 6"
volume_3,tertullian,prayer,Rom,Rom|1Cor|2Cor|1Thess|1Pet,16,16,new_testament,Bible:Rom.16.16 Bible:1Cor.16.20 Bible:2Cor.13.12 Bible:1Thess.5.26 Bible:1Pet.5.14,"Rom. xvi. 16; 1 Cor. xvi. 20; 2 Cor. xiii.
12; 1 Thess. v. 26; 1 Pet. v. 14"
volume_3,tertullian,prayer,Matt,Matt,6,16,new_testament,Bible:Matt.6.16-Matt.6.18,Matt. vi. 16–18
volume_3,tertullian,prayer,2Tim,2Tim,2,1,new_testament,Bible:2Tim.2.1,2 Tim. ii. 1
volume_3,tertullian,prayer,1Cor,1Cor|1Tim,11,1,new_testament,Bible:1Cor.11.1-1Cor.11.16 Bible:1Tim.2.9-1Tim.2.10,"1 Cor. xi. 1–16; 1 Tim. ii. 9,
10"
volume_3,tertullian,prayer,1Pet,1Pet,3,1,new_testament,Bible:1Pet.3.1-1Pet.3.6,1 Pet. iii. 1–6
volume_3,tertullian,prayer,1Cor,1Cor,11,5,new_testament,Bible:1Cor.11.5,1 Cor. xi. 5
volume_3,tertullian,prayer,Gen,Gen,2,23,old_testament_or_other,Bible:Gen.2.23,Gen. ii. 23
volume_3,tertullian,prayer,1Cor,1Cor,7,34,new_testament,Bible:1Cor.7.34,1 Cor. vii. 34
volume_3,tertullian,prayer,1Cor,1Cor,11,4,new_testament,Bible:1Cor.11.4,1 Cor. xi. 4
volume_3,tertullian,prayer,Rev,Rev,14,4,new_testament,Bible:Rev.14.4,Rev. xiv. 4
volume_3,tertullian,prayer,1Cor,1Cor,11,10,new_testament,Bible:1Cor.11.10,1 Cor. xi. 10
volume_3,tertullian,prayer,Gen,Gen,6,2,old_testament_or_other,Bible:Gen.6.2,Gen. vi. 2
volume_3,tertullian,prayer,Gen,Gen,4,2,old_testament_or_other,Bible:Gen.4.2,Gen. iv. 2
volume_3,tertullian,prayer,1Cor,1Cor,11,14,new_testament,Bible:1Cor.11.14,1 Cor. xi. 14
volume_3,tertullian,prayer,Gen,Gen,3,6,old_testament_or_other,Bible:Gen.3.6,Gen. iii. 6
volume_3,tertullian,prayer,Gen,Gen|Gen|Gen|Gen,2,27,old_testament_or_other,Bible:Gen.2.27 Bible:Gen.3.7 Bible:Gen.3.10 Bible:Gen.3.11,"Gen.
ii. 27 (or in the LXX. iii. 1), and iii. 7, 10, 11"
volume_3,tertullian,prayer,1Cor,1Cor,4,7,new_testament,Bible:1Cor.4.7,1 Cor. iv. 7
volume_3,tertullian,prayer,2Cor,2Cor,10,13,new_testament,Bible:2Cor.10.13,2 Cor. x. 13
volume_3,tertullian,prayer,Gen,Gen,24,64,old_testament_or_other,Bible:Gen.24.64-Gen.24.65,"Gen. xxiv. 64, 65"
volume_3,tertullian,prayer,Eph,Eph,4,27,new_testament,Bible:Eph.4.27,Eph. iv. 27
volume_3,tertullian,prayer,Eph,Eph|1Thess|1Tim,6,18,new_testament,Bible:Eph.6.18 Bible:1Thess.5.17 Bible:1Tim.2.8,"Eph. vi. 18; 1 Thess. v. 17; 1 Tim. ii.
8"
volume_3,tertullian,prayer,Acts,Acts,16,25,new_testament,Bible:Acts.16.25,Acts xvi. 25
volume_3,tertullian,prayer,Acts,Acts,27,35,new_testament,Bible:Acts.27.35,"Acts xxvii.
35"
volume_3,tertullian,prayer,Acts,Acts|Acts|Acts,2,1,new_testament,Bible:Acts.2.1-Acts.2.4 Bible:Acts.2.14 Bible:Acts.2.15,"Acts ii. 1–4, 14, 15"
volume_3,tertullian,prayer,Acts,Acts,10,9,new_testament,Bible:Acts.10.9,Acts x. 9
volume_3,tertullian,prayer,Acts,Acts,3,1,new_testament,Bible:Acts.3.1,Acts iii. 1
volume_3,tertullian,prayer,Dan,Dan|Ps,6,10,old_testament_or_other,Bible:Dan.6.10 Bible:Ps.55.17,"Dan.
vi. 10; comp. Ps. lv. 17"
volume_3,tertullian,prayer,Matt,Matt,25,38,new_testament,Bible:Matt.25.38,"Matt. xxv.
38"
volume_3,tertullian,prayer,Matt,Matt,25,45,new_testament,Bible:Matt.25.45,45th verse
volume_3,tertullian,prayer,Gen,Gen|Heb,18,,old_testament_or_other,Bible:Gen.18 Bible:Heb.13.2,"Gen. xviii. and Heb. xiii.
2"
volume_3,tertullian,prayer,Mark,Mark|Matt|Matt,9,37,new_testament,Bible:Mark.9.37 Bible:Matt.25.40 Bible:Matt.25.45,"Mark. ix. 37; Matt. xxv. 40,
45"
volume_3,tertullian,prayer,Luke,Luke,10,5,new_testament,Bible:Luke.10.5,Luke x. 5
volume_3,tertullian,prayer,Hos,Hos,14,2,old_testament_or_other,Bible:Hos.14.2,"Hos. xiv.
2"
volume_3,tertullian,prayer,1Pet,1Pet,2,5,new_testament,Bible:1Pet.2.5,1 Pet. ii. 5
volume_3,tertullian,prayer,Isa,Isa,1,11,old_testament_or_other,Bible:Isa.1.11,Isa. i. 11
volume_3,tertullian,prayer,John,John,4,23,new_testament,Bible:John.4.23-John.4.24,"John iv. 23, 24"
volume_3,tertullian,prayer,1Cor,1Cor|Eph,14,15,new_testament,Bible:1Cor.14.15 Bible:Eph.6.18,1 Cor. xiv. 15; Eph. vi. 18
volume_3,tertullian,prayer,Dan,Dan,3,,old_testament_or_other,Bible:Dan.3,Dan. iii
volume_3,tertullian,prayer,Dan,Dan,6,,old_testament_or_other,Bible:Dan.6,Dan. vi
volume_3,tertullian,prayer,1Kgs,1Kgs|Jas,18,,old_testament_or_other,Bible:1Kgs.18 Bible:Jas.5.17-Jas.5.18,"1 Kings xviii.; James v. 17,
18"
volume_3,tertullian,prayer,2Kgs,2Kgs,4,42,old_testament_or_other,Bible:2Kgs.4.42-2Kgs.4.44,2 Kings iv. 42–44
volume_3,tertullian,prayer,2Kgs,2Kgs,1,,old_testament_or_other,Bible:2Kgs.1,2 Kings i
volume_3,tertullian,prayer,Matt,Matt,11,12,new_testament,Bible:Matt.11.12,Matt. xi. 12
volume_3,tertullian,prayer,1Cor,1Cor|1Thess,15,52,new_testament,Bible:1Cor.15.52 Bible:1Thess.4.16,1 Cor. xv. 52; 1 Thess. iv. 16
volume_3,tertullian,martyras,Eph,Eph,4,30,new_testament,Bible:Eph.4.30,Eph. iv. 30
volume_3,tertullian,martyras,Matt,Matt,6,21,new_testament,Bible:Matt.6.21,Matt. vi. 21
volume_3,tertullian,martyras,1Cor,1Cor,9,25,new_testament,Bible:1Cor.9.25,1 Cor. ix. 25
volume_3,tertullian,martyras,Matt,Matt,26,41,new_testament,Bible:Matt.26.41,Matt. xxvi. 41
volume_3,tertullian,perpetua_felicitas,Joel,Joel,2,28,old_testament_or_other,Bible:Joel.2.28-Joel.2.29,"Joel ii. 28, 29"
volume_3,tertullian,perpetua_felicitas,2Macc,2Macc,12,40,deuterocanonical,Bible:2Macc.12.40-2Macc.12.45,"2 Maccab. xii.
40–45"
volume_3,tertullian,perpetua_felicitas,Luke,Luke,16,26,new_testament,Bible:Luke.16.26,Luke xvi. 26
volume_3,tertullian,perpetua_felicitas,Ps,Ps|Ps|Ps|Ps,44,5,old_testament_or_other,Bible:Ps.44.5 Bible:Ps.60.12 Bible:Ps.91.13 Bible:Ps.108.13,"Ps. xliv. 5. Also lx. 12; xci. 13; cviii.
13"
volume_3,tertullian,perpetua_felicitas,Jas,Jas,3,1,new_testament,Bible:Jas.3.1,James iii. 1
volume_3,tertullian,perpetua_felicitas,1Tim,1Tim,5,17,new_testament,Bible:1Tim.5.17,1 Tim. v. 17
volume_3,tertullian,perpetua_felicitas,John,John,16,24,new_testament,Bible:John.16.24,John xvi. 24
volume_3,tertullian,perpetua_felicitas,2Tim,2Tim,1,18,new_testament,Bible:2Tim.1.18,"2 Tim. i.
18"
volume_3,tertullian,perpetua_felicitas,2Tim,2Tim|2Tim,1,16,new_testament,Bible:2Tim.1.16-2Tim.1.18 Bible:2Tim.4.19,"vers.
16–18, and iv. 19"
volume_3,tertullian,perpetua_felicitas,2Tim,2Tim,1,17,new_testament,Bible:2Tim.1.17,i. 17
volume_3,tertullian,patience,Rom,Rom,7,18,new_testament,Bible:Rom.7.18,"Rom. vii.
18"
volume_3,tertullian,patience,Ps,Ps,74,23,old_testament_or_other,Bible:Ps.74.23,Ps. lxxiv. 23
volume_3,tertullian,patience,Ps,Ps,73,,old_testament_or_other,Bible:Ps.73,Ps. lxxiii.
volume_3,tertullian,patience,Ps,Ps,131,1,old_testament_or_other,Bible:Ps.131.1,Ps. cxxxi. 1
volume_3,tertullian,patience,Ps,Ps,130,,old_testament_or_other,Bible:Ps.130,Ps. cxxx.
volume_3,tertullian,patience,1John,1John,1,1,new_testament,Bible:1John.1.1,1 John i. 1
volume_3,tertullian,patience,Heb,Heb,5,8,new_testament,Bible:Heb.5.8,Heb. v. 8
volume_3,tertullian,patience,Luke,Luke,9,51,new_testament,Bible:Luke.9.51-Luke.9.56,Luke ix. 51–56
volume_3,tertullian,patience,Isa,Isa,1,3,old_testament_or_other,Bible:Isa.1.3,"Isa. i.
3"
volume_3,tertullian,patience,Ps,Ps,8,4,old_testament_or_other,Bible:Ps.8.4-Ps.8.6,Ps. viii. 4–6
volume_3,tertullian,patience,1Cor,1Cor|1Pet,7,3,new_testament,Bible:1Cor.7.3 Bible:1Pet.3.7,"1
Cor. vii. 3; compare also 1 Pet. iii. 7"
volume_3,tertullian,patience,Gen,Gen,2,15,old_testament_or_other,Bible:Gen.2.15,Gen. ii. 15
volume_3,tertullian,patience,Exod,Exod|Acts,32,1,old_testament_or_other,Bible:Exod.32.1 Bible:Acts.7.39-Acts.7.40,"Ex. xxxii. 1; Acts vii. 39, 40"
volume_3,tertullian,patience,1Cor,1Cor,10,4,new_testament,Bible:1Cor.10.4,1 Cor. x. 4
volume_3,tertullian,patience,Num,Num,20,1,old_testament_or_other,Bible:Num.20.1-Num.20.6,Num. xx. 1–6
volume_3,tertullian,patience,Exod,Exod,15,22,old_testament_or_other,Bible:Exod.15.22,"Ex. xv.
22"
volume_3,tertullian,patience,Gen,Gen|Rom|Rom|Rom|Gal|Jas,15,6,old_testament_or_other,Bible:Gen.15.6 Bible:Rom.4.3 Bible:Rom.4.9 Bible:Rom.4.22 Bible:Gal.3.6 Bible:Jas.2.23,"Gen. xv. 6; Rom. iv. 3, 9, 22; Gal. iii.
6; James ii. 23"
volume_3,tertullian,patience,Gal,Gal,3,16,new_testament,Bible:Gal.3.16,Gal. iii. 16
volume_3,tertullian,patience,John,John|Rom,1,17,new_testament,Bible:John.1.17 Bible:Rom.6.14-Rom.6.15,"John i. 17; Rom. vi. 14, 15"
volume_3,tertullian,patience,Matt,Matt,6,38,new_testament,Bible:Matt.6.38,Matt. vi. 38
volume_3,tertullian,patience,Matt,Matt,5,22,new_testament,Bible:Matt.5.22,Matt. v. 22
volume_3,tertullian,patience,Ps,Ps|Rom|Jas,140,3,old_testament_or_other,Bible:Ps.140.3 Bible:Rom.3.13 Bible:Jas.3.8,"Ps. cxl. 3; Rom. iii. 13; James iii.
8"
volume_3,tertullian,patience,Matt,Matt,5,44,new_testament,Bible:Matt.5.44-Matt.5.45,"Matt. v. 44, 45"
volume_3,tertullian,patience,1Tim,1Tim,6,10,new_testament,Bible:1Tim.6.10,1 Tim. vi. 10
volume_3,tertullian,patience,Luke,Luke,3,11,new_testament,Bible:Luke.3.11,Luke iii. 11
volume_3,tertullian,patience,Matt,Matt|Luke,5,40,new_testament,Bible:Matt.5.40 Bible:Luke.6.29,Matt. v. 40; Luke vi. 29
volume_3,tertullian,patience,Luke,Luke,16,9,new_testament,Bible:Luke.16.9,Luke xvi. 9
volume_3,tertullian,patience,Matt,Matt,10,39,new_testament,Bible:Matt.10.39,"Matt.
x. 39"
volume_3,tertullian,patience,Matt,Matt|Luke,6,25,new_testament,Bible:Matt.6.25 Bible:Luke.12.23,"Matt. vi. 25;
Luke xii. 23"
volume_3,tertullian,patience,Matt,Matt,5,39,new_testament,Bible:Matt.5.39,Matt. v. 39
volume_3,tertullian,patience,Matt,Matt|Luke,5,11,new_testament,Bible:Matt.5.11-Matt.5.12 Bible:Luke.6.22-Luke.6.23,"Matt. v. 11, 12; Luke vi. 22,
23"
volume_3,tertullian,patience,Deut,Deut|Gal,21,23,old_testament_or_other,Bible:Deut.21.23 Bible:Gal.3.13,Deut. xxi. 23; Gal. iii. 13
volume_3,tertullian,patience,Mark,Mark,7,15,new_testament,Bible:Mark.7.15,Mark vii. 15
volume_3,tertullian,patience,Acts,Acts,10,14,new_testament,Bible:Acts.10.14-Acts.10.15,"Acts
x. 14, 15"
volume_3,tertullian,patience,Matt,Matt,12,36,new_testament,Bible:Matt.12.36,Matt. xii. 36
volume_3,tertullian,patience,1Thess,1Thess,4,13,new_testament,Bible:1Thess.4.13,1 Thess. iv. 13
volume_3,tertullian,patience,Phil,Phil,1,23,new_testament,Bible:Phil.1.23,Phil. i. 23
volume_3,tertullian,patience,Gal,Gal|Phil,5,26,new_testament,Bible:Gal.5.26 Bible:Phil.2.3,Gal. v. 26; Phil. ii. 3
volume_3,tertullian,patience,Rom,Rom,12,17,new_testament,Bible:Rom.12.17,Rom. xii. 17
volume_3,tertullian,patience,Rom,Rom,12,9,new_testament,Bible:Rom.12.9,"Rom. xii.
9"
volume_3,tertullian,patience,Isa,Isa,64,6,old_testament_or_other,Bible:Isa.64.6,Isa. lxiv. 6
volume_3,tertullian,patience,Isa,Isa|2Cor,64,8,old_testament_or_other,Bible:Isa.64.8 Bible:2Cor.4.7,Isa. lxiv. 8; 2 Cor. iv. 7
volume_3,tertullian,patience,Deut,Deut|Ps|Rom|Heb,32,35,old_testament_or_other,Bible:Deut.32.35 Bible:Ps.94.1 Bible:Rom.12.19 Bible:Heb.10.30,"Deut. xxxii. 35; Ps. xciv. 1; Rom. xii.
19; Heb. x. 30"
volume_3,tertullian,patience,Matt,Matt|Luke,7,1,new_testament,Bible:Matt.7.1 Bible:Luke.6.37,Matt. vii. 1; Luke vi. 37
volume_3,tertullian,patience,Prov,Prov|Heb|Rev,3,11,old_testament_or_other,Bible:Prov.3.11-Prov.3.12 Bible:Heb.12.5-Heb.12.6 Bible:Rev.3.19,"Prov. iii. 11, 12; Heb. xii. 5, 6; Rev.
iii. 19"
volume_3,tertullian,patience,Matt,Matt,5,3,new_testament,Bible:Matt.5.3,Matt. v. 3
volume_3,tertullian,patience,Matt,Matt,5,4,new_testament,Bible:Matt.5.4,Matt. v. 4
volume_3,tertullian,patience,Matt,Matt,5,5,new_testament,Bible:Matt.5.5,Matt. v. 5
volume_3,tertullian,patience,Matt,Matt,5,9,new_testament,Bible:Matt.5.9,Matt. v. 9
volume_3,tertullian,patience,Matt,Matt,5,11,new_testament,Bible:Matt.5.11-Matt.5.12,"Matt. v. 11, 12"
volume_3,tertullian,patience,Matt,Matt,18,21,new_testament,Bible:Matt.18.21-Matt.18.22,"Matt.
xviii. 21, 22"
volume_3,tertullian,patience,Matt,Matt,5,25,new_testament,Bible:Matt.5.25,Matt. v. 25
volume_3,tertullian,patience,Luke,Luke,6,37,new_testament,Bible:Luke.6.37,Luke vi. 37
volume_3,tertullian,patience,Matt,Matt,5,23,new_testament,Bible:Matt.5.23-Matt.5.24,"Matt. v. 23, 24"
volume_3,tertullian,patience,Eph,Eph,4,26,new_testament,Bible:Eph.4.26,Eph. iv. 26
volume_3,tertullian,patience,Matt,Matt,19,9,new_testament,Bible:Matt.19.9,"Matt. xix.
9"
volume_3,tertullian,patience,Luke,Luke,15,3,new_testament,Bible:Luke.15.3-Luke.15.6,Luke xv. 3–6
volume_3,tertullian,patience,Luke,Luke,15,11,new_testament,Bible:Luke.15.11-Luke.15.32,Luke xv. 11–32
volume_3,tertullian,patience,1Cor,1Cor,13,,new_testament,Bible:1Cor.13,1 Cor. xiii
volume_3,tertullian,patience,Phil,Phil,3,8,new_testament,Bible:Phil.3.8,Phil. iii. 8
volume_3,tertullian,patience,Dan,Dan,4,33,old_testament_or_other,Bible:Dan.4.33-Dan.4.37,Dan. iv. 33–37
volume_3,tertullian,patience,1Tim,1Tim|1Tim|1Tim|1Cor,5,3,new_testament,Bible:1Tim.5.3 Bible:1Tim.5.9 Bible:1Tim.5.10 Bible:1Cor.7.39-1Cor.7.40,"1 Tim. v. 3, 9, 10; 1 Cor. vii. 39,
40"
volume_3,tertullian,patience,1Cor,1Cor,7,34,new_testament,Bible:1Cor.7.34-1Cor.7.35,"1 Cor. vii. 34, 35"
volume_3,tertullian,patience,Matt,Matt,19,12,new_testament,Bible:Matt.19.12,Matt. xix. 12
volume_3,tertullian,patience,Col,Col,2,23,new_testament,Bible:Col.2.23,"Col. ii.
23"
volume_3,tertullian,patience,Luke,Luke,12,50,new_testament,Bible:Luke.12.50,Luke xii. 50
volume_3,tertullian,patience,Matt,Matt,26,41,new_testament,Bible:Matt.26.41,Matt. xxvi. 41
volume_3,tertullian,patience,Acts,Acts,7,59,new_testament,Bible:Acts.7.59-Acts.7.60,"Acts vii. 59, 60"
volume_3,tertullian,patience,Job,Job|Job,1,,old_testament_or_other,Bible:Job.1 Bible:Job.2,"Job i. and
ii"
volume_3,tertullian,patience,Ps,Ps,2,4,old_testament_or_other,Bible:Ps.2.4,Ps. ii. 4
volume_3,tertullian,patience,Job,Job,2,8,old_testament_or_other,Bible:Job.2.8,Job ii. 8
volume_3,tertullian,patience,2Tim,2Tim,4,8,new_testament,Bible:2Tim.4.8,2 Tim. iv. 8
volume_3,tertullian,patience,Isa,Isa,37,22,old_testament_or_other,Bible:Isa.37.22,"Isa. xxxvii.
22"
volume_3,tertullian,patience,1Kgs,1Kgs,19,4,old_testament_or_other,Bible:1Kgs.19.4-1Kgs.19.13,"1 Kings
xix. 4–13"
volume_3,tertullian,patience,Phil,Phil,3,19,new_testament,Bible:Phil.3.19,Phil. iii. 19
volume_3,tertullian,patience,Matt,Matt|Luke,4,7,new_testament,Bible:Matt.4.7 Bible:Luke.21.19,Matt. iv. 7 and Luke xxi. 19
volume_3,tertullian,patience,Heb,Heb,12,3,new_testament,Bible:Heb.12.3,"Heb. xii.
3"
