author_id,work_id,book,testament_group,osis_ref,passage
schaff,anf03,Matt,new_testament,Bible:Matt.15.22,"Matt. xv.
22"
schaff,anf03,Judg,old_testament_or_other,Bible:Judg.9.2,Judg. ix. 2
schaff,anf03,2Kgs,old_testament_or_other,Bible:2Kgs.14.9,"2 Kings (4
Kings in LXX. and Vulg.) xiv. 9"
schaff,anf03,Bel,deuterocanonical,Bible:Bel.1.1852,Bel. 1852
schaff,anf03,Ezek,old_testament_or_other,Bible:Ezek.36,"Ezek.
xxxvi."
tertullian,apology,Isa,old_testament_or_other,Bible:Isa.6.10,Isa. vi. 10
tertullian,apology,Heb,new_testament,Bible:Heb.10.22,Heb. x. 22
tertullian,apology,Matt,new_testament,Bible:Matt.5.44,Matt. v. 44
tertullian,apology,1Tim,new_testament,Bible:1Tim.2.2,1 Tim. ii. 2
tertullian,apology,John,new_testament,Bible:John.21.19,John xxi. 19
tertullian,apology,1Thess,new_testament,Bible:1Thess.5.18,1 Thess. v. 18
tertullian,apology,1John,new_testament,Bible:1John.5.7,"1 John v.
7"
tertullian,apology,Matt,new_testament,Bible:Matt.27.45,Matt. xxvii. 45
tertullian,apology,Acts,new_testament,Bible:Acts.15.20,Acts xv. 20
tertullian,apology,Phil,new_testament,Bible:Phil.4.8,Philippians iv. 8
tertullian,apology,Gal,new_testament,Bible:Gal.5.12,Galatians v. 12
tertullian,apology,Eph,new_testament,Bible:Eph.5.5,Ephesians v. 5
tertullian,idolatry,Ezek,old_testament_or_other,Bible:Ezek.23,Ezek. xxiii
tertullian,idolatry,Matt,new_testament,Bible:Matt.5.28,Matt. v. 28
tertullian,idolatry,Matt,new_testament,Bible:Matt.5.22,Matt. v. 22
tertullian,idolatry,1John,new_testament,Bible:1John.3.15,1 John. iii. 15
tertullian,idolatry,Rev,new_testament,Bible:Rev.2.24,Rev. ii. 24
tertullian,idolatry,Matt,new_testament,Bible:Matt.5.20,Matt. v. 20
tertullian,idolatry,Exod,old_testament_or_other,Bible:Exod.32,Ex. xxxii
tertullian,idolatry,1Cor,new_testament,Bible:1Cor.10.7,1 Cor. x. 7
tertullian,idolatry,Exod,old_testament_or_other,Bible:Exod.32.6,Ex. xxxii. 6
tertullian,idolatry,Lev,old_testament_or_other,Bible:Lev.26.1 Bible:Exod.20.4 Bible:Deut.5.8,"Lev. xxvi. 1; Ex. xx. 4; Deut. v.
8"
tertullian,idolatry,2Sam,old_testament_or_other,Bible:2Sam.16.7 Bible:Ps.5.6 Bible:Ps.26.9 Bible:Ps.55.23 Bible:Ezek.22.2,"2 Sam. xvi. 7; Ps. v. 6; xxvi. 9; lv. 23;
Ezek. xxii. 2"
tertullian,idolatry,Isa,old_testament_or_other,Bible:Isa.44.8,Isa. xliv. 8
tertullian,idolatry,Ps,old_testament_or_other,Bible:Ps.115.8,Ps. cxv. 8
tertullian,idolatry,1Cor,new_testament,Bible:1Cor.7.20,1 Cor. vii. 20
tertullian,idolatry,1Thess,new_testament,Bible:1Thess.4.11 Bible:2Thess.3.6-2Thess.3.12,"1 Thess. iv. 11; 2 Thess. iii.
6–12"
tertullian,idolatry,2Kgs,old_testament_or_other,Bible:2Kgs.18.4,2 Kings xviii. 4
tertullian,idolatry,1Cor,new_testament,Bible:1Cor.10.6 Bible:1Cor.10.11,"1 Cor. x. 6, 11"
tertullian,idolatry,Exod,old_testament_or_other,Bible:Exod.20.4,Ex. xx. 4
tertullian,idolatry,Matt,new_testament,Bible:Matt.18.8,Matt. xviii. 8
tertullian,idolatry,Rom,new_testament,Bible:Rom.13.8,Rom. xiii. 8
tertullian,idolatry,Titus,new_testament,Bible:Titus.3.14,"Titus
iii. 14"
tertullian,idolatry,Eph,new_testament,Bible:Eph.5.11-Eph.5.12,"Eph. v. 11, 12"
tertullian,idolatry,Gen,old_testament_or_other,Bible:Gen.6.2,Gen. vi. 2
tertullian,idolatry,Matt,new_testament,Bible:Matt.2,Matt. ii
tertullian,idolatry,Exod,old_testament_or_other,Bible:Exod.7 Bible:2Tim.3.8,"Ex.
vii., viii., and comp. 2 Tim. iii. 8"
tertullian,idolatry,Acts,new_testament,Bible:Acts.8.9-Acts.8.24,Acts viii. 9–24
tertullian,idolatry,Acts,new_testament,Bible:Acts.13.6-Acts.13.11,Acts xiii. 6–11
tertullian,idolatry,1Cor,new_testament,Bible:1Cor.1.20,1 Cor. i. 20
tertullian,idolatry,Acts,new_testament,Bible:Acts.8.21,Acts viii. 21
tertullian,idolatry,1Cor,new_testament,Bible:1Cor.7.31,1 Cor. vii. 31
tertullian,idolatry,1Cor,new_testament,Bible:1Cor.8.10,1 Cor. viii. 10
tertullian,idolatry,Exod,old_testament_or_other,Bible:Exod.23.13 Bible:Josh.23.7 Bible:Ps.16.4 Bible:Hos.2.17 Bible:Zech.13.2,"Ex. xxiii. 13; Josh. xxiii. 7; Ps. xvi. 4;
Hos. ii. 17; Zech. xiii. 2"
tertullian,idolatry,1Tim,new_testament,Bible:1Tim.6.10,1 Tim. vi. 10
tertullian,idolatry,1Tim,new_testament,Bible:1Tim.1.19,1 Tim. i. 19
tertullian,idolatry,Col,new_testament,Bible:Col.3.5,Col. iii. 5
tertullian,idolatry,Col,new_testament,Bible:Col.3.5 Bible:Eph.5.5,"Col.
iii. 5, and Eph. v. 5"
tertullian,idolatry,Matt,new_testament,Bible:Matt.5.34-Matt.5.37 Bible:Jas.5.12,"Matt. v. 34–37; Jas. v.
12"
tertullian,idolatry,Luke,new_testament,Bible:Luke.14.28-Luke.14.30,Luke xiv. 28–30
tertullian,idolatry,Luke,new_testament,Bible:Luke.6.20,Luke vi. 20
tertullian,idolatry,Matt,new_testament,Bible:Matt.6.25 Bible:Matt.6.31 Bible:Luke.12.22-Luke.12.24,"Matt. vi. 25, 31, etc.; Luke xii.
22–24"
tertullian,idolatry,Matt,new_testament,Bible:Matt.6.28 Bible:Luke.12.28,Matt. vi. 28; Luke xii. 28
tertullian,idolatry,Matt,new_testament,Bible:Matt.19.21 Bible:Luke.18.22,Matt. xix. 21; Luke xviii. 22
tertullian,idolatry,Luke,new_testament,Bible:Luke.9.62,Luke ix. 62
tertullian,idolatry,Matt,new_testament,Bible:Matt.6.24 Bible:Luke.16.13,Matt. vi. 24; Luke xvi. 13
tertullian,idolatry,Matt,new_testament,Bible:Matt.16.24 Bible:Mark.8.34 Bible:Luke.9.23 Bible:Luke.14.27,"Matt. xvi. 24; Mark viii. 34; Luke ix. 23;
xiv. 27"
tertullian,idolatry,Luke,new_testament,Bible:Luke.14.26 Bible:Mark.10.29-Mark.10.30 Bible:Matt.19.27-Matt.19.30,"Luke xiv. 26; Mark x. 29, 30; Matt. xix.
27–30"
tertullian,idolatry,Matt,new_testament,Bible:Matt.4.21-Matt.4.22 Bible:Mark.1.19-Mark.1.20 Bible:Luke.5.10-Luke.5.11,"Matt. iv. 21, 22; Mark i. 19, 20; Luke v.
10, 11"
tertullian,idolatry,Matt,new_testament,Bible:Matt.9.9 Bible:Mark.2.14 Bible:Luke.5.29,"Matt. ix. 9; Mark ii. 14; Luke v.
29"
tertullian,idolatry,Luke,new_testament,Bible:Luke.9.59-Luke.9.60,"Luke ix. 59, 60"
tertullian,idolatry,Matt,new_testament,Bible:Matt.19.26 Bible:Luke.1.37 Bible:Luke.18.27,"Matt. xix. 26; Luke i. 37; xviii.
27"
tertullian,idolatry,Rom,new_testament,Bible:Rom.12.15,Rom. xii. 15
tertullian,idolatry,2Cor,new_testament,Bible:2Cor.6.14,2 Cor. vi. 14
tertullian,idolatry,John,new_testament,Bible:John.16.20,John xvi. 20
tertullian,idolatry,Luke,new_testament,Bible:Luke.16.19-Luke.16.31,"Luke xvi.
19–31"
tertullian,idolatry,Matt,new_testament,Bible:Matt.10.33 Bible:Mark.8.38 Bible:Luke.9.26 Bible:2Tim.2.12,"Matt. x. 33; Mark viii. 38; Luke ix. 26; 2
Tim. ii. 12"
tertullian,idolatry,Isa,old_testament_or_other,Bible:Isa.52.5 Bible:Ezek.36.20 Bible:Ezek.36.23,"Isa. lii. 5; Ezek. xxxvi. 20,
23"
tertullian,idolatry,2Sam,old_testament_or_other,Bible:2Sam.12.14 Bible:Rom.2.24,2 Sam. xii. 14; Rom. ii. 24
tertullian,idolatry,Gal,new_testament,Bible:Gal.1.10,Gal. i. 10
tertullian,idolatry,1Cor,new_testament,Bible:1Cor.10.32-1Cor.10.33,"1 Cor. x. 32, 33"
tertullian,idolatry,1Cor,new_testament,Bible:1Cor.9.22,1 Cor. ix. 22
tertullian,idolatry,1Cor,new_testament,Bible:1Cor.5.10,1 Cor. v. 10
tertullian,idolatry,Isa,old_testament_or_other,Bible:Isa.1.14,Isa. i. 14
tertullian,idolatry,Deut,old_testament_or_other,Bible:Deut.16.10,Deut. xvi. 10
tertullian,idolatry,Matt,new_testament,Bible:Matt.5.16,Matt. v. 16
tertullian,idolatry,Matt,new_testament,Bible:Matt.22.21 Bible:Mark.12.17 Bible:Luke.20.25,"Matt. xxii. 21; Mark xii. 17; Luke xx.
25"
tertullian,idolatry,Gen,old_testament_or_other,Bible:Gen.1.26-Gen.1.27 Bible:Gen.9.6,"Gen. i. 26, 27; ix. 6"
tertullian,idolatry,1Cor,new_testament,Bible:1Cor.11.7,1 Cor. xi. 7
tertullian,idolatry,Rom,new_testament,Bible:Rom.13.1,Rom. xiii. 1
tertullian,idolatry,Titus,new_testament,Bible:Titus.3.1,Tit. iii. 1
tertullian,idolatry,Dan,old_testament_or_other,Bible:Dan.3,Dan. iii
tertullian,idolatry,Dan,old_testament_or_other,Bible:Dan.6,Dan. vi
tertullian,idolatry,Matt,new_testament,Bible:Matt.5.14 Bible:Phil.2.15,Matt. v. 14; Phil. ii. 15
tertullian,idolatry,Ps,old_testament_or_other,Bible:Ps.1.1-Ps.1.3 Bible:Ps.92.12-Ps.92.15,"Ps. i. 1–3; xcii.
12–15"
tertullian,idolatry,Deut,old_testament_or_other,Bible:Deut.22.5,Deut. xxii. 5
tertullian,idolatry,1Cor,new_testament,Bible:1Cor.8,1 Cor. viii
tertullian,idolatry,1Cor,new_testament,Bible:1Cor.10.27-1Cor.10.29,"1 Cor.
x. 27–29"
tertullian,idolatry,1Cor,new_testament,Bible:1Cor.9.19,1 Cor. ix. 19
tertullian,idolatry,Luke,new_testament,Bible:Luke.9.58 Bible:Matt.8.20,Luke ix. 58; Matt. viii. 20
tertullian,idolatry,Matt,new_testament,Bible:Matt.11.8 Bible:Luke.7.25,Matt. xi. 8; Luke vii. 25
tertullian,idolatry,Isa,old_testament_or_other,Bible:Isa.53.2,Isa. liii. 2
tertullian,idolatry,John,new_testament,Bible:John.13.1-John.13.17,John xiii. 1–17
tertullian,idolatry,John,new_testament,Bible:John.18.36,John xviii. 36
tertullian,idolatry,John,new_testament,Bible:John.6.15,John vi. 15
tertullian,idolatry,Matt,new_testament,Bible:Matt.19.28 Bible:Luke.22.28 Bible:Luke.22.30 Bible:1Cor.6.2-1Cor.6.3 Bible:Rev.2.26-Rev.2.27 Bible:Rev.3.21,"Matt. xix. 28;
Luke xxii. 28, 30; 1 Cor. vi. 2, 3; Rev. ii. 26, 27; iii.
21"
tertullian,idolatry,Matt,new_testament,Bible:Matt.26.52 Bible:2Cor.10.4 Bible:John.18.36,"Matt. xxvi. 52; 2 Cor. x. 4; John xviii.
36"
tertullian,idolatry,Luke,new_testament,Bible:Luke.3.12-Luke.3.13,"Luke iii. 12, 13"
tertullian,idolatry,Matt,new_testament,Bible:Matt.8.5,Matt. viii. 5
tertullian,idolatry,Luke,new_testament,Bible:Luke.7.1,Luke vii. 1
tertullian,idolatry,Matt,new_testament,Bible:Matt.12.37,Matt. xii. 37
tertullian,idolatry,Exod,old_testament_or_other,Bible:Exod.23.13,Ex. xxiii. 13
tertullian,idolatry,Acts,new_testament,Bible:Acts.28.2,"Acts xxviii.
2"
tertullian,idolatry,Exod,old_testament_or_other,Bible:Exod.20.7,Ex. xx. 7
tertullian,idolatry,2Kgs,old_testament_or_other,Bible:2Kgs.17.15 Bible:Ps.24.4 Bible:Isa.59.4 Bible:Deut.32.21,"2 Kings xvii. 15, Ps. xxiv. 4,
Isa. lix. 4, Deut. xxxii. 21"
tertullian,idolatry,Ps,old_testament_or_other,Bible:Ps.96.5,Ps. xcvi. 5
tertullian,idolatry,Ps,old_testament_or_other,Bible:Ps.95,Ps. xcv.
tertullian,idolatry,Matt,new_testament,Bible:Matt.5.44 Bible:1Pet.3.9,"Matt. v. 44, 1 Pet. iii. 9"
tertullian,idolatry,Luke,new_testament,Bible:Luke.1.20 Bible:Luke.1.22 Bible:Luke.1.62 Bible:Luke.1.63,"Luke i. 20, 22, 62, 63"
tertullian,idolatry,Acts,new_testament,Bible:Acts.15.1-Acts.15.31,Acts xv. 1–31
tertullian,spectaculis,Exod,old_testament_or_other,Bible:Exod.20.14,Ex. xx. 14
tertullian,spectaculis,Ps,old_testament_or_other,Bible:Ps.1.1,Ps. i. 1
tertullian,spectaculis,1Cor,new_testament,Bible:1Cor.8.4,1 Cor. viii. 4
tertullian,spectaculis,1Cor,new_testament,Bible:1Cor.10.21,1 Cor. x. 21
tertullian,spectaculis,Ps,old_testament_or_other,Bible:Ps.49.18,Ps. xlix. 18
tertullian,spectaculis,Matt,new_testament,Bible:Matt.6.27,Matt. vi. 27
tertullian,spectaculis,Deut,old_testament_or_other,Bible:Deut.22,Deut. xxii
tertullian,spectaculis,Acts,new_testament,Bible:Acts.16.16,"Acts xvi.
16"
tertullian,spectaculis,Matt,new_testament,Bible:Matt.6.24,Matt. vi. 24
tertullian,spectaculis,2Cor,new_testament,Bible:2Cor.4.14,2 Cor. iv. 14
tertullian,spectaculis,John,new_testament,Bible:John.16.20,John xvi. 20
tertullian,spectaculis,Phil,new_testament,Bible:Phil.1.23,Phil. i. 23
tertullian,corona,Dan,old_testament_or_other,Bible:Dan.13.32,Dan. xiii. 32
tertullian,corona,Sus,deuterocanonical,Bible:Sus.1.32,"<i>Hist. of
Susanna</i>, v. 32"
tertullian,corona,Luke,new_testament,Bible:Luke.12.27,Luke xii. 27
tertullian,corona,Phil,new_testament,Bible:Phil.3.15,Phil. iii. 15
tertullian,corona,1Cor,new_testament,Bible:1Cor.11.14,1 Cor. xi. 14
tertullian,corona,Rom,new_testament,Bible:Rom.2.14,Rom. ii. 14
tertullian,corona,Rom,new_testament,Bible:Rom.1.26,Rom. i. 26
tertullian,corona,Isa,old_testament_or_other,Bible:Isa.38.21,Isa. xxxviii. 21
tertullian,corona,1Tim,new_testament,Bible:1Tim.5.23,1 Tim. v. 23
tertullian,corona,2Tim,new_testament,Bible:2Tim.4.13,2 Tim. iv. 13
tertullian,corona,John,new_testament,Bible:John.13.1-John.13.5,John xiii. 1–5
tertullian,corona,Isa,old_testament_or_other,Bible:Isa.5.12,Isa. v. 12
tertullian,corona,Ps,old_testament_or_other,Bible:Ps.115.4-Ps.115.8,Ps. cxv. 4–8
tertullian,corona,Titus,new_testament,Bible:Titus.1.15,Tit. i. 15
tertullian,corona,1Cor,new_testament,Bible:1Cor.10.28,1 Cor. x. 28
tertullian,corona,1Cor,new_testament,Bible:1Cor.10.14,1 Cor. x. 14
tertullian,corona,1John,new_testament,Bible:1John.5.21,1 John v. 21
tertullian,corona,1Cor,new_testament,Bible:1Cor.8.10,1 Cor. viii. 10
tertullian,corona,Matt,new_testament,Bible:Matt.6.24,Matt. vi. 24
tertullian,corona,Matt,new_testament,Bible:Matt.22.21,Matt. xxii. 21
tertullian,corona,Phil,new_testament,Bible:Phil.4.3,Phil. iv. 3
tertullian,corona,Matt,new_testament,Bible:Matt.3.10,Matt. iii. 10
tertullian,corona,Isa,old_testament_or_other,Bible:Isa.11.1,Isa. xi. 1
tertullian,corona,Ps,old_testament_or_other,Bible:Ps.20.7,Ps. xx. 7
tertullian,corona,Rev,new_testament,Bible:Rev.18.4,Rev. xviii. 4
tertullian,corona,Phil,new_testament,Bible:Phil.3.20,Phil. iii. 20
tertullian,corona,John,new_testament,Bible:John.16.20,John xvi. 20
tertullian,corona,1Cor,new_testament,Bible:1Cor.7.39,1 Cor. vii. 39
tertullian,corona,1Cor,new_testament,Bible:1Cor.11.10,1 Cor. xi. 10
tertullian,corona,Rev,new_testament,Bible:Rev.4.4,Rev. iv. 4
tertullian,corona,1Tim,new_testament,Bible:1Tim.2.9 Bible:1Pet.3.3,1 Tim. ii. 9; 1 Pet. iii. 3
tertullian,corona,Matt,new_testament,Bible:Matt.27.34 Bible:Luke.24.42,"Matt. xxvii. 34, and Luke xxiv.
42"
tertullian,corona,Rev,new_testament,Bible:Rev.2.10 Bible:Jas.1.22,Rev. ii. 10; Jas. i. 22
tertullian,corona,2Tim,new_testament,Bible:2Tim.4.8,2 Tim. iv. 8
tertullian,corona,Rev,new_testament,Bible:Rev.6.2,Rev. vi. 2
tertullian,corona,Rev,new_testament,Bible:Rev.10.1,Rev. x. 1
tertullian,scapula,Jer,old_testament_or_other,Bible:Jer.31.20 Bible:Hos.11.8,Jer. xxxi. 20; Hos. xi. 8
tertullian,scapula,Acts,new_testament,Bible:Acts.12.23,"Acts xii.
23"
tertullian,scapula,Acts,new_testament,Bible:Acts.5.39,"Acts v.
39"
tertullian,nationes,Lev,old_testament_or_other,Bible:Lev.24.2,Lev. xxiv. 2
tertullian,nationes,2Chr,old_testament_or_other,Bible:2Chr.13.11,2 Chron. xiii. 11
tertullian,nationes,Prov,old_testament_or_other,Bible:Prov.9.10 Bible:Ps.111.10,Prov. ix. 10; Ps. cxi. 10
tertullian,nationes,Acts,new_testament,Bible:Acts.17.23,"Acts xvii.
23"
tertullian,nationes,Titus,new_testament,Bible:Titus.1.12,Tit. i. 12
tertullian,nationes,Acts,new_testament,Bible:Acts.26.26,Acts xxvi. 26
tertullian,jews_answer,Phil,new_testament,Bible:Phil.3.5,Phil. iii. 5
tertullian,jews_answer,Isa,old_testament_or_other,Bible:Isa.40.15,Isa. xl. 15
tertullian,jews_answer,Ps,old_testament_or_other,Bible:Ps.1.4 Bible:Dan.2.35,"Ps. i. 4, Dan. ii. 35"
tertullian,jews_answer,Gen,old_testament_or_other,Bible:Gen.22.18,Gen. xxii. 18
tertullian,jews_answer,Gal,new_testament,Bible:Gal.3.16,Gal. iii. 16
tertullian,jews_answer,Gen,old_testament_or_other,Bible:Gen.21.5 Bible:Gen.25.7 Bible:Gen.25.26 Bible:Heb.11.9,"Gen. xxi. 5 with xxv. 7 and 26. See, too, Heb.
xi. 9"
tertullian,jews_answer,Gen,old_testament_or_other,Bible:Gen.25.21-Gen.25.23,Gen. xxv. 21–23
tertullian,jews_answer,Rom,new_testament,Bible:Rom.9.10-Rom.9.13,"Rom. ix.
10–13"
tertullian,jews_answer,Exod,old_testament_or_other,Bible:Exod.32.1 Bible:Exod.32.23 Bible:Acts.7.39-Acts.7.40,"Ex. xxxii. 1, 23; Acts vii. 39,
40"
tertullian,jews_answer,Exod,old_testament_or_other,Bible:Exod.32.4,Ex. xxxii. 4
tertullian,jews_answer,Acts,new_testament,Bible:Acts.7.38-Acts.7.41 Bible:1Cor.10.7 Bible:Ps.106.19-Ps.106.22,"Acts vii. 38–41; 1 Cor. x. 7; Ps.
cvi. 19–22"
tertullian,jews_answer,1Kgs,old_testament_or_other,Bible:1Kgs.12.25-1Kgs.12.33 Bible:2Kgs.17.7-2Kgs.17.17,"1 Kings xii. 25–33; 2 Kings xvii.
7–17"
tertullian,jews_answer,1Thess,new_testament,Bible:1Thess.1.9-1Thess.1.10,"1 Thess. i. 9, 10"
tertullian,jews_answer,Jer,old_testament_or_other,Bible:Jer.31.27,Jer. xxxi. 27
tertullian,jews_answer,Hos,old_testament_or_other,Bible:Hos.2.23 Bible:Zech.10.9 Bible:Matt.13.31-Matt.13.43,"Hos. ii. 23; Zech. x. 9; Matt.
xiii. 31–43"
tertullian,jews_answer,Gen,old_testament_or_other,Bible:Gen.2.16-Gen.2.17 Bible:Gen.3.2-Gen.3.3,"Gen. ii. 16, 17; iii. 2, 3"
tertullian,jews_answer,Deut,old_testament_or_other,Bible:Deut.6.4-Deut.6.5 Bible:Lev.19.18,"Deut. vi. 4, 5; Lev. xix. 18"
tertullian,jews_answer,Matt,new_testament,Bible:Matt.22.34-Matt.22.40 Bible:Mark.12.28-Mark.12.34 Bible:Luke.10.25-Luke.10.28,"Matt. xxii. 34–40; Mark xii.
28–34; Luke x. 25–28"
tertullian,jews_answer,Exod,old_testament_or_other,Bible:Exod.20.12-Exod.20.17 Bible:Deut.5.16-Deut.5.21 Bible:Rom.13.9,"Ex. xx. 12–17; Deut. v. 16–21;
Rom. xiii. 9"
tertullian,jews_answer,Gen,old_testament_or_other,Bible:Gen.6.9 Bible:Gen.7.1,Gen. vi. 9; vii. 1
tertullian,jews_answer,Heb,new_testament,Bible:Heb.11.7,Heb. xi. 7
tertullian,jews_answer,Isa,old_testament_or_other,Bible:Isa.41.8 Bible:Jas.2.23,Isa. xli. 8; Jas. ii. 23
tertullian,jews_answer,Gen,old_testament_or_other,Bible:Gen.14.18 Bible:Ps.110.4 Bible:Heb.5.10 Bible:Heb.7.1-Heb.7.3 Bible:Heb.7.10 Bible:Heb.7.15 Bible:Heb.7.17,"Gen. xiv. 18, Ps. cx. (cix. in. LXX.) 4;
Heb. v. 10, vii. 1–3, 10, 15, 17"
tertullian,jews_answer,Gen,old_testament_or_other,Bible:Gen.15.13,Gen. xv. 13
tertullian,jews_answer,Exod,old_testament_or_other,Bible:Exod.12.40-Exod.12.42,Ex. xii. 40–42
tertullian,jews_answer,Acts,new_testament,Bible:Acts.7.6,Acts vii. 6
tertullian,jews_answer,John,new_testament,Bible:John.1.17,John i. 17
tertullian,jews_answer,Gen,old_testament_or_other,Bible:Gen.4.1-Gen.4.7,Gen. iv. 1–7
tertullian,jews_answer,Heb,new_testament,Bible:Heb.11.4,Heb. xi. 4
tertullian,jews_answer,Gen,old_testament_or_other,Bible:Gen.6.18 Bible:Gen.7.23 Bible:2Pet.2.5,"Gen. vi. 18; vii. 23; 2 Pet. ii.
5"
tertullian,jews_answer,Gen,old_testament_or_other,Bible:Gen.5.22 Bible:Gen.5.24 Bible:Heb.11.5,"Gen. v. 22, 24; Heb. xi. 5"
tertullian,jews_answer,Gen,old_testament_or_other,Bible:Gen.11.31 Bible:Gen.12.5,"Gen. xi. 31; xii.
5"
tertullian,jews_answer,Gen,old_testament_or_other,Bible:Gen.19.1-Gen.19.29,Gen. xix. 1–29
tertullian,jews_answer,2Pet,new_testament,Bible:2Pet.2.6-2Pet.2.9,2 Pet. ii. 6–9
tertullian,jews_answer,Gen,old_testament_or_other,Bible:Gen.12 Bible:Gen.17 Bible:Rom.4,"Gen. xii.–xv. compared with xvii. and Rom.
iv"
tertullian,jews_answer,Rom,new_testament,Bible:Rom.4.11,Rom. iv. 11
tertullian,jews_answer,Gen,old_testament_or_other,Bible:Gen.14 Bible:Gen.17,"Gen. xiv. with Gen.
xvii"
tertullian,jews_answer,Exod,old_testament_or_other,Bible:Exod.4.24-Exod.4.26,Ex. iv. 24–26
tertullian,jews_answer,Isa,old_testament_or_other,Bible:Isa.1.7-Isa.1.8,"Isa. i. 7, 8"
tertullian,jews_answer,Isa,old_testament_or_other,Bible:Isa.1.2,Isa. i. 2
tertullian,jews_answer,Isa,old_testament_or_other,Bible:Isa.1.15,Isa. i. 15
tertullian,jews_answer,Isa,old_testament_or_other,Bible:Isa.1.4,Isa. i. 4
tertullian,jews_answer,Jer,old_testament_or_other,Bible:Jer.4.3-Jer.4.4,"Jer. iv. 3, 4"
tertullian,jews_answer,Jer,old_testament_or_other,Bible:Jer.31.31-Jer.31.32,"Jer. xxxi. 31, 32"
tertullian,jews_answer,Heb,new_testament,Bible:Heb.8.8-Heb.8.13,"Heb. viii.
8–13"
tertullian,jews_answer,Isa,old_testament_or_other,Bible:Isa.2.2-Isa.2.3,"Isa. ii. 2, 3"
tertullian,jews_answer,Phil,new_testament,Bible:Phil.3.1-Phil.3.2,"Phil. iii. 1, 2"
tertullian,jews_answer,Dan,old_testament_or_other,Bible:Dan.2.34-Dan.2.35 Bible:Dan.2.44 Bible:Dan.2.45,"Dan. ii. 34, 35, 44, 45"
tertullian,jews_answer,Isa,old_testament_or_other,Bible:Isa.2.3-Isa.2.4,"Isa. ii. 3, 4"
tertullian,jews_answer,Exod,old_testament_or_other,Bible:Exod.21.24-Exod.21.25 Bible:Lev.24.17-Lev.24.22 Bible:Deut.19.11-Deut.19.21 Bible:Matt.5.38,"Ex. xxi. 24, 25; Lev. xxiv. 17–22;
Deut. xix. 11–21; Matt. v. 38"
tertullian,jews_answer,1Cor,new_testament,Bible:1Cor.3.6-1Cor.3.9 Bible:1Cor.9.9-1Cor.9.10,"1 Cor. iii.
6–9; ix. 9, 10"
tertullian,jews_answer,Ps,old_testament_or_other,Bible:Ps.18.43-Ps.18.44,"Ps. xviii. 43, 44"
tertullian,jews_answer,2Sam,old_testament_or_other,Bible:2Sam.22.44-2Sam.22.45 Bible:Rom.10.14-Rom.10.17,"2 Sam. (in LXX. 2 Kings) xxii. 44, 45, and
Rom. x. 14–17"
tertullian,jews_answer,Acts,new_testament,Bible:Acts.13.17,Acts xiii. 17
tertullian,jews_answer,Deut,old_testament_or_other,Bible:Deut.8.4 Bible:Deut.29.5 Bible:Neh.9.21,"Deut. viii. 4; xxix. 5; Neh. ix.
21"
tertullian,jews_answer,Ps,old_testament_or_other,Bible:Ps.78.25 Bible:John.6.31-John.6.32,"Ps. lxxviii. (lxxvii. in LXX.) 25; comp. John
vi. 31, 32"
tertullian,jews_answer,Hos,old_testament_or_other,Bible:Hos.1.10 Bible:1Pet.2.10,Hos. i. 10; 1 Pet. ii. 10
tertullian,jews_answer,Gal,new_testament,Bible:Gal.5.1 Bible:Gal.4.8-Gal.4.9,"Gal. v. 1; iv. 8, 9"
tertullian,jews_answer,Exod,old_testament_or_other,Bible:Exod.20.8-Exod.20.11 Bible:Exod.12.16,"Ex.
xx. 8–11 and xii. 16"
tertullian,jews_answer,Isa,old_testament_or_other,Bible:Isa.1.13,Isa. i. 13
tertullian,jews_answer,Ezek,old_testament_or_other,Bible:Ezek.22.8,Ezek. xxii. 8
tertullian,jews_answer,Isa,old_testament_or_other,Bible:Isa.66.23,Isa. lxvi. 23
tertullian,jews_answer,Isa,old_testament_or_other,Bible:Isa.49,Isa. xlix
tertullian,jews_answer,Josh,old_testament_or_other,Bible:Josh.6.1-Josh.6.20,Josh. vi. 1–20
tertullian,jews_answer,1Macc,deuterocanonical,Bible:1Macc.2.41,1 Macc. ii. 41
tertullian,jews_answer,Exod,old_testament_or_other,Bible:Exod.20.8 Bible:Deut.5.12 Bible:Deut.5.15,"Ex. xx. 8; Deut. v. 12, 15"
tertullian,jews_answer,Gen,old_testament_or_other,Bible:Gen.4.2-Gen.4.14,Gen. iv. 2–14
tertullian,jews_answer,Lev,old_testament_or_other,Bible:Lev.17.1-Lev.17.9 Bible:Deut.12.1-Deut.12.26,"Lev. xvii. 1–9; Deut. xii.
1–26"
tertullian,jews_answer,Mal,old_testament_or_other,Bible:Mal.1.10-Mal.1.11,"Mal. i. 10, 11"
tertullian,jews_answer,Matt,new_testament,Bible:Matt.28.19-Matt.28.20 Bible:Mark.16.15-Mark.16.16 Bible:Luke.24.45-Luke.24.48,"Matt. xxviii. 19, 20, Mark xvi. 15, 16,
Luke xxiv. 45–48"
tertullian,jews_answer,Ps,old_testament_or_other,Bible:Ps.19.4,Ps. xix. 4
tertullian,jews_answer,Rom,new_testament,Bible:Rom.10.18,Rom. x. 18
tertullian,jews_answer,Ps,old_testament_or_other,Bible:Ps.96.7-Ps.96.8 Bible:Ps.29.1-Ps.29.2,"Ps.
xcvi. (xcv. in LXX.) 7, 8; and comp. xxix. (xxviii. in LXX.) 1,
2"
tertullian,jews_answer,Ps,old_testament_or_other,Bible:Ps.51.17,Ps. li. 17
tertullian,jews_answer,Ps,old_testament_or_other,Bible:Ps.50.14,"Ps. l. (xlix.
in LXX.) 14"
tertullian,jews_answer,Isa,old_testament_or_other,Bible:Isa.1.11,Isa. i. 11
tertullian,jews_answer,Isa,old_testament_or_other,Bible:Isa.1.11-Isa.1.14,Isa. i. 11–14
tertullian,jews_answer,Mal,old_testament_or_other,Bible:Mal.1,Mal. i
tertullian,jews_answer,Luke,new_testament,Bible:Luke.1.78-Luke.1.79 Bible:Isa.9.1-Isa.9.2,"Luke i. 78, 79, Isa. ix. 1, 2"
tertullian,jews_answer,Matt,new_testament,Bible:Matt.4.12-Matt.4.16,Matt. iv. 12–16
tertullian,jews_answer,1Cor,new_testament,Bible:1Cor.9.16,1 Cor. ix. 16
tertullian,jews_answer,Isa,old_testament_or_other,Bible:Isa.45.1,Isa. xlv. 1
tertullian,jews_answer,Ps,old_testament_or_other,Bible:Ps.19.4 Bible:Rom.10.18,"Ps.
xix. 4 (xviii. 5. in LXX.) and Rom. x. 18"
tertullian,jews_answer,Acts,new_testament,Bible:Acts.2.9-Acts.2.10 Bible:Acts.2.5,"Acts ii. 9,
10; but comp. ver. 5"
tertullian,jews_answer,Isa,old_testament_or_other,Bible:Isa.45.1-Isa.45.2,"Isa. xlv. 1, 2"
tertullian,jews_answer,1Kgs,old_testament_or_other,Bible:1Kgs.4.25,1 Kings iv. 25
tertullian,jews_answer,Esth,old_testament_or_other,Bible:Esth.1.1 Bible:Esth.8.9,Esth. i. 1; viii. 9
tertullian,jews_answer,John,new_testament,Bible:John.20.28,John xx. 28
tertullian,jews_answer,Dan,old_testament_or_other,Bible:Dan.9.26,Dan. ix. 26
tertullian,jews_answer,Isa,old_testament_or_other,Bible:Isa.55.4,Isa. lv. 4
tertullian,jews_answer,Dan,old_testament_or_other,Bible:Dan.9 Bible:Dan.24,Dan. ix . 24–27
tertullian,jews_answer,Dan,old_testament_or_other,Bible:Dan.9.23,"ver.
23"
tertullian,jews_answer,Ps,old_testament_or_other,Bible:Ps.49.11,Ps. xlix. 11
tertullian,jews_answer,Ps,old_testament_or_other,Bible:Ps.48.12,Ps. xlviii. 12
tertullian,jews_answer,Matt,new_testament,Bible:Matt.11.13 Bible:Luke.16.16,"Matt. xi. 13;
Luke xvi. 16"
tertullian,jews_answer,Ps,old_testament_or_other,Bible:Ps.22.16,Ps. xxii. 16
tertullian,jews_answer,Exod,old_testament_or_other,Bible:Exod.12.6 Bible:Mark.14.12 Bible:Luke.22.7,"Ex. xii. 6 with Mark xiv. 12, Luke xxii.
7"
tertullian,jews_answer,Matt,new_testament,Bible:Matt.27.24-Matt.27.25,"Matt. xxvii. 24, 25"
tertullian,jews_answer,John,new_testament,Bible:John.19.12,John xix. 12
tertullian,jews_answer,Acts,new_testament,Bible:Acts.3.13,Acts iii. 13
tertullian,jews_answer,Luke,new_testament,Bible:Luke.24.44,Luke xxiv. 44
tertullian,jews_answer,Isa,old_testament_or_other,Bible:Isa.7.13-Isa.7.14,"Isa. vii. 13, 14"
tertullian,jews_answer,Matt,new_testament,Bible:Matt.1.23,Matt. i. 23
tertullian,jews_answer,Isa,old_testament_or_other,Bible:Isa.7.15,Isa vii. 15
tertullian,jews_answer,Isa,old_testament_or_other,Bible:Isa.8.4,Isa. viii. 4
tertullian,jews_answer,Isa,old_testament_or_other,Bible:Isa.8.8 Bible:Isa.8.10,"Isa. viii. 8, 10"
tertullian,jews_answer,Judg,old_testament_or_other,Bible:Judg.13.12,Judg. xiii. 12
tertullian,jews_answer,Matt,new_testament,Bible:Matt.2.1-Matt.2.12,Matt. ii. 1–12
tertullian,jews_answer,Zech,old_testament_or_other,Bible:Zech.14.14,Zech. xiv. 14
tertullian,jews_answer,Ps,old_testament_or_other,Bible:Ps.72.15,Ps. lxxii. 15
tertullian,jews_answer,Ps,old_testament_or_other,Bible:Ps.72.10,Ps. lxxii. 10
tertullian,jews_answer,Isa,old_testament_or_other,Bible:Isa.1.10,Isa. i. 10
tertullian,jews_answer,Gen,old_testament_or_other,Bible:Gen.19.23-Gen.19.29,Gen. xix. 23–29
tertullian,jews_answer,Ezek,old_testament_or_other,Bible:Ezek.16.3 Bible:Ezek.16.45,"Ezek. xvi. 3, 45"
tertullian,jews_answer,Isa,old_testament_or_other,Bible:Isa.19.1,Isa. xix. 1
tertullian,jews_answer,Isa,old_testament_or_other,Bible:Isa.30 Bible:Isa.31,"Isa. xxx. and
xxxi"
tertullian,jews_answer,Rev,new_testament,Bible:Rev.17,Rev. xvii
tertullian,jews_answer,Ps,old_testament_or_other,Bible:Ps.45.3,Ps. xlv. 3
tertullian,jews_answer,Ps,old_testament_or_other,Bible:Ps.44.4,Ps. xliv. 4
tertullian,jews_answer,Ps,old_testament_or_other,Bible:Ps.45.2,Ps. xlv. 2
tertullian,jews_answer,Ps,old_testament_or_other,Bible:Ps.45.4,Ps. xlv. 4
tertullian,jews_answer,Heb,new_testament,Bible:Heb.4.12 Bible:Rev.1.16 Bible:Rev.2.12 Bible:Rev.19.15 Bible:Rev.19.21,"Heb. iv. 12; Rev. i. 16; ii. 12; xix. 15,
21"
tertullian,jews_answer,Eph,new_testament,Bible:Eph.6.17,Eph. vi. 17
tertullian,jews_answer,Ps,old_testament_or_other,Bible:Ps.62.12,Ps. lxii. 12
tertullian,jews_answer,Rom,new_testament,Bible:Rom.2.6,Rom. ii. 6
tertullian,jews_answer,Ps,old_testament_or_other,Bible:Ps.45.5,Ps. xlv. 5
tertullian,jews_answer,Heb,new_testament,Bible:Heb.4.13,Heb. iv. 13
tertullian,jews_answer,Num,old_testament_or_other,Bible:Num.13.16,Num. xiii. 16
tertullian,jews_answer,Exod,old_testament_or_other,Bible:Exod.3.8,Ex. iii. 8
tertullian,jews_answer,Josh,old_testament_or_other,Bible:Josh.5.2-Josh.5.9,Josh. v. 2–9
tertullian,jews_answer,Exod,old_testament_or_other,Bible:Exod.4.25,Ex. iv. 25
tertullian,jews_answer,1Cor,new_testament,Bible:1Cor.10.4,1 Cor. x. 4
tertullian,jews_answer,Num,old_testament_or_other,Bible:Num.12.5-Num.12.8,Num. xii. 5–8
tertullian,jews_answer,Exod,old_testament_or_other,Bible:Exod.33.20 Bible:John.1.18 Bible:John.14.9 Bible:Col.1.15 Bible:Heb.1.3,"Ex. xxxiii. 20; John i. 18; xiv. 9; Col.
i. 15; Heb. i. 3"
tertullian,jews_answer,Exod,old_testament_or_other,Bible:Exod.23.20-Exod.23.21,"Ex. xxiii. 20, 21"
tertullian,jews_answer,Mal,old_testament_or_other,Bible:Mal.3.1,Mal. iii. 1
tertullian,jews_answer,Matt,new_testament,Bible:Matt.11.10 Bible:Mark.1.2 Bible:Luke.7.27,"Matt. xi. 10; Mark i. 2; Luke vii.
27"
tertullian,jews_answer,Ps,old_testament_or_other,Bible:Ps.132.17,Ps. cxxxii. 17
tertullian,jews_answer,Matt,new_testament,Bible:Matt.5.17,Matt. v. 17
tertullian,jews_answer,John,new_testament,Bible:John.5.35,John v. 35
tertullian,jews_answer,Isa,old_testament_or_other,Bible:Isa.40.3 Bible:John.1.23,"Isa. xl. 3, John i.
23"
tertullian,jews_answer,John,new_testament,Bible:John.1.29 Bible:John.1.36,"John i. 29, 36"
tertullian,jews_answer,Isa,old_testament_or_other,Bible:Isa.11.1-Isa.11.2,"Isa. xi. 1, 2"
tertullian,jews_answer,Luke,new_testament,Bible:Luke.1.27,Luke i. 27
tertullian,jews_answer,Luke,new_testament,Bible:Luke.2.1-Luke.2.7,Luke ii. 1–7
tertullian,jews_answer,Isa,old_testament_or_other,Bible:Isa.53.3 Bible:Isa.53.7,"Isa. liii. 3, 7"
tertullian,jews_answer,Ps,old_testament_or_other,Bible:Ps.38.17,Ps. xxxviii. 17
tertullian,jews_answer,Isa,old_testament_or_other,Bible:Isa.42.2-Isa.42.3,"Isa. xlii. 2, 3"
tertullian,jews_answer,Matt,new_testament,Bible:Matt.12.19-Matt.12.20,"Matt. xii. 19, 20"
tertullian,jews_answer,Isa,old_testament_or_other,Bible:Isa.58.1-Isa.58.2,"Isa. lviii. 1, 2"
tertullian,jews_answer,Isa,old_testament_or_other,Bible:Isa.35.4-Isa.35.6,"Isa. xxxv. 4, 5, 6"
tertullian,jews_answer,John,new_testament,Bible:John.5.17-John.5.18 Bible:John.10.31-John.10.33,"John v. 17, 18, compared with x.
31–33"
tertullian,jews_answer,Deut,old_testament_or_other,Bible:Deut.21.23,Deut. xxi. 23
tertullian,jews_answer,Gal,new_testament,Bible:Gal.3.13,Gal. iii. 13
tertullian,jews_answer,Deut,old_testament_or_other,Bible:Deut.21.22-Deut.21.23,"Deut. xxi. 22, 23"
tertullian,jews_answer,1Pet,new_testament,Bible:1Pet.2.22,1 Pet. ii. 22
tertullian,jews_answer,Isa,old_testament_or_other,Bible:Isa.53.9,Isa. liii. 9
tertullian,jews_answer,Ps,old_testament_or_other,Bible:Ps.35.12,"Ps. xxxv.
(xxxiv. in LXX.) 12"
tertullian,jews_answer,Ps,old_testament_or_other,Bible:Ps.69.4,Ps. lxix. 4
tertullian,jews_answer,Ps,old_testament_or_other,Bible:Ps.69.21,Ps. lxix. 21
tertullian,jews_answer,Ps,old_testament_or_other,Bible:Ps.22.18,Ps. xxii. 18
tertullian,jews_answer,Matt,new_testament,Bible:Matt.26.56 Bible:Matt.27.34-Matt.27.35 Bible:John.19.23-John.19.24 Bible:John.19.28 Bible:John.19.32-John.19.37,"Matt. xxvi. 56; xxvii. 34, 35; John xix.
23, 24, 28, 32–37"
tertullian,jews_answer,Rom,new_testament,Bible:Rom.9.32-Rom.9.33,"Rom. ix. 32, 33"
tertullian,jews_answer,Isa,old_testament_or_other,Bible:Isa.28.16 Bible:1Cor.1.23 Bible:Gal.5.11,"Isa. xxviii. 16; 1 Cor. i. 23; Gal. v.
11"
tertullian,jews_answer,Gen,old_testament_or_other,Bible:Gen.22.1-Gen.22.10,Gen. xxii. 1–10
tertullian,jews_answer,John,new_testament,Bible:John.19.17,John xix. 17
tertullian,jews_answer,Gen,old_testament_or_other,Bible:Gen.37,Gen. xxxvii
tertullian,jews_answer,Rom,new_testament,Bible:Rom.9.5,Rom. ix. 5
tertullian,jews_answer,Deut,old_testament_or_other,Bible:Deut.33.17,"Deut. xxxiii.
17"
tertullian,jews_answer,Gen,old_testament_or_other,Bible:Gen.49.5-Gen.49.7,"Gen. xlix.
5–7"
tertullian,jews_answer,Gen,old_testament_or_other,Bible:Gen.34.25-Gen.34.31,"Gen.
xxxiv. 25–31"
tertullian,jews_answer,Gen,old_testament_or_other,Bible:Gen.49.5-Gen.49.7,Gen. xlix. 5–7
tertullian,jews_answer,Exod,old_testament_or_other,Bible:Exod.17.8-Exod.17.16,Ex. xvii. 8–16
tertullian,jews_answer,Col,new_testament,Bible:Col.2.14-Col.2.15,"Col. ii. 14, 15"
tertullian,jews_answer,Exod,old_testament_or_other,Bible:Exod.20.4,Ex. xx. 4
tertullian,jews_answer,Num,old_testament_or_other,Bible:Num.21.4-Num.21.9,Num. xxi. 4–9
tertullian,jews_answer,Gen,old_testament_or_other,Bible:Gen.3.1,Gen. iii. 1
tertullian,jews_answer,2Cor,new_testament,Bible:2Cor.11.3 Bible:Rev.12.9,2 Cor. xi. 3; Rev. xii. 9
tertullian,jews_answer,2Cor,new_testament,Bible:2Cor.11.14-2Cor.11.15 Bible:Matt.25.41 Bible:Rev.12.9,"2 Cor. xi. 14, 15; Matt. xxv. 41; Rev.
xii. 9"
tertullian,jews_answer,Ps,old_testament_or_other,Bible:Ps.96.10,Ps. xcvi. 10
tertullian,jews_answer,Matt,new_testament,Bible:Matt.13.55 Bible:Luke.4.22,"Matt.
xiii. 55; Luke iv. 22"
tertullian,jews_answer,Mark,new_testament,Bible:Mark.6.3,Mark vi. 3
tertullian,jews_answer,Isa,old_testament_or_other,Bible:Isa.9.6,Isa. ix. 6
tertullian,jews_answer,Jer,old_testament_or_other,Bible:Jer.11.19,Jer. xi. 19
tertullian,jews_answer,John,new_testament,Bible:John.6,John vi
tertullian,jews_answer,Ps,old_testament_or_other,Bible:Ps.22,Ps. xxii
tertullian,jews_answer,Ps,old_testament_or_other,Bible:Ps.22.16,"Ver.
16"
tertullian,jews_answer,Ps,old_testament_or_other,Bible:Ps.22.21,Ps. xxii. 21
tertullian,jews_answer,Isa,old_testament_or_other,Bible:Isa.53.8-Isa.53.10,"Isa. liii. 8, 9, 10"
tertullian,jews_answer,Isa,old_testament_or_other,Bible:Isa.57.2,Isa. lvii. 2
tertullian,jews_answer,Isa,old_testament_or_other,Bible:Isa.53.12,Isa. liii. 12
tertullian,jews_answer,Amos,old_testament_or_other,Bible:Amos.8.9-Amos.8.10,"Amos viii. 9, 10"
tertullian,jews_answer,Exod,old_testament_or_other,Bible:Exod.12.1-Exod.12.11,Ex. xii. 1–11
tertullian,jews_answer,Matt,new_testament,Bible:Matt.26.17 Bible:Mark.14.12 Bible:Luke.22.7 Bible:John.18.28,"Matt. xxvi. 17; Mark xiv. 12; Luke xxii.
7; John xviii. 28"
tertullian,jews_answer,1Cor,new_testament,Bible:1Cor.5.7,1 Cor. v. 7
tertullian,jews_answer,Isa,old_testament_or_other,Bible:Isa.61.2,Isa. lxi. 2
tertullian,jews_answer,Rev,new_testament,Bible:Rev.1.13,Rev. i. 13
tertullian,jews_answer,Ezek,old_testament_or_other,Bible:Ezek.8.12-Ezek.9.6,"Ezek. viii.
12–ix. 6"
tertullian,jews_answer,Deut,old_testament_or_other,Bible:Deut.28.65,xxviii. 65
tertullian,jews_answer,Col,new_testament,Bible:Col.3.4,"Col. iii.
4"
tertullian,jews_answer,John,new_testament,Bible:John.1.4 Bible:John.14.6 Bible:John.11.25,John i. 4; xiv. 6; xi. 25
tertullian,jews_answer,Ps,old_testament_or_other,Bible:Ps.2.7-Ps.2.8,"Ps. ii. 7, 8"
tertullian,jews_answer,Isa,old_testament_or_other,Bible:Isa.42.6-Isa.42.7 Bible:Isa.61.1 Bible:Luke.4.14-Luke.4.18,"Isa. xlii. 6, 7, comp. lxi. 1; Luke iv.
14–18"
tertullian,jews_answer,Luke,new_testament,Bible:Luke.2.25-Luke.2.33,Luke ii. 25–33
tertullian,jews_answer,Mic,old_testament_or_other,Bible:Mic.5.2 Bible:Matt.2.3-Matt.2.6,Mic. v. 2; Matt. ii. 3–6
tertullian,jews_answer,Isa,old_testament_or_other,Bible:Isa.1.7,Isa. i. 7
tertullian,jews_answer,John,new_testament,Bible:John.5.43 Bible:John.10.37-John.10.38,"John v. 43; x. 37, 38"
tertullian,jews_answer,Isa,old_testament_or_other,Bible:Isa.33.17,Isa. xxxiii. 17
tertullian,jews_answer,Isa,old_testament_or_other,Bible:Isa.33.18,Isa. xxxiii. 18
tertullian,jews_answer,Exod,old_testament_or_other,Bible:Exod.30.22-Exod.30.33,Ex. xxx. 22–33
tertullian,jews_answer,1Kgs,old_testament_or_other,Bible:1Kgs.1.39,"1 Kings (3
Kings in LXX.) i. 39"
tertullian,jews_answer,2Sam,old_testament_or_other,Bible:2Sam.6.17,"2 Sam.—2 Kings in LXX.—vi.
17"
tertullian,jews_answer,Isa,old_testament_or_other,Bible:Isa.65.2 Bible:Rom.10.21,Isa. lxv. 2; Rom. x. 21
tertullian,jews_answer,Ps,old_testament_or_other,Bible:Ps.22.16-Ps.22.17 Bible:Ps.69.21,"Ps.
xxii. 16, 17 (xxi. 17, 18, in LXX.), and lxix. 21"
tertullian,jews_answer,Ps,old_testament_or_other,Bible:Ps.67.6 Bible:Ps.85.12,"Ps.
lxvii. 6 (lxvi. 7 in LXX.), lxxxv. 12"
tertullian,jews_answer,Joel,old_testament_or_other,Bible:Joel.2.22,Joel ii. 22
tertullian,jews_answer,Exod,old_testament_or_other,Bible:Exod.15.22-Exod.15.26,Ex. xv. 22–26
tertullian,jews_answer,Acts,new_testament,Bible:Acts.26.18,Acts xxvi. 18
tertullian,jews_answer,Jer,old_testament_or_other,Bible:Jer.2.10-Jer.2.12,Jer. ii. 10–12
tertullian,jews_answer,Amos,old_testament_or_other,Bible:Amos.8.9,Amos viii. 9
tertullian,jews_answer,Matt,new_testament,Bible:Matt.27.45 Bible:Matt.27.50-Matt.27.52 Bible:Mark.15.33 Bible:Mark.15.37 Bible:Mark.15.38 Bible:Luke.23.44-Luke.23.45,"Matt. xxvii. 45, 50–52; Mark xv. 33,
37, 38, Luke xxiii. 44, 45"
tertullian,jews_answer,Rev,new_testament,Bible:Rev.22.1 Bible:Rev.22.17 Bible:Rev.21.6 Bible:John.7.37-John.7.39,"Rev. xxii. 1, 17, and xxi. 6; John vii.
37–39"
tertullian,jews_answer,Jer,old_testament_or_other,Bible:Jer.2.10-Jer.2.13,Jer. ii. 10–13
tertullian,jews_answer,John,new_testament,Bible:John.7.35,John vii. 35
tertullian,jews_answer,1Pet,new_testament,Bible:1Pet.1.1,1 Pet. i. 1
tertullian,jews_answer,Isa,old_testament_or_other,Bible:Isa.65.13-Isa.65.16,Isa. lxv. 13–16
tertullian,jews_answer,Luke,new_testament,Bible:Luke.4.27,Luke iv. 27
tertullian,jews_answer,2Kgs,old_testament_or_other,Bible:2Kgs.6.1-2Kgs.6.7,2 Kings vi. 1–7
tertullian,jews_answer,2Kgs,old_testament_or_other,Bible:2Kgs.2.16,2 Kings (4 Kings in LXX.) ii. 16
tertullian,jews_answer,Acts,new_testament,Bible:Acts.7.51-Acts.7.52 Bible:Heb.11.32-Heb.11.38,"Acts vii. 51, 52; Heb. xi.
32–38"
tertullian,jews_answer,Gen,old_testament_or_other,Bible:Gen.22.1-Gen.22.14,Gen. xxii. 1–14
tertullian,jews_answer,Matt,new_testament,Bible:Matt.27.11-Matt.27.14 Bible:Mark.15.1-Mark.15.5 Bible:John.19.8-John.19.12,"Matt. xxvii. 11–14; Mark xv.
1–5; John xix. 8–12"
tertullian,jews_answer,Isa,old_testament_or_other,Bible:Isa.53.7-Isa.53.8,"Isa. liii. 7, 8"
tertullian,jews_answer,Hos,old_testament_or_other,Bible:Hos.6.1,Hos. vi. 1
tertullian,jews_answer,Luke,new_testament,Bible:Luke.1.35,Luke i. 35
tertullian,jews_answer,Acts,new_testament,Bible:Acts.2.22,Acts ii. 22
tertullian,jews_answer,Phil,new_testament,Bible:Phil.1.10,Phil. i. 10
tertullian,jews_answer,Isa,old_testament_or_other,Bible:Isa.2.20,Isa. ii. 20
tertullian,jews_answer,Isa,old_testament_or_other,Bible:Isa.3.1 Bible:Isa.3.3,"Isa. iii. 1, 3"
tertullian,jews_answer,1Cor,new_testament,Bible:1Cor.3.10 Bible:Eph.2.20-Eph.2.21 Bible:1Pet.2.4-1Pet.2.8,"1 Cor. iii. 10; Eph. ii. 20, 21; 1 Pet.
ii. 4–8"
tertullian,jews_answer,Isa,old_testament_or_other,Bible:Isa.5.2,Isa. v. 2
tertullian,jews_answer,Isa,old_testament_or_other,Bible:Isa.5.6-Isa.5.7,"Isa. v. 6, 7"
tertullian,jews_answer,Matt,new_testament,Bible:Matt.27.20-Matt.27.25 Bible:Mark.15.8-Mark.15.15 Bible:Luke.23.13-Luke.23.25 Bible:John.19.12-John.19.16,"Matt. xxvii. 20–25, Mark xv.
8–15, Luke xxiii. 13–25, John xix. 12–16"
tertullian,jews_answer,Matt,new_testament,Bible:Matt.11.13 Bible:Luke.16.16,Matt. xi. 13; Luke xvi. 16
tertullian,jews_answer,John,new_testament,Bible:John.5.1-John.5.9,John v. 1–9
tertullian,jews_answer,Isa,old_testament_or_other,Bible:Isa.52.5 Bible:Ezek.36.20 Bible:Ezek.36.23 Bible:Rom.2.24,"Isa. lii. 5; Ezek. xxxvi. 20, 23; Rom. ii.
24"
tertullian,jews_answer,Rom,new_testament,Bible:Rom.2.24,"Rom. ii.
24"
tertullian,jews_answer,Isa,old_testament_or_other,Bible:Isa.55.6-Isa.55.7,"Isa. lv. 6, 7"
tertullian,jews_answer,Luke,new_testament,Bible:Luke.19.41-Luke.19.44,Luke xix. 41–44
tertullian,jews_answer,Isa,old_testament_or_other,Bible:Isa.1.7-Isa.1.8 Bible:Isa.1.4,"Isa. i. 7, 8, 4"
tertullian,jews_answer,Isa,old_testament_or_other,Bible:Isa.1.20,Isa. i. 20
tertullian,jews_answer,Ps,old_testament_or_other,Bible:Ps.59.11,Ps. lix. 11
tertullian,jews_answer,Isa,old_testament_or_other,Bible:Isa.50.11,Isa. l. 11
tertullian,jews_answer,Isa,old_testament_or_other,Bible:Isa.53.2,Isa. liii. 2
tertullian,jews_answer,Isa,old_testament_or_other,Bible:Isa.53.3,Isa. liii. 3
tertullian,jews_answer,Isa,old_testament_or_other,Bible:Isa.8.14,Isa. viii. 14
tertullian,jews_answer,Rom,new_testament,Bible:Rom.9.32-Rom.9.33 Bible:Ps.118.22,"Rom.
ix. 32, 33; Ps. cxviii. 22"
tertullian,jews_answer,1Pet,new_testament,Bible:1Pet.2.4,"1 Pet.
ii. 4"
tertullian,jews_answer,Ps,old_testament_or_other,Bible:Ps.8.5,Ps. viii. 5
tertullian,jews_answer,Heb,new_testament,Bible:Heb.2.5-Heb.2.9,Heb. ii. 5–9
tertullian,jews_answer,Ps,old_testament_or_other,Bible:Ps.22.6,Ps. xxii. 6
tertullian,jews_answer,Isa,old_testament_or_other,Bible:Isa.28.16,"Isa. xxviii.
16"
tertullian,jews_answer,Eph,new_testament,Bible:Eph.1.10,Eph. i. 10
tertullian,jews_answer,Dan,old_testament_or_other,Bible:Dan.2.34-Dan.2.35 Bible:Dan.2.44 Bible:Dan.2.45,"Dan. ii.
34, 35, 44, 45"
tertullian,jews_answer,Dan,old_testament_or_other,Bible:Dan.7.13-Dan.7.14,"Dan. vii. 13, 14"
tertullian,jews_answer,Ps,old_testament_or_other,Bible:Ps.8.5-Ps.8.6,"Ps. viii. 5, 6"
tertullian,jews_answer,Heb,new_testament,Bible:Heb.2.6-Heb.2.9,Heb. ii. 6–9
tertullian,jews_answer,Zech,old_testament_or_other,Bible:Zech.12.10 Bible:Zech.12.12,"Zech. xii. 10, 12"
tertullian,jews_answer,Rev,new_testament,Bible:Rev.1.7,Rev. i. 7
tertullian,jews_answer,Jer,old_testament_or_other,Bible:Jer.17.9,Jer. xvii. 9
tertullian,jews_answer,Zech,old_testament_or_other,Bible:Zech.3,Zech. iii
tertullian,jews_answer,John,new_testament,Bible:John.6.70,"John vi. 70 and
xiii. 2"
tertullian,jews_answer,Hag,old_testament_or_other,Bible:Hag.1.1 Bible:Hag.1.12 Bible:Hag.2.2 Bible:Hag.2.4 Bible:Zech.6.11,"Hag. i. 1, 12; ii. 2, 4; Zech.
vi. 11"
tertullian,jews_answer,Ps,old_testament_or_other,Bible:Ps.110.4 Bible:Heb.5.5-Heb.5.10,"Ps. cx. (cix. in LXX.) 4; Heb. v.
5–10"
tertullian,jews_answer,Lev,old_testament_or_other,Bible:Lev.16,Lev. xvi
tertullian,jews_answer,Heb,new_testament,Bible:Heb.13.10-Heb.13.13,Heb. xiii. 10–13
tertullian,jews_answer,Lev,old_testament_or_other,Bible:Lev.6.30,"Lev. vi.
30"
tertullian,jews_answer,2Sam,old_testament_or_other,Bible:2Sam.7.13 Bible:1Chr.17.12 Bible:Ps.89.3-Ps.89.4 Bible:Ps.89.29 Bible:Ps.89.35-Ps.89.37,"2 Sam. (2
Kings in LXX.) vii. 13; 1 Chron. xvii. 12; Ps. lxxxix. 3, 4, 29, 35,
36, 37"
tertullian,jews_answer,Ps,old_testament_or_other,Bible:Ps.88.4-Ps.88.5 Bible:Ps.88.30 Bible:Ps.88.36 Bible:Ps.88.37 Bible:Ps.88.38,"Ps. lxxxviii.
4, 5, 30, 36, 37, 38"
tertullian,jews_answer,Isa,old_testament_or_other,Bible:Isa.55.5,Isa. lv. 5
tertullian,treatise,1Tim,new_testament,Bible:1Tim.1.4,1 Tim. i. 4
tertullian,treatise,1Cor,new_testament,Bible:1Cor.10.19,1 Cor. x. 19
tertullian,treatise,Col,new_testament,Bible:Col.2.8,Col. ii. 8
tertullian,treatise,Acts,new_testament,Bible:Acts.17.21,"Acts xvii.
21"
tertullian,treatise,Isa,old_testament_or_other,Bible:Isa.1.22,Isa. i. 22
tertullian,treatise,Isa,old_testament_or_other,Bible:Isa.2.3,Isa. ii. 3
tertullian,treatise,Gen,old_testament_or_other,Bible:Gen.2.7,Gen. ii. 7
tertullian,treatise,Luke,new_testament,Bible:Luke.16.23-Luke.16.24,"Luke xvi. 23, 24"
tertullian,treatise,Rev,new_testament,Bible:Rev.1.10,Rev. i. 10
tertullian,treatise,Rev,new_testament,Bible:Rev.6.9,Rev. vi. 9
tertullian,treatise,1Cor,new_testament,Bible:1Cor.12.1-1Cor.12.11,1 Cor. xii. 1–11
tertullian,treatise,2Cor,new_testament,Bible:2Cor.12.2-2Cor.12.4,2 Cor. xii. 2–4
tertullian,treatise,Isa,old_testament_or_other,Bible:Isa.57.16,"Isa. lvii.
16"
tertullian,treatise,Isa,old_testament_or_other,Bible:Isa.42.5,Isa. xlii. 5
tertullian,treatise,1Cor,new_testament,Bible:1Cor.15.46,1 Cor. xv. 46
tertullian,treatise,Eph,new_testament,Bible:Eph.5.31-Eph.5.32,"Eph. v. 31, 32"
tertullian,treatise,Gen,old_testament_or_other,Bible:Gen.2.24-Gen.2.25,"Gen. ii. 24, 25"
tertullian,treatise,1Sam,old_testament_or_other,Bible:1Sam.10.6,1 Sam. x. 6
tertullian,treatise,1Sam,old_testament_or_other,Bible:1Sam.10.11,1 Sam. x. 11
tertullian,treatise,Wis,deuterocanonical,Bible:Wis.1.6,Wisd. i. 6
tertullian,treatise,Prov,old_testament_or_other,Bible:Prov.24.12,Prov. xxiv. 12
tertullian,treatise,Ps,old_testament_or_other,Bible:Ps.139.23,Ps. cxxxix. 23
tertullian,treatise,Matt,new_testament,Bible:Matt.9.4,Matt. ix. 4
tertullian,treatise,Ps,old_testament_or_other,Bible:Ps.51.12,Ps. li. 12
tertullian,treatise,Rom,new_testament,Bible:Rom.10.10,Rom. x. 10
tertullian,treatise,1John,new_testament,Bible:1John.3.20,1 John iii. 20
tertullian,treatise,Matt,new_testament,Bible:Matt.5.28,Matt. v. 28
tertullian,treatise,Luke,new_testament,Bible:Luke.22.15,Luke xxii. 15
tertullian,treatise,1Tim,new_testament,Bible:1Tim.3.1,1 Tim. iii. 1
tertullian,treatise,Gal,new_testament,Bible:Gal.5.12,Gal. v. 12
tertullian,treatise,Eph,new_testament,Bible:Eph.2.3,Eph. ii. 3
tertullian,treatise,Matt,new_testament,Bible:Matt.6.24,Matt. vi. 24
tertullian,treatise,John,new_testament,Bible:John.6.44,John vi. 44
tertullian,treatise,Matt,new_testament,Bible:Matt.13.25,Matt. xiii. 25
tertullian,treatise,Luke,new_testament,Bible:Luke.10.18,Luke x. 18
tertullian,treatise,Matt,new_testament,Bible:Matt.3.17,Matt. iii. 17
tertullian,treatise,Matt,new_testament,Bible:Matt.8.15,Matt. viii. 15
tertullian,treatise,Matt,new_testament,Bible:Matt.26.7-Matt.26.12,Matt. xxvi. 7–12
tertullian,treatise,Matt,new_testament,Bible:Matt.26.27-Matt.26.28 Bible:Luke.22.19-Luke.22.20 Bible:1Cor.11.25,"Matt. xxvi. 27, 28; Luke xxii. 19, 20; 1
Cor. xi. 25"
tertullian,treatise,Matt,new_testament,Bible:Matt.17.3-Matt.17.8,Matt. xvii. 3–8
tertullian,treatise,John,new_testament,Bible:John.2.1-John.2.10,John ii. 1–10
tertullian,treatise,John,new_testament,Bible:John.20.27,John xx. 27
tertullian,treatise,1John,new_testament,Bible:1John.1.1,1 John i. 1
tertullian,treatise,Rom,new_testament,Bible:Rom.1.20,Rom. i. 20
tertullian,treatise,Ps,old_testament_or_other,Bible:Ps.8.2 Bible:Matt.21.16,Ps. viii. 2; Matt. xxi. 16
tertullian,treatise,Matt,new_testament,Bible:Matt.21.15,Matt. xxi. 15
tertullian,treatise,Matt,new_testament,Bible:Matt.2.16-Matt.2.18,Matt. ii. 16–18
tertullian,treatise,Titus,new_testament,Bible:Titus.1.12,Tit. i. 12
tertullian,treatise,Eph,new_testament,Bible:Eph.5.32,Eph. v. 32
tertullian,treatise,Gen,old_testament_or_other,Bible:Gen.2.23-Gen.2.24,"Gen. ii. 23, 24"
tertullian,treatise,Luke,new_testament,Bible:Luke.6.43-Luke.6.44,"Luke vi. 43, 44"
tertullian,treatise,Matt,new_testament,Bible:Matt.3.7-Matt.3.9,Matt. iii. 7–9
tertullian,treatise,Eph,new_testament,Bible:Eph.5.8,Eph. v. 8
tertullian,treatise,1Cor,new_testament,Bible:1Cor.6.11,1 Cor. vi. 11
tertullian,treatise,Mark,new_testament,Bible:Mark.16.9,Mark xvi. 9
tertullian,treatise,Mark,new_testament,Bible:Mark.6.1-Mark.6.9,Mark vi. 1–9
tertullian,treatise,Gen,old_testament_or_other,Bible:Gen.25.22-Gen.25.23,"Gen. xxv. 22, 23"
tertullian,treatise,Gen,old_testament_or_other,Bible:Gen.25.26,Gen. xxv. 26
tertullian,treatise,Luke,new_testament,Bible:Luke.1.41-Luke.1.45,Luke i. 41–45
tertullian,treatise,Luke,new_testament,Bible:Luke.1.46,Luke i. 46
tertullian,treatise,Jer,old_testament_or_other,Bible:Jer.1.5,Jer. i. 5
tertullian,treatise,Jer,old_testament_or_other,Bible:Jer.1.5,Jer. i. 5.
tertullian,treatise,Gen,old_testament_or_other,Bible:Gen.1.28,Gen. i. 28
tertullian,treatise,Gen,old_testament_or_other,Bible:Gen.1.26,"Ver.
26"
tertullian,treatise,Ps,old_testament_or_other,Bible:Ps.49.20,Ps. xlix. 20
tertullian,treatise,Rom,new_testament,Bible:Rom.13.4,Rom. xiii. 4
tertullian,treatise,Mark,new_testament,Bible:Mark.13.32,Mark xiii. 32
tertullian,treatise,Acts,new_testament,Bible:Acts.8.18-Acts.8.21,Acts viii. 18–21
tertullian,treatise,Matt,new_testament,Bible:Matt.5.26,Matt. v. 26
tertullian,treatise,1Cor,new_testament,Bible:1Cor.5.10,1 Cor. v. 10
tertullian,treatise,Luke,new_testament,Bible:Luke.6.27,Luke vi. 27
tertullian,treatise,Matt,new_testament,Bible:Matt.5.25,Matt. v. 25
tertullian,treatise,Matt,new_testament,Bible:Matt.5.26,"Ver.
26"
tertullian,treatise,Rev,new_testament,Bible:Rev.12.10,Rev. xii. 10
tertullian,treatise,Matt,new_testament,Bible:Matt.17.12,Matt. xvii. 12
tertullian,treatise,Matt,new_testament,Bible:Matt.11.14,Matt. xi. 14
tertullian,treatise,John,new_testament,Bible:John.1.21,John i. 21
tertullian,treatise,Mal,old_testament_or_other,Bible:Mal.4.5,Mal. iv. 5
tertullian,treatise,Num,old_testament_or_other,Bible:Num.12.2,Num. xii. 2
tertullian,treatise,Matt,new_testament,Bible:Matt.22.30,Matt. xxii. 30
tertullian,treatise,Gen,old_testament_or_other,Bible:Gen.2.16,Gen. ii. 16
tertullian,treatise,Gen,old_testament_or_other,Bible:Gen.9.3,Gen. ix. 3
tertullian,treatise,1Cor,new_testament,Bible:1Cor.7.14,1 Cor. vii. 14
tertullian,treatise,John,new_testament,Bible:John.3.5,John iii. 5
tertullian,treatise,Rom,new_testament,Bible:Rom.6.4,Rom. vi. 4
tertullian,treatise,Gal,new_testament,Bible:Gal.5.16,Gal. v. 16
tertullian,treatise,Gal,new_testament,Bible:Gal.5.17,"Ver.
17"
tertullian,treatise,Rom,new_testament,Bible:Rom.8.5,Rom. viii. 5
tertullian,treatise,Gen,old_testament_or_other,Bible:Gen.2.21,Gen. ii. 21
tertullian,treatise,Joel,old_testament_or_other,Bible:Joel.3.1,Joel iii. 1
tertullian,treatise,Matt,new_testament,Bible:Matt.5.45,Matt. v. 45
tertullian,treatise,Dan,old_testament_or_other,Bible:Dan.2.1,Dan. ii. 1
tertullian,treatise,Dan,old_testament_or_other,Bible:Dan.1.8-Dan.1.14,Dan. i. 8–14
tertullian,treatise,Dan,old_testament_or_other,Bible:Dan.10.2,Dan. x. 2
tertullian,treatise,Gen,old_testament_or_other,Bible:Gen.2.17,Gen. ii. 17
tertullian,treatise,Gen,old_testament_or_other,Bible:Gen.5.24 Bible:Heb.11.5,Gen. v. 24; Heb. xi. 5
tertullian,treatise,2Kgs,old_testament_or_other,Bible:2Kgs.2.11,2 Kings ii. 11
tertullian,treatise,Rev,new_testament,Bible:Rev.11.3,Rev. xi. 3
tertullian,treatise,John,new_testament,Bible:John.21.23,John xxi. 23
tertullian,treatise,1Cor,new_testament,Bible:1Cor.3.16 Bible:1Cor.6.19 Bible:2Cor.6.16,"1 Cor. iii. 16; vi. 19; 2 Cor. vi.
16"
tertullian,treatise,Matt,new_testament,Bible:Matt.12.40,Matt. xii. 40
tertullian,treatise,1Cor,new_testament,Bible:1Cor.15.3,1 Cor. xv. 3
tertullian,treatise,1Cor,new_testament,Bible:1Cor.15.4,"Ver.
4"
tertullian,treatise,1Pet,new_testament,Bible:1Pet.3.19,1 Pet. iii. 19
tertullian,treatise,Matt,new_testament,Bible:Matt.10.24,Matt. x. 24
tertullian,treatise,1Cor,new_testament,Bible:1Cor.15.52 Bible:1Thess.4.16,1 Cor. xv. 52 and 1 Thess. iv. 16
tertullian,treatise,1Thess,new_testament,Bible:1Thess.4.17,1 Thess. iv. 17
tertullian,treatise,1Thess,new_testament,Bible:1Thess.4.16,"Ver.
16"
tertullian,treatise,Matt,new_testament,Bible:Matt.16.24,Matt. xvi. 24
tertullian,treatise,Exod,old_testament_or_other,Bible:Exod.7.12,Ex. vii. 12
tertullian,treatise,Acts,new_testament,Bible:Acts.8.9 Bible:Acts.13.8,Acts viii. 9; xiii. 8
tertullian,treatise,1Sam,old_testament_or_other,Bible:1Sam.28.6-1Sam.28.16,1 Sam. xxviii. 6–16
tertullian,treatise,2Cor,new_testament,Bible:2Cor.11.14,2 Cor. xi. 14
tertullian,treatise,2Thess,new_testament,Bible:2Thess.2.4,2 Thess. ii. 4
tertullian,treatise,Matt,new_testament,Bible:Matt.24.24,Matt. xxiv. 24
tertullian,treatise,Luke,new_testament,Bible:Luke.16.26,Luke xvi. 26
tertullian,heretics,Matt,new_testament,Bible:Matt.7.15 Bible:Matt.24.4 Bible:Matt.24.11 Bible:Matt.24.24 Bible:1Tim.4.1-1Tim.4.3 Bible:2Pet.2.1,"Matt. vii. 15; xxiv. 4, 11, 24; 1 Tim. iv.
1–3; 2 Pet. ii. 1"
tertullian,heretics,1Cor,new_testament,Bible:1Cor.11.19,1 Cor. xi. 19
tertullian,heretics,1Sam,old_testament_or_other,Bible:1Sam.18.8-1Sam.18.9,"1 Sam. xviii. 8, 9"
tertullian,heretics,1Sam,old_testament_or_other,Bible:1Sam.13.14,1 Sam. xiii. 14
tertullian,heretics,2Sam,old_testament_or_other,Bible:2Sam.11,2 Sam. xi
tertullian,heretics,1Kgs,old_testament_or_other,Bible:1Kgs.11.4,1 Kings xi. 4
tertullian,heretics,Heb,new_testament,Bible:Heb.4.15,Heb. iv. 15
tertullian,heretics,Matt,new_testament,Bible:Matt.10.22,Matt. x. 22
tertullian,heretics,Jer,old_testament_or_other,Bible:Jer.32.19,Jer. xxxii. 19
tertullian,heretics,1Sam,old_testament_or_other,Bible:1Sam.16.7,1 Sam. xvi. 7
tertullian,heretics,2Tim,new_testament,Bible:2Tim.2.19,2 Tim. ii. 19
tertullian,heretics,Matt,new_testament,Bible:Matt.15.13,Matt. xv. 13
tertullian,heretics,Matt,new_testament,Bible:Matt.20.16,Matt. xx. 16
tertullian,heretics,Matt,new_testament,Bible:Matt.3.12,Matt. iii. 12
tertullian,heretics,John,new_testament,Bible:John.6.66,John vi. 66
tertullian,heretics,John,new_testament,Bible:John.1.1 Bible:John.6.68 Bible:John.16.30,"John
i. 1; vi. 68, and xvi. 30"
tertullian,heretics,John,new_testament,Bible:John.6.67,John vi. 67
tertullian,heretics,2Tim,new_testament,Bible:2Tim.1.15 Bible:2Tim.2.17 Bible:1Tim.1.20,"2 Tim. i. 15; ii. 17; 1 Tim. i.
20"
tertullian,heretics,1John,new_testament,Bible:1John.2.19,1 John ii. 19
tertullian,heretics,Matt,new_testament,Bible:Matt.7.15,Matt. vii. 15
tertullian,heretics,Gal,new_testament,Bible:Gal.1.8-Gal.1.9,"Galat. i. 8, 9"
tertullian,heretics,1Thess,new_testament,Bible:1Thess.5.21,1 Thess. v. 21
tertullian,heretics,1Cor,new_testament,Bible:1Cor.11.18,1 Cor. xi. 18
tertullian,heretics,1Cor,new_testament,Bible:1Cor.1.10,1 Cor. i. 10
tertullian,heretics,Gal,new_testament,Bible:Gal.5.20,Gal. v. 20
tertullian,heretics,Titus,new_testament,Bible:Titus.3.10-Titus.3.11,"Tit. iii. 10, 11"
tertullian,heretics,Gal,new_testament,Bible:Gal.1.8,Gal. i. 8
tertullian,heretics,2Cor,new_testament,Bible:2Cor.11.14,2 Cor. xi. 14
tertullian,heretics,1Tim,new_testament,Bible:1Tim.4.1,1 Tim. iv. 1
tertullian,heretics,1Cor,new_testament,Bible:1Cor.3.18 Bible:1Cor.3.25,"1 Cor.
iii. 18 and 25"
tertullian,heretics,Amos,old_testament_or_other,Bible:Amos.3,Amos. iii.
tertullian,heretics,1Tim,new_testament,Bible:1Tim.1.4,1 Tim. i. 4
tertullian,heretics,Titus,new_testament,Bible:Titus.3.9,Tit. iii. 9
tertullian,heretics,2Tim,new_testament,Bible:2Tim.2.17,2 Tim. ii. 17
tertullian,heretics,Col,new_testament,Bible:Col.2.8,Col. ii. 8
tertullian,heretics,Acts,new_testament,Bible:Acts.3.5,Acts iii. 5
tertullian,heretics,Wis,deuterocanonical,Bible:Wis.1.1,"Wisdom of
Solomon, i. 1"
tertullian,heretics,Matt,new_testament,Bible:Matt.7.7,Matt. vii. 7
tertullian,heretics,Luke,new_testament,Bible:Luke.16.29,Luke xvi. 29
tertullian,heretics,John,new_testament,Bible:John.5.39,John v. 39
tertullian,heretics,Isa,old_testament_or_other,Bible:Isa.40.15,Isa. xl. 15
tertullian,heretics,Matt,new_testament,Bible:Matt.15.24,Matt. xv. 24
tertullian,heretics,Matt,new_testament,Bible:Matt.15.26,"Ver.
26"
tertullian,heretics,Matt,new_testament,Bible:Matt.10.5,Matt. x. 5
tertullian,heretics,Matt,new_testament,Bible:Matt.28.19,Matt. xxviii. 19
tertullian,heretics,John,new_testament,Bible:John.16.13,John xvi. 13
tertullian,heretics,2Thess,new_testament,Bible:2Thess.2.10 Bible:2Thess.2.13,"2 Thess. ii. 10, 13"
tertullian,heretics,Luke,new_testament,Bible:Luke.15.8,Luke xv. 8
tertullian,heretics,Luke,new_testament,Bible:Luke.11.5,Luke xi. 5
tertullian,heretics,Luke,new_testament,Bible:Luke.18.2-Luke.18.3,"Luke xviii. 2, 3"
tertullian,heretics,Luke,new_testament,Bible:Luke.11.9,Luke xi. 9
tertullian,heretics,Eph,new_testament,Bible:Eph.4.11,Eph. iv. 11
tertullian,heretics,1Cor,new_testament,Bible:1Cor.12.8,1 Cor. xii. 8
tertullian,heretics,Luke,new_testament,Bible:Luke.18.42,Luke xviii. 42
tertullian,heretics,Matt,new_testament,Bible:Matt.15.14,Matt. xv. 14
tertullian,heretics,1Tim,new_testament,Bible:1Tim.6.3-1Tim.6.4,"1 Tim. vi. 3, 4"
tertullian,heretics,Titus,new_testament,Bible:Titus.3.10,Tit. iii. 10
tertullian,heretics,Matt,new_testament,Bible:Matt.18.16,Matt. xviii. 16
tertullian,heretics,Mark,new_testament,Bible:Mark.4.34,Mark iv. 34
tertullian,heretics,Ps,old_testament_or_other,Bible:Ps.109.8,Ps. cix. 8
tertullian,heretics,Acts,new_testament,Bible:Acts.1.15-Acts.1.20,Acts i. 15–20
tertullian,heretics,3John,new_testament,Bible:3John.1.8,3 John 8
tertullian,heretics,Matt,new_testament,Bible:Matt.11.27,Matt. xi. 27
tertullian,heretics,Matt,new_testament,Bible:Matt.13.11,Matt. xiii. 11
tertullian,heretics,Matt,new_testament,Bible:Matt.16.18,Matt. xvi. 18
tertullian,heretics,Matt,new_testament,Bible:Matt.16.19,"Ver.
19"
tertullian,heretics,John,new_testament,Bible:John.21.20,John xxi. 20
tertullian,heretics,John,new_testament,Bible:John.13.25,John xiii. 25
tertullian,heretics,John,new_testament,Bible:John.19.26,John xix. 26
tertullian,heretics,Matt,new_testament,Bible:Matt.17.1-Matt.17.8,Matt. xvii. 1–8
tertullian,heretics,Deut,old_testament_or_other,Bible:Deut.19.15 Bible:2Cor.13.1,"Deut. xix. 15, and 2 Cor. xiii. 1"
tertullian,heretics,Luke,new_testament,Bible:Luke.24.27,Luke xxiv. 27
tertullian,heretics,John,new_testament,Bible:John.16.12-John.16.13,"John xvi. 12, 13"
tertullian,heretics,Gal,new_testament,Bible:Gal.1.13,Gal. i. 13
tertullian,heretics,John,new_testament,Bible:John.5.31,John v. 31
tertullian,heretics,Gal,new_testament,Bible:Gal.1.18,Gal. i. 18
tertullian,heretics,Gal,new_testament,Bible:Gal.1.24,Gal. i. 24
tertullian,heretics,Gal,new_testament,Bible:Gal.2.9,Gal. ii. 9
tertullian,heretics,Gal,new_testament,Bible:Gal.2.12-Gal.2.13,"Vers. 12,
13"
tertullian,heretics,1Cor,new_testament,Bible:1Cor.9.20 Bible:1Cor.9.22,"1 Cor. ix. 20, 22"
tertullian,heretics,2Cor,new_testament,Bible:2Cor.12.4,2 Cor. xii. 4
tertullian,heretics,1Tim,new_testament,Bible:1Tim.6.20,1 Tim. vi. 20
tertullian,heretics,2Tim,new_testament,Bible:2Tim.1.14,2 Tim. i. 14
tertullian,heretics,1Tim,new_testament,Bible:1Tim.1.18,1 Tim. i. 18
tertullian,heretics,1Tim,new_testament,Bible:1Tim.6.13,1 Tim. vi. 13
tertullian,heretics,2Tim,new_testament,Bible:2Tim.2.2,2 Tim. ii. 2
tertullian,heretics,Matt,new_testament,Bible:Matt.7.6,Matt. vii. 6
tertullian,heretics,John,new_testament,Bible:John.18.20,John xviii. 20
tertullian,heretics,Matt,new_testament,Bible:Matt.10.27,Matt. x. 27
tertullian,heretics,Luke,new_testament,Bible:Luke.19.20-Luke.19.24,Luke xix. 20–24
tertullian,heretics,Matt,new_testament,Bible:Matt.5.15,Matt. v. 15
tertullian,heretics,Luke,new_testament,Bible:Luke.1.1,Luke i. 1
tertullian,heretics,Matt,new_testament,Bible:Matt.5.37,Matt. v. 37
tertullian,heretics,Gal,new_testament,Bible:Gal.3.1,Gal. iii. 1
tertullian,heretics,Gal,new_testament,Bible:Gal.5.7,Gal. v. 7
tertullian,heretics,Gal,new_testament,Bible:Gal.1.6,Gal. i. 6
tertullian,heretics,1Cor,new_testament,Bible:1Cor.3.1,1 Cor. iii. 1
tertullian,heretics,1Cor,new_testament,Bible:1Cor.8.2,1 Cor. viii. 2
tertullian,heretics,John,new_testament,Bible:John.14.26,John xiv. 26
tertullian,heretics,John,new_testament,Bible:John.15.26,John xv. 26
tertullian,heretics,Mark,new_testament,Bible:Mark.14.21,Mark. xiv. 21
tertullian,heretics,Matt,new_testament,Bible:Matt.7.16,Matt. vii. 16
tertullian,heretics,1Cor,new_testament,Bible:1Cor.15.12,1 Cor. xv. 12
tertullian,heretics,Gal,new_testament,Bible:Gal.5.2,Gal. v. 2
tertullian,heretics,1Tim,new_testament,Bible:1Tim.4.3,1 Tim. iv. 3
tertullian,heretics,2Tim,new_testament,Bible:2Tim.2.3,2 Tim. ii. 3
tertullian,heretics,Gal,new_testament,Bible:Gal.4.9,Gal. iv. 9
tertullian,heretics,Rev,new_testament,Bible:Rev.2.14,Rev. ii. 14
tertullian,heretics,1John,new_testament,Bible:1John.4.3,1 John iv. 3
tertullian,heretics,Col,new_testament,Bible:Col.2.18,Col. ii. 18
tertullian,heretics,Luke,new_testament,Bible:Luke.6.40,Luke vi. 40
tertullian,heretics,1Tim,new_testament,Bible:1Tim.5.21 Bible:1Tim.6.13 Bible:2Tim.2.14 Bible:2Tim.4.1-2Tim.4.4,"1 Tim. v. 21, and vi. 13; 2 Tim. ii. 14, and iv.
1–4"
tertullian,heretics,Eph,new_testament,Bible:Eph.6.12 Bible:1Cor.11.18,"Eph. vi. 12, and 1 Cor. xi. 18"
tertullian,heretics,Acts,new_testament,Bible:Acts.14.10,Acts xiv. 10
tertullian,heretics,Ps,old_testament_or_other,Bible:Ps.111.10 Bible:Prov.1.7,Ps. cxi. 10; Prov. i. 7
tertullian,heretics,2Cor,new_testament,Bible:2Cor.5.10,2 Cor. v. 10
tertullian,heretics,Titus,new_testament,Bible:Titus.3.10-Titus.3.11,"Titus iii. 10, 11"
tertullian,heretics,1Cor,new_testament,Bible:1Cor.11.16,1 Corinthians xi. 16
tertullian,heretics,1Pet,new_testament,Bible:1Pet.2.4-1Pet.2.5,"1 Peter ii. 4,
5"
tertullian,heretics,Rom,new_testament,Bible:Rom.11.18-Rom.11.21,"Romans xi.
18–21"
tertullian,against_marcion,Luke,new_testament,Bible:Luke.6.43,Luke vi. 43
tertullian,against_marcion,Isa,old_testament_or_other,Bible:Isa.45.7,Isa. xlv. 7
tertullian,against_marcion,Isa,old_testament_or_other,Bible:Isa.40.18 Bible:Isa.40.25,"Isa. xl. 18, 25"
tertullian,against_marcion,Ps,old_testament_or_other,Bible:Ps.82.1 Bible:Ps.82.6,"Ps. lxxxii. 1, 6"
tertullian,against_marcion,Rom,new_testament,Bible:Rom.1.20,Rom. i. 20
tertullian,against_marcion,2Cor,new_testament,Bible:2Cor.12.5,2 Cor. xii. 5
tertullian,against_marcion,Col,new_testament,Bible:Col.1.16,Col. i. 16
tertullian,against_marcion,1Cor,new_testament,Bible:1Cor.15.11,1 Cor. xv. 11
tertullian,against_marcion,Gal,new_testament,Bible:Gal.1.6-Gal.1.7 Bible:Gal.2.4,"Gal. i. 6,
7, and ii. 4"
tertullian,against_marcion,Isa,old_testament_or_other,Bible:Isa.43.19,Isa. xliii. 19
tertullian,against_marcion,Jer,old_testament_or_other,Bible:Jer.31.32,"Jer. xxxi.
32"
tertullian,against_marcion,Jer,old_testament_or_other,Bible:Jer.4.4,Jer. iv. 4
tertullian,against_marcion,Hos,old_testament_or_other,Bible:Hos.2.11,Hos. ii. 11
tertullian,against_marcion,Isa,old_testament_or_other,Bible:Isa.1.13-Isa.1.14,"Isa. i. 13, 14"
tertullian,against_marcion,Ps,old_testament_or_other,Bible:Ps.2.3 Bible:Ps.2.1 Bible:Ps.2.2,"Ps. ii. 3, 1, 2"
tertullian,against_marcion,Matt,new_testament,Bible:Matt.5.48,Matt. v. 48
tertullian,against_marcion,1Cor,new_testament,Bible:1Cor.15.12,1 Cor. xv. 12
tertullian,against_marcion,1Tim,new_testament,Bible:1Tim.4.3,1 Tim. iv. 3
tertullian,against_marcion,Gen,old_testament_or_other,Bible:Gen.2.7,Gen. ii. 7
tertullian,against_marcion,Gen,old_testament_or_other,Bible:Gen.1.28,Gen. i. 28
tertullian,against_marcion,Exod,old_testament_or_other,Bible:Exod.20.14 Bible:Exod.20.17,"Ex. xx. 14, 17"
tertullian,against_marcion,Lev,old_testament_or_other,Bible:Lev.20.10 Bible:Lev.20.13 Bible:Lev.20.15,"Lev. xx. 10, 13, 15"
tertullian,against_marcion,1Cor,new_testament,Bible:1Cor.7.29,1 Cor. vii. 29
tertullian,against_marcion,2Cor,new_testament,Bible:2Cor.12.9,2 Cor. xii. 9
tertullian,against_marcion,Isa,old_testament_or_other,Bible:Isa.40.13-Isa.40.14 Bible:Rom.11.34,"Isa. xl. 13, 14, with Rom. xi. 34"
tertullian,against_marcion,Rom,new_testament,Bible:Rom.11.33,Rom. xi. 33
tertullian,against_marcion,1Cor,new_testament,Bible:1Cor.2.11,1 Cor. ii. 11
tertullian,against_marcion,1Cor,new_testament,Bible:1Cor.1.21,1 Cor. i. 21
tertullian,against_marcion,1Cor,new_testament,Bible:1Cor.1.25,1 Cor. i. 25
tertullian,against_marcion,1Cor,new_testament,Bible:1Cor.2.14,1 Cor. ii. 14
tertullian,against_marcion,Luke,new_testament,Bible:Luke.8.18 Bible:Matt.13.12,Luke viii. 18; comp. Matt. xiii. 12
tertullian,against_marcion,Gen,old_testament_or_other,Bible:Gen.1.14,Gen. i. 14
tertullian,against_marcion,Ps,old_testament_or_other,Bible:Ps.45.1,Ps. xlv. 1
tertullian,against_marcion,Ps,old_testament_or_other,Bible:Ps.44.1,Ps. xliv. 1
tertullian,against_marcion,Gen,old_testament_or_other,Bible:Gen.1,Gen. i
tertullian,against_marcion,Gen,old_testament_or_other,Bible:Gen.1.26,Gen. i. 26
tertullian,against_marcion,Gen,old_testament_or_other,Bible:Gen.2.18,Gen. ii. 18
tertullian,against_marcion,Gen,old_testament_or_other,Bible:Gen.2.17,Gen. ii. 17
tertullian,against_marcion,Rev,new_testament,Bible:Rev.22.15,Rev. xxii. 15
tertullian,against_marcion,John,new_testament,Bible:John.10.25,John x. 25
tertullian,against_marcion,Ezek,old_testament_or_other,Bible:Ezek.18.23,Ezek. xviii. 23
tertullian,against_marcion,Ps,old_testament_or_other,Bible:Ps.104.4,Ps. civ. 4
tertullian,against_marcion,Heb,new_testament,Bible:Heb.1.14,Heb. i. 14
tertullian,against_marcion,1Cor,new_testament,Bible:1Cor.6.3,1 Cor. vi. 3
tertullian,against_marcion,Ezek,old_testament_or_other,Bible:Ezek.28.11-Ezek.28.16,Ezek. xxviii. 11–16
tertullian,against_marcion,Luke,new_testament,Bible:Luke.10.18,Luke x. 18
tertullian,against_marcion,Gen,old_testament_or_other,Bible:Gen.3.16,Gen. iii. 16
tertullian,against_marcion,Gen,old_testament_or_other,Bible:Gen.3.18,Gen. iii. 18
tertullian,against_marcion,Matt,new_testament,Bible:Matt.7.13,Matt. vii. 13
tertullian,against_marcion,Hos,old_testament_or_other,Bible:Hos.6.6,Hos. vi. 6
tertullian,against_marcion,Ezek,old_testament_or_other,Bible:Ezek.33.11,Ezek. xxxiii. 11
tertullian,against_marcion,Matt,new_testament,Bible:Matt.22.37,Matt. xxii. 37
tertullian,against_marcion,Num,old_testament_or_other,Bible:Num.11 Bible:Num.21,"Num. xi. and
xxi"
tertullian,against_marcion,2Kgs,old_testament_or_other,Bible:2Kgs.2.23-2Kgs.2.24,"2 Kings ii. 23, 24"
tertullian,against_marcion,Jer,old_testament_or_other,Bible:Jer.31.29,Jer. xxxi. 29
tertullian,against_marcion,Matt,new_testament,Bible:Matt.27.25,Matt. xxvii. 25
tertullian,against_marcion,Matt,new_testament,Bible:Matt.5.45,Matt. v. 45
tertullian,against_marcion,Jonah,old_testament_or_other,Bible:Jonah.3.10,Jonah iii. 10
tertullian,against_marcion,2Kgs,old_testament_or_other,Bible:2Kgs.20 Bible:2Kgs.1,2 Kings xx. i
tertullian,against_marcion,Dan,old_testament_or_other,Bible:Dan.4.33,Dan. iv. 33
tertullian,against_marcion,1Sam,old_testament_or_other,Bible:1Sam.14.45,1 Sam. xiv. 45
tertullian,against_marcion,2Sam,old_testament_or_other,Bible:2Sam.12.13,2 Sam. xii. 13
tertullian,against_marcion,Lev,old_testament_or_other,Bible:Lev.25.4,Lev. xxv. 4
tertullian,against_marcion,1Cor,new_testament,Bible:1Cor.9.10,1 Cor. ix. 10
tertullian,against_marcion,Exod,old_testament_or_other,Bible:Exod.21.24,Ex. xxi. 24
tertullian,against_marcion,Deut,old_testament_or_other,Bible:Deut.32.35 Bible:Rom.12.19,Deut. xxxii. 35; Rom. xii. 19
tertullian,against_marcion,Exod,old_testament_or_other,Bible:Exod.32.6,Ex. xxxii. 6
tertullian,against_marcion,Isa,old_testament_or_other,Bible:Isa.1.11-Isa.1.12,"Isa. i. 11, 12"
tertullian,against_marcion,Ps,old_testament_or_other,Bible:Ps.1.2,Ps. i. 2
tertullian,against_marcion,Isa,old_testament_or_other,Bible:Isa.1.16-Isa.1.17,"Isa. i. 16, 17"
tertullian,against_marcion,Isa,old_testament_or_other,Bible:Isa.1.18,"Isa. i.
18"
tertullian,against_marcion,Isa,old_testament_or_other,Bible:Isa.58.6,Isa. lviii. 6
tertullian,against_marcion,Isa,old_testament_or_other,Bible:Isa.58.7,Isa. lviii. 7
tertullian,against_marcion,Ps,old_testament_or_other,Bible:Ps.34.13-Ps.34.14,"Ps. xxxiv. 13, 14"
tertullian,against_marcion,Ps,old_testament_or_other,Bible:Ps.4.4,Ps. iv. 4
tertullian,against_marcion,Ps,old_testament_or_other,Bible:Ps.1.1,Ps. i. 1
tertullian,against_marcion,Ps,old_testament_or_other,Bible:Ps.133.1,Ps. cxxxiii. 1
tertullian,against_marcion,Ps,old_testament_or_other,Bible:Ps.118.4,Ps. cxviii. 4
tertullian,against_marcion,Ps,old_testament_or_other,Bible:Ps.1.3,Ps. i. 3
tertullian,against_marcion,Ps,old_testament_or_other,Bible:Ps.24.4-Ps.24.5,"Ps. xxiv. 4, 5"
tertullian,against_marcion,Ps,old_testament_or_other,Bible:Ps.33.18-Ps.33.19,"Ps. xxxiii. 18, 19"
tertullian,against_marcion,Ps,old_testament_or_other,Bible:Ps.34.19,Ps. xxxiv. 19
tertullian,against_marcion,Ps,old_testament_or_other,Bible:Ps.116.15,Ps. cxvi. 15
tertullian,against_marcion,Ps,old_testament_or_other,Bible:Ps.34.20,Ps. xxxiv. 20
tertullian,against_marcion,Ps,old_testament_or_other,Bible:Ps.34.22,Ps. xxxiv. 22
tertullian,against_marcion,Deut,old_testament_or_other,Bible:Deut.14,Deut. xiv
tertullian,against_marcion,Exod,old_testament_or_other,Bible:Exod.3.22,Ex. iii. 22
tertullian,against_marcion,Exod,old_testament_or_other,Bible:Exod.3.21,Ex. iii. 21
tertullian,against_marcion,Exod,old_testament_or_other,Bible:Exod.1.18 Bible:Exod.1.22,"Ex. i. 18, 22"
tertullian,against_marcion,Exod,old_testament_or_other,Bible:Exod.20.9-Exod.20.10,"Ex. xx. 9, 10"
tertullian,against_marcion,Num,old_testament_or_other,Bible:Num.21.8-Num.21.9,"Num. xxi. 8, 9"
tertullian,against_marcion,John,new_testament,Bible:John.3.14,John iii. 14
tertullian,against_marcion,Isa,old_testament_or_other,Bible:Isa.1.11,Isa. i. 11
tertullian,against_marcion,Ps,old_testament_or_other,Bible:Ps.50.13,Ps. l. 13
tertullian,against_marcion,Isa,old_testament_or_other,Bible:Isa.40 Bible:Isa.28,Isa. xl .28
tertullian,against_marcion,Isa,old_testament_or_other,Bible:Isa.1.11-Isa.1.14,Isa. i. 11–14
tertullian,against_marcion,1Sam,old_testament_or_other,Bible:1Sam.9,1 Sam. ix
tertullian,against_marcion,1Sam,old_testament_or_other,Bible:1Sam.13,1 Sam. xiii
tertullian,against_marcion,1Sam,old_testament_or_other,Bible:1Sam.15.11,1 Sam. xv. 11
tertullian,against_marcion,1Sam,old_testament_or_other,Bible:1Sam.9.2,1 Sam. ix. 2
tertullian,against_marcion,Jonah,old_testament_or_other,Bible:Jonah.4.2,Jonah iv. 2
tertullian,against_marcion,Jer,old_testament_or_other,Bible:Jer.18.11,Jer. xviii. 11
tertullian,against_marcion,Matt,new_testament,Bible:Matt.6.34,"Matt. vi.
34"
tertullian,against_marcion,1Sam,old_testament_or_other,Bible:1Sam.15.28,1 Sam. xv. 28
tertullian,against_marcion,1Sam,old_testament_or_other,Bible:1Sam.15.29,"Ver.
29"
tertullian,against_marcion,Gen,old_testament_or_other,Bible:Gen.3.9 Bible:Gen.3.11,"Gen. iii. 9, 11"
tertullian,against_marcion,Matt,new_testament,Bible:Matt.12.37,Matt. xii. 37
tertullian,against_marcion,Gen,old_testament_or_other,Bible:Gen.3.22 Bible:2Pet.1.4,"Gen.
iii. 22. [II. Peter, i. 4"
tertullian,against_marcion,Heb,new_testament,Bible:Heb.9.8 Bible:Rev.22.14,"Heb. ix. 8, and Rev. xxii. 14"
tertullian,against_marcion,Gen,old_testament_or_other,Bible:Gen.18.21,Gen. xviii. 21
tertullian,against_marcion,Jer,old_testament_or_other,Bible:Jer.22.5,Jer. xxii. 5
tertullian,against_marcion,Isa,old_testament_or_other,Bible:Isa.44.8,Isa. xliv. 8
tertullian,against_marcion,Exod,old_testament_or_other,Bible:Exod.32.10,Ex. xxxii. 10
tertullian,against_marcion,Exod,old_testament_or_other,Bible:Exod.32.32,"Ex.
xxxii. 32"
tertullian,against_marcion,Ps,old_testament_or_other,Bible:Ps.8.6,Ps. viii. 6
tertullian,against_marcion,John,new_testament,Bible:John.3.35 Bible:Matt.28.18 Bible:John.5.22,"John iii. 35, Matt. xxviii.
18, John v. 22"
tertullian,against_marcion,Matt,new_testament,Bible:Matt.11.27,Matt. xi. 27
tertullian,against_marcion,Exod,old_testament_or_other,Bible:Exod.33.20,Ex. xxxiii. 20
tertullian,against_marcion,Matt,new_testament,Bible:Matt.24.24,Matt. xxiv. 24
tertullian,against_marcion,Isa,old_testament_or_other,Bible:Isa.50.6,"Ch. l.
6"
tertullian,against_marcion,Joel,old_testament_or_other,Bible:Joel.3.18,Joel iii. 18
tertullian,against_marcion,Exod,old_testament_or_other,Bible:Exod.3.8 Bible:Exod.3.17 Bible:Deut.26.9 Bible:Deut.26.15,"Ex. iii. 8, 17; Deut. xxvi. 9,
15"
tertullian,against_marcion,Isa,old_testament_or_other,Bible:Isa.41.18-Isa.41.19,"Isa. xli. 18, 19"
tertullian,against_marcion,1Cor,new_testament,Bible:1Cor.9.9,1 Cor. ix. 9
tertullian,against_marcion,1Cor,new_testament,Bible:1Cor.10.4,1 Cor. x. 4
tertullian,against_marcion,Gal,new_testament,Bible:Gal.4.22 Bible:Gal.4.24,"Gal. iv. 22, 24"
tertullian,against_marcion,Eph,new_testament,Bible:Eph.5.31-Eph.5.32,"Eph. v. 31, 32"
tertullian,against_marcion,Isa,old_testament_or_other,Bible:Isa.29.14,Isa. xxix. 14
tertullian,against_marcion,Isa,old_testament_or_other,Bible:Isa.6.9-Isa.6.10,"Isa. vi. 9, 10"
tertullian,against_marcion,Amos,old_testament_or_other,Bible:Amos.4.13,Amos iv. 13
tertullian,against_marcion,Acts,new_testament,Bible:Acts.2.16-Acts.2.33,"Acts ii.
16–33"
tertullian,against_marcion,Isa,old_testament_or_other,Bible:Isa.42.19,Isa. xlii. 19
tertullian,against_marcion,Isa,old_testament_or_other,Bible:Isa.1.2-Isa.1.3,"Isa. i. 2, 3"
tertullian,against_marcion,Lam,old_testament_or_other,Bible:Lam.4.20,"Lam. iv.
20"
tertullian,against_marcion,Isa,old_testament_or_other,Bible:Isa.1.4,Isa. i. 4
tertullian,against_marcion,Col,new_testament,Bible:Col.2.9,Col. ii. 9
tertullian,against_marcion,Isa,old_testament_or_other,Bible:Isa.53.7,"Isa.
liii. 7"
tertullian,against_marcion,Isa,old_testament_or_other,Bible:Isa.53.2-Isa.53.3,"Isa. liii. 2, 3"
tertullian,against_marcion,Isa,old_testament_or_other,Bible:Isa.52.14 Bible:Isa.53.3-Isa.53.4,"Isa. lii. 14; liii. 3, 4"
tertullian,against_marcion,Isa,old_testament_or_other,Bible:Isa.8.14,Isa. viii. 14
tertullian,against_marcion,Ps,old_testament_or_other,Bible:Ps.22.7,Ps. xxii. 7
tertullian,against_marcion,Zech,old_testament_or_other,Bible:Zech.4.7,"Zech. iv.
7"
tertullian,against_marcion,Dan,old_testament_or_other,Bible:Dan.2.34,Dan. ii. 34
tertullian,against_marcion,Dan,old_testament_or_other,Bible:Dan.7.13-Dan.7.14,"Dan. vii. 13, 14"
tertullian,against_marcion,Ps,old_testament_or_other,Bible:Ps.45.2-Ps.45.3,"Ps. xlv. 2, 3"
tertullian,against_marcion,Ps,old_testament_or_other,Bible:Ps.8.5-Ps.8.6,"Ps. viii. 5, 6"
tertullian,against_marcion,Zech,old_testament_or_other,Bible:Zech.12.10 Bible:Zech.12.12,"Zech. xii. 10, 12"
tertullian,against_marcion,Isa,old_testament_or_other,Bible:Isa.53.8,Isa. liii. 8
tertullian,against_marcion,Zech,old_testament_or_other,Bible:Zech.3,Zech. iii
tertullian,against_marcion,Lev,old_testament_or_other,Bible:Lev.16.5 Bible:Lev.16.7,"Lev. xvi. 5, 7"
tertullian,against_marcion,Heb,new_testament,Bible:Heb.9.19,Heb. ix. 19
tertullian,against_marcion,2Cor,new_testament,Bible:2Cor.6.14,2 Cor. vi. 14
tertullian,against_marcion,1Cor,new_testament,Bible:1Cor.15.3-1Cor.15.4 Bible:1Cor.15.14 Bible:1Cor.15.17 Bible:1Cor.15.18,"1 Cor. xv. 3, 4, 14, 17, 18"
tertullian,against_marcion,1Cor,new_testament,Bible:1Cor.15.13-1Cor.15.18,1 Cor. xv. 13–18
tertullian,against_marcion,Luke,new_testament,Bible:Luke.20.36,Luke xx. 36
tertullian,against_marcion,Luke,new_testament,Bible:Luke.11.27,Luke xi. 27
tertullian,against_marcion,Luke,new_testament,Bible:Luke.8.20,Luke viii. 20
tertullian,against_marcion,Isa,old_testament_or_other,Bible:Isa.7.14,Isa. vii. 14
tertullian,against_marcion,Isa,old_testament_or_other,Bible:Isa.8.4,Isa. viii. 4
tertullian,against_marcion,Gal,new_testament,Bible:Gal.3.27,Gal. iii. 27
tertullian,against_marcion,Isa,old_testament_or_other,Bible:Isa.7.4,Isa. vii. 4
tertullian,against_marcion,Zech,old_testament_or_other,Bible:Zech.14.14,Zech. xiv. 14
tertullian,against_marcion,Ps,old_testament_or_other,Bible:Ps.72.15,Ps. lxxii. 15
tertullian,against_marcion,Ps,old_testament_or_other,Bible:Ps.72.10,Ps. lxxii. 10
tertullian,against_marcion,Isa,old_testament_or_other,Bible:Isa.1.10,Isa. i. 10
tertullian,against_marcion,Ezek,old_testament_or_other,Bible:Ezek.16.3,Ezek. xvi. 3
tertullian,against_marcion,Isa,old_testament_or_other,Bible:Isa.1.2,Isa. i. 2
tertullian,against_marcion,Ps,old_testament_or_other,Bible:Ps.45.3,Ps. xlv. 3
tertullian,against_marcion,Ps,old_testament_or_other,Bible:Ps.45.2,Ps. xlv. 2
tertullian,against_marcion,Ps,old_testament_or_other,Bible:Ps.45.4,Ps. xlv. 4
tertullian,against_marcion,Rev,new_testament,Bible:Rev.1.16,Rev. i. 16
tertullian,against_marcion,Eph,new_testament,Bible:Eph.6.14-Eph.6.17,Eph. vi. 14–17
tertullian,against_marcion,Matt,new_testament,Bible:Matt.10.34,Matt. x. 34
tertullian,against_marcion,Ps,old_testament_or_other,Bible:Ps.45.5,Ps. xlv. 5
tertullian,against_marcion,1Cor,new_testament,Bible:1Cor.8.5,1 Cor. viii. 5
tertullian,against_marcion,Matt,new_testament,Bible:Matt.9.16-Matt.9.17,"Matt. ix. 16, 17"
tertullian,against_marcion,Exod,old_testament_or_other,Bible:Exod.23.20-Exod.23.21,"Ex. xxiii. 20, 21"
tertullian,against_marcion,Isa,old_testament_or_other,Bible:Isa.52.14 Bible:Isa.53.2,Isa. lii. 14 and liii. 2
tertullian,against_marcion,Isa,old_testament_or_other,Bible:Isa.52.14,Isa. lii. 14
tertullian,against_marcion,Ps,old_testament_or_other,Bible:Ps.22.6,Ps. xxii. 6
tertullian,against_marcion,Isa,old_testament_or_other,Bible:Isa.11.1-Isa.11.2,"Isa. xi. 1, 2"
tertullian,against_marcion,Isa,old_testament_or_other,Bible:Isa.53.3 Bible:Isa.53.7,"Isa. liii. 3, 7"
tertullian,against_marcion,Isa,old_testament_or_other,Bible:Isa.50.10,Isa. l. 10
tertullian,against_marcion,Isa,old_testament_or_other,Bible:Isa.53.4,Isa. liii. 4
tertullian,against_marcion,Deut,old_testament_or_other,Bible:Deut.21.23 Bible:Gal.3.13,Deut. xxi. 23 with Gal. iii. 13
tertullian,against_marcion,Deut,old_testament_or_other,Bible:Deut.33.17,Deut. xxxiii. 17
tertullian,against_marcion,Gen,old_testament_or_other,Bible:Gen.49.6,Gen. xlix. 6
tertullian,against_marcion,Ps,old_testament_or_other,Bible:Ps.96.10,Ps. xcvi. 10
tertullian,against_marcion,Isa,old_testament_or_other,Bible:Isa.9.6,Isa. ix. 6
tertullian,against_marcion,Jer,old_testament_or_other,Bible:Jer.11.19,Jer. xi. 19
tertullian,against_marcion,Ps,old_testament_or_other,Bible:Ps.22.16,Ps. xxii. 16
tertullian,against_marcion,Isa,old_testament_or_other,Bible:Isa.53.12,Isa. liii. 12
tertullian,against_marcion,Ps,old_testament_or_other,Bible:Ps.2.7,Ps. ii. 7
tertullian,against_marcion,Isa,old_testament_or_other,Bible:Isa.42.6-Isa.42.7,"Isa. xlii. 6, 7"
tertullian,against_marcion,Isa,old_testament_or_other,Bible:Isa.55.4-Isa.55.5,"Isa. lv. 4, 5"
tertullian,against_marcion,Isa,old_testament_or_other,Bible:Isa.55.3,Isa. lv. 3
tertullian,against_marcion,Ps,old_testament_or_other,Bible:Ps.132.11,Ps. cxxxii. 11
tertullian,against_marcion,2Sam,old_testament_or_other,Bible:2Sam.7.12,"2 Samuel vii.
12"
tertullian,against_marcion,1Kgs,old_testament_or_other,Bible:1Kgs.11.14,1 Kings xi. 14
tertullian,against_marcion,2Sam,old_testament_or_other,Bible:2Sam.24.1 Bible:1Chr.21.1,"2 Sam. xxiv. 1 
    with 1 Chron. xxi. i."
tertullian,against_marcion,Isa,old_testament_or_other,Bible:Isa.2.2-Isa.2.3,"Isa. ii. 2, 3"
tertullian,against_marcion,Isa,old_testament_or_other,Bible:Isa.2.4,Isa. ii. 4
tertullian,against_marcion,Isa,old_testament_or_other,Bible:Isa.52.7 Bible:Rom.10.15,"Isa.
lii. 7 and Rom. x. 15"
tertullian,against_marcion,Ps,old_testament_or_other,Bible:Ps.19.5,Ps. xix. 5
tertullian,against_marcion,Isa,old_testament_or_other,Bible:Isa.46.12-Isa.46.13,"Isa. xlvi.
12, 13"
tertullian,against_marcion,Isa,old_testament_or_other,Bible:Isa.52.11,Isa. lii. 11
tertullian,against_marcion,Ps,old_testament_or_other,Bible:Ps.2.2-Ps.2.3 Bible:Acts.4.25-Acts.4.30,"Ps. ii. 2, 3, with Acts iv.
25–30"
tertullian,against_marcion,Isa,old_testament_or_other,Bible:Isa.57.1,Isa. lvii. 1
tertullian,against_marcion,Wis,deuterocanonical,Bible:Wis.2.12,Wisd. of Sol. ii. 12
tertullian,against_marcion,Ezek,old_testament_or_other,Bible:Ezek.9.4,Ezek. ix. 4
tertullian,against_marcion,Ps,old_testament_or_other,Bible:Ps.22.22 Bible:Ps.22.25,"Ps. xxii. 22, 25"
tertullian,against_marcion,Ps,old_testament_or_other,Bible:Ps.68.26,Ps. lxviii. 26
tertullian,against_marcion,Mal,old_testament_or_other,Bible:Mal.1.10-Mal.1.11,"Mal. i. 10, 11"
tertullian,against_marcion,Isa,old_testament_or_other,Bible:Isa.2.20,Isa. ii. 20
tertullian,against_marcion,Isa,old_testament_or_other,Bible:Isa.3.1-Isa.3.3,"Isa. iii.
1–3"
tertullian,against_marcion,Isa,old_testament_or_other,Bible:Isa.5.6-Isa.5.7,"Isa. v. 6, 7"
tertullian,against_marcion,Isa,old_testament_or_other,Bible:Isa.52.5,Isa. lii. 5
tertullian,against_marcion,Isa,old_testament_or_other,Bible:Isa.1.7-Isa.1.8,"Isa. i. 7, 8"
tertullian,against_marcion,Isa,old_testament_or_other,Bible:Isa.1.3-Isa.1.4,"Isa. i. 3, 4"
tertullian,against_marcion,Isa,old_testament_or_other,Bible:Isa.1.20,Isa. i. 20
tertullian,against_marcion,Ps,old_testament_or_other,Bible:Ps.59.11,Ps. lix. 11
tertullian,against_marcion,Isa,old_testament_or_other,Bible:Isa.50.11,Isa. l. 11
tertullian,against_marcion,Isa,old_testament_or_other,Bible:Isa.53.9,Isa. liii. 9
tertullian,against_marcion,Rev,new_testament,Bible:Rev.21.2,Rev. xxi. 2
tertullian,against_marcion,Gal,new_testament,Bible:Gal.4.26,Gal. iv. 26
tertullian,against_marcion,Phil,new_testament,Bible:Phil.3.20,Phil. iii. 20
tertullian,against_marcion,Ezek,old_testament_or_other,Bible:Ezek.48.30-Ezek.48.35,Ezek. xlviii. 30–35
tertullian,against_marcion,Rev,new_testament,Bible:Rev.21.10-Rev.21.23,Rev. xxi. 10–23
tertullian,against_marcion,Gen,old_testament_or_other,Bible:Gen.27.28,Gen. xxvii. 28
tertullian,against_marcion,Luke,new_testament,Bible:Luke.12.31,Luke xii. 31
tertullian,against_marcion,Gen,old_testament_or_other,Bible:Gen.27.39,Gen. xxvii. 39
tertullian,against_marcion,Gen,old_testament_or_other,Bible:Gen.28.12-Gen.28.17,Gen. xxviii. 12–17
tertullian,against_marcion,Amos,old_testament_or_other,Bible:Amos.9.6,Amos ix. 6
tertullian,against_marcion,Isa,old_testament_or_other,Bible:Isa.49.18,Isa. xlix. 18
tertullian,against_marcion,Isa,old_testament_or_other,Bible:Isa.60.8,Isa. lx. 8
tertullian,against_marcion,Matt,new_testament,Bible:Matt.3.16,Matt. iii. 16
tertullian,against_marcion,Dan,old_testament_or_other,Bible:Dan.7.13,Dan. vii. 13
tertullian,against_marcion,1Thess,new_testament,Bible:1Thess.4.17,1 Thess. iv. 17
tertullian,against_marcion,Isa,old_testament_or_other,Bible:Isa.2.3,Isa. ii. 3
tertullian,against_marcion,Ps,old_testament_or_other,Bible:Ps.19.7,Ps. xix. 7
tertullian,against_marcion,Isa,old_testament_or_other,Bible:Isa.10.23,Isa. x. 23
tertullian,against_marcion,Isa,old_testament_or_other,Bible:Isa.43.18-Isa.43.19,"Isa. xliii. 18, 19"
tertullian,against_marcion,Jer,old_testament_or_other,Bible:Jer.4.3-Jer.4.4,"Jer. iv. 3, 4"
tertullian,against_marcion,Jer,old_testament_or_other,Bible:Jer.31.31-Jer.31.32,"Jer. xxxi. 31, 32"
tertullian,against_marcion,Isa,old_testament_or_other,Bible:Isa.11.1,Isa. xi. 1
tertullian,against_marcion,Deut,old_testament_or_other,Bible:Deut.32.39,Deut. xxxii. 39
tertullian,against_marcion,Gal,new_testament,Bible:Gal.2.2,Gal. ii. 2
tertullian,against_marcion,Gal,new_testament,Bible:Gal.2.13-Gal.2.14,"Gal. ii. 13, 14"
tertullian,against_marcion,1Cor,new_testament,Bible:1Cor.9.22,1 Cor. ix. 22
tertullian,against_marcion,Matt,new_testament,Bible:Matt.10.24,Matt. x. 24
tertullian,against_marcion,1Cor,new_testament,Bible:1Cor.14.32,1 Cor. xiv. 32
tertullian,against_marcion,Gal,new_testament,Bible:Gal.1.8,Gal. i. 8
tertullian,against_marcion,Luke,new_testament,Bible:Luke.3.1 Bible:Luke.4.31,"Luke iii. 1
and iv. 31"
tertullian,against_marcion,Matt,new_testament,Bible:Matt.4.14,Matt. iv. 14
tertullian,against_marcion,Matt,new_testament,Bible:Matt.5.17,Matt. v. 17
tertullian,against_marcion,Matt,new_testament,Bible:Matt.15.24,Matt. xv. 24
tertullian,against_marcion,Matt,new_testament,Bible:Matt.15.26,Matt. xv. 26
tertullian,against_marcion,Luke,new_testament,Bible:Luke.4.32,Luke iv. 32
tertullian,against_marcion,Luke,new_testament,Bible:Luke.4.33-Luke.4.34,"Luke iv. 33, 34"
tertullian,against_marcion,Ps,old_testament_or_other,Bible:Ps.16.10 Bible:Dan.9.24,"Ps.
xvi. 10, and probably Dan. ix. 24"
tertullian,against_marcion,Luke,new_testament,Bible:Luke.1.35,"Luke
i. 35"
tertullian,against_marcion,Matt,new_testament,Bible:Matt.1.21,Matt. i. 21
tertullian,against_marcion,Luke,new_testament,Bible:Luke.10.20,Luke x. 20
tertullian,against_marcion,Lam,old_testament_or_other,Bible:Lam.4.7,Lam. iv. 7
tertullian,against_marcion,Luke,new_testament,Bible:Luke.4.16-Luke.4.30,"Luke iv.
16–30"
tertullian,against_marcion,Luke,new_testament,Bible:Luke.4.23,Luke iv. 23
tertullian,against_marcion,Luke,new_testament,Bible:Luke.4.29,Luke iv. 29
tertullian,against_marcion,Luke,new_testament,Bible:Luke.4.24,Luke iv. 24
tertullian,against_marcion,Luke,new_testament,Bible:Luke.4.40,Luke iv. 40
tertullian,against_marcion,Luke,new_testament,Bible:Luke.4.41,Luke iv. 41
tertullian,against_marcion,Luke,new_testament,Bible:Luke.4.42,Luke iv. 42
tertullian,against_marcion,Acts,new_testament,Bible:Acts.7.38,"Acts
vii. 38"
tertullian,against_marcion,Exod,old_testament_or_other,Bible:Exod.19.1,Ex. xix. 1
tertullian,against_marcion,Isa,old_testament_or_other,Bible:Isa.35.1,Isa. xxxv. 1
tertullian,against_marcion,Luke,new_testament,Bible:Luke.4.42-Luke.4.43,"Luke iv. 42, 43"
tertullian,against_marcion,Luke,new_testament,Bible:Luke.5.1-Luke.5.11,Luke v. 1–11
tertullian,against_marcion,Jer,old_testament_or_other,Bible:Jer.16.16,Jer. xvi. 16
tertullian,against_marcion,Luke,new_testament,Bible:Luke.5.12-Luke.5.14,Luke v. 12–14
tertullian,against_marcion,1Cor,new_testament,Bible:1Cor.5.11,1 Cor. v. 11
tertullian,against_marcion,Luke,new_testament,Bible:Luke.4.27,Luke iv. 27
tertullian,against_marcion,2Kgs,old_testament_or_other,Bible:2Kgs.5.9-2Kgs.5.14 Bible:Luke.4.27,"2 Kings v. 9–14 with Luke iv.
27"
tertullian,against_marcion,Luke,new_testament,Bible:Luke.2.32,"Luke ii.
32"
tertullian,against_marcion,Luke,new_testament,Bible:Luke.5.14,Luke v. 14
tertullian,against_marcion,Luke,new_testament,Bible:Luke.5.16-Luke.5.26,Luke v. 16–26
tertullian,against_marcion,Isa,old_testament_or_other,Bible:Isa.35.2,Isa. xxxv. 2
tertullian,against_marcion,Isa,old_testament_or_other,Bible:Isa.35.3,Isa. xxxv. 3
tertullian,against_marcion,Isa,old_testament_or_other,Bible:Isa.35.4,Isa. xxxv. 4
tertullian,against_marcion,Isa,old_testament_or_other,Bible:Isa.1.18,Isa. i. 18
tertullian,against_marcion,Mic,old_testament_or_other,Bible:Mic.7.18-Mic.7.19,"Mic. vii. 18, 19"
tertullian,against_marcion,1Kgs,old_testament_or_other,Bible:1Kgs.21.29,1 Kings xxi. 29
tertullian,against_marcion,1Sam,old_testament_or_other,Bible:1Sam.14.43-1Sam.14.45,"1 Sam. xiv.
43–45"
tertullian,against_marcion,Dan,old_testament_or_other,Bible:Dan.3.25,Dan. iii. 25
tertullian,against_marcion,Luke,new_testament,Bible:Luke.5.27-Luke.5.39,"Luke v.
27–39"
tertullian,against_marcion,Matt,new_testament,Bible:Matt.16.17,Matt. xvi. 17
tertullian,against_marcion,Luke,new_testament,Bible:Luke.5.31,Luke v. 31
tertullian,against_marcion,Luke,new_testament,Bible:Luke.5.34-Luke.5.35,"Luke v. 34, 35"
tertullian,against_marcion,Ps,old_testament_or_other,Bible:Ps.19.5-Ps.19.6,"Ps. xix. 5, 6"
tertullian,against_marcion,Isa,old_testament_or_other,Bible:Isa.61.10,Isa. lxi. 10
tertullian,against_marcion,Song,old_testament_or_other,Bible:Song.4.8,Song of Sol. iv. 8
tertullian,against_marcion,Jer,old_testament_or_other,Bible:Jer.4.3,Jer. iv. 3
tertullian,against_marcion,Isa,old_testament_or_other,Bible:Isa.43.19 Bible:2Cor.5.17,Isa. xliii. 19; comp. 2 Cor. v. 17
tertullian,against_marcion,Ps,old_testament_or_other,Bible:Ps.78.2,Ps. lxxviii. 2
tertullian,against_marcion,Isa,old_testament_or_other,Bible:Isa.1.14,Isa. i. 14
tertullian,against_marcion,Luke,new_testament,Bible:Luke.6.1-Luke.6.4 Bible:1Sam.21.2-1Sam.21.6,"Luke vi. 1–4; 1 Sam. xxi.
2–6"
tertullian,against_marcion,Luke,new_testament,Bible:Luke.6.7,Luke vi. 7
tertullian,against_marcion,Exod,old_testament_or_other,Bible:Exod.20.16,Ex. xx. 16
tertullian,against_marcion,Exod,old_testament_or_other,Bible:Exod.20.10,"Ex. xx.
10"
tertullian,against_marcion,Exod,old_testament_or_other,Bible:Exod.20.9,"verse
9"
tertullian,against_marcion,Exod,old_testament_or_other,Bible:Exod.12.16,Ex. xii. 16
tertullian,against_marcion,Exod,old_testament_or_other,Bible:Exod.12.16,"Ex. xii.
16"
tertullian,against_marcion,Luke,new_testament,Bible:Luke.6.9,Luke vi. 9
tertullian,against_marcion,Luke,new_testament,Bible:Luke.6.5,Luke vi. 5
tertullian,against_marcion,Isa,old_testament_or_other,Bible:Isa.29.13,Isa. xxix. 13
tertullian,against_marcion,Isa,old_testament_or_other,Bible:Isa.58.13 Bible:Isa.56.2,"Isa.
lviii. 13 and lvi. 2"
tertullian,against_marcion,2Kgs,old_testament_or_other,Bible:2Kgs.4.23,2 Kings iv. 23
tertullian,against_marcion,Luke,new_testament,Bible:Luke.6.12,Luke vi. 12
tertullian,against_marcion,Isa,old_testament_or_other,Bible:Isa.40.9,Isa. xl. 9
tertullian,against_marcion,Isa,old_testament_or_other,Bible:Isa.52.6,Isa. lii. 6
tertullian,against_marcion,Isa,old_testament_or_other,Bible:Isa.52.7,"Isa. lii.
7"
tertullian,against_marcion,Nah,old_testament_or_other,Bible:Nah.1.15,Nahum i. 15
tertullian,against_marcion,Ps,old_testament_or_other,Bible:Ps.22.2,Ps. xxii. 2
tertullian,against_marcion,Ps,old_testament_or_other,Bible:Ps.3.4,Ps. iii. 4
tertullian,against_marcion,Luke,new_testament,Bible:Luke.6.13-Luke.6.19,Luke vi. 13–19
tertullian,against_marcion,Num,old_testament_or_other,Bible:Num.33.9,Num. xxxiii. 9
tertullian,against_marcion,Exod,old_testament_or_other,Bible:Exod.28.13-Exod.28.21,Ex. xxviii. 13–21
tertullian,against_marcion,Isa,old_testament_or_other,Bible:Isa.43.20,Isa. xliii. 20
tertullian,against_marcion,Luke,new_testament,Bible:Luke.6.14,Luke vi. 14
tertullian,against_marcion,Isa,old_testament_or_other,Bible:Isa.8.14 Bible:Rom.9.33 Bible:1Pet.2.8,"Isa. viii. 14; Rom. ix. 33; 1 Pet. ii.
8"
tertullian,against_marcion,Ps,old_testament_or_other,Bible:Ps.87.4-Ps.87.5,"Ps. lxxxvii. 4, 5"
tertullian,against_marcion,Isa,old_testament_or_other,Bible:Isa.49.12,Isa. xlix. 12
tertullian,against_marcion,Isa,old_testament_or_other,Bible:Isa.49.21,Isa. xlix. 21
tertullian,against_marcion,Luke,new_testament,Bible:Luke.6.20,Luke vi. 20
tertullian,against_marcion,Ps,old_testament_or_other,Bible:Ps.82.3-Ps.82.4,"Ps. lxxxii. 3, 4"
tertullian,against_marcion,Ps,old_testament_or_other,Bible:Ps.72.4,Ps. lxxii. 4
tertullian,against_marcion,Ps,old_testament_or_other,Bible:Ps.72.11,Ps. lxxii. 11
tertullian,against_marcion,Ps,old_testament_or_other,Bible:Ps.72.12-Ps.72.14,"Ps. lxxii. 12, 13, 14"
tertullian,against_marcion,Ps,old_testament_or_other,Bible:Ps.9.17-Ps.9.18,"Ps. ix. 17, 18"
tertullian,against_marcion,Ps,old_testament_or_other,Bible:Ps.113.5-Ps.113.8,Ps. cxiii. 5–8
tertullian,against_marcion,1Sam,old_testament_or_other,Bible:1Sam.2.8,1 Sam. ii. 8
tertullian,against_marcion,Isa,old_testament_or_other,Bible:Isa.3.14-Isa.3.15,"Isa. iii. 14, 15"
tertullian,against_marcion,Isa,old_testament_or_other,Bible:Isa.10.1-Isa.10.2,"Isa. x. 1, 2"
tertullian,against_marcion,Isa,old_testament_or_other,Bible:Isa.1.17-Isa.1.18,"Isa. i. 17, 18"
tertullian,against_marcion,Luke,new_testament,Bible:Luke.6.21,Luke vi. 21
tertullian,against_marcion,Isa,old_testament_or_other,Bible:Isa.5.26,Isa. v. 26
tertullian,against_marcion,Isa,old_testament_or_other,Bible:Isa.65.13,Isa. lxv. 13
tertullian,against_marcion,Isa,old_testament_or_other,Bible:Isa.65.13-Isa.65.14,"Isa. lxv. 13, 14"
tertullian,against_marcion,Ps,old_testament_or_other,Bible:Ps.126.5,Ps. cxxvi. 5
tertullian,against_marcion,Isa,old_testament_or_other,Bible:Isa.61.1,Isa. lxi. 1
tertullian,against_marcion,Isa,old_testament_or_other,Bible:Isa.61.2,Isa. lxi. 2
tertullian,against_marcion,Isa,old_testament_or_other,Bible:Isa.61.3,Isa. lxi. 3
tertullian,against_marcion,Luke,new_testament,Bible:Luke.6.22,Luke vi. 22
tertullian,against_marcion,Isa,old_testament_or_other,Bible:Isa.51.7,Isa. li. 7
tertullian,against_marcion,Isa,old_testament_or_other,Bible:Isa.53,Isa. liii
tertullian,against_marcion,Luke,new_testament,Bible:Luke.6.26,Luke vi. 26
tertullian,against_marcion,Deut,old_testament_or_other,Bible:Deut.30.19,Deut. xxx. 19
tertullian,against_marcion,1Kgs,old_testament_or_other,Bible:1Kgs.3.5-1Kgs.3.13,1 Kings iii. 5–13
tertullian,against_marcion,Luke,new_testament,Bible:Luke.6.24,Luke vi. 24
tertullian,against_marcion,Deut,old_testament_or_other,Bible:Deut.8.12-Deut.8.14,Deut. viii. 12–14
tertullian,against_marcion,Isa,old_testament_or_other,Bible:Isa.39.6,Isa. xxxix. 6
tertullian,against_marcion,Jer,old_testament_or_other,Bible:Jer.9.23-Jer.9.24,"Jer. ix. 23, 24"
tertullian,against_marcion,Isa,old_testament_or_other,Bible:Isa.3.16-Isa.3.24,Isa. iii. 16–24
tertullian,against_marcion,Isa,old_testament_or_other,Bible:Isa.5.14,Isa. v. 14
tertullian,against_marcion,Isa,old_testament_or_other,Bible:Isa.10.33,Isa. x. 33
tertullian,against_marcion,Ps,old_testament_or_other,Bible:Ps.48,"Psalm
xlviii."
tertullian,against_marcion,Ps,old_testament_or_other,Bible:Ps.49.16-Ps.49.17,"Ps. xlix. 16, 17"
tertullian,against_marcion,Ps,old_testament_or_other,Bible:Ps.61,"Psalm
lxi."
tertullian,against_marcion,Ps,old_testament_or_other,Bible:Ps.62.11,Ps. lxii. 11
tertullian,against_marcion,Amos,old_testament_or_other,Bible:Amos.6.1-Amos.6.6,Amos vi. 1–6
tertullian,against_marcion,Luke,new_testament,Bible:Luke.6.25,Luke vi. 25
tertullian,against_marcion,Isa,old_testament_or_other,Bible:Isa.3.12,Isa. iii. 12
tertullian,against_marcion,Jer,old_testament_or_other,Bible:Jer.17.5,Jer. xvii. 5
tertullian,against_marcion,Ps,old_testament_or_other,Bible:Ps.117,"Psalm
cxvii."
tertullian,against_marcion,Ps,old_testament_or_other,Bible:Ps.118.8-Ps.118.9,"Ps. cxviii. 8, 9"
tertullian,against_marcion,2Esd,deuterocanonical,Bible:2Esd.15.1,2 Esdras xv. 1
tertullian,against_marcion,Luke,new_testament,Bible:Luke.6.27-Luke.6.28,"Luke vi. 27, 28"
tertullian,against_marcion,Isa,old_testament_or_other,Bible:Isa.66.5,Isa. lxvi. 5
tertullian,against_marcion,Luke,new_testament,Bible:Luke.6.29,Luke vi. 29
tertullian,against_marcion,Zech,old_testament_or_other,Bible:Zech.7.10,Zech. vii. 10
tertullian,against_marcion,Zech,old_testament_or_other,Bible:Zech.8.17,Zech. viii. 17
tertullian,against_marcion,Deut,old_testament_or_other,Bible:Deut.32.35 Bible:Rom.12.19 Bible:Heb.10.30,"Deut. xxxii. 35; comp. Rom. xii. 19 and Heb. x.
30"
tertullian,against_marcion,Luke,new_testament,Bible:Luke.6.30,Luke vi. 30
tertullian,against_marcion,Deut,old_testament_or_other,Bible:Deut.15.4,"Deut. xv.
4"
tertullian,against_marcion,Deut,old_testament_or_other,Bible:Deut.15.7-Deut.15.8,"Deut. xv. 7, 8"
tertullian,against_marcion,Hos,old_testament_or_other,Bible:Hos.1.6 Bible:Hos.1.9,"Hos. i. 6,
9"
tertullian,against_marcion,Luke,new_testament,Bible:Luke.6.31,Luke vi. 31
tertullian,against_marcion,Ezek,old_testament_or_other,Bible:Ezek.18.7,Ezek. xviii. 7
tertullian,against_marcion,Exod,old_testament_or_other,Bible:Exod.20.13-Exod.20.16,Ex. xx. 13–16
tertullian,against_marcion,Rom,new_testament,Bible:Rom.9.28,Rom. ix. 28
tertullian,against_marcion,Luke,new_testament,Bible:Luke.6.34,Luke vi. 34
tertullian,against_marcion,Ezek,old_testament_or_other,Bible:Ezek.18.8,Ezek. xviii. 8
tertullian,against_marcion,Ezek,old_testament_or_other,Bible:Ezek.18.16,Ezek. xviii. 16
tertullian,against_marcion,Deut,old_testament_or_other,Bible:Deut.24.12-Deut.24.13,"Deut. xxiv. 12, 13"
tertullian,against_marcion,Deut,old_testament_or_other,Bible:Deut.15.2,Deut. xv. 2
tertullian,against_marcion,Luke,new_testament,Bible:Luke.6.35,Luke vi. 35
tertullian,against_marcion,Ps,old_testament_or_other,Bible:Ps.19.11,Ps. xix. 11
tertullian,against_marcion,Luke,new_testament,Bible:Luke.6.36,Luke vi. 36
tertullian,against_marcion,Isa,old_testament_or_other,Bible:Isa.1.17,Isa. i. 17
tertullian,against_marcion,Luke,new_testament,Bible:Luke.6.37-Luke.6.38,"Luke vi. 37, 38"
tertullian,against_marcion,Luke,new_testament,Bible:Luke.6.39,Luke vi. 39
tertullian,against_marcion,Luke,new_testament,Bible:Luke.6.40,Luke vi. 40
tertullian,against_marcion,Luke,new_testament,Bible:Luke.6.41-Luke.6.45,Luke vi. 41–45
tertullian,against_marcion,Luke,new_testament,Bible:Luke.6.46,Luke vi. 46
tertullian,against_marcion,Luke,new_testament,Bible:Luke.7.1-Luke.7.10,Luke vii. 1–10
tertullian,against_marcion,Luke,new_testament,Bible:Luke.7.11-Luke.7.17,Luke vii. 11–17
tertullian,against_marcion,Luke,new_testament,Bible:Luke.7.16,Luke vii. 16
tertullian,against_marcion,Mark,new_testament,Bible:Mark.2.8 Bible:Rom.1.3-Rom.1.4 Bible:1Tim.3.16 Bible:Heb.9.14 Bible:1Pet.3.18-1Pet.3.20,"Mark
ii. 8; Rom. i. 3, 4; 1 Tim. iii. 16; Heb. ix. 14; 1 Pet. iii.
18–20"
tertullian,against_marcion,John,new_testament,Bible:John.6.63 Bible:John.56,"John vi. 63, compared with 56"
tertullian,against_marcion,Luke,new_testament,Bible:Luke.7,Luke vii.
tertullian,against_marcion,Matt,new_testament,Bible:Matt.11,Matt. xi.
tertullian,against_marcion,Luke,new_testament,Bible:Luke.7.20,Luke vii. 20
tertullian,against_marcion,Luke,new_testament,Bible:Luke.7.21-Luke.7.22,"Luke vii. 21, 22"
tertullian,against_marcion,Luke,new_testament,Bible:Luke.7.26-Luke.7.27 Bible:Mal.3.1-Mal.3.3,"Luke vii. 26, 27, and Mal. iii.
1–3"
tertullian,against_marcion,Luke,new_testament,Bible:Luke.7.28,Luke vii. 28
tertullian,against_marcion,Luke,new_testament,Bible:Luke.7.25,Luke vii. 25
tertullian,against_marcion,Luke,new_testament,Bible:Luke.7.36-Luke.7.50,Luke vii. 36–50
tertullian,against_marcion,Hab,old_testament_or_other,Bible:Hab.2.4,Hab. ii. 4
tertullian,against_marcion,Isa,old_testament_or_other,Bible:Isa.32.9-Isa.32.10,"Isa. xxxii. 9, 10"
tertullian,against_marcion,Isa,old_testament_or_other,Bible:Isa.6.9,Isa. vi. 9
tertullian,against_marcion,Luke,new_testament,Bible:Luke.8.8,Luke viii. 8
tertullian,against_marcion,Luke,new_testament,Bible:Luke.8.18,Luke viii. 18
tertullian,against_marcion,Luke,new_testament,Bible:Luke.8.16,Luke viii. 16
tertullian,against_marcion,Luke,new_testament,Bible:Luke.8.17,Luke viii. 17
tertullian,against_marcion,Matt,new_testament,Bible:Matt.12.48,Matt. xii. 48
tertullian,against_marcion,Luke,new_testament,Bible:Luke.10.25,Luke x. 25
tertullian,against_marcion,Luke,new_testament,Bible:Luke.20.20,Luke xx. 20
tertullian,against_marcion,Matt,new_testament,Bible:Matt.12.48,"St. Matthew’s narrative, chap. xii.
48"
tertullian,against_marcion,Matt,new_testament,Bible:Matt.10.37,Matt. x. 37
tertullian,against_marcion,Luke,new_testament,Bible:Luke.8.25,Luke viii. 25
tertullian,against_marcion,Josh,old_testament_or_other,Bible:Josh.3.9-Josh.3.17,Josh. iii. 9–17
tertullian,against_marcion,Ps,old_testament_or_other,Bible:Ps.29.3,Ps. xxix. 3
tertullian,against_marcion,Hab,old_testament_or_other,Bible:Hab.3.10,Hab. iii. 10
tertullian,against_marcion,Nah,old_testament_or_other,Bible:Nah.1.4,Nah. i. 4
tertullian,against_marcion,Luke,new_testament,Bible:Luke.8.30,Luke viii. 30
tertullian,against_marcion,Ps,old_testament_or_other,Bible:Ps.24.8,Ps. xxiv. 8
tertullian,against_marcion,Luke,new_testament,Bible:Luke.8.28,Luke viii. 28
tertullian,against_marcion,Luke,new_testament,Bible:Luke.8.43-Luke.8.46,Luke viii. 43–46
tertullian,against_marcion,Lev,old_testament_or_other,Bible:Lev.15.19,Lev. xv. 19
tertullian,against_marcion,Luke,new_testament,Bible:Luke.8.48,Luke viii. 48
tertullian,against_marcion,Isa,old_testament_or_other,Bible:Isa.7.9,Isa. vii. 9
tertullian,against_marcion,Luke,new_testament,Bible:Luke.9.1-Luke.9.6,Luke ix. 1–6
tertullian,against_marcion,Deut,old_testament_or_other,Bible:Deut.25.4,Deut. xxv. 4
tertullian,against_marcion,Luke,new_testament,Bible:Luke.9.7-Luke.9.8,"Luke ix. 7, 8"
tertullian,against_marcion,Luke,new_testament,Bible:Luke.9.10-Luke.9.17,Luke ix. 10–17
tertullian,against_marcion,1Kgs,old_testament_or_other,Bible:1Kgs.17.7-1Kgs.17.16,1 Kings xvii. 7–16
tertullian,against_marcion,2Kgs,old_testament_or_other,Bible:2Kgs.4.42-2Kgs.4.44,2 Kings iv. 42–44
tertullian,against_marcion,Luke,new_testament,Bible:Luke.9.20,Luke ix. 20
tertullian,against_marcion,Luke,new_testament,Bible:Luke.9.21,Luke ix. 21
tertullian,against_marcion,Luke,new_testament,Bible:Luke.9.22,Luke ix. 22
tertullian,against_marcion,Luke,new_testament,Bible:Luke.9.24,Luke ix. 24
tertullian,against_marcion,Dan,old_testament_or_other,Bible:Dan.3.25-Dan.3.26,"Dan. iii. 25, 26"
tertullian,against_marcion,Isa,old_testament_or_other,Bible:Isa.57 Bible:Isa.1,Isa. lvii. i
tertullian,against_marcion,Luke,new_testament,Bible:Luke.9.26,Luke ix. 26
tertullian,against_marcion,Job,old_testament_or_other,Bible:Job.10.10,Job x. 10
tertullian,against_marcion,Isa,old_testament_or_other,Bible:Isa.53.5,Isa. liii. 5
tertullian,against_marcion,Luke,new_testament,Bible:Luke.9.28-Luke.9.36,Luke ix. 28–36
tertullian,against_marcion,Luke,new_testament,Bible:Luke.9.35,Luke ix. 35
tertullian,against_marcion,Luke,new_testament,Bible:Luke.9.33,Luke ix. 33
tertullian,against_marcion,Deut,old_testament_or_other,Bible:Deut.19.15 Bible:Luke.9.28,Deut. xix. 15 with Luke ix. 28
tertullian,against_marcion,Deut,old_testament_or_other,Bible:Deut.18.15,Deut. xviii. 15
tertullian,against_marcion,Deut,old_testament_or_other,Bible:Deut.18.19,Deut. xviii. 19
tertullian,against_marcion,Heb,new_testament,Bible:Heb.1.5,Heb. i. 5
tertullian,against_marcion,Isa,old_testament_or_other,Bible:Isa.44.26,Isa. xliv. 26
tertullian,against_marcion,Isa,old_testament_or_other,Bible:Isa.63.9,Isa. lxiii. 9
tertullian,against_marcion,Hab,old_testament_or_other,Bible:Hab.3.2,Hab. iii. 2
tertullian,against_marcion,Zech,old_testament_or_other,Bible:Zech.4.3 Bible:Zech.4.14,"Zech. iv. 3, 14"
tertullian,against_marcion,Exod,old_testament_or_other,Bible:Exod.33.13-Exod.33.23,Ex. xxxiii. 13–23
tertullian,against_marcion,Exod,old_testament_or_other,Bible:Exod.33.23,Exod. xxxiii. 23
tertullian,against_marcion,Num,old_testament_or_other,Bible:Num.12.6-Num.12.8,Num. xii. 6–8
tertullian,against_marcion,Luke,new_testament,Bible:Luke.9.41,Luke ix. 41
tertullian,against_marcion,Luke,new_testament,Bible:Luke.9.47-Luke.9.48,"Luke ix. 47, 48"
tertullian,against_marcion,Exod,old_testament_or_other,Bible:Exod.2.15-Exod.2.21,Ex. ii. 15–21
tertullian,against_marcion,2Kgs,old_testament_or_other,Bible:2Kgs.1.9-2Kgs.1.12,2 Kings i. 9–12
tertullian,against_marcion,Luke,new_testament,Bible:Luke.9.51-Luke.9.56,Luke ix. 51–56
tertullian,against_marcion,Isa,old_testament_or_other,Bible:Isa.42.2-Isa.42.3,"Isa. xlii. 2, 3"
tertullian,against_marcion,1Kgs,old_testament_or_other,Bible:1Kgs.19.12,1 Kings xix. 12
tertullian,against_marcion,Luke,new_testament,Bible:Luke.9.57-Luke.9.58,"Luke ix. 57, 58"
tertullian,against_marcion,Luke,new_testament,Bible:Luke.9.59-Luke.9.60,"Luke ix. 59, 60"
tertullian,against_marcion,Lev,old_testament_or_other,Bible:Lev.21.1,Lev. xxi. 1
tertullian,against_marcion,Num,old_testament_or_other,Bible:Num.6.6-Num.6.7,"Num. vi. 6, 7"
tertullian,against_marcion,Gen,old_testament_or_other,Bible:Gen.19.17,Gen. xix. 17
tertullian,against_marcion,Luke,new_testament,Bible:Luke.10 Bible:Luke.1,Luke x. i
tertullian,against_marcion,Exod,old_testament_or_other,Bible:Exod.15.27 Bible:Num.33.9,"Ex.
xv. 27 and Num. xxxiii. 9"
tertullian,against_marcion,Exod,old_testament_or_other,Bible:Exod.12.34-Exod.12.35,"Ex. xii. 34,
35"
tertullian,against_marcion,Luke,new_testament,Bible:Luke.10.4 Bible:Matt.10.10,"Luke x. 4, and Matt x. 10"
tertullian,against_marcion,Deut,old_testament_or_other,Bible:Deut.29.5,Deut. xxix. 5
tertullian,against_marcion,Luke,new_testament,Bible:Luke.10.4,Luke x. 4
tertullian,against_marcion,2Kgs,old_testament_or_other,Bible:2Kgs.4.29,2 Kings iv. 29
tertullian,against_marcion,Luke,new_testament,Bible:Luke.10.5,Luke x. 5
tertullian,against_marcion,2Kgs,old_testament_or_other,Bible:2Kgs.4.26,2 Kings iv. 26
tertullian,against_marcion,Luke,new_testament,Bible:Luke.10.7,Luke x. 7
tertullian,against_marcion,Luke,new_testament,Bible:Luke.10.9,Luke x. 9
tertullian,against_marcion,Luke,new_testament,Bible:Luke.10.11,Luke x. 11
tertullian,against_marcion,Deut,old_testament_or_other,Bible:Deut.23.3,Deut. xxiii. 3
tertullian,against_marcion,Luke,new_testament,Bible:Luke.10.16,Luke x. 16
tertullian,against_marcion,Num,old_testament_or_other,Bible:Num.14.27,Num. xiv. 27
tertullian,against_marcion,Luke,new_testament,Bible:Luke.10.19,Luke x. 19
tertullian,against_marcion,Isa,old_testament_or_other,Bible:Isa.11.8-Isa.11.9,"Isa. xi. 8, 9"
tertullian,against_marcion,Ps,old_testament_or_other,Bible:Ps.91.13,Ps. xci. 13
tertullian,against_marcion,Isa,old_testament_or_other,Bible:Isa.27.1,Isa. xxvii. 1
tertullian,against_marcion,Isa,old_testament_or_other,Bible:Isa.35.8-Isa.35.9,"Isa. xxxv. 8, 9"
tertullian,against_marcion,Isa,old_testament_or_other,Bible:Isa.35.3 Bible:Isa.35.5 Bible:Isa.35.6,"Isa. xxxv. 3, 5, 6"
tertullian,against_marcion,Luke,new_testament,Bible:Luke.10.21,Luke x. 21
tertullian,against_marcion,Rom,new_testament,Bible:Rom.1.20-Rom.1.23,Rom. i. 20–23
tertullian,against_marcion,Isa,old_testament_or_other,Bible:Isa.45.3,Isa. xlv. 3
tertullian,against_marcion,Isa,old_testament_or_other,Bible:Isa.44.25,Isa. xliv. 25
tertullian,against_marcion,Isa,old_testament_or_other,Bible:Isa.42.6 Bible:Isa.49.6,"Isa. xlii.
6 and xlix. 6"
tertullian,against_marcion,Luke,new_testament,Bible:Luke.10.22,Luke x. 22
tertullian,against_marcion,Ps,old_testament_or_other,Bible:Ps.2.8,Ps. ii. 8
tertullian,against_marcion,Isa,old_testament_or_other,Bible:Isa.1.3,Isa. i. 3
tertullian,against_marcion,Isa,old_testament_or_other,Bible:Isa.63.3,"Is.
lxiii. 3"
tertullian,against_marcion,Isa,old_testament_or_other,Bible:Isa.65.5,Isa. lxv. 5
tertullian,against_marcion,Isa,old_testament_or_other,Bible:Isa.40.15,Isa. xl. 15
tertullian,against_marcion,Isa,old_testament_or_other,Bible:Isa.63.3,Is. lxiii. 3
tertullian,against_marcion,Isa,old_testament_or_other,Bible:Isa.1.8,"Isa. i.
8"
tertullian,against_marcion,Luke,new_testament,Bible:Luke.10.23-Luke.10.24,"Luke x. 23, 24"
tertullian,against_marcion,Exod,old_testament_or_other,Bible:Exod.20.12 Bible:Deut.6.2,"Ex.
xx. 12 and Deut. vi. 2"
tertullian,against_marcion,Luke,new_testament,Bible:Luke.10.27,Luke x. 27
tertullian,against_marcion,Luke,new_testament,Bible:Luke.11.1,Luke xi. 1
tertullian,against_marcion,Luke,new_testament,Bible:Luke.11.2,Luke xi. 2
tertullian,against_marcion,Gen,old_testament_or_other,Bible:Gen.1.2,Gen. i. 2
tertullian,against_marcion,Luke,new_testament,Bible:Luke.11.3,Luke xi. 3
tertullian,against_marcion,Ps,old_testament_or_other,Bible:Ps.68.25,Ps. lxviii. 25
tertullian,against_marcion,Luke,new_testament,Bible:Luke.11.4,Luke xi. 4
tertullian,against_marcion,Luke,new_testament,Bible:Luke.11.9,Luke xi. 9
tertullian,against_marcion,Luke,new_testament,Bible:Luke.11.5-Luke.11.8,Luke xi. 5–8
tertullian,against_marcion,Luke,new_testament,Bible:Luke.11.8,Luke xi. 8
tertullian,against_marcion,Luke,new_testament,Bible:Luke.11.11-Luke.11.13,Luke xi. 11–13
tertullian,against_marcion,Luke,new_testament,Bible:Luke.11.14,Luke xi. 14
tertullian,against_marcion,Isa,old_testament_or_other,Bible:Isa.29.18,Isa. xxix. 18
tertullian,against_marcion,Luke,new_testament,Bible:Luke.11.19,Luke xi. 19
tertullian,against_marcion,Luke,new_testament,Bible:Luke.11.18,Luke xi. 18
tertullian,against_marcion,Luke,new_testament,Bible:Luke.11.20,Luke xi. 20
tertullian,against_marcion,Exod,old_testament_or_other,Bible:Exod.8.19,Ex. viii. 19
tertullian,against_marcion,Luke,new_testament,Bible:Luke.11.21-Luke.11.22,"Luke xi. 21, 22"
tertullian,against_marcion,Luke,new_testament,Bible:Luke.11.27-Luke.11.28,"Luke xi. 27, 28"
tertullian,against_marcion,Luke,new_testament,Bible:Luke.8.21,Luke viii. 21
tertullian,against_marcion,Luke,new_testament,Bible:Luke.11.29,Luke xi. 29
tertullian,against_marcion,Luke,new_testament,Bible:Luke.11.33,Luke xi. 33
tertullian,against_marcion,Luke,new_testament,Bible:Luke.6.28 Bible:Luke.11.37-Luke.11.52,"Luke
vi. 28, also xi. 37–52"
tertullian,against_marcion,Luke,new_testament,Bible:Luke.11.39,Luke xi. 39
tertullian,against_marcion,Matt,new_testament,Bible:Matt.9.13 Bible:Matt.12.7 Bible:Hos.8.6,"Matt. ix. 13, xii. 7; comp. Hos. viii.
6"
tertullian,against_marcion,Luke,new_testament,Bible:Luke.11.41,Luke xi. 41
tertullian,against_marcion,Luke,new_testament,Bible:Luke.11.42,Luke xi. 42
tertullian,against_marcion,Deut,old_testament_or_other,Bible:Deut.6.5,Deut. vi. 5
tertullian,against_marcion,Ps,old_testament_or_other,Bible:Ps.118.9,Ps. cxviii. 9
tertullian,against_marcion,Luke,new_testament,Bible:Luke.11.46,Luke xi. 46
tertullian,against_marcion,Isa,old_testament_or_other,Bible:Isa.5.5 Bible:Isa.5.23 Bible:Isa.10.2,"Isa. v.
5, 23, and x. 2"
tertullian,against_marcion,Isa,old_testament_or_other,Bible:Isa.28.14,Isa. xxviii. 14
tertullian,against_marcion,Isa,old_testament_or_other,Bible:Isa.3.3-Isa.3.4,"Isa. iii. 3, 4"
tertullian,against_marcion,Luke,new_testament,Bible:Luke.11.47,Luke xi. 47
tertullian,against_marcion,Luke,new_testament,Bible:Luke.11.52,Luke xi. 52
tertullian,against_marcion,Luke,new_testament,Bible:Luke.12.1-Luke.12.21,"Luke xii.
1–21"
tertullian,against_marcion,Luke,new_testament,Bible:Luke.12.2,Luke xii. 2
tertullian,against_marcion,Luke,new_testament,Bible:Luke.12.4,Luke xii. 4
tertullian,against_marcion,Luke,new_testament,Bible:Luke.12.5,Luke xii. 5
tertullian,against_marcion,Luke,new_testament,Bible:Luke.12.8,Luke xii. 8
tertullian,against_marcion,Luke,new_testament,Bible:Luke.12.9,Luke xii. 9
tertullian,against_marcion,Luke,new_testament,Bible:Luke.12.10,Luke xii. 10
tertullian,against_marcion,Luke,new_testament,Bible:Luke.12.11-Luke.12.12,"Luke xii. 11, 12"
tertullian,against_marcion,Num,old_testament_or_other,Bible:Num.22,Num. xxii.–xxiv
tertullian,against_marcion,Exod,old_testament_or_other,Bible:Exod.2.13-Exod.2.14,"Ex. ii. 13, 14"
tertullian,against_marcion,Luke,new_testament,Bible:Luke.12.13-Luke.12.14,"Luke xii. 13, 14"
tertullian,against_marcion,1Sam,old_testament_or_other,Bible:1Sam.2.8 Bible:Ps.113.7 Bible:Luke.1.52,"1 Sam. ii. 8 with Ps. cxiii. 7 and Luke i.
52"
tertullian,against_marcion,Luke,new_testament,Bible:Luke.12.16-Luke.12.20,Luke xii. 16–20
tertullian,against_marcion,Isa,old_testament_or_other,Bible:Isa.39,Isa. xxxix
tertullian,against_marcion,Luke,new_testament,Bible:Luke.12.22-Luke.12.28,Luke xii. 22–28
tertullian,against_marcion,Luke,new_testament,Bible:Luke.12.24-Luke.12.27,"Luke xii.
24–27"
tertullian,against_marcion,Luke,new_testament,Bible:Luke.12.28,Luke xii. 28
tertullian,against_marcion,Luke,new_testament,Bible:Luke.12.30,Luke xii. 30
tertullian,against_marcion,Luke,new_testament,Bible:Luke.12.35,Luke xii. 35
tertullian,against_marcion,Luke,new_testament,Bible:Luke.12.36,Luke xii. 36
tertullian,against_marcion,Luke,new_testament,Bible:Luke.12.39,Luke xii. 39
tertullian,against_marcion,Luke,new_testament,Bible:Luke.11.40,Luke xi. 40
tertullian,against_marcion,Luke,new_testament,Bible:Luke.12.41,Luke xii. 41
tertullian,against_marcion,Luke,new_testament,Bible:Luke.12.41-Luke.12.46,Luke xii. 41–46
tertullian,against_marcion,Luke,new_testament,Bible:Luke.12.49,Luke xii. 49
tertullian,against_marcion,Ps,old_testament_or_other,Bible:Ps.97.3,Ps. xcvii. 3
tertullian,against_marcion,Hos,old_testament_or_other,Bible:Hos.8.14,Hos. viii. 14
tertullian,against_marcion,Jer,old_testament_or_other,Bible:Jer.15.14,"Jer. xv.
14"
tertullian,against_marcion,Isa,old_testament_or_other,Bible:Isa.30.27 Bible:Isa.30.30,"Isa. xxx. 27,
30"
tertullian,against_marcion,Luke,new_testament,Bible:Luke.12.51,Luke xii. 51
tertullian,against_marcion,Luke,new_testament,Bible:Luke.12.53,Luke xii. 53
tertullian,against_marcion,Mic,old_testament_or_other,Bible:Mic.7.6,Mic. vii. 6
tertullian,against_marcion,Luke,new_testament,Bible:Luke.12.56,Luke xii. 56
tertullian,against_marcion,Luke,new_testament,Bible:Luke.12.57,Luke xii. 57
tertullian,against_marcion,Zech,old_testament_or_other,Bible:Zech.8.16,Zech. viii. 16
tertullian,against_marcion,Jer,old_testament_or_other,Bible:Jer.22.3,Jer. xxii. 3
tertullian,against_marcion,Isa,old_testament_or_other,Bible:Isa.5,chap. v
tertullian,against_marcion,Isa,old_testament_or_other,Bible:Isa.5.7,ver. 7
tertullian,against_marcion,Isa,old_testament_or_other,Bible:Isa.5.2,ver. 2
tertullian,against_marcion,Isa,old_testament_or_other,Bible:Isa.5.7,Isa. v. 7
tertullian,against_marcion,Luke,new_testament,Bible:Luke.12.58-Luke.12.59,"Luke xii. 58, 59"
tertullian,against_marcion,Luke,new_testament,Bible:Luke.13.15,Luke xiii. 15
tertullian,against_marcion,Luke,new_testament,Bible:Luke.13.28,Luke xiii. 28
tertullian,against_marcion,Luke,new_testament,Bible:Luke.13.20-Luke.13.21,"Luke xiii. 20, 21"
tertullian,against_marcion,Luke,new_testament,Bible:Luke.13.25,Luke xiii. 25
tertullian,against_marcion,Isa,old_testament_or_other,Bible:Isa.2.19,Isa. ii. 19
tertullian,against_marcion,Luke,new_testament,Bible:Luke.13.25-Luke.13.28,Luke xiii. 25–28
tertullian,against_marcion,Luke,new_testament,Bible:Luke.14.12-Luke.14.14,Luke xiv. 12–14
tertullian,against_marcion,Luke,new_testament,Bible:Luke.14.16,Luke xiv. 16
tertullian,against_marcion,Luke,new_testament,Bible:Luke.14.18,Luke xiv. 18
tertullian,against_marcion,Exod,old_testament_or_other,Bible:Exod.32.1,Ex. xxxii. 1
tertullian,against_marcion,Isa,old_testament_or_other,Bible:Isa.6.10,Isa. vi. 10
tertullian,against_marcion,Jer,old_testament_or_other,Bible:Jer.7.23,Jer. vii. 23
tertullian,against_marcion,Jer,old_testament_or_other,Bible:Jer.7.24,Jer. vii. 24
tertullian,against_marcion,Jer,old_testament_or_other,Bible:Jer.11.8,Jer. xi. 8
tertullian,against_marcion,Luke,new_testament,Bible:Luke.14.18-Luke.14.20,Luke xiv. 18–20
tertullian,against_marcion,Jer,old_testament_or_other,Bible:Jer.7.25 Bible:Jer.25.4 Bible:Jer.26.5 Bible:Jer.35.15 Bible:Jer.44.4,"Jer. vii. 25; also xxv. 4, xxvi. 5, xxxv. 15,
xliv. 4"
tertullian,against_marcion,Jer,old_testament_or_other,Bible:Jer.7.26,Jer. vii. 26
tertullian,against_marcion,Luke,new_testament,Bible:Luke.14.21,Luke xiv. 21
tertullian,against_marcion,Jer,old_testament_or_other,Bible:Jer.2.31,Jer. ii. 31
tertullian,against_marcion,Luke,new_testament,Bible:Luke.14.23,Luke xiv. 23
tertullian,against_marcion,Deut,old_testament_or_other,Bible:Deut.32.20-Deut.32.21,"Deut. xxxii. 20, 21"
tertullian,against_marcion,Isa,old_testament_or_other,Bible:Isa.1.8,Isa. i. 8
tertullian,against_marcion,Luke,new_testament,Bible:Luke.15.1-Luke.15.10,Luke xv. 1–10
tertullian,against_marcion,Luke,new_testament,Bible:Luke.16.13,Luke xvi. 13
tertullian,against_marcion,Ps,old_testament_or_other,Bible:Ps.103,Ps. ciii.
tertullian,against_marcion,Luke,new_testament,Bible:Luke.16.11,Luke xvi. 11
tertullian,against_marcion,Luke,new_testament,Bible:Luke.16.12,Luke xvi. 12
tertullian,against_marcion,Luke,new_testament,Bible:Luke.16.15,Luke xvi. 15
tertullian,against_marcion,Jer,old_testament_or_other,Bible:Jer.17.10,Jer. xvii. 10
tertullian,against_marcion,Jer,old_testament_or_other,Bible:Jer.20.12,Jer. xx. 12
tertullian,against_marcion,Isa,old_testament_or_other,Bible:Isa.2.12,Isa. ii. 12
tertullian,against_marcion,Luke,new_testament,Bible:Luke.16.16,Luke xvi. 16
tertullian,against_marcion,Luke,new_testament,Bible:Luke.16.17 Bible:Luke.21.23,"Luke
xvi. 17 and xxi. 23"
tertullian,against_marcion,Isa,old_testament_or_other,Bible:Isa.40.8,Isa. xl. 8
tertullian,against_marcion,Isa,old_testament_or_other,Bible:Isa.40.3,Isa. xl. 3
tertullian,against_marcion,Luke,new_testament,Bible:Luke.16.18,Luke xvi. 18
tertullian,against_marcion,Deut,old_testament_or_other,Bible:Deut.24.1,Deut. xxiv. 1
tertullian,against_marcion,Matt,new_testament,Bible:Matt.19.8,Matt. xix. 8
tertullian,against_marcion,Matt,new_testament,Bible:Matt.19.4 Bible:Matt.19.6,"Matt. xix. 4, 6"
tertullian,against_marcion,1Cor,new_testament,Bible:1Cor.6.15,1 Cor. vi. 15
tertullian,against_marcion,Matt,new_testament,Bible:Matt.5.32,Matt. v. 32
tertullian,against_marcion,Deut,old_testament_or_other,Bible:Deut.22.28-Deut.22.29,"Deut. xxii. 28, 29"
tertullian,against_marcion,Mal,old_testament_or_other,Bible:Mal.2.15,Mal. ii. 15
tertullian,against_marcion,Deut,old_testament_or_other,Bible:Deut.25.5-Deut.25.6,"Deut. xxv. 5, 6"
tertullian,against_marcion,Deut,old_testament_or_other,Bible:Deut.25.5,Deut. xxv. 5
tertullian,against_marcion,Luke,new_testament,Bible:Luke.16.19-Luke.16.31,Luke xvi. 19–31
tertullian,against_marcion,Luke,new_testament,Bible:Luke.16.29,Luke xvi. 29
tertullian,against_marcion,Luke,new_testament,Bible:Luke.16.23,Luke xvi. 23
tertullian,against_marcion,Heb,new_testament,Bible:Heb.2.2 Bible:Heb.10.35 Bible:Heb.11.26,Heb. ii. 2 with x. 35 and xi. 26
tertullian,against_marcion,Isa,old_testament_or_other,Bible:Isa.33.14-Isa.33.16,Isa. xxxiii. 14–16
tertullian,against_marcion,Luke,new_testament,Bible:Luke.9.35,"Luke ix.
35"
tertullian,against_marcion,Isa,old_testament_or_other,Bible:Isa.52.7 Bible:Isa.33.14 Bible:Amos.9.6,"Isa. lii. 7, xxxiii. 14 (Sept.), and Amos ix.
6"
tertullian,against_marcion,1Sam,old_testament_or_other,Bible:1Sam.2.6-1Sam.2.8 Bible:Ps.113.7 Bible:Luke.1.52,"1 Sam. ii. 6–8, Ps. cxiii. 7, and Luke i.
52"
tertullian,against_marcion,Luke,new_testament,Bible:Luke.17.1-Luke.17.2,"Luke xvii. 1, 2"
tertullian,against_marcion,Zech,old_testament_or_other,Bible:Zech.2.8,Zech. ii. 8
tertullian,against_marcion,Luke,new_testament,Bible:Luke.17.3,Luke xvii. 3
tertullian,against_marcion,Lev,old_testament_or_other,Bible:Lev.19.17,Lev. xix. 17
tertullian,against_marcion,Luke,new_testament,Bible:Luke.17.4,Luke xvii. 4
tertullian,against_marcion,Lev,old_testament_or_other,Bible:Lev.19.18,Lev. xix. 18
tertullian,against_marcion,Lev,old_testament_or_other,Bible:Lev.13 Bible:Lev.14,"Lev. xiii. and
xiv"
tertullian,against_marcion,Luke,new_testament,Bible:Luke.17.11-Luke.17.19,Luke xvii. 11–19
tertullian,against_marcion,Luke,new_testament,Bible:Luke.17.14,Luke xvii. 14
tertullian,against_marcion,Luke,new_testament,Bible:Luke.17.17,Luke xvii. 17
tertullian,against_marcion,1Kgs,old_testament_or_other,Bible:1Kgs.11.29-1Kgs.11.39 Bible:1Kgs.12.15,"1
Kings xi. 29–39 and xii. 15"
tertullian,against_marcion,John,new_testament,Bible:John.4.12 Bible:John.4.20,"John iv. 12, 20"
tertullian,against_marcion,Amos,old_testament_or_other,Bible:Amos.6.1,Amos vi. 1
tertullian,against_marcion,John,new_testament,Bible:John.4.22,John iv. 22
tertullian,against_marcion,Luke,new_testament,Bible:Luke.17.19,Luke xvii. 19
tertullian,against_marcion,Luke,new_testament,Bible:Luke.17.15,Luke xvii. 15
tertullian,against_marcion,Luke,new_testament,Bible:Luke.17.20-Luke.17.21,"Luke xvii. 20, 21"
tertullian,against_marcion,Deut,old_testament_or_other,Bible:Deut.30.11-Deut.30.13,Deut. xxx. 11–13
tertullian,against_marcion,Luke,new_testament,Bible:Luke.17.21,Luke xvii. 21
tertullian,against_marcion,Luke,new_testament,Bible:Luke.17.25,Luke xvii. 25
tertullian,against_marcion,Ps,old_testament_or_other,Bible:Ps.118.21,Ps. cxviii. 21
tertullian,against_marcion,Isa,old_testament_or_other,Bible:Isa.8.14 Bible:1Cor.10.4,Isa. viii. 14 and 1 Cor. x. 4
tertullian,against_marcion,Luke,new_testament,Bible:Luke.17.26-Luke.17.30,Luke xvii. 26–30
tertullian,against_marcion,Luke,new_testament,Bible:Luke.17.32,Luke xvii. 32
tertullian,against_marcion,Luke,new_testament,Bible:Luke.18.1-Luke.18.8,Luke xviii. 1–8
tertullian,against_marcion,Luke,new_testament,Bible:Luke.18.7-Luke.18.8,"Luke xviii. 7, 8"
tertullian,against_marcion,Luke,new_testament,Bible:Luke.18.10-Luke.18.14,Luke xviii. 10–14
tertullian,against_marcion,Luke,new_testament,Bible:Luke.18.19,Luke xviii. 19
tertullian,against_marcion,Luke,new_testament,Bible:Luke.18.18-Luke.18.20,Luke xviii. 18–20
tertullian,against_marcion,Luke,new_testament,Bible:Luke.18.21-Luke.18.22,"Luke xviii. 21, 22"
tertullian,against_marcion,Mic,old_testament_or_other,Bible:Mic.6.8,Mic. vi. 8
tertullian,against_marcion,Luke,new_testament,Bible:Luke.18.38,Luke xviii. 38
tertullian,against_marcion,Luke,new_testament,Bible:Luke.18.39,Luke xviii. 39
tertullian,against_marcion,Luke,new_testament,Bible:Luke.18.40,Luke xviii. 40
tertullian,against_marcion,Luke,new_testament,Bible:Luke.18.42,Luke xviii. 42
tertullian,against_marcion,2Sam,old_testament_or_other,Bible:2Sam.5.6-2Sam.5.8,2 Sam. v. 6–8
tertullian,against_marcion,2Sam,old_testament_or_other,Bible:2Sam.5.8,2 Sam. v. 8
tertullian,against_marcion,Luke,new_testament,Bible:Luke.19.9,Luke xix. 9
tertullian,against_marcion,Luke,new_testament,Bible:Luke.19.1-Luke.19.10,"Luke xix.
1–10"
tertullian,against_marcion,Luke,new_testament,Bible:Luke.19.8,Luke xix. 8
tertullian,against_marcion,Luke,new_testament,Bible:Luke.19.10,Luke xix. 10
tertullian,against_marcion,Luke,new_testament,Bible:Luke.19.22,Luke xix. 22
tertullian,against_marcion,Luke,new_testament,Bible:Luke.20.4,Luke xx. 4
tertullian,against_marcion,Luke,new_testament,Bible:Luke.20.6,Luke xx. 6
tertullian,against_marcion,Gen,old_testament_or_other,Bible:Gen.3.3,"Gen. iii.
3"
tertullian,against_marcion,Luke,new_testament,Bible:Luke.20.5,Luke xx. 5
tertullian,against_marcion,Luke,new_testament,Bible:Luke.20.8,Luke xx. 8
tertullian,against_marcion,Luke,new_testament,Bible:Luke.20.25,Luke xx. 25
tertullian,against_marcion,Luke,new_testament,Bible:Luke.20.27-Luke.20.33,Luke xx. 27–33
tertullian,against_marcion,Luke,new_testament,Bible:Luke.20.34,Luke xx. 34
tertullian,against_marcion,Luke,new_testament,Bible:Luke.20.35-Luke.20.36,"Luke xx. 35, 36"
tertullian,against_marcion,Luke,new_testament,Bible:Luke.20.33,Luke xx. 33
tertullian,against_marcion,Luke,new_testament,Bible:Luke.20.39,Luke xx. 39
tertullian,against_marcion,Luke,new_testament,Bible:Luke.20.41-Luke.20.44,Luke xx. 41–44
tertullian,against_marcion,Luke,new_testament,Bible:Luke.20.41,Luke xx. 41
tertullian,against_marcion,Luke,new_testament,Bible:Luke.21.8,Luke xxi. 8
tertullian,against_marcion,Luke,new_testament,Bible:Luke.21.9-Luke.21.11,Luke xxi. 9–11
tertullian,against_marcion,Luke,new_testament,Bible:Luke.21.9 Bible:Luke.21.22 Bible:Luke.21.28 Bible:Luke.21.31-Luke.21.33 Bible:Luke.21.35-Luke.21.36,"Luke xxi., verses 9, 22, 28,
31–33, 35, and 36"
tertullian,against_marcion,Luke,new_testament,Bible:Luke.21.12-Luke.21.13,"Verses 12,
13"
tertullian,against_marcion,Zech,old_testament_or_other,Bible:Zech.9.15-Zech.9.16,"Zech. ix. 15, 16"
tertullian,against_marcion,Eph,new_testament,Bible:Eph.2.20,Eph. ii. 20
tertullian,against_marcion,Luke,new_testament,Bible:Luke.21.12-Luke.21.14,Luke xxi. 12–14
tertullian,against_marcion,Exod,old_testament_or_other,Bible:Exod.4.10-Exod.4.12,Ex. iv. 10–12
tertullian,against_marcion,Isa,old_testament_or_other,Bible:Isa.44.5,Isa. xliv. 5
tertullian,against_marcion,Gen,old_testament_or_other,Bible:Gen.32.28,Gen. xxxii. 28
tertullian,against_marcion,Isa,old_testament_or_other,Bible:Isa.50.4,Isa. l. 4
tertullian,against_marcion,Luke,new_testament,Bible:Luke.21.16-Luke.21.17,"Luke xxi. 16, 17"
tertullian,against_marcion,Luke,new_testament,Bible:Luke.21.19 Bible:Matt.24.13,Luke xxi. 19 with Matt. xxiv. 13
tertullian,against_marcion,Ps,old_testament_or_other,Bible:Ps.9.18,Ps. ix. 18
tertullian,against_marcion,Luke,new_testament,Bible:Luke.21.20,Luke xxi. 20
tertullian,against_marcion,Luke,new_testament,Bible:Luke.21.25-Luke.21.26,"Luke xxi. 25, 26"
tertullian,against_marcion,Luke,new_testament,Bible:Luke.21.26,Luke xxi. 26
tertullian,against_marcion,Joel,old_testament_or_other,Bible:Joel.3.30-Joel.3.31,"Joel iii. 30, 31"
tertullian,against_marcion,Hab,old_testament_or_other,Bible:Hab.3.9-Hab.3.12,Hab. iii. 9–12
tertullian,against_marcion,Luke,new_testament,Bible:Luke.21.27-Luke.21.28,"Luke xxi. 27, 28"
tertullian,against_marcion,Luke,new_testament,Bible:Luke.21.31,Luke xxi. 31
tertullian,against_marcion,Dan,old_testament_or_other,Bible:Dan.7.14,Dan. vii. 14
tertullian,against_marcion,Luke,new_testament,Bible:Luke.19.12-Luke.19.13,"Luke xix. 12, 13"
tertullian,against_marcion,Hab,old_testament_or_other,Bible:Hab.3.13,Hab. iii. 13
tertullian,against_marcion,Luke,new_testament,Bible:Luke.21.7,Luke xxi. 7
tertullian,against_marcion,Luke,new_testament,Bible:Luke.21.33,Luke xxi. 33
tertullian,against_marcion,Luke,new_testament,Bible:Luke.21.29-Luke.21.31,Luke xxi. 29–31
tertullian,against_marcion,Luke,new_testament,Bible:Luke.21.34-Luke.21.35,"Luke xxi. 34, 35"
tertullian,against_marcion,Luke,new_testament,Bible:Luke.21.34-Luke.21.38,"Luke xxi.
34–38"
tertullian,against_marcion,Luke,new_testament,Bible:Luke.21.37,Luke xxi. 37
tertullian,against_marcion,Hos,old_testament_or_other,Bible:Hos.12.4,Hosea xii. 4
tertullian,against_marcion,Zech,old_testament_or_other,Bible:Zech.14.4,Zech. xiv. 4
tertullian,against_marcion,Luke,new_testament,Bible:Luke.21.38,Luke xxi. 38
tertullian,against_marcion,Luke,new_testament,Bible:Luke.22 Bible:Luke.1,Luke xxii. i
tertullian,against_marcion,Lev,old_testament_or_other,Bible:Lev.23.5,Lev. xxiii. 5
tertullian,against_marcion,Luke,new_testament,Bible:Luke.22.15,Luke xxii. 15
tertullian,against_marcion,Isa,old_testament_or_other,Bible:Isa.53.7,Isa. liii. 7
tertullian,against_marcion,Ps,old_testament_or_other,Bible:Ps.41.9,Ps. xli. 9
tertullian,against_marcion,Amos,old_testament_or_other,Bible:Amos.2.6,Amos ii. 6
tertullian,against_marcion,Zech,old_testament_or_other,Bible:Zech.11.12-Zech.11.13,Zech. xi. 12 and 13
tertullian,against_marcion,Jer,old_testament_or_other,Bible:Jer.32.7-Jer.32.15,"Jer. xxxii.
7–15"
tertullian,against_marcion,Matt,new_testament,Bible:Matt.27.3-Matt.27.10,"Matt. xxvii.
3–10"
tertullian,against_marcion,Matt,new_testament,Bible:Matt.27.9,ver. 9
tertullian,against_marcion,Luke,new_testament,Bible:Luke.22.19,Luke xxii. 19
tertullian,against_marcion,Luke,new_testament,Bible:Luke.22.20,Luke xxii. 20
tertullian,against_marcion,Isa,old_testament_or_other,Bible:Isa.63.1,Isa. lxiii. 1
tertullian,against_marcion,Gen,old_testament_or_other,Bible:Gen.49.11,Gen. xlix. 11
tertullian,against_marcion,Luke,new_testament,Bible:Luke.22.22,Luke xxii. 22
tertullian,against_marcion,Luke,new_testament,Bible:Luke.22.34 Bible:Luke.22.54-Luke.22.62,"Luke
xxii. 34 and 54–62"
tertullian,against_marcion,Luke,new_testament,Bible:Luke.22.47-Luke.22.49,Luke xxii. 47–49
tertullian,against_marcion,Luke,new_testament,Bible:Luke.22.66-Luke.22.67,"Luke xxii. 66, 67"
tertullian,against_marcion,Luke,new_testament,Bible:Luke.22.67,Luke xxii. 67
tertullian,against_marcion,Luke,new_testament,Bible:Luke.22.69,Luke xxii. 69
tertullian,against_marcion,Ps,old_testament_or_other,Bible:Ps.110.1,Ps. cx. 1
tertullian,against_marcion,Luke,new_testament,Bible:Luke.22.70,Luke xxii. 70
tertullian,against_marcion,Luke,new_testament,Bible:Luke.22.71,Luke xxii. 71
tertullian,against_marcion,Luke,new_testament,Bible:Luke.23.1-Luke.23.2,"Luke xxiii. 1, 2"
tertullian,against_marcion,Luke,new_testament,Bible:Luke.23.3,Luke xxiii. 3
tertullian,against_marcion,Isa,old_testament_or_other,Bible:Isa.3.13-Isa.3.14,"Isa. iii. 13, 14"
tertullian,against_marcion,Ps,old_testament_or_other,Bible:Ps.2.1-Ps.2.2,"Ps. ii. 1, 2"
tertullian,against_marcion,Luke,new_testament,Bible:Luke.23.7,Luke xxiii. 7
tertullian,against_marcion,Hos,old_testament_or_other,Bible:Hos.10.6,Hos. x. 6
tertullian,against_marcion,Luke,new_testament,Bible:Luke.23.8-Luke.23.9,"Luke xxiii. 8, 9"
tertullian,against_marcion,Ps,old_testament_or_other,Bible:Ps.22.15,Ps. xxii. 15
tertullian,against_marcion,Luke,new_testament,Bible:Luke.23.25,Luke xxiii. 25
tertullian,against_marcion,Luke,new_testament,Bible:Luke.23.33 Bible:Isa.53.12,Luke xxiii. 33 with Isa. liii. 12
tertullian,against_marcion,Ps,old_testament_or_other,Bible:Ps.22.18,Ps. xxii. 18
tertullian,against_marcion,Ps,old_testament_or_other,Bible:Ps.22.16 Bible:Ps.22.7 Bible:Ps.22.8,"Ps. xxii. 16, 7, 8"
tertullian,against_marcion,Josh,old_testament_or_other,Bible:Josh.10.13,Josh. x. 13
tertullian,against_marcion,Isa,old_testament_or_other,Bible:Isa.50.3,Isa. l. 3
tertullian,against_marcion,Amos,old_testament_or_other,Bible:Amos.8.9,Amos viii. 9
tertullian,against_marcion,Luke,new_testament,Bible:Luke.23.45,Luke xxiii. 45
tertullian,against_marcion,Ezek,old_testament_or_other,Bible:Ezek.11.22-Ezek.11.23,"Ezek. xi. 22, 23"
tertullian,against_marcion,Ps,old_testament_or_other,Bible:Ps.30,Psalm xxx.
tertullian,against_marcion,Luke,new_testament,Bible:Luke.23.46 Bible:Ps.31.5,"Luke
xxiii. 46 with Ps. xxxi. 5"
tertullian,against_marcion,Luke,new_testament,Bible:Luke.23.46,Luke xxiii. 46
tertullian,against_marcion,Luke,new_testament,Bible:Luke.23.46,"verse
46"
tertullian,against_marcion,Luke,new_testament,Bible:Luke.23.47-Luke.23.55,"Luke xxiii.
47–55"
tertullian,against_marcion,Luke,new_testament,Bible:Luke.23.51,Luke xxiii. 51
tertullian,against_marcion,Luke,new_testament,Bible:Luke.24.1,Luke xxiv. 1
tertullian,against_marcion,Hos,old_testament_or_other,Bible:Hos.5.15 Bible:Hos.6.1-Hos.6.2,"Hos. v.
15 and vi. 1, 2"
tertullian,against_marcion,Luke,new_testament,Bible:Luke.24.3,Luke xxiv. 3
tertullian,against_marcion,Isa,old_testament_or_other,Bible:Isa.57.2,Isa. lvii. 2
tertullian,against_marcion,Luke,new_testament,Bible:Luke.24.4,Luke xxiv. 4
tertullian,against_marcion,Deut,old_testament_or_other,Bible:Deut.17.6 Bible:Deut.19.15 Bible:Matt.18.16 Bible:2Cor.13.1,"Deut. xvii. 6, xix. 15, compared with Matt.
xviii. 16 and 2 Cor. xiii. 1"
tertullian,against_marcion,Isa,old_testament_or_other,Bible:Isa.27.11,Isa. xxvii. 11
tertullian,against_marcion,Luke,new_testament,Bible:Luke.24.13-Luke.24.19,Luke xxiv. 13–19
tertullian,against_marcion,Luke,new_testament,Bible:Luke.24.21,Luke xxiv. 21
tertullian,against_marcion,Luke,new_testament,Bible:Luke.24.25,Luke xxiv. 25
tertullian,against_marcion,Luke,new_testament,Bible:Luke.24.6-Luke.24.7,"Luke xxiv. 6, 7"
tertullian,against_marcion,Luke,new_testament,Bible:Luke.24.37-Luke.24.39,Luke xxiv. 37–39
tertullian,against_marcion,Luke,new_testament,Bible:Luke.24.39,Luke xxiv. 39
tertullian,against_marcion,Luke,new_testament,Bible:Luke.24.41,Luke xxiv. 41
tertullian,against_marcion,Luke,new_testament,Bible:Luke.24.47 Bible:Matt.28.19,Luke xxiv. 47 and Matt. xxviii. 19
tertullian,against_marcion,Ps,old_testament_or_other,Bible:Ps.19.4,Ps. xix. 4
tertullian,against_marcion,Luke,new_testament,Bible:Luke.1 Bible:Luke.2,Chaps. i. and ii
tertullian,against_marcion,Luke,new_testament,Bible:Luke.3.1,"iii.
1"
tertullian,against_marcion,Luke,new_testament,Bible:Luke.3.1-Luke.3.2,"vers. 1, 2"
tertullian,against_marcion,Luke,new_testament,Bible:Luke.4.31,chap. iv. 31
tertullian,against_marcion,Luke,new_testament,Bible:Luke.4,chap. iv
tertullian,against_marcion,Luke,new_testament,Bible:Luke.4.30,"ver.
30"
tertullian,against_marcion,Luke,new_testament,Bible:Luke.8.19,chap. viii. 19
tertullian,against_marcion,Matt,new_testament,Bible:Matt.12.48,"St. Matthew, chap. xii. 48"
tertullian,against_marcion,Matt,new_testament,Bible:Matt.5.17 Bible:Matt.15.24,"Matthew
v. 17 and xv. 24"
tertullian,against_marcion,Luke,new_testament,Bible:Luke.11.29,chap. xi. 29
tertullian,against_marcion,Luke,new_testament,Bible:Luke.11.30-Luke.11.32,"30th, 31st,
and 32d"
tertullian,against_marcion,Luke,new_testament,Bible:Luke.11.42,"ver.
42"
tertullian,against_marcion,Luke,new_testament,Bible:Luke.11.49-Luke.11.51,"49, 50, 51"
tertullian,against_marcion,Luke,new_testament,Bible:Luke.12.6,chap. xii. 6
tertullian,against_marcion,Luke,new_testament,Bible:Luke.12.8,"ver.
8"
tertullian,against_marcion,Luke,new_testament,Bible:Luke.12.28,28th verse
tertullian,against_marcion,Luke,new_testament,Bible:Luke.12.30 Bible:Luke.12.32,verses 30 and 32
tertullian,against_marcion,Luke,new_testament,Bible:Luke.12.38,"ver.
38"
tertullian,against_marcion,Luke,new_testament,Bible:Luke.13,"chap.
xiii"
tertullian,against_marcion,Luke,new_testament,Bible:Luke.13.1-Luke.13.5,first five verses
tertullian,against_marcion,Luke,new_testament,Bible:Luke.13.28,"28th
verse"
tertullian,against_marcion,Luke,new_testament,Bible:Luke.13.29-Luke.13.35,"remaining
verses of this chapter"
tertullian,against_marcion,Luke,new_testament,Bible:Luke.15.11-Luke.15.31,chap. xv. after the 10th verse
tertullian,against_marcion,Luke,new_testament,Bible:Luke.17.10,"xvii.
10"
tertullian,against_marcion,Luke,new_testament,Bible:Luke.17.12-Luke.17.14,"ver. 12, all of ver. 13, and altered ver.
14"
tertullian,against_marcion,Luke,new_testament,Bible:Luke.4.27,chap. iv. 27
tertullian,against_marcion,Luke,new_testament,Bible:Luke.18.19,chap. xviii. 19
tertullian,against_marcion,Luke,new_testament,Bible:Luke.18.20,"ver.
20"
tertullian,against_marcion,Luke,new_testament,Bible:Luke.18.31-Luke.18.33,verses 31–33
tertullian,against_marcion,Luke,new_testament,Bible:Luke.19.27-Luke.19.47,"end of ver. 27 to the beginning of ver.
47"
tertullian,against_marcion,Luke,new_testament,Bible:Luke.20.8-Luke.20.18,"end of ver. 8
to the end of ver. 18"
tertullian,against_marcion,Luke,new_testament,Bible:Luke.20.37-Luke.20.38,verses 37 and 38
tertullian,against_marcion,Luke,new_testament,Bible:Luke.21.1-Luke.21.22,"chap. xxi. the first eighteen verses, as well
as verses 21 and 22"
tertullian,against_marcion,Luke,new_testament,Bible:Luke.20.16,xx. 16
tertullian,against_marcion,Luke,new_testament,Bible:Luke.20.35-Luke.20.37 Bible:Luke.20.50-Luke.20.51,"verses 35–37, 50,
and 51"
tertullian,against_marcion,Luke,new_testament,Bible:Luke.20.38 Bible:Luke.20.49,vers. 38 and 49
tertullian,against_marcion,Luke,new_testament,Bible:Luke.23.2,chap. xxiii. 2
tertullian,against_marcion,Luke,new_testament,Bible:Luke.23.43,ver. 43
tertullian,against_marcion,Luke,new_testament,Bible:Luke.24,chap. xxiv
tertullian,against_marcion,Luke,new_testament,Bible:Luke.24.26-Luke.24.27,verses 26 and 27
tertullian,against_marcion,Luke,new_testament,Bible:Luke.24.25,ver. 25
tertullian,against_marcion,Matt,new_testament,Bible:Matt.27.35,Matthew xxvii. 35
tertullian,against_marcion,1John,new_testament,Bible:1John.5.16-1John.5.17,"1 John v.
16–17"
tertullian,against_marcion,1Cor,new_testament,Bible:1Cor.5.4-1Cor.5.5,"1 Cor. v.
4–5"
tertullian,against_marcion,Matt,new_testament,Bible:Matt.18.15,"Matt. xviii.
15"
tertullian,against_marcion,Jas,new_testament,Bible:Jas.5.16,James v. 16
tertullian,against_marcion,Matt,new_testament,Bible:Matt.6.12,"Matt. vi.
12"
tertullian,against_marcion,Rom,new_testament,Bible:Rom.13.4,Rom. xiii. 4
tertullian,against_marcion,2Kgs,old_testament_or_other,Bible:2Kgs.10.29-2Kgs.10.31,2 Kings x. 29–31
tertullian,against_marcion,John,new_testament,Bible:John.3.30,John iii. 30
tertullian,against_marcion,John,new_testament,Bible:John.2.4,John ii. 4
tertullian,against_marcion,Ps,old_testament_or_other,Bible:Ps.106.33,Psalm cvi. 33
tertullian,against_marcion,Gen,old_testament_or_other,Bible:Gen.47.20,Gen. xlvii. 20
tertullian,against_marcion,Deut,old_testament_or_other,Bible:Deut.33.9,"Deut.
xxxiii. 9"
tertullian,against_marcion,Luke,new_testament,Bible:Luke.14.26-Luke.14.27,Luke xiv. 26–27
tertullian,against_marcion,Matt,new_testament,Bible:Matt.10.37-Matt.10.38,"Matt. x.
37–38"
tertullian,against_marcion,Luke,new_testament,Bible:Luke.3.49,"Luke iii.
49"
tertullian,against_marcion,John,new_testament,Bible:John.2.4,"John ii.
4"
tertullian,against_marcion,Luke,new_testament,Bible:Luke.1.47-Luke.1.48,"Luke
i. 47–48"
tertullian,against_marcion,1Cor,new_testament,Bible:1Cor.14,1 Cor. xiv
tertullian,against_marcion,1Pet,new_testament,Bible:1Pet.3.19,1 Peter iii. 19
tertullian,against_marcion,Isa,old_testament_or_other,Bible:Isa.63.3,Isaiah lxiii. 3
tertullian,against_marcion,Acts,new_testament,Bible:Acts.9.3-Acts.9.8,Acts ix. 3–8
tertullian,against_marcion,Gal,new_testament,Bible:Gal.1.1,Gal. i. 1
tertullian,against_marcion,Gen,old_testament_or_other,Bible:Gen.49.27,Gen. xlix. 27
tertullian,against_marcion,Gal,new_testament,Bible:Gal.1,"Gal.
i.–ii"
tertullian,against_marcion,Isa,old_testament_or_other,Bible:Isa.43.18-Isa.43.19 Bible:Isa.65.17 Bible:2Cor.5.17,"Isa. xliii. 18, 19, and lxv. 17, with 2 Cor. v.
17"
tertullian,against_marcion,Gal,new_testament,Bible:Gal.1.6-Gal.1.7,"Gal. i. 6, 7"
tertullian,against_marcion,Gal,new_testament,Bible:Gal.1.7,Gal. i. 7
tertullian,against_marcion,Isa,old_testament_or_other,Bible:Isa.52.7,Isa. lii. 7
tertullian,against_marcion,Isa,old_testament_or_other,Bible:Isa.42.4,Isa. xlii. 4
tertullian,against_marcion,Matt,new_testament,Bible:Matt.12.21,"chap. xii, ver. 21"
tertullian,against_marcion,Isa,old_testament_or_other,Bible:Isa.42.6,Isa. xlii. 6
tertullian,against_marcion,Gal,new_testament,Bible:Gal.1.11-Gal.1.24 Bible:Acts.15.5-Acts.15.29,"Gal. i. 11–24, compared with Acts xv.
5–29"
tertullian,against_marcion,Gal,new_testament,Bible:Gal.2.1-Gal.2.2,"Gal. ii. 1, 2"
tertullian,against_marcion,Gal,new_testament,Bible:Gal.2.3,Gal. ii. 3
tertullian,against_marcion,Gal,new_testament,Bible:Gal.2.4,Gal. ii. 4
tertullian,against_marcion,Gal,new_testament,Bible:Gal.2.4-Gal.2.5,"Gal. ii. 4, 5"
tertullian,against_marcion,Gal,new_testament,Bible:Gal.2.3-Gal.2.4,"Gal. ii. 3, 4"
tertullian,against_marcion,Gal,new_testament,Bible:Gal.2.9-Gal.2.10,"Gal. ii. 9, 10"
tertullian,against_marcion,Acts,new_testament,Bible:Acts.16.3,Acts xvi. 3
tertullian,against_marcion,Acts,new_testament,Bible:Acts.21.23-Acts.21.26,Acts xxi. 23–26
tertullian,against_marcion,1Cor,new_testament,Bible:1Cor.9.20 Bible:1Cor.9.22,"1 Cor. ix. 20, 22"
tertullian,against_marcion,Gal,new_testament,Bible:Gal.2.9,Gal. ii. 9
tertullian,against_marcion,Gal,new_testament,Bible:Gal.2.10,Gal. ii. 10
tertullian,against_marcion,Gal,new_testament,Bible:Gal.2.12 Bible:Gal.2.14,"Gal. ii. 12; or, <i>living</i>, see ver.
14"
tertullian,against_marcion,Gal,new_testament,Bible:Gal.2.12,Gal. ii. 12
tertullian,against_marcion,Gal,new_testament,Bible:Gal.2.16,Gal. ii. 16
tertullian,against_marcion,Gal,new_testament,Bible:Gal.2.18,Gal. ii. 18
tertullian,against_marcion,Luke,new_testament,Bible:Luke.3.4-Luke.3.5,"Luke iii. 4, 5"
tertullian,against_marcion,Ps,old_testament_or_other,Bible:Ps.2.3,Ps. ii. 3
tertullian,against_marcion,Gal,new_testament,Bible:Gal.2.16 Bible:Gal.3.11,"Gal. ii.
16 and iii. 11"
tertullian,against_marcion,Deut,old_testament_or_other,Bible:Deut.11.26,Deut. xi. 26
tertullian,against_marcion,Gal,new_testament,Bible:Gal.3.13,Gal. iii. 13
tertullian,against_marcion,Deut,old_testament_or_other,Bible:Deut.21.23,"Deut.
xxi. 23"
tertullian,against_marcion,Gal,new_testament,Bible:Gal.3.26,Gal. iii. 26
tertullian,against_marcion,Gal,new_testament,Bible:Gal.3.7 Bible:Gal.3.9 Bible:Gal.3.29,"Gal. iii. 7, 9, 29"
tertullian,against_marcion,Gal,new_testament,Bible:Gal.3.6,Gal. iii. 6
tertullian,against_marcion,Rom,new_testament,Bible:Rom.4.11,Rom. iv. 11
tertullian,against_marcion,Gal,new_testament,Bible:Gal.3.15 Bible:Gal.4.3,Gal. iii. 15 and iv. 3
tertullian,against_marcion,Gal,new_testament,Bible:Gal.3.15-Gal.4.3,"ver. 15, and the beginning of chap. iv.,
until you come to the word <span class=""Greek"" id=""v.iv.vi.iv-p3.4"" lang=""EL"">ὅτε</span> in
ver. 3"
tertullian,against_marcion,Gal,new_testament,Bible:Gal.3.6-Gal.3.8,"vers. 6, 7, 8"
tertullian,against_marcion,Gal,new_testament,Bible:Gal.3.9,ver. 9
tertullian,against_marcion,Gal,new_testament,Bible:Gal.3.15,Gal. iii. 15
tertullian,against_marcion,Gal,new_testament,Bible:Gal.4.3,Gal. iv. 3
tertullian,against_marcion,Gal,new_testament,Bible:Gal.3.16,Gal. iii. 16
tertullian,against_marcion,Gal,new_testament,Bible:Gal.3,chap. iii
tertullian,against_marcion,Gal,new_testament,Bible:Gal.4,"chap.
iv"
tertullian,against_marcion,Gal,new_testament,Bible:Gal.4.4,Gal. iv. 4
tertullian,against_marcion,Isa,old_testament_or_other,Bible:Isa.2.2,Isa. ii. 2
tertullian,against_marcion,Joel,old_testament_or_other,Bible:Joel.3.28,Joel iii. 28
tertullian,against_marcion,Acts,new_testament,Bible:Acts.2.17,Acts ii. 17
tertullian,against_marcion,Gal,new_testament,Bible:Gal.4.5,Gal. iv. 5
tertullian,against_marcion,Isa,old_testament_or_other,Bible:Isa.40.4,Isa. xl. 4
tertullian,against_marcion,Isa,old_testament_or_other,Bible:Isa.42.4 Bible:Isa.42.6,"Isa. xlii. 4, 6"
tertullian,against_marcion,Gal,new_testament,Bible:Gal.4.6,Gal. iv. 6
tertullian,against_marcion,Gal,new_testament,Bible:Gal.4.9,Gal. iv. 9
tertullian,against_marcion,Gal,new_testament,Bible:Gal.4.8,Gal. iv. 8
tertullian,against_marcion,Gal,new_testament,Bible:Gal.4.10,Gal. iv. 10
tertullian,against_marcion,John,new_testament,Bible:John.19.31,"John xix.
31"
tertullian,against_marcion,John,new_testament,Bible:John.19.31,John xix. 31
tertullian,against_marcion,Amos,old_testament_or_other,Bible:Amos.5.21,Amos v. 21
tertullian,against_marcion,Gal,new_testament,Bible:Gal.4.21-Gal.4.26 Bible:Gal.4.31,"Gal. iv. 21–26, 31"
tertullian,against_marcion,Gal,new_testament,Bible:Gal.5.1,Gal. v. 1
tertullian,against_marcion,Ps,old_testament_or_other,Bible:Ps.2.3 Bible:Ps.2.2,"Ps. ii. 3, 2"
tertullian,against_marcion,Deut,old_testament_or_other,Bible:Deut.10.16,Deut. x. 16
tertullian,against_marcion,Gal,new_testament,Bible:Gal.5.6,Gal. v. 6
tertullian,against_marcion,Gal,new_testament,Bible:Gal.5.10,Gal. v. 10
tertullian,against_marcion,Gal,new_testament,Bible:Gal.5.14,Gal. v. 14
tertullian,against_marcion,Gal,new_testament,Bible:Gal.6.2,Gal. vi. 2
tertullian,against_marcion,Gal,new_testament,Bible:Gal.6.7,Gal. vi. 7
tertullian,against_marcion,Gal,new_testament,Bible:Gal.6.9,Gal. vi. 9
tertullian,against_marcion,Gal,new_testament,Bible:Gal.6.10,Gal. vi. 10
tertullian,against_marcion,Eccl,old_testament_or_other,Bible:Eccl.3.17,Eccles. iii. 17
tertullian,against_marcion,Gal,new_testament,Bible:Gal.6.14,Gal. vi. 14
tertullian,against_marcion,Gal,new_testament,Bible:Gal.6.17,Gal. vi. 17
tertullian,against_marcion,1Cor,new_testament,Bible:1Cor.1.3,1 Cor. i. 3
tertullian,against_marcion,1Cor,new_testament,Bible:1Cor.1.18,1 Cor. i. 18
tertullian,against_marcion,1Cor,new_testament,Bible:1Cor.1.19 Bible:Isa.29.14,"1
Cor. i. 19, from Isa. xxix. 14"
tertullian,against_marcion,1Cor,new_testament,Bible:1Cor.1.20,1 Cor. i. 20
tertullian,against_marcion,1Cor,new_testament,Bible:1Cor.1.22,1 Cor. i. 22
tertullian,against_marcion,1Cor,new_testament,Bible:1Cor.1.23,1 Cor. i. 23
tertullian,against_marcion,Isa,old_testament_or_other,Bible:Isa.28.16,Isa. xxviii. 16
tertullian,against_marcion,Luke,new_testament,Bible:Luke.2.34,Luke ii. 34
tertullian,against_marcion,1Cor,new_testament,Bible:1Cor.1.27,1 Cor. i. 27
tertullian,against_marcion,Lev,old_testament_or_other,Bible:Lev.15,Lev. xv
tertullian,against_marcion,Lev,old_testament_or_other,Bible:Lev.13.2-Lev.13.6,Lev. xiii. 2–6
tertullian,against_marcion,1Cor,new_testament,Bible:1Cor.1.29 Bible:1Cor.1.31,"1 Cor. i. 29, 31"
tertullian,against_marcion,Jer,old_testament_or_other,Bible:Jer.9.23-Jer.9.24,"Jeremiah,
chap. ix. 23, 24"
tertullian,against_marcion,1Cor,new_testament,Bible:1Cor.2.6-1Cor.2.7,"1 Cor. ii. 6, 7"
tertullian,against_marcion,1Cor,new_testament,Bible:1Cor.2.7,1 Cor. ii. 7
tertullian,against_marcion,1Cor,new_testament,Bible:1Cor.2.8,1 Cor. ii. 8
tertullian,against_marcion,Matt,new_testament,Bible:Matt.4.1-Matt.4.11,Matt. iv. 1–11
tertullian,against_marcion,Luke,new_testament,Bible:Luke.4.34,Luke iv. 34
tertullian,against_marcion,Luke,new_testament,Bible:Luke.22.3,Luke xxii. 3
tertullian,against_marcion,Isa,old_testament_or_other,Bible:Isa.40.13,Isa. xl. 13
tertullian,against_marcion,1Cor,new_testament,Bible:1Cor.3.10,1 Cor. iii. 10
tertullian,against_marcion,Isa,old_testament_or_other,Bible:Isa.3.3,Isa. iii. 3
tertullian,against_marcion,1Cor,new_testament,Bible:1Cor.3.11,1 Cor. iii. 11
tertullian,against_marcion,1Cor,new_testament,Bible:1Cor.1.12-1Cor.1.15,1 Cor. i. 12–15
tertullian,against_marcion,1Cor,new_testament,Bible:1Cor.3.16,1 Cor. iii. 16
tertullian,against_marcion,1Cor,new_testament,Bible:1Cor.3.17,1 Cor. iii. 17
tertullian,against_marcion,1Cor,new_testament,Bible:1Cor.3.18,1 Cor. iii. 18
tertullian,against_marcion,1Cor,new_testament,Bible:1Cor.3.19,1 Cor. iii. 19
tertullian,against_marcion,1Cor,new_testament,Bible:1Cor.3.19-1Cor.3.20 Bible:Job.5.13 Bible:Ps.94.11,"1 Cor. iii. 19, 20; Job v. 13; Ps. xciv.
11"
tertullian,against_marcion,1Cor,new_testament,Bible:1Cor.3.21,1 Cor. iii. 21
tertullian,against_marcion,Ps,old_testament_or_other,Bible:Ps.118.8,Ps. cxviii. 8
tertullian,against_marcion,1Cor,new_testament,Bible:1Cor.4.5,1 Cor. iv. 5
tertullian,against_marcion,Ps,old_testament_or_other,Bible:Ps.7.9,Ps. vii. 9
tertullian,against_marcion,1Cor,new_testament,Bible:1Cor.4.9,1 Cor. iv. 9
tertullian,against_marcion,Lev,old_testament_or_other,Bible:Lev.18.8,Lev. xviii. 8
tertullian,against_marcion,1Cor,new_testament,Bible:1Cor.5.1,1 Cor. v. 1
tertullian,against_marcion,1Cor,new_testament,Bible:1Cor.5.5,1 Cor. v. 5
tertullian,against_marcion,1Cor,new_testament,Bible:1Cor.5.13,1 Cor. v. 13
tertullian,against_marcion,1Cor,new_testament,Bible:1Cor.5.7,1 Cor. v. 7
tertullian,against_marcion,Exod,old_testament_or_other,Bible:Exod.12,Ex. xii
tertullian,against_marcion,1Cor,new_testament,Bible:1Cor.6.13,1 Cor. vi. 13
tertullian,against_marcion,1Cor,new_testament,Bible:1Cor.6.14,1 Cor. vi. 14
tertullian,against_marcion,1Cor,new_testament,Bible:1Cor.6.20,1 Cor. vi. 20
tertullian,against_marcion,1Cor,new_testament,Bible:1Cor.7.7-1Cor.7.8,"1 Cor. vii. 7, 8"
tertullian,against_marcion,1Cor,new_testament,Bible:1Cor.7.9 Bible:1Cor.7.13 Bible:1Cor.7.14,"1 Cor. vii. 9, 13, 14"
tertullian,against_marcion,1Cor,new_testament,Bible:1Cor.7.27,1 Cor. vii. 27
tertullian,against_marcion,1Cor,new_testament,Bible:1Cor.7.10,1 Cor. vii. 10
tertullian,against_marcion,1Cor,new_testament,Bible:1Cor.7.10-1Cor.7.11,"1 Cor. vii. 10, 11"
tertullian,against_marcion,1Cor,new_testament,Bible:1Cor.7.39,1 Cor. vii. 39
tertullian,against_marcion,1Cor,new_testament,Bible:1Cor.8.4,1 Cor. viii. 4
tertullian,against_marcion,1Cor,new_testament,Bible:1Cor.8.6,1 Cor. viii. 6
tertullian,against_marcion,1Cor,new_testament,Bible:1Cor.3.21-1Cor.3.22,"1 Cor. iii. 21, 22"
tertullian,against_marcion,1Cor,new_testament,Bible:1Cor.3.23,1 Cor. iii. 23
tertullian,against_marcion,1Cor,new_testament,Bible:1Cor.9.13,1 Cor. ix. 13
tertullian,against_marcion,1Cor,new_testament,Bible:1Cor.9.7,1 Cor. ix. 7
tertullian,against_marcion,1Cor,new_testament,Bible:1Cor.9.9 Bible:Deut.25.4,"1
Cor. ix. 9 and Deut. xxv. 4"
tertullian,against_marcion,1Cor,new_testament,Bible:1Cor.11.10,1 Cor. xi. 10
tertullian,against_marcion,1Cor,new_testament,Bible:1Cor.9.13-1Cor.9.14 Bible:Deut.18.1-Deut.18.2,"1 Cor. ix. 13, 14, with Deut. xviii. 1,
2"
tertullian,against_marcion,1Cor,new_testament,Bible:1Cor.9.15,1 Cor. ix. 15
tertullian,against_marcion,1Cor,new_testament,Bible:1Cor.10.6,1 Cor. x. 6
tertullian,against_marcion,1Cor,new_testament,Bible:1Cor.10.7-1Cor.10.10,1 Cor. x. 7–10
tertullian,against_marcion,1Cor,new_testament,Bible:1Cor.10.11,1 Cor. x. 11
tertullian,against_marcion,1Cor,new_testament,Bible:1Cor.10.25-1Cor.10.27,1 Cor. x. 25–27
tertullian,against_marcion,1Cor,new_testament,Bible:1Cor.11.3,1 Cor. xi. 3
tertullian,against_marcion,1Cor,new_testament,Bible:1Cor.11.7,1 Cor. xi. 7
tertullian,against_marcion,1Cor,new_testament,Bible:1Cor.11.9,1 Cor. xi. 9
tertullian,against_marcion,Gen,old_testament_or_other,Bible:Gen.6.1-Gen.6.4,Gen. vi. 1–4
tertullian,against_marcion,1Cor,new_testament,Bible:1Cor.11.18-1Cor.11.19,"1 Cor. xi. 18, 19"
tertullian,against_marcion,Luke,new_testament,Bible:Luke.22.15-Luke.22.20 Bible:1Cor.11.23-1Cor.11.29,"Luke xxii. 15–20 and 1 Cor. xi.
23–29"
tertullian,against_marcion,1Cor,new_testament,Bible:1Cor.12.1,1 Cor. xii. 1
tertullian,against_marcion,Isa,old_testament_or_other,Bible:Isa.11.1-Isa.11.3,Isa. xi. 1–3
tertullian,against_marcion,Isa,old_testament_or_other,Bible:Isa.3.2-Isa.3.3,"Isa. iii. 2, 3"
tertullian,against_marcion,1Cor,new_testament,Bible:1Cor.12.4-1Cor.12.11 Bible:Eph.4.8 Bible:Ps.68.18,"1 Cor. xii. 4–11; Eph. iv. 8, and Ps.
lxviii. 18"
tertullian,against_marcion,1Cor,new_testament,Bible:1Cor.4.15,1 Cor. iv. 15
tertullian,against_marcion,Gal,new_testament,Bible:Gal.4.19,Gal. iv. 19
tertullian,against_marcion,Joel,old_testament_or_other,Bible:Joel.2.28-Joel.2.29,"Joel ii. 28, 29"
tertullian,against_marcion,Acts,new_testament,Bible:Acts.2.17-Acts.2.18,"Acts ii. 17, 18"
tertullian,against_marcion,1Cor,new_testament,Bible:1Cor.12.8-1Cor.12.11 Bible:Isa.11.1-Isa.11.3,"1 Cor. xii. 8–11 and Isa. xi.
1–3"
tertullian,against_marcion,1Cor,new_testament,Bible:1Cor.12.12-1Cor.12.30 Bible:Eph.4.16,"1 Cor. xii. 12–30, compared with Eph. iv.
16"
tertullian,against_marcion,1Cor,new_testament,Bible:1Cor.12.31 Bible:1Cor.13.1 Bible:1Cor.13.13,"1 Cor. xii. 31; xiii. 1, 13"
tertullian,against_marcion,John,new_testament,Bible:John.10.34 Bible:John.12.34 Bible:John.15.25,"John x. 34; xii. 34; xv.
25"
tertullian,against_marcion,Isa,old_testament_or_other,Bible:Isa.28.11,"Isa. xxviii.
11"
tertullian,against_marcion,1Cor,new_testament,Bible:1Cor.14.21,1 Cor. xiv. 21
tertullian,against_marcion,1Cor,new_testament,Bible:1Cor.14.34-1Cor.14.35,"1 Cor. xiv. 34, 35"
tertullian,against_marcion,1Cor,new_testament,Bible:1Cor.11.5-1Cor.11.6,"1 Cor. xi. 5, 6"
tertullian,against_marcion,1Cor,new_testament,Bible:1Cor.14.34 Bible:Gen.3.16,"1
Cor. xiv. 34, where Gen. iii. 16"
tertullian,against_marcion,1Cor,new_testament,Bible:1Cor.14.25,1 Cor. xiv. 25
tertullian,against_marcion,1Cor,new_testament,Bible:1Cor.14.26,1 Cor. xiv. 26
tertullian,against_marcion,Gen,old_testament_or_other,Bible:Gen.3.19,Gen. iii. 19
tertullian,against_marcion,1Cor,new_testament,Bible:1Cor.15.21,1 Cor. xv. 21
tertullian,against_marcion,1Cor,new_testament,Bible:1Cor.15.25 Bible:1Cor.15.27,"1 Cor. xv. 25, 27"
tertullian,against_marcion,Ps,old_testament_or_other,Bible:Ps.110.1-Ps.110.2 Bible:Ps.8.6,"Ps. cx.
1, 2, and viii. 6"
tertullian,against_marcion,Ps,old_testament_or_other,Bible:Ps.110,Ps. cx
tertullian,against_marcion,2Kgs,old_testament_or_other,Bible:2Kgs.19.14,2 Kings xix. 14
tertullian,against_marcion,Ps,old_testament_or_other,Bible:Ps.110.3,Ps. cx. 3
tertullian,against_marcion,Dan,old_testament_or_other,Bible:Dan.7.13,"Dan. vii.
13"
tertullian,against_marcion,Gen,old_testament_or_other,Bible:Gen.35.8,Gen. xxxv. 8
tertullian,against_marcion,Matt,new_testament,Bible:Matt.22.44,Matt. xxii. 44
tertullian,against_marcion,1Macc,deuterocanonical,Bible:1Macc.10.20,1 Macc. x. 20
tertullian,against_marcion,Ps,old_testament_or_other,Bible:Ps.110,Ps. cx.
tertullian,against_marcion,Ps,old_testament_or_other,Bible:Ps.110.4,Ps. cx. 4
tertullian,against_marcion,Ps,old_testament_or_other,Bible:Ps.72.1,Ps. lxxii. 1
tertullian,against_marcion,Ps,old_testament_or_other,Bible:Ps.72.6,Ps. lxxii. 6
tertullian,against_marcion,Ps,old_testament_or_other,Bible:Ps.70.8,Ps. lxx. 8
tertullian,against_marcion,Ps,old_testament_or_other,Bible:Ps.70.11,Ps. lxx. 11
tertullian,against_marcion,Ps,old_testament_or_other,Bible:Ps.70.17,Ps. lxx. 17
tertullian,against_marcion,Ps,old_testament_or_other,Bible:Ps.70.18,Ps. lxx. 18
tertullian,against_marcion,Ps,old_testament_or_other,Bible:Ps.70.19,Ps. lxx. 19
tertullian,against_marcion,Ps,old_testament_or_other,Bible:Ps.70.9,Ps. lxx. 9
tertullian,against_marcion,1Cor,new_testament,Bible:1Cor.15.29,1 Cor. xv. 29
tertullian,against_marcion,Eph,new_testament,Bible:Eph.4.5,Eph. iv. 5
tertullian,against_marcion,1Cor,new_testament,Bible:1Cor.15.35,1 Cor. xv. 35
tertullian,against_marcion,1Cor,new_testament,Bible:1Cor.15.37-1Cor.15.38,"1 Cor. xv. 37, 38"
tertullian,against_marcion,1Cor,new_testament,Bible:1Cor.15.38,1 Cor. xv. 38
tertullian,against_marcion,1Cor,new_testament,Bible:1Cor.15.39-1Cor.15.41,1 Cor. xv. 39–41
tertullian,against_marcion,1Cor,new_testament,Bible:1Cor.15.42,1 Cor. xv. 42
tertullian,against_marcion,1Cor,new_testament,Bible:1Cor.15.42-1Cor.15.43,"1 Cor. xv. 42, 43"
tertullian,against_marcion,1Cor,new_testament,Bible:1Cor.15.44,1 Cor. xv. 44
tertullian,against_marcion,1Cor,new_testament,Bible:1Cor.15.46,1 Cor. xv. 46
tertullian,against_marcion,1Cor,new_testament,Bible:1Cor.15.45,1 Cor. xv. 45
tertullian,against_marcion,1Cor,new_testament,Bible:1Cor.15.47,1 Cor. xv. 47
tertullian,against_marcion,1Cor,new_testament,Bible:1Cor.15.48,"ver.
48"
tertullian,against_marcion,Phil,new_testament,Bible:Phil.3.20-Phil.3.21,"Phil. iii. 20,
21"
tertullian,against_marcion,1Cor,new_testament,Bible:1Cor.15.49,1 Cor. xv. 49
tertullian,against_marcion,1Cor,new_testament,Bible:1Cor.15.50,1 Cor. xv. 50
tertullian,against_marcion,Gal,new_testament,Bible:Gal.5.19-Gal.5.21,Gal. v. 19–21
tertullian,against_marcion,Rom,new_testament,Bible:Rom.8.8,Rom. viii. 8
tertullian,against_marcion,1Cor,new_testament,Bible:1Cor.15.52,1 Cor. xv. 52
tertullian,against_marcion,1Cor,new_testament,Bible:1Cor.15.53,1 Cor. xv. 53
tertullian,against_marcion,Matt,new_testament,Bible:Matt.22.30 Bible:Luke.20.36,Matt. xxii. 30 and Luke xx. 36
tertullian,against_marcion,Isa,old_testament_or_other,Bible:Isa.25.8,Isa. xxv. 8
tertullian,against_marcion,1Cor,new_testament,Bible:1Cor.15.55,1 Cor. xv. 55
tertullian,against_marcion,Isa,old_testament_or_other,Bible:Isa.25.8 Bible:Hos.13.14,"Isa.
xxv. 8 and (especially) Hos. xiii. 14"
tertullian,against_marcion,1Cor,new_testament,Bible:1Cor.15.55,"1 Cor. xv.
55"
tertullian,against_marcion,2Cor,new_testament,Bible:2Cor.1.3,2 Cor. i. 3
tertullian,against_marcion,Gen,old_testament_or_other,Bible:Gen.1.22,Gen. i. 22
tertullian,against_marcion,Dan,old_testament_or_other,Bible:Dan.2.19-Dan.2.20 Bible:Dan.3.28-Dan.3.29 Bible:Dan.4.34 Bible:Dan.4.37,"Dan. ii. 19, 20; iii. 28, 29; iv. 34,
37"
tertullian,against_marcion,Ps,old_testament_or_other,Bible:Ps.86.15 Bible:Ps.112.4 Bible:Ps.145.8 Bible:Jonah.4.2,"Ps. lxxxvi. 15; cxii. 4; cxlv. 8; Jonah
iv. 2"
tertullian,against_marcion,Jonah,old_testament_or_other,Bible:Jonah.3.8,Jonah iii. 8
tertullian,against_marcion,2Kgs,old_testament_or_other,Bible:2Kgs.20.3 Bible:2Kgs.20.5,"2 Kings xx. 3, 5"
tertullian,against_marcion,1Kgs,old_testament_or_other,Bible:1Kgs.21.27 Bible:1Kgs.21.29,"1 Kings xxi. 27, 29"
tertullian,against_marcion,2Cor,new_testament,Bible:2Cor.3.6,2 Cor. iii. 6
tertullian,against_marcion,Joel,old_testament_or_other,Bible:Joel.2.28,Joel ii. 28
tertullian,against_marcion,2Cor,new_testament,Bible:2Cor.3.7 Bible:2Cor.3.13,"2 Cor. iii. 7, 13"
tertullian,against_marcion,2Cor,new_testament,Bible:2Cor.3.7-2Cor.3.8,"2 Cor. iii. 7, 8"
tertullian,against_marcion,2Cor,new_testament,Bible:2Cor.3.14,"2 Cor.
iii. 14"
tertullian,against_marcion,2Cor,new_testament,Bible:2Cor.3.15,2 Cor. iii. 15
tertullian,against_marcion,2Cor,new_testament,Bible:2Cor.3.16,2 Cor. iii. 16
tertullian,against_marcion,2Cor,new_testament,Bible:2Cor.3.18,2 Cor. iii. 18
tertullian,against_marcion,2Cor,new_testament,Bible:2Cor.4.4,2 Cor. iv. 4
tertullian,against_marcion,Isa,old_testament_or_other,Bible:Isa.14.14,Isa. xiv. 14
tertullian,against_marcion,2Cor,new_testament,Bible:2Cor.4.6,2 Cor. iv. 6
tertullian,against_marcion,Gen,old_testament_or_other,Bible:Gen.1.3,Gen. i. 3
tertullian,against_marcion,Isa,old_testament_or_other,Bible:Isa.49.6,Isa. xlix. 6
tertullian,against_marcion,Acts,new_testament,Bible:Acts.13.47,Acts xiii. 47
tertullian,against_marcion,Isa,old_testament_or_other,Bible:Isa.9.2 Bible:Matt.4.16,"Isa.
ix. 2 and Matt. iv. 16"
tertullian,against_marcion,Ps,old_testament_or_other,Bible:Ps.4.7,Ps. iv. 7
tertullian,against_marcion,Eph,new_testament,Bible:Eph.2.12,Eph. ii. 12
tertullian,against_marcion,2Cor,new_testament,Bible:2Cor.4.7,2 Cor. iv. 7
tertullian,against_marcion,2Cor,new_testament,Bible:2Cor.4.8-2Cor.4.12,2 Cor. iv. 8–12
tertullian,against_marcion,2Cor,new_testament,Bible:2Cor.4.10,2 Cor. iv. 10
tertullian,against_marcion,2Cor,new_testament,Bible:2Cor.4.16-2Cor.4.18,2 Cor. iv. 16–18
tertullian,against_marcion,2Cor,new_testament,Bible:2Cor.4.11,2 Cor. iv. 11
tertullian,against_marcion,2Cor,new_testament,Bible:2Cor.4.14,2 Cor. iv. 14
tertullian,against_marcion,2Cor,new_testament,Bible:2Cor.4.16,2 Cor. iv. 16
tertullian,against_marcion,2Cor,new_testament,Bible:2Cor.5.1,2 Cor. v. 1
tertullian,against_marcion,2Cor,new_testament,Bible:2Cor.5.2-2Cor.5.3,"2 Cor. v. 2, 3"
tertullian,against_marcion,2Cor,new_testament,Bible:2Cor.5.4,2 Cor. v. 4
tertullian,against_marcion,2Cor,new_testament,Bible:2Cor.5.5,2 Cor. v. 5
tertullian,against_marcion,2Cor,new_testament,Bible:2Cor.5.6,2 Cor. v. 6
tertullian,against_marcion,2Cor,new_testament,Bible:2Cor.5.8,2 Cor. v. 8
tertullian,against_marcion,2Cor,new_testament,Bible:2Cor.5.10,2 Cor. v. 10
tertullian,against_marcion,2Cor,new_testament,Bible:2Cor.5.17,2 Cor. v. 17
tertullian,against_marcion,2Cor,new_testament,Bible:2Cor.7.1,2 Cor. vii. 1
tertullian,against_marcion,2Cor,new_testament,Bible:2Cor.11.2,2 Cor. xi. 2
tertullian,against_marcion,2Cor,new_testament,Bible:2Cor.11.13,2 Cor. xi. 13
tertullian,against_marcion,2Cor,new_testament,Bible:2Cor.11.14,2 Cor. xi. 14
tertullian,against_marcion,2Kgs,old_testament_or_other,Bible:2Kgs.2.11,2 Kings ii. 11
tertullian,against_marcion,2Cor,new_testament,Bible:2Cor.12.7-2Cor.12.8,"2 Cor. xii. 7, 8"
tertullian,against_marcion,1Sam,old_testament_or_other,Bible:1Sam.2.7-1Sam.2.8 Bible:Ps.147.6 Bible:Luke.1.52,"1 Sam. ii. 7, 8; Ps. cxlvii. 6; Luke i.
52"
tertullian,against_marcion,Job,old_testament_or_other,Bible:Job.1.12 Bible:2Cor.12.9,"Job
i. 12 and 2 Cor. xii. 9"
tertullian,against_marcion,Gal,new_testament,Bible:Gal.1.6-Gal.1.9,Gal. i. 6–9
tertullian,against_marcion,2Cor,new_testament,Bible:2Cor.13.1,2 Cor. xiii. 1
tertullian,against_marcion,2Cor,new_testament,Bible:2Cor.13.2,2 Cor. xiii. 2
tertullian,against_marcion,2Cor,new_testament,Bible:2Cor.13.10,2 Cor. xiii. 10
tertullian,against_marcion,Rom,new_testament,Bible:Rom.1.16-Rom.1.17,"Rom. i. 16, 17"
tertullian,against_marcion,Rom,new_testament,Bible:Rom.1.18,Rom. i. 18
tertullian,against_marcion,Rom,new_testament,Bible:Rom.2.2,Rom. ii. 2
tertullian,against_marcion,Rom,new_testament,Bible:Rom.2.12-Rom.2.16,Rom. ii. 12–16
tertullian,against_marcion,Rom,new_testament,Bible:Rom.2.16,Rom. ii. 16
tertullian,against_marcion,Rom,new_testament,Bible:Rom.1.16-Rom.1.17,verses 16 and 17
tertullian,against_marcion,Rom,new_testament,Bible:Rom.2.21,Rom. ii. 21
tertullian,against_marcion,Exod,old_testament_or_other,Bible:Exod.20.15,Ex. xx. 15
tertullian,against_marcion,Rom,new_testament,Bible:Rom.2.24,Rom. ii. 24
tertullian,against_marcion,Rom,new_testament,Bible:Rom.2.29,Rom. ii. 29
tertullian,against_marcion,Rom,new_testament,Bible:Rom.2.28,Rom. ii. 28
tertullian,against_marcion,Rom,new_testament,Bible:Rom.3.21-Rom.3.22,"Rom. iii. 21, 22"
tertullian,against_marcion,Rom,new_testament,Bible:Rom.5.1,Rom. v. 1
tertullian,against_marcion,Rom,new_testament,Bible:Rom.5.20,Rom. v. 20
tertullian,against_marcion,Rom,new_testament,Bible:Rom.5.21,Rom. v. 21
tertullian,against_marcion,Gal,new_testament,Bible:Gal.3.22,Gal. iii. 22
tertullian,against_marcion,Rom,new_testament,Bible:Rom.3.19,Rom. iii. 19
tertullian,against_marcion,Rom,new_testament,Bible:Rom.7.4 Bible:Gal.2.19,"Rom.
vii. 4, also Gal. ii. 19"
tertullian,against_marcion,Rom,new_testament,Bible:Rom.6.2,Rom. vi. 2
tertullian,against_marcion,Rom,new_testament,Bible:Rom.7.4,Rom. vii. 4
tertullian,against_marcion,John,new_testament,Bible:John.1.14,John i. 14
tertullian,against_marcion,Rom,new_testament,Bible:Rom.7.4-Rom.7.6 Bible:Rom.8.2-Rom.8.3,"first part of ver. 4 with vers. 5 and 6 and
viii. 2, 3"
tertullian,against_marcion,Rom,new_testament,Bible:Rom.7.7,Rom. vii. 7
tertullian,against_marcion,Rom,new_testament,Bible:Rom.7.7,"Rom. vii.
7"
tertullian,against_marcion,Rom,new_testament,Bible:Rom.7.8,Rom. vii. 8
tertullian,against_marcion,Rom,new_testament,Bible:Rom.7.13,Rom. vii. 13
tertullian,against_marcion,Rom,new_testament,Bible:Rom.7.14,Rom. vii. 14
tertullian,against_marcion,Rom,new_testament,Bible:Rom.8.3,Rom. viii. 3
tertullian,against_marcion,Rom,new_testament,Bible:Rom.7.23,Rom. vii. 23
tertullian,against_marcion,Rom,new_testament,Bible:Rom.8.5-Rom.8.13,Rom. viii. 5–13
tertullian,against_marcion,Rom,new_testament,Bible:Rom.8.10,Rom. viii. 10
tertullian,against_marcion,Rom,new_testament,Bible:Rom.8.11,Rom. viii. 11
tertullian,against_marcion,Rom,new_testament,Bible:Rom.8.11-Rom.10.2,Rom. viii. 11 to x. 2
tertullian,against_marcion,Rom,new_testament,Bible:Rom.14.23,xiv. 23
tertullian,against_marcion,Rom,new_testament,Bible:Rom.14.23,23d verse of chap. xiv
tertullian,against_marcion,Rom,new_testament,Bible:Rom.15 Bible:Rom.16,"chaps. xv., xvi"
tertullian,against_marcion,Rom,new_testament,Bible:Rom.10.2-Rom.10.4,Rom. x. 2–4
tertullian,against_marcion,Ps,old_testament_or_other,Bible:Ps.2.2,Ps. ii. 2
tertullian,against_marcion,Rom,new_testament,Bible:Rom.10.17,Rom. x. 17
tertullian,against_marcion,Rom,new_testament,Bible:Rom.11.34-Rom.11.35,"Rom. xi. 34,
35"
tertullian,against_marcion,Rom,new_testament,Bible:Rom.12.9,Rom. xii. 9
tertullian,against_marcion,Ps,old_testament_or_other,Bible:Ps.34.14,Ps. xxxiv. 14
tertullian,against_marcion,Rom,new_testament,Bible:Rom.12.10,Rom. xii. 10
tertullian,against_marcion,Rom,new_testament,Bible:Rom.12.12,Rom. xii. 12
tertullian,against_marcion,Ps,old_testament_or_other,Bible:Ps.20.1,Ps. xx. 1
tertullian,against_marcion,Rom,new_testament,Bible:Rom.12.16,Rom. xii. 16
tertullian,against_marcion,Isa,old_testament_or_other,Bible:Isa.5.21,Isa. v. 21
tertullian,against_marcion,Rom,new_testament,Bible:Rom.12.17,Rom. xii. 17
tertullian,against_marcion,Lev,old_testament_or_other,Bible:Lev.19.17-Lev.19.18,"Lev. xix. 17, 18"
tertullian,against_marcion,Rom,new_testament,Bible:Rom.12.19,Rom. xii. 19
tertullian,against_marcion,Rom,new_testament,Bible:Rom.12.19 Bible:Deut.32.25,"Rom. xii. 19, quoted from Deut. xxxii.
25"
tertullian,against_marcion,Rom,new_testament,Bible:Rom.12.18,Rom. xii. 18
tertullian,against_marcion,Rom,new_testament,Bible:Rom.13.9,Rom. xiii. 9
tertullian,against_marcion,1Thess,new_testament,Bible:1Thess.2.15,1 Thess. ii. 15
tertullian,against_marcion,1Thess,new_testament,Bible:1Thess.4.3-1Thess.4.4,"1 Thess. iv. 3, 4"
tertullian,against_marcion,1Thess,new_testament,Bible:1Thess.4.5,1 Thess. iv. 5
tertullian,against_marcion,1Thess,new_testament,Bible:1Thess.4.15-1Thess.4.17,1 Thess. iv. 15–17
tertullian,against_marcion,1Thess,new_testament,Bible:1Thess.5.19-1Thess.5.20,"1 Thess. v. 19, 20"
tertullian,against_marcion,1Thess,new_testament,Bible:1Thess.5.23,1 Thess. v. 23
tertullian,against_marcion,2Thess,new_testament,Bible:2Thess.1.6-2Thess.1.8,2 Thess. i. 6–8
tertullian,against_marcion,2Thess,new_testament,Bible:2Thess.1.8-2Thess.1.9,"2 Thess. i. 8, 9"
tertullian,against_marcion,2Thess,new_testament,Bible:2Thess.1.8,2 Thess. i. 8
tertullian,against_marcion,2Thess,new_testament,Bible:2Thess.1.9,2 Thess. i. 9
tertullian,against_marcion,2Thess,new_testament,Bible:2Thess.2.3-2Thess.2.4,"2 Thess. ii. 3, 4"
tertullian,against_marcion,1John,new_testament,Bible:1John.4.1-1John.4.3,1 John iv. 1–3
tertullian,against_marcion,1John,new_testament,Bible:1John.4.3,1 John iv. 3
tertullian,against_marcion,John,new_testament,Bible:John.4.2,ver. 2
tertullian,against_marcion,John,new_testament,Bible:John.4.3,"ver.
3"
tertullian,against_marcion,2Thess,new_testament,Bible:2Thess.2.9,2 Thess. ii. 9
tertullian,against_marcion,2Thess,new_testament,Bible:2Thess.2.10-2Thess.2.12,2 Thess. ii. 10–12
tertullian,against_marcion,2Thess,new_testament,Bible:2Thess.2.11,2 Thess. ii. 11
tertullian,against_marcion,2Thess,new_testament,Bible:2Thess.3.10,2 Thess. iii. 10
tertullian,against_marcion,Eph,new_testament,Bible:Eph.1.9-Eph.1.10,"Eph. i. 9, 10"
tertullian,against_marcion,Eph,new_testament,Bible:Eph.1.12,Eph. i. 12
tertullian,against_marcion,Eph,new_testament,Bible:Eph.1.13,Eph. i. 13
tertullian,against_marcion,Eph,new_testament,Bible:Eph.2.17,Eph. ii. 17
tertullian,against_marcion,Ps,old_testament_or_other,Bible:Ps.24.10,Ps. xxiv. 10
tertullian,against_marcion,Eph,new_testament,Bible:Eph.1.17,Eph. i. 17
tertullian,against_marcion,Isa,old_testament_or_other,Bible:Isa.11.2,Isa. xi. 2
tertullian,against_marcion,Eph,new_testament,Bible:Eph.1.18,Eph. i. 18
tertullian,against_marcion,Eph,new_testament,Bible:Eph.1.19-Eph.1.22,Eph. i. 19–22
tertullian,against_marcion,Ps,old_testament_or_other,Bible:Ps.8.7,Ps. viii. 7
tertullian,against_marcion,Eph,new_testament,Bible:Eph.2.1-Eph.2.2,"Eph. ii. 1, 2"
tertullian,against_marcion,Eph,new_testament,Bible:Eph.2.2,ver. 2
tertullian,against_marcion,Isa,old_testament_or_other,Bible:Isa.14.13-Isa.14.14,"Isa. xiv. 13, 14"
tertullian,against_marcion,Eph,new_testament,Bible:Eph.2.3,Eph. ii. 3
tertullian,against_marcion,Eph,new_testament,Bible:Eph.2.10,Eph. ii. 10
tertullian,against_marcion,Eph,new_testament,Bible:Eph.2.11-Eph.2.12,"Eph. ii. 11, 12"
tertullian,against_marcion,Eph,new_testament,Bible:Eph.2.13,Eph. ii. 13
tertullian,against_marcion,Isa,old_testament_or_other,Bible:Isa.46.12-Isa.46.13,"Isa. xlvi. 12, 13"
tertullian,against_marcion,Eph,new_testament,Bible:Eph.2.14,Eph. ii. 14
tertullian,against_marcion,Eph,new_testament,Bible:Eph.2.15,Eph. ii. 15
tertullian,against_marcion,Eph,new_testament,Bible:Eph.2.15-Eph.2.16,Eph. ii. 15–16
tertullian,against_marcion,Eph,new_testament,Bible:Eph.2.16,Eph. ii. 16
tertullian,against_marcion,Eph,new_testament,Bible:Eph.2.17-Eph.2.20,Eph. ii. 17–20
tertullian,against_marcion,Ps,old_testament_or_other,Bible:Ps.118.22,Ps. cxviii. 22
tertullian,against_marcion,Eph,new_testament,Bible:Eph.3.8-Eph.3.9,"Eph. iii. 8, 9"
tertullian,against_marcion,Col,new_testament,Bible:Col.3.3,Col. iii. 3
tertullian,against_marcion,Eph,new_testament,Bible:Eph.3.10,Eph. iii. 10
tertullian,against_marcion,Eph,new_testament,Bible:Eph.4.8 Bible:Ps.68.19,"Eph.
iv. 8 and Ps. lxviii. 19"
tertullian,against_marcion,Eph,new_testament,Bible:Eph.4.25,Eph. iv. 25
tertullian,against_marcion,Eph,new_testament,Bible:Eph.4.26,Eph. iv. 26
tertullian,against_marcion,Eph,new_testament,Bible:Eph.5.11,Eph. v. 11
tertullian,against_marcion,Ps,old_testament_or_other,Bible:Ps.18.26,Ps. xviii. 26
tertullian,against_marcion,Deut,old_testament_or_other,Bible:Deut.21.21 Bible:1Cor.5.13,"Deut. xxi. 21, quoted also in 1 Cor. v.
13"
tertullian,against_marcion,Isa,old_testament_or_other,Bible:Isa.52.11 Bible:2Cor.6.17,"Isa. lii. 11, quoted in 2 Cor. vi. 17"
tertullian,against_marcion,Eph,new_testament,Bible:Eph.5.18,Eph. v. 18
tertullian,against_marcion,Amos,old_testament_or_other,Bible:Amos.2.12,Amos ii. 12
tertullian,against_marcion,Lev,old_testament_or_other,Bible:Lev.10.9,Lev. x. 9
tertullian,against_marcion,Eph,new_testament,Bible:Eph.5.19,Eph. v. 19
tertullian,against_marcion,Isa,old_testament_or_other,Bible:Isa.5.11-Isa.5.12,"Isa. v. 11, 12"
tertullian,against_marcion,Eph,new_testament,Bible:Eph.5.22 Bible:Eph.5.24,"Eph. v. 22, 24"
tertullian,against_marcion,Eph,new_testament,Bible:Eph.5.23,Eph. v. 23
tertullian,against_marcion,Eph,new_testament,Bible:Eph.5.25 Bible:Eph.5.28,"Eph. v. 25, 28"
tertullian,against_marcion,Eph,new_testament,Bible:Eph.5.29,Eph. v. 29
tertullian,against_marcion,Eph,new_testament,Bible:Eph.5.32,Eph. v. 32
tertullian,against_marcion,Eph,new_testament,Bible:Eph.6.1,Eph. vi. 1
tertullian,against_marcion,Eph,new_testament,Bible:Eph.6.2,Eph. vi. 2
tertullian,against_marcion,Exod,old_testament_or_other,Bible:Exod.20.12,Ex. xx. 12
tertullian,against_marcion,Eph,new_testament,Bible:Eph.6.4,Eph. vi. 4
tertullian,against_marcion,Exod,old_testament_or_other,Bible:Exod.10.2,Ex. x. 2
tertullian,against_marcion,Eph,new_testament,Bible:Eph.6.12,Eph. vi. 12
tertullian,against_marcion,Eph,new_testament,Bible:Eph.6.11,Eph. vi. 11
tertullian,against_marcion,Eph,new_testament,Bible:Eph.6.12,"12th
verse"
tertullian,against_marcion,Eph,new_testament,Bible:Eph.6.19-Eph.6.20,"Eph. vi. 19, 20"
tertullian,against_marcion,Col,new_testament,Bible:Col.1.5-Col.1.6,"Col. i. 5, 6"
tertullian,against_marcion,Col,new_testament,Bible:Col.1.15,Col. i. 15
tertullian,against_marcion,John,new_testament,Bible:John.1.3,John i. 3
tertullian,against_marcion,Col,new_testament,Bible:Col.1.19,Col. i. 19
tertullian,against_marcion,Col,new_testament,Bible:Col.1.20,Col. i. 20
tertullian,against_marcion,Col,new_testament,Bible:Col.1.21,Col. i. 21
tertullian,against_marcion,Eph,new_testament,Bible:Eph.1.23,Eph. i. 23
tertullian,against_marcion,Col,new_testament,Bible:Col.1.24,Col. i. 24
tertullian,against_marcion,Col,new_testament,Bible:Col.1.22,Col. i. 22
tertullian,against_marcion,Col,new_testament,Bible:Col.2.8,Col. ii. 8
tertullian,against_marcion,Isa,old_testament_or_other,Bible:Isa.29.14 Bible:1Cor.1.19 Bible:Jer.8.9 Bible:Job.5.12-Job.5.13,"Isa. xxix. 14, quoted 1 Cor. i. 19; comp. Jer.
viii. 9 and Job v. 12, 13"
tertullian,against_marcion,Col,new_testament,Bible:Col.2.13,Col. ii. 13
tertullian,against_marcion,Col,new_testament,Bible:Col.2.16-Col.2.17,"Col. ii. 16, 17"
tertullian,against_marcion,Col,new_testament,Bible:Col.2.18-Col.2.19 Bible:Col.2.21,"Col. ii. 18, 19, 21"
tertullian,against_marcion,Col,new_testament,Bible:Col.2.22,Col. ii. 22
tertullian,against_marcion,Eph,new_testament,Bible:Eph.1.10,Eph. i. 10
tertullian,against_marcion,Isa,old_testament_or_other,Bible:Isa.43.18-Isa.43.19 Bible:Isa.65.17 Bible:2Cor.5.17,"Isa. xliii. 18, 19, and lxv. 17; 2 Cor. v.
17"
tertullian,against_marcion,Phil,new_testament,Bible:Phil.1.14-Phil.1.17,Phil. i. 14–17
tertullian,against_marcion,Phil,new_testament,Bible:Phil.1.18,Phil. i. 18
tertullian,against_marcion,Phil,new_testament,Bible:Phil.2.6-Phil.2.7,"Phil. ii. 6, 7"
tertullian,against_marcion,Phil,new_testament,Bible:Phil.2.8,Phil. ii. 8
tertullian,against_marcion,Phil,new_testament,Bible:Phil.3.4-Phil.3.6,"Phil. iii.
4–6"
tertullian,against_marcion,Phil,new_testament,Bible:Phil.3.7,Phil. iii. 7
tertullian,against_marcion,Phil,new_testament,Bible:Phil.3.8,Phil. iii. 8
tertullian,against_marcion,Phil,new_testament,Bible:Phil.3.9,Phil. iii. 9
tertullian,against_marcion,Gen,old_testament_or_other,Bible:Gen.22.17,Gen. xxii. 17
tertullian,against_marcion,1Cor,new_testament,Bible:1Cor.15.41,1 Cor. xv. 41
tertullian,against_marcion,Phil,new_testament,Bible:Phil.3.21,Phil. iii. 21
tertullian,against_marcion,1Cor,new_testament,Bible:1Cor.15.51-1Cor.15.52,"1 Cor. xv. 51, 52"
tertullian,against_marcion,1Thess,new_testament,Bible:1Thess.4.16-1Thess.4.17,"1 Thess. iv. 16, 17"
tertullian,against_marcion,Acts,new_testament,Bible:Acts.20.29-Acts.20.30,"Acts
xx. 29, 30"
tertullian,against_hermogenes,Gen,old_testament_or_other,Bible:Gen.1.28,Gen. i. 28
tertullian,against_hermogenes,2Tim,new_testament,Bible:2Tim.1.15,2 Tim. i. 15
tertullian,against_hermogenes,Gen,old_testament_or_other,Bible:Gen.1.1,Gen. i. 1
tertullian,against_hermogenes,Gen,old_testament_or_other,Bible:Gen.1.3,Gen. i. 3
tertullian,against_hermogenes,Gen,old_testament_or_other,Bible:Gen.2.15,Gen. ii. 15
tertullian,against_hermogenes,Gen,old_testament_or_other,Bible:Gen.2.16,Gen. ii. 16
tertullian,against_hermogenes,1Cor,new_testament,Bible:1Cor.8.5,1 Cor. viii. 5
tertullian,against_hermogenes,Ps,old_testament_or_other,Bible:Ps.82.6,Ps. lxxxii. 6
tertullian,against_hermogenes,Ps,old_testament_or_other,Bible:Ps.82.1,"Ver.
1"
tertullian,against_hermogenes,Isa,old_testament_or_other,Bible:Isa.45.23,Isa. xlv. 23
tertullian,against_hermogenes,Isa,old_testament_or_other,Bible:Isa.41.4 Bible:Isa.44.6 Bible:Isa.48.12,"Isa. xli. 4; xliv. 6; xlviii.
12"
tertullian,against_hermogenes,Isa,old_testament_or_other,Bible:Isa.44.24,Isa. xliv. 24
tertullian,against_hermogenes,1Cor,new_testament,Bible:1Cor.5.13,1 Cor. v. 13
tertullian,against_hermogenes,Matt,new_testament,Bible:Matt.25.41,Matt. xxv. 41
tertullian,against_hermogenes,Rev,new_testament,Bible:Rev.20.3,Rev. xx. 3
tertullian,against_hermogenes,Rom,new_testament,Bible:Rom.8.19,Rom. viii. 19
tertullian,against_hermogenes,Rom,new_testament,Bible:Rom.8.21,Rom. viii. 21
tertullian,against_hermogenes,Rom,new_testament,Bible:Rom.8.20,Rom. viii. 20
tertullian,against_hermogenes,Isa,old_testament_or_other,Bible:Isa.11.6,Isa. xi. 6
tertullian,against_hermogenes,Ps,old_testament_or_other,Bible:Ps.110.1,Ps. cx. 1
tertullian,against_hermogenes,Matt,new_testament,Bible:Matt.3.9,Matt. iii. 9
tertullian,against_hermogenes,Matt,new_testament,Bible:Matt.3.7-Matt.3.8,"Verses 7,
8"
tertullian,against_hermogenes,Gen,old_testament_or_other,Bible:Gen.1.21-Gen.1.22,"Gen. i. 21, 22"
tertullian,against_hermogenes,Matt,new_testament,Bible:Matt.7.18,Matt. vii. 18
tertullian,against_hermogenes,Rom,new_testament,Bible:Rom.11.34-Rom.11.35 Bible:Isa.40.14,"Rom. xi. 34, 35; comp. Isa. xl. 14"
tertullian,against_hermogenes,1Cor,new_testament,Bible:1Cor.2.11,1 Cor. ii. 11
tertullian,against_hermogenes,Isa,old_testament_or_other,Bible:Isa.40.14,Isa. xl. 14
tertullian,against_hermogenes,Prov,old_testament_or_other,Bible:Prov.8.27-Prov.8.31,Prov. viii. 27–31
tertullian,against_hermogenes,Prov,old_testament_or_other,Bible:Prov.8,Prov. viii
tertullian,against_hermogenes,Ps,old_testament_or_other,Bible:Ps.45.1,Ps. xlv. 1
tertullian,against_hermogenes,John,new_testament,Bible:John.1.1,John i. 1
tertullian,against_hermogenes,John,new_testament,Bible:John.10.30,John x. 30
tertullian,against_hermogenes,Prov,old_testament_or_other,Bible:Prov.8.22,Prov. viii. 22
tertullian,against_hermogenes,John,new_testament,Bible:John.1.1-John.1.3,John i. 1–3
tertullian,against_hermogenes,Gen,old_testament_or_other,Bible:Gen.1.11-Gen.1.12,"Gen. i. 11, 12"
tertullian,against_hermogenes,Gen,old_testament_or_other,Bible:Gen.1.20-Gen.1.21,"Gen. i. 20, 21"
tertullian,against_hermogenes,Gen,old_testament_or_other,Bible:Gen.1.24,"Ver.
24"
tertullian,against_hermogenes,John,new_testament,Bible:John.1.3,John i. 3
tertullian,against_hermogenes,Rev,new_testament,Bible:Rev.22.18-Rev.22.19,"Rev. xxii. 18, 19"
tertullian,against_hermogenes,Gen,old_testament_or_other,Bible:Gen.1.2,Gen. i. 2
tertullian,against_hermogenes,Gen,old_testament_or_other,Bible:Gen.1.31,Gen. i. 31
tertullian,against_hermogenes,Gen,old_testament_or_other,Bible:Gen.1.7,Gen. i. 7
tertullian,against_hermogenes,Gen,old_testament_or_other,Bible:Gen.1.8,"Ver.
8"
tertullian,against_hermogenes,Gen,old_testament_or_other,Bible:Gen.1.27,Gen. i. 27
tertullian,against_hermogenes,Gen,old_testament_or_other,Bible:Gen.2.7,Gen. ii. 7
tertullian,against_hermogenes,Gen,old_testament_or_other,Bible:Gen.1.1-Gen.1.2,"Gen. i. 1, 2"
tertullian,against_hermogenes,Isa,old_testament_or_other,Bible:Isa.45.18,Isa. xlv. 18
tertullian,against_hermogenes,Ps,old_testament_or_other,Bible:Ps.24.1,Ps. xxiv. 1
tertullian,against_hermogenes,Gen,old_testament_or_other,Bible:Gen.1.9,Gen. i. 9
tertullian,against_hermogenes,Gen,old_testament_or_other,Bible:Gen.1.10,Gen. i. 10
tertullian,against_hermogenes,Gen,old_testament_or_other,Bible:Gen.1.11,"Ver.
11"
tertullian,against_hermogenes,Gen,old_testament_or_other,Bible:Gen.1.1,"Gen. i.
1"
tertullian,against_hermogenes,Gen,old_testament_or_other,Bible:Gen.2.21 Bible:Gen.2.23 Bible:Gen.3.5 Bible:Gen.3.19 Bible:Gen.4.10,"Gen. ii. 21, 23; iii. 5, 19; iv.
10"
tertullian,against_hermogenes,Prov,old_testament_or_other,Bible:Prov.8.24,Prov. viii. 24
tertullian,against_hermogenes,Isa,old_testament_or_other,Bible:Isa.45.7,Isa. xlv. 7
tertullian,against_hermogenes,Amos,old_testament_or_other,Bible:Amos.4.13,Amos iv. 13
tertullian,against_hermogenes,John,new_testament,Bible:John.4.24,John iv. 24
tertullian,against_hermogenes,Isa,old_testament_or_other,Bible:Isa.57.16,Isa. lvii. 16
tertullian,against_hermogenes,Prov,old_testament_or_other,Bible:Prov.8.28,Prov. viii. 28
tertullian,against_hermogenes,Isa,old_testament_or_other,Bible:Isa.34.4 Bible:Matt.24.29 Bible:2Pet.3.10 Bible:Rev.6.14,"Isa. xxxiv. 4; Matt. xxiv. 29; 2 Pet. iii.
10; Rev. vi. 14"
tertullian,against_hermogenes,Matt,new_testament,Bible:Matt.24.35,Matt. xxiv. 35
tertullian,against_hermogenes,Rev,new_testament,Bible:Rev.21.1,Rev. xxi. 1
tertullian,against_hermogenes,Rev,new_testament,Bible:Rev.20.11,Rev. xx. 11
tertullian,against_hermogenes,Ps,old_testament_or_other,Bible:Ps.102.25-Ps.102.26,"Ps. cii. 25, 26"
tertullian,against_hermogenes,Rev,new_testament,Bible:Rev.6.13,Rev. vi. 13
tertullian,against_hermogenes,Ps,old_testament_or_other,Bible:Ps.97.5,Ps. xcvii. 5
tertullian,against_hermogenes,Isa,old_testament_or_other,Bible:Isa.2.19,Isa. ii. 19
tertullian,against_hermogenes,Isa,old_testament_or_other,Bible:Isa.42.15,Isa. xlii. 15
tertullian,against_hermogenes,Isa,old_testament_or_other,Bible:Isa.41.17,Isa. xli. 17
tertullian,against_hermogenes,Dan,old_testament_or_other,Bible:Dan.3.21,Dan. iii. 21
tertullian,against_hermogenes,Prov,old_testament_or_other,Bible:Prov.8.22-Prov.8.23,"Prov. viii. 22, 23"
tertullian,against_hermogenes,Ps,old_testament_or_other,Bible:Ps.33.6,Ps. xxxiii. 6
tertullian,against_hermogenes,Isa,old_testament_or_other,Bible:Isa.48.13,Isa. xlviii. 13
tertullian,against_hermogenes,Ps,old_testament_or_other,Bible:Ps.102.25,Ps. cii. 25
tertullian,against_hermogenes,Isa,old_testament_or_other,Bible:Isa.40.12 Bible:Isa.48.13,"Isa. xl.
12 and xlviii. 13"
tertullian,against_hermogenes,Jer,old_testament_or_other,Bible:Jer.51.15,Jer. li. 15
tertullian,against_hermogenes,Ps,old_testament_or_other,Bible:Ps.64.7,Ps. lxiv. 7
tertullian,against_hermogenes,Rom,new_testament,Bible:Rom.1.20,Rom. i. 20
tertullian,against_hermogenes,Rom,new_testament,Bible:Rom.11.34,Rom. xi. 34
tertullian,against_hermogenes,Rom,new_testament,Bible:Rom.11.33,"Ver.
33"
tertullian,against_valentinians,Matt,new_testament,Bible:Matt.10.16,Matt. x. 16
tertullian,against_valentinians,Wis,deuterocanonical,Bible:Wis.1.1,Wisd. of Sol. i. 1
tertullian,against_valentinians,1Cor,new_testament,Bible:1Cor.14.20,1 Cor. xiv. 20
tertullian,against_valentinians,Zech,old_testament_or_other,Bible:Zech.6.12,Zech. vi. 12
tertullian,against_valentinians,Zech,old_testament_or_other,Bible:Zech.3.8,"Zech. iii.
8"
tertullian,against_valentinians,Luke,new_testament,Bible:Luke.1.78,Luke i. 78
tertullian,against_valentinians,1Tim,new_testament,Bible:1Tim.1.4,1 Tim. i. 4
tertullian,against_valentinians,1Cor,new_testament,Bible:1Cor.11.19,1 Cor. xi. 19
tertullian,against_valentinians,Col,new_testament,Bible:Col.1.16,Col. i. 16
tertullian,against_valentinians,Isa,old_testament_or_other,Bible:Isa.45.5 Bible:Isa.46.9,Isa. xlv. 5; xlvi. 9
tertullian,against_valentinians,Eph,new_testament,Bible:Eph.6.12,"Eph. vi.
12"
tertullian,against_valentinians,Matt,new_testament,Bible:Matt.8.5-Matt.8.6,"Matt. viii. 5, 6"
tertullian,against_valentinians,Isa,old_testament_or_other,Bible:Isa.40.6,Isa. xl. 6
tertullian,christ_flesh,Matt,new_testament,Bible:Matt.22.23,Matt. xxii. 23
tertullian,christ_flesh,Luke,new_testament,Bible:Luke.1.26-Luke.1.38,Luke i. 26–38
tertullian,christ_flesh,Isa,old_testament_or_other,Bible:Isa.7.14,Isa. vii. 14
tertullian,christ_flesh,Luke,new_testament,Bible:Luke.2.1-Luke.2.7,Luke ii. 1–7
tertullian,christ_flesh,Luke,new_testament,Bible:Luke.2.13,Luke ii. 13
tertullian,christ_flesh,Luke,new_testament,Bible:Luke.2.8,Luke ii. 8
tertullian,christ_flesh,Matt,new_testament,Bible:Matt.2.1,Matt. ii. 1
tertullian,christ_flesh,Matt,new_testament,Bible:Matt.2.11,Matt. ii. 11
tertullian,christ_flesh,Matt,new_testament,Bible:Matt.2.16-Matt.2.18 Bible:Jer.31.15,"Matt. ii. 16–18, and Jer. xxxi.
15"
tertullian,christ_flesh,Luke,new_testament,Bible:Luke.2.22-Luke.2.24,Luke ii. 22–24
tertullian,christ_flesh,Luke,new_testament,Bible:Luke.2.25-Luke.2.35,Luke ii. 25–35
tertullian,christ_flesh,Luke,new_testament,Bible:Luke.2.36-Luke.2.38,Luke ii. 36–38
tertullian,christ_flesh,Gen,old_testament_or_other,Bible:Gen.18,Gen. xviii
tertullian,christ_flesh,Gen,old_testament_or_other,Bible:Gen.19,Gen. xix
tertullian,christ_flesh,Gen,old_testament_or_other,Bible:Gen.32,Gen. xxxii
tertullian,christ_flesh,Matt,new_testament,Bible:Matt.3.16,Matt. iii. 16
tertullian,christ_flesh,Phil,new_testament,Bible:Phil.2.8,Phil. ii. 8
tertullian,christ_flesh,1Cor,new_testament,Bible:1Cor.1.27,1 Cor. i. 27
tertullian,christ_flesh,1Cor,new_testament,Bible:1Cor.2.2,1 Cor. ii. 2
tertullian,christ_flesh,Matt,new_testament,Bible:Matt.10.33 Bible:Mark.8.38 Bible:Luke.9.26,"Matt. x. 33, Mark viii. 38, and Luke ix.
26"
tertullian,christ_flesh,Luke,new_testament,Bible:Luke.24.39,Luke xxiv. 39
tertullian,christ_flesh,Gal,new_testament,Bible:Gal.1.8,Gal. i. 8
tertullian,christ_flesh,Ps,old_testament_or_other,Bible:Ps.78.24,Ps. lxxviii. 24
tertullian,christ_flesh,Matt,new_testament,Bible:Matt.12.48 Bible:Luke.8.20-Luke.8.21,"Matt. xii. 48; Luke viii. 20,
21"
tertullian,christ_flesh,Luke,new_testament,Bible:Luke.10.25,Luke x. 25
tertullian,christ_flesh,John,new_testament,Bible:John.7.5,John vii. 5
tertullian,christ_flesh,Luke,new_testament,Bible:Luke.11.27-Luke.11.28,"Luke xi. 27, 28"
tertullian,christ_flesh,Matt,new_testament,Bible:Matt.7.17,Matt. vii. 17
tertullian,christ_flesh,1Cor,new_testament,Bible:1Cor.15.47,1 Cor. xv. 47
tertullian,christ_flesh,Matt,new_testament,Bible:Matt.13.54,Matt. xiii. 54
tertullian,christ_flesh,Isa,old_testament_or_other,Bible:Isa.53.2,Isa. liii. 2
tertullian,christ_flesh,Matt,new_testament,Bible:Matt.26.41,Matt. xxvi. 41
tertullian,christ_flesh,1John,new_testament,Bible:1John.1.2,1 John i. 2
tertullian,christ_flesh,Luke,new_testament,Bible:Luke.9.56,Luke ix. 56
tertullian,christ_flesh,Matt,new_testament,Bible:Matt.26.38,Matt. xxvi. 38
tertullian,christ_flesh,John,new_testament,Bible:John.6.51,John vi. 51
tertullian,christ_flesh,Matt,new_testament,Bible:Matt.25.41,Matt. xxv. 41
tertullian,christ_flesh,Ps,old_testament_or_other,Bible:Ps.8.5,Ps. viii. 5
tertullian,christ_flesh,Luke,new_testament,Bible:Luke.1.35,Luke i. 35
tertullian,christ_flesh,Zech,old_testament_or_other,Bible:Zech.1.14,Zech. i. 14
tertullian,christ_flesh,Isa,old_testament_or_other,Bible:Isa.63.9,Isa. lxiii. 9
tertullian,christ_flesh,John,new_testament,Bible:John.8.40,John viii. 40
tertullian,christ_flesh,Matt,new_testament,Bible:Matt.12.8,Matt. xii. 8
tertullian,christ_flesh,Isa,old_testament_or_other,Bible:Isa.53.3,Isa. liii. 3
tertullian,christ_flesh,Jer,old_testament_or_other,Bible:Jer.17.9,Jer. xvii. 9
tertullian,christ_flesh,Dan,old_testament_or_other,Bible:Dan.7.13,Dan. vii. 13
tertullian,christ_flesh,1Tim,new_testament,Bible:1Tim.2.5,1 Tim. ii. 5
tertullian,christ_flesh,Acts,new_testament,Bible:Acts.2.22,Acts ii. 22
tertullian,christ_flesh,Ps,old_testament_or_other,Bible:Ps.8.6,Ps. viii. 6
tertullian,christ_flesh,Ps,old_testament_or_other,Bible:Ps.22.6,Ps. xxii. 6
tertullian,christ_flesh,2Tim,new_testament,Bible:2Tim.4.14,2 Tim. iv. 14
tertullian,christ_flesh,1Tim,new_testament,Bible:1Tim.1.20,1 Tim. i. 20
tertullian,christ_flesh,Rom,new_testament,Bible:Rom.8.3,Romans viii. 3
tertullian,christ_flesh,Rom,new_testament,Bible:Rom.8.3 Bible:Rom.6.6,Romans viii. 3 with Romans vi. 6
tertullian,christ_flesh,Rom,new_testament,Bible:Rom.8.3,Rom. viii. 3
tertullian,christ_flesh,Matt,new_testament,Bible:Matt.1.23,Matt. i. 23
tertullian,christ_flesh,Gen,old_testament_or_other,Bible:Gen.2.7,Gen. ii. 7
tertullian,christ_flesh,Matt,new_testament,Bible:Matt.12.41-Matt.12.42,"Matt. xii. 41, 42"
tertullian,christ_flesh,John,new_testament,Bible:John.1.14,John i. 14
tertullian,christ_flesh,John,new_testament,Bible:John.3.6,John iii. 6
tertullian,christ_flesh,John,new_testament,Bible:John.1.13,John i. 13
tertullian,christ_flesh,Job,old_testament_or_other,Bible:Job.10.10,Job x. 10
tertullian,christ_flesh,Matt,new_testament,Bible:Matt.1.20,Matt. i. 20
tertullian,christ_flesh,Matt,new_testament,Bible:Matt.1.16,Matt. i. 16
tertullian,christ_flesh,Gal,new_testament,Bible:Gal.4.4,Gal. iv. 4
tertullian,christ_flesh,Ps,old_testament_or_other,Bible:Ps.22.9,Ps. xxii. 9
tertullian,christ_flesh,Ps,old_testament_or_other,Bible:Ps.22.9-Ps.22.10,"Vers. 9,
10"
tertullian,christ_flesh,Ps,old_testament_or_other,Bible:Ps.22.10,"Ver.
10"
tertullian,christ_flesh,Isa,old_testament_or_other,Bible:Isa.7.14 Bible:Matt.1.23,Isa. vii. 14; Matt. i. 23
tertullian,christ_flesh,Luke,new_testament,Bible:Luke.1.31,Luke i. 31
tertullian,christ_flesh,Luke,new_testament,Bible:Luke.1.41,Luke i. 41
tertullian,christ_flesh,Luke,new_testament,Bible:Luke.1.43,"Ver.
43"
tertullian,christ_flesh,Luke,new_testament,Bible:Luke.1.42,"Ver.
42"
tertullian,christ_flesh,Ps,old_testament_or_other,Bible:Ps.132.11 Bible:Acts.2.30,"Ps.
cxxxii. 11; also Acts ii. 30"
tertullian,christ_flesh,Matt,new_testament,Bible:Matt.1.1,Matt. i. 1
tertullian,christ_flesh,Rom,new_testament,Bible:Rom.1.3 Bible:2Tim.2.8,Rom. i. 3; 2 Tim. ii. 8
tertullian,christ_flesh,Gal,new_testament,Bible:Gal.3.8 Bible:Gal.3.16,"Gal. iii. 8, 16"
tertullian,christ_flesh,Luke,new_testament,Bible:Luke.2.34,Luke ii. 34
tertullian,christ_flesh,Matt,new_testament,Bible:Matt.5.37,Matt. v. 37
tertullian,christ_flesh,Exod,old_testament_or_other,Bible:Exod.13.2 Bible:Luke.2.23,Ex. xiii. 2; Luke ii. 23
tertullian,christ_flesh,Isa,old_testament_or_other,Bible:Isa.5.20,Isa. v. 20
tertullian,christ_flesh,Isa,old_testament_or_other,Bible:Isa.45.5,Isa. xlv. 5
tertullian,christ_flesh,Isa,old_testament_or_other,Bible:Isa.46.9,Isa. xlvi. 9
tertullian,christ_flesh,1John,new_testament,Bible:1John.4.3,1 John iv. 3
tertullian,christ_flesh,Acts,new_testament,Bible:Acts.1.11,Acts i. 11
tertullian,christ_flesh,Ezek,old_testament_or_other,Bible:Ezek.43.2,Ezekiel (Cap. xliii. 2)
tertullian,christ_flesh,Luke,new_testament,Bible:Luke.3.22,Luke iii. 22
tertullian,resurrection_flesh,Isa,old_testament_or_other,Bible:Isa.44.20,Isa. xliv. 20
tertullian,resurrection_flesh,1Cor,new_testament,Bible:1Cor.1.20 Bible:1Cor.3.19,"1 Cor. i. 20, iii. 19"
tertullian,resurrection_flesh,1Cor,new_testament,Bible:1Cor.7.31,1 Cor. vii. 31
tertullian,resurrection_flesh,John,new_testament,Bible:John.1.3,John i. 3
tertullian,resurrection_flesh,Gen,old_testament_or_other,Bible:Gen.1.26,Gen. i. 26
tertullian,resurrection_flesh,Gen,old_testament_or_other,Bible:Gen.1.27,Gen. i. 27
tertullian,resurrection_flesh,Gen,old_testament_or_other,Bible:Gen.2.7,Gen. ii. 7
tertullian,resurrection_flesh,Gen,old_testament_or_other,Bible:Gen.2.7-Gen.2.8,"Gen. ii. 7, 8"
tertullian,resurrection_flesh,Phil,new_testament,Bible:Phil.2.6,Phil. ii. 6
tertullian,resurrection_flesh,Gen,old_testament_or_other,Bible:Gen.3.19,Gen. iii. 19
tertullian,resurrection_flesh,Gen,old_testament_or_other,Bible:Gen.3.31,Gen. iii. 31
tertullian,resurrection_flesh,Gen,old_testament_or_other,Bible:Gen.2.23,Gen. ii. 23
tertullian,resurrection_flesh,Rom,new_testament,Bible:Rom.9.20,Rom. ix. 20
tertullian,resurrection_flesh,2Cor,new_testament,Bible:2Cor.6.7,2 Cor. vi. 7
tertullian,resurrection_flesh,Col,new_testament,Bible:Col.2.11,Col. ii. 11
tertullian,resurrection_flesh,John,new_testament,Bible:John.4.24,John iv. 24
tertullian,resurrection_flesh,Matt,new_testament,Bible:Matt.22.37-Matt.22.40,Matt. xxii. 37–40
tertullian,resurrection_flesh,2Cor,new_testament,Bible:2Cor.12.9,2 Cor. xii. 9
tertullian,resurrection_flesh,Luke,new_testament,Bible:Luke.5.31,Luke v. 31
tertullian,resurrection_flesh,1Cor,new_testament,Bible:1Cor.12.23,1 Cor. xii. 23
tertullian,resurrection_flesh,Luke,new_testament,Bible:Luke.19.10,Luke xix. 10
tertullian,resurrection_flesh,Ezek,old_testament_or_other,Bible:Ezek.18.23,Ezek. xviii. 23
tertullian,resurrection_flesh,Deut,old_testament_or_other,Bible:Deut.32.39,Deut. xxxii. 39
tertullian,resurrection_flesh,Isa,old_testament_or_other,Bible:Isa.40.7,Isa. xl. 7
tertullian,resurrection_flesh,Isa,old_testament_or_other,Bible:Isa.40.5,Isa. xl. 5
tertullian,resurrection_flesh,Gen,old_testament_or_other,Bible:Gen.6.3,Gen. vi. 3
tertullian,resurrection_flesh,Joel,old_testament_or_other,Bible:Joel.3.1,Joel iii. 1
tertullian,resurrection_flesh,Rom,new_testament,Bible:Rom.8.18,Rom. viii. 18
tertullian,resurrection_flesh,Rom,new_testament,Bible:Rom.8.8,Rom. viii. 8
tertullian,resurrection_flesh,Gal,new_testament,Bible:Gal.5.17,Gal. v. 17
tertullian,resurrection_flesh,Gal,new_testament,Bible:Gal.6.17,Gal. vi. 17
tertullian,resurrection_flesh,1Cor,new_testament,Bible:1Cor.3.16,1 Cor. iii. 16
tertullian,resurrection_flesh,1Cor,new_testament,Bible:1Cor.6.15,1 Cor. vi. 15
tertullian,resurrection_flesh,1Cor,new_testament,Bible:1Cor.6.20,"Ver.
20"
tertullian,resurrection_flesh,Ps,old_testament_or_other,Bible:Ps.92.12,Ps. xcii. 12
tertullian,resurrection_flesh,Matt,new_testament,Bible:Matt.10.33,Matt. x. 33
tertullian,resurrection_flesh,Matt,new_testament,Bible:Matt.9.4,Matt. ix. 4
tertullian,resurrection_flesh,Matt,new_testament,Bible:Matt.5.28,Matt. v. 28
tertullian,resurrection_flesh,1Thess,new_testament,Bible:1Thess.4.4,1 Thess. iv. 4
tertullian,resurrection_flesh,2Cor,new_testament,Bible:2Cor.4.16,2 Cor. iv. 16
tertullian,resurrection_flesh,Rom,new_testament,Bible:Rom.8.3,Rom. viii. 3
tertullian,resurrection_flesh,1Cor,new_testament,Bible:1Cor.6.20,1 Cor. vi. 20
tertullian,resurrection_flesh,John,new_testament,Bible:John.2.19,John ii. 19
tertullian,resurrection_flesh,Matt,new_testament,Bible:Matt.26.38,Matt. xxvi. 38
tertullian,resurrection_flesh,John,new_testament,Bible:John.2.21,John ii. 21
tertullian,resurrection_flesh,Gen,old_testament_or_other,Bible:Gen.23.4,Gen. xxiii. 4
tertullian,resurrection_flesh,Matt,new_testament,Bible:Matt.23.27,Matt. xxiii. 27
tertullian,resurrection_flesh,Isa,old_testament_or_other,Bible:Isa.7.14 Bible:Matt.1.23,Isa. vii. 14; Matt. i. 23
tertullian,resurrection_flesh,Isa,old_testament_or_other,Bible:Isa.8.4,Isa. viii. 4
tertullian,resurrection_flesh,Isa,old_testament_or_other,Bible:Isa.3.13,Isa. iii. 13
tertullian,resurrection_flesh,Ps,old_testament_or_other,Bible:Ps.2.1-Ps.2.2,"Ps. ii. 1, 2"
tertullian,resurrection_flesh,Isa,old_testament_or_other,Bible:Isa.53.7,Isa. liii. 7
tertullian,resurrection_flesh,Isa,old_testament_or_other,Bible:Isa.50.6,Isa. l. 6
tertullian,resurrection_flesh,Isa,old_testament_or_other,Bible:Isa.53.12,Isa. liii. 12
tertullian,resurrection_flesh,Ps,old_testament_or_other,Bible:Ps.22.17,Ps. xxii. 17
tertullian,resurrection_flesh,Ps,old_testament_or_other,Bible:Ps.22.18,"Ver.
18"
tertullian,resurrection_flesh,Ps,old_testament_or_other,Bible:Ps.69.22,Ps. lxix. 22
tertullian,resurrection_flesh,Ps,old_testament_or_other,Bible:Ps.22.8,Ps. xxii. 8
tertullian,resurrection_flesh,Zech,old_testament_or_other,Bible:Zech.11.12,Zech. xi. 12
tertullian,resurrection_flesh,Isa,old_testament_or_other,Bible:Isa.35.5,Isa. xxxv. 5
tertullian,resurrection_flesh,Isa,old_testament_or_other,Bible:Isa.35.3,"Ver.
3"
tertullian,resurrection_flesh,Isa,old_testament_or_other,Bible:Isa.35.6,"Ver.
6"
tertullian,resurrection_flesh,Luke,new_testament,Bible:Luke.21.24,Luke xxi. 24
tertullian,resurrection_flesh,Joel,old_testament_or_other,Bible:Joel.3.9-Joel.3.15 Bible:Dan.7.13-Dan.7.14,"Joel iii. 9–15; Dan. vii. 13,
14"
tertullian,resurrection_flesh,Luke,new_testament,Bible:Luke.21.25-Luke.21.26,"Luke xxi. 25, 26"
tertullian,resurrection_flesh,Luke,new_testament,Bible:Luke.21.26-Luke.21.28,"Vers.
26–28"
tertullian,resurrection_flesh,Luke,new_testament,Bible:Luke.21.29-Luke.21.30 Bible:Matt.24.32,"Luke xxi. 29, 30; Matt. xxiv.
32"
tertullian,resurrection_flesh,Luke,new_testament,Bible:Luke.21.31 Bible:Matt.24.33,Luke xxi. 31; Matt. xxiv. 33
tertullian,resurrection_flesh,Luke,new_testament,Bible:Luke.21.36,Luke xxi. 36
tertullian,resurrection_flesh,Isa,old_testament_or_other,Bible:Isa.2.19,Isa. ii. 19
tertullian,resurrection_flesh,Ps,old_testament_or_other,Bible:Ps.110.1,Ps. cx. 1
tertullian,resurrection_flesh,Acts,new_testament,Bible:Acts.1.11,Acts i. 11
tertullian,resurrection_flesh,Zech,old_testament_or_other,Bible:Zech.12.10 Bible:John.19.37,Zech. xii. 10; comp. John xix. 37
tertullian,resurrection_flesh,Mal,old_testament_or_other,Bible:Mal.4.5,Mal. iv. 5
tertullian,resurrection_flesh,1John,new_testament,Bible:1John.4.3,1 John iv. 3
tertullian,resurrection_flesh,Rev,new_testament,Bible:Rev.18.2,Rev. xviii. 2
tertullian,resurrection_flesh,Matt,new_testament,Bible:Matt.22.21,Matt. xxii. 21
tertullian,resurrection_flesh,Col,new_testament,Bible:Col.1.21,Col. i. 21
tertullian,resurrection_flesh,Col,new_testament,Bible:Col.2.12,Col. ii. 12
tertullian,resurrection_flesh,Col,new_testament,Bible:Col.2.13,"Ver.
13"
tertullian,resurrection_flesh,Col,new_testament,Bible:Col.2.20,"Ver.
20"
tertullian,resurrection_flesh,Col,new_testament,Bible:Col.3.1-Col.3.2,"Col. iii. 1, 2"
tertullian,resurrection_flesh,Col,new_testament,Bible:Col.3.3,"Ver.
3"
tertullian,resurrection_flesh,1John,new_testament,Bible:1John.3.2,1 John iii. 2
tertullian,resurrection_flesh,Gal,new_testament,Bible:Gal.5.5,Gal. v. 5
tertullian,resurrection_flesh,Phil,new_testament,Bible:Phil.3.11-Phil.3.12,"Phil. iii. 11, 12"
tertullian,resurrection_flesh,Phil,new_testament,Bible:Phil.3.12,"Ver.
12"
tertullian,resurrection_flesh,Gal,new_testament,Bible:Gal.6.9,Gal. vi. 9
tertullian,resurrection_flesh,2Tim,new_testament,Bible:2Tim.1.18,2 Tim. i. 18
tertullian,resurrection_flesh,1Tim,new_testament,Bible:1Tim.6.14-1Tim.6.15 Bible:1Tim.6.20,"1 Tim. vi. 14, 15, 20"
tertullian,resurrection_flesh,Acts,new_testament,Bible:Acts.3.19-Acts.3.21,Acts iii. 19–21
tertullian,resurrection_flesh,1Thess,new_testament,Bible:1Thess.1.9-1Thess.1.10,"1 Thess. i. 9, 10"
tertullian,resurrection_flesh,1Thess,new_testament,Bible:1Thess.2.19,1 Thess. ii. 19
tertullian,resurrection_flesh,1Thess,new_testament,Bible:1Thess.3.13,1 Thess. iii. 13
tertullian,resurrection_flesh,1Thess,new_testament,Bible:1Thess.4.13-1Thess.4.17,1 Thess. iv. 13–17
tertullian,resurrection_flesh,1Cor,new_testament,Bible:1Cor.15.19,1 Cor. xv. 19
tertullian,resurrection_flesh,2Tim,new_testament,Bible:2Tim.1.15,2 Tim. i. 15
tertullian,resurrection_flesh,1Thess,new_testament,Bible:1Thess.5.1-1Thess.5.3,1 Thess. v. 1–3
tertullian,resurrection_flesh,2Thess,new_testament,Bible:2Thess.2.1-2Thess.2.7,2 Thess. ii. 1–7
tertullian,resurrection_flesh,2Thess,new_testament,Bible:2Thess.2.8-2Thess.2.10,2 Thess. ii. 8–10
tertullian,resurrection_flesh,Rev,new_testament,Bible:Rev.6.9-Rev.6.10,"Rev. vi. 9, 10"
tertullian,resurrection_flesh,Rev,new_testament,Bible:Rev.16,Rev. xvi
tertullian,resurrection_flesh,Rev,new_testament,Bible:Rev.18,Rev. xviii
tertullian,resurrection_flesh,Rev,new_testament,Bible:Rev.20.2,Rev. xx. 2
tertullian,resurrection_flesh,Rev,new_testament,Bible:Rev.20.4-Rev.20.6,"Vers.
4–6"
tertullian,resurrection_flesh,Rev,new_testament,Bible:Rev.20.12-Rev.20.14,"Vers.
12–14"
tertullian,resurrection_flesh,Gen,old_testament_or_other,Bible:Gen.4.11,Gen. iv. 11
tertullian,resurrection_flesh,Ps,old_testament_or_other,Bible:Ps.97.1,Ps. xcvii. 1
tertullian,resurrection_flesh,Zech,old_testament_or_other,Bible:Zech.12.10,Zech. xii. 10
tertullian,resurrection_flesh,Isa,old_testament_or_other,Bible:Isa.1.19,Isa. i. 19
tertullian,resurrection_flesh,1Cor,new_testament,Bible:1Cor.2.9,1 Cor. ii. 9
tertullian,resurrection_flesh,Matt,new_testament,Bible:Matt.5.45,Matt. v. 45
tertullian,resurrection_flesh,Rom,new_testament,Bible:Rom.1.25,Rom. i. 25
tertullian,resurrection_flesh,Matt,new_testament,Bible:Matt.4.4,Matt. iv. 4
tertullian,resurrection_flesh,Rom,new_testament,Bible:Rom.2.28-Rom.2.29,"Rom. ii. 28, 29"
tertullian,resurrection_flesh,Isa,old_testament_or_other,Bible:Isa.51.9,Isa. li. 9
tertullian,resurrection_flesh,Rev,new_testament,Bible:Rev.3.4 Bible:Rev.14.4,"Rev. iii. 4
and xiv. 4"
tertullian,resurrection_flesh,Matt,new_testament,Bible:Matt.19.12,Matt. xix. 12
tertullian,resurrection_flesh,Rev,new_testament,Bible:Rev.3.5,Rev. iii. 5
tertullian,resurrection_flesh,Matt,new_testament,Bible:Matt.22.11-Matt.22.12,"Matt. xxii. 11, 12"
tertullian,resurrection_flesh,Isa,old_testament_or_other,Bible:Isa.58.8,Isa. lviii. 8
tertullian,resurrection_flesh,Isa,old_testament_or_other,Bible:Isa.26.20,Isa. xxvi. 20
tertullian,resurrection_flesh,Exod,old_testament_or_other,Bible:Exod.4.6-Exod.4.7,"Ex. iv. 6, 7"
tertullian,resurrection_flesh,Exod,old_testament_or_other,Bible:Exod.4.2-Exod.4.9,Ex. iv. 2–9
tertullian,resurrection_flesh,Exod,old_testament_or_other,Bible:Exod.4.3-Exod.4.4,"vers. 3,
4"
tertullian,resurrection_flesh,Exod,old_testament_or_other,Bible:Exod.4.6-Exod.4.7,"vers. 6,
7"
tertullian,resurrection_flesh,Exod,old_testament_or_other,Bible:Exod.4.9,ver. 9
tertullian,resurrection_flesh,Gen,old_testament_or_other,Bible:Gen.9.5,Gen. ix. 5
tertullian,resurrection_flesh,Isa,old_testament_or_other,Bible:Isa.38.12-Isa.38.13 Bible:Isa.38.16,"Isa. xxxviii. 12, 13, 16"
tertullian,resurrection_flesh,1Sam,old_testament_or_other,Bible:1Sam.2.6 Bible:Deut.32.39,"1 Sam. ii. 6,
Deut. xxxii. 39"
tertullian,resurrection_flesh,Ezek,old_testament_or_other,Bible:Ezek.37.1-Ezek.37.14,Ezek. xxxvii. 1–14
tertullian,resurrection_flesh,Ezek,old_testament_or_other,Bible:Ezek.31,Ch. XXXI
tertullian,resurrection_flesh,Mal,old_testament_or_other,Bible:Mal.4.2-Mal.4.3,"Mal. iv. 2, 3"
tertullian,resurrection_flesh,Isa,old_testament_or_other,Bible:Isa.66.14,Isa. lxvi. 14
tertullian,resurrection_flesh,Isa,old_testament_or_other,Bible:Isa.26.19,Isa. xxvi. 19
tertullian,resurrection_flesh,Isa,old_testament_or_other,Bible:Isa.66.23,Isa. lxvi. 23
tertullian,resurrection_flesh,Isa,old_testament_or_other,Bible:Isa.66.22,"Ver.
22"
tertullian,resurrection_flesh,Isa,old_testament_or_other,Bible:Isa.66.24,Isa. lxvi. 24
tertullian,resurrection_flesh,Matt,new_testament,Bible:Matt.13.34,Matt. xiii. 34
tertullian,resurrection_flesh,Matt,new_testament,Bible:Matt.13.10,"Ver.
10"
tertullian,resurrection_flesh,Matt,new_testament,Bible:Matt.13.13 Bible:Isa.6.9,Matt. xiii. 13; comp. Isa. vi. 9
tertullian,resurrection_flesh,Luke,new_testament,Bible:Luke.6.39 Bible:Luke.6.20,"Luke vi. 39;
comp. with ver. 20"
tertullian,resurrection_flesh,Luke,new_testament,Bible:Luke.8.11,Luke viii. 11
tertullian,resurrection_flesh,Luke,new_testament,Bible:Luke.18.1,Luke xviii. 1
tertullian,resurrection_flesh,Matt,new_testament,Bible:Matt.21.45 Bible:Luke.20.19,Matt. xxi. 45 and Luke xx. 19
tertullian,resurrection_flesh,Matt,new_testament,Bible:Matt.11.22,Matt. xi. 22
tertullian,resurrection_flesh,Matt,new_testament,Bible:Matt.10.7,Matt. x. 7
tertullian,resurrection_flesh,Luke,new_testament,Bible:Luke.14.14,Luke xiv. 14
tertullian,resurrection_flesh,Rom,new_testament,Bible:Rom.5.20,Rom. v. 20
tertullian,resurrection_flesh,John,new_testament,Bible:John.6.38,John vi. 38
tertullian,resurrection_flesh,John,new_testament,Bible:John.6.39,"Ver.
39"
tertullian,resurrection_flesh,John,new_testament,Bible:John.6.40,"Ver.
40"
tertullian,resurrection_flesh,John,new_testament,Bible:John.20.29,John xx. 29
tertullian,resurrection_flesh,Matt,new_testament,Bible:Matt.10.28,Matt. x. 28
tertullian,resurrection_flesh,Matt,new_testament,Bible:Matt.10.29,Matt. x. 29
tertullian,resurrection_flesh,Matt,new_testament,Bible:Matt.10.31,"Ver.
31"
tertullian,resurrection_flesh,Matt,new_testament,Bible:Matt.10.30,Matt. x. 30
tertullian,resurrection_flesh,John,new_testament,Bible:John.6.39,John vi. 39
tertullian,resurrection_flesh,Matt,new_testament,Bible:Matt.8.12 Bible:Matt.13.42 Bible:Matt.22.13 Bible:Matt.25.30,"Matt. viii. 12; xiii. 42; xxii. 13; xxv.
30"
tertullian,resurrection_flesh,Matt,new_testament,Bible:Matt.22.23-Matt.22.32 Bible:Mark.12.18-Mark.12.27 Bible:Luke.20.27-Luke.20.38,"Matt. xxii. 23–32; Mark xii.
18–27; Luke xx. 27–38"
tertullian,resurrection_flesh,Luke,new_testament,Bible:Luke.20.37,Luke xx. 37
tertullian,resurrection_flesh,Luke,new_testament,Bible:Luke.20.36,"Ver.
36"
tertullian,resurrection_flesh,John,new_testament,Bible:John.6.63,John vi. 63
tertullian,resurrection_flesh,John,new_testament,Bible:John.5.24,John v. 24
tertullian,resurrection_flesh,John,new_testament,Bible:John.1.14,John i. 14
tertullian,resurrection_flesh,John,new_testament,Bible:John.6.51,John vi. 51
tertullian,resurrection_flesh,John,new_testament,Bible:John.6.31 Bible:John.6.49 Bible:John.6.58,"John vi. 31, 49, 58"
tertullian,resurrection_flesh,John,new_testament,Bible:John.5.25,John v. 25
tertullian,resurrection_flesh,John,new_testament,Bible:John.5.28-John.5.29,"John v. 28, 29"
tertullian,resurrection_flesh,Rev,new_testament,Bible:Rev.6.9-Rev.6.11,Rev. vi. 9–11
tertullian,resurrection_flesh,Acts,new_testament,Bible:Acts.23.6,Acts xxiii. 6
tertullian,resurrection_flesh,Acts,new_testament,Bible:Acts.26.22,Acts xxvi. 22
tertullian,resurrection_flesh,Gen,old_testament_or_other,Bible:Gen.9.5-Gen.9.6,"Gen. ix. 5, 6"
tertullian,resurrection_flesh,Acts,new_testament,Bible:Acts.17.32,Acts xvii. 32
tertullian,resurrection_flesh,1Cor,new_testament,Bible:1Cor.11.19,1 Cor. xi. 19
tertullian,resurrection_flesh,Eph,new_testament,Bible:Eph.3.17,Eph. iii. 17
tertullian,resurrection_flesh,2Cor,new_testament,Bible:2Cor.4.17-2Cor.4.18,"2 Cor. iv. 17, 18"
tertullian,resurrection_flesh,Rom,new_testament,Bible:Rom.8.17-Rom.8.18,"Rom. viii. 17, 18"
tertullian,resurrection_flesh,2Cor,new_testament,Bible:2Cor.7.5,2 Cor. vii. 5
tertullian,resurrection_flesh,2Cor,new_testament,Bible:2Cor.7.5,"Same
verse"
tertullian,resurrection_flesh,2Cor,new_testament,Bible:2Cor.5.1,2 Cor. v. 1
tertullian,resurrection_flesh,Matt,new_testament,Bible:Matt.5.10,Matt. v. 10
tertullian,resurrection_flesh,John,new_testament,Bible:John.14.2,John xiv. 2
tertullian,resurrection_flesh,2Cor,new_testament,Bible:2Cor.5.2-2Cor.5.3,"2 Cor. v. 2, 3"
tertullian,resurrection_flesh,1Thess,new_testament,Bible:1Thess.4.15-1Thess.4.17,1 Thess. iv. 15–17
tertullian,resurrection_flesh,1Cor,new_testament,Bible:1Cor.15.51-1Cor.15.53,1 Cor. xv. 51–53
tertullian,resurrection_flesh,Matt,new_testament,Bible:Matt.5.26,Matt. v. 26
tertullian,resurrection_flesh,2Cor,new_testament,Bible:2Cor.5.4,2 Cor. v. 4
tertullian,resurrection_flesh,2Cor,new_testament,Bible:2Cor.5.3,2 Cor. v. 3
tertullian,resurrection_flesh,2Cor,new_testament,Bible:2Cor.5.6-2Cor.5.7,"2 Cor. v. 6, 7"
tertullian,resurrection_flesh,2Cor,new_testament,Bible:2Cor.5.8,"Ver.
8"
tertullian,resurrection_flesh,2Cor,new_testament,Bible:2Cor.5.9-2Cor.5.10,"2 Cor. v. 9, 10"
tertullian,resurrection_flesh,2Cor,new_testament,Bible:2Cor.5.10,2 Cor. v. 10
tertullian,resurrection_flesh,2Cor,new_testament,Bible:2Cor.4.6,2 Cor. iv. 6
tertullian,resurrection_flesh,2Cor,new_testament,Bible:2Cor.4.7,"Ver.
7"
tertullian,resurrection_flesh,2Cor,new_testament,Bible:2Cor.4.10,2 Cor. iv. 10
tertullian,resurrection_flesh,2Cor,new_testament,Bible:2Cor.4.10,"Ver.
10"
tertullian,resurrection_flesh,Ps,old_testament_or_other,Bible:Ps.107.16,Ps. cvii. 16
tertullian,resurrection_flesh,2Cor,new_testament,Bible:2Cor.4.11,2 Cor. iv. 11
tertullian,resurrection_flesh,2Cor,new_testament,Bible:2Cor.4.14,"Ver.
14"
tertullian,resurrection_flesh,Eph,new_testament,Bible:Eph.4.22-Eph.4.24,Eph. iv. 22–24
tertullian,resurrection_flesh,Gen,old_testament_or_other,Bible:Gen.1.28,Gen. i. 28
tertullian,resurrection_flesh,Eph,new_testament,Bible:Eph.4.22,Eph. iv. 22
tertullian,resurrection_flesh,Gal,new_testament,Bible:Gal.5.19,Gal. v. 19
tertullian,resurrection_flesh,Eph,new_testament,Bible:Eph.4.25-Eph.4.32,Eph. iv. 25–32
tertullian,resurrection_flesh,Rom,new_testament,Bible:Rom.8.8-Rom.8.9,"Rom. viii. 8, 9"
tertullian,resurrection_flesh,Rom,new_testament,Bible:Rom.8.10,"Ver.
10"
tertullian,resurrection_flesh,Rom,new_testament,Bible:Rom.8.11,Rom. viii. 11
tertullian,resurrection_flesh,Rom,new_testament,Bible:Rom.8.12-Rom.8.13,"Vers. 12,
13"
tertullian,resurrection_flesh,Rom,new_testament,Bible:Rom.8.2,"Ver.
2"
tertullian,resurrection_flesh,Rom,new_testament,Bible:Rom.7.17 Bible:Rom.7.20 Bible:Rom.7.23,"Rom. vii. 17, 20, 23"
tertullian,resurrection_flesh,Rom,new_testament,Bible:Rom.7.20,Rom. vii. 20
tertullian,resurrection_flesh,Rom,new_testament,Bible:Rom.8.6,Rom. viii. 6
tertullian,resurrection_flesh,Rom,new_testament,Bible:Rom.8.7,"Ver.
7"
tertullian,resurrection_flesh,Col,new_testament,Bible:Col.2.20,Col. ii. 20
tertullian,resurrection_flesh,Rom,new_testament,Bible:Rom.6.6,Rom. vi. 6
tertullian,resurrection_flesh,Rom,new_testament,Bible:Rom.6.8,"Ver.
8"
tertullian,resurrection_flesh,Rom,new_testament,Bible:Rom.6.11,"Ver.
11"
tertullian,resurrection_flesh,Rom,new_testament,Bible:Rom.6.12-Rom.6.13,"Vers. 12,
13"
tertullian,resurrection_flesh,Rom,new_testament,Bible:Rom.6.19-Rom.6.23,"Vers.
19–23"
tertullian,resurrection_flesh,Rom,new_testament,Bible:Rom.6.3-Rom.6.4,"Rom. vi. 3, 4"
tertullian,resurrection_flesh,Rom,new_testament,Bible:Rom.6.5,"Ver.
5"
tertullian,resurrection_flesh,Rom,new_testament,Bible:Rom.5.21,Rom. v. 21
tertullian,resurrection_flesh,1Cor,new_testament,Bible:1Cor.15.55,1 Cor. xv. 55
tertullian,resurrection_flesh,Phil,new_testament,Bible:Phil.3.20-Phil.3.21,"Phil. iii. 20, 21"
tertullian,resurrection_flesh,Rom,new_testament,Bible:Rom.12.1,Rom. xii. 1
tertullian,resurrection_flesh,1Thess,new_testament,Bible:1Thess.5.23,1 Thess. v. 23
tertullian,resurrection_flesh,1Cor,new_testament,Bible:1Cor.15.50,1 Cor. xv. 50
tertullian,resurrection_flesh,1Cor,new_testament,Bible:1Cor.15.12-1Cor.15.18,1 Cor. xv. 12–18
tertullian,resurrection_flesh,1Cor,new_testament,Bible:1Cor.15.3,"Ver.
3"
tertullian,resurrection_flesh,1Cor,new_testament,Bible:1Cor.15.4,"Ver.
4"
tertullian,resurrection_flesh,1Cor,new_testament,Bible:1Cor.15.21,"Ver.
21"
tertullian,resurrection_flesh,1Cor,new_testament,Bible:1Cor.15.22,1 Cor. xv. 22
tertullian,resurrection_flesh,1Cor,new_testament,Bible:1Cor.15.23,"Ver.
23"
tertullian,resurrection_flesh,1Cor,new_testament,Bible:1Cor.15.29,"Ver.
29"
tertullian,resurrection_flesh,1Pet,new_testament,Bible:1Pet.3.21,1 Pet. iii. 21
tertullian,resurrection_flesh,1Cor,new_testament,Bible:1Cor.15.30,1 Cor. xv. 30
tertullian,resurrection_flesh,1Cor,new_testament,Bible:1Cor.15.31,"Ver.
31"
tertullian,resurrection_flesh,1Cor,new_testament,Bible:1Cor.15.32,"Ver.
32"
tertullian,resurrection_flesh,2Cor,new_testament,Bible:2Cor.1.8,2 Cor. i. 8
tertullian,resurrection_flesh,1Cor,new_testament,Bible:1Cor.15.35,1 Cor. xv. 35
tertullian,resurrection_flesh,1Cor,new_testament,Bible:1Cor.15.47,1 Cor. xv. 47
tertullian,resurrection_flesh,1Cor,new_testament,Bible:1Cor.15.45,"Ver.
45"
tertullian,resurrection_flesh,1Cor,new_testament,Bible:1Cor.15.48,1 Cor. xv. 48
tertullian,resurrection_flesh,1Cor,new_testament,Bible:1Cor.15.40,1 Cor. xv. 40
tertullian,resurrection_flesh,1Cor,new_testament,Bible:1Cor.15.41,"Ver.
41"
tertullian,resurrection_flesh,Rom,new_testament,Bible:Rom.8.9,Rom. viii. 9
tertullian,resurrection_flesh,Gal,new_testament,Bible:Gal.5.21,Gal. v. 21
tertullian,resurrection_flesh,1Cor,new_testament,Bible:1Cor.15.32,1 Cor. xv. 32
tertullian,resurrection_flesh,John,new_testament,Bible:John.5.29,"John
v. 29"
tertullian,resurrection_flesh,1Cor,new_testament,Bible:1Cor.15.53,1 Cor. xv. 53
tertullian,resurrection_flesh,Gal,new_testament,Bible:Gal.1.15-Gal.1.16,"i. 15,
16"
tertullian,resurrection_flesh,Mark,new_testament,Bible:Mark.16.19,Mark xvi. 19
tertullian,resurrection_flesh,1Cor,new_testament,Bible:1Cor.15.45,1 Cor. xv. 45
tertullian,resurrection_flesh,Acts,new_testament,Bible:Acts.1.9,Acts i. 9
tertullian,resurrection_flesh,Acts,new_testament,Bible:Acts.1.10,"Ver.
10"
tertullian,resurrection_flesh,Zech,old_testament_or_other,Bible:Zech.12.10 Bible:John.19.37 Bible:Rev.1.7,"Zech. xii. 10; John xix. 37; Rev. i.
7"
tertullian,resurrection_flesh,1Tim,new_testament,Bible:1Tim.2.5,1 Tim. ii. 5
tertullian,resurrection_flesh,2Cor,new_testament,Bible:2Cor.5.5,2 Cor. v. 5
tertullian,resurrection_flesh,1Cor,new_testament,Bible:1Cor.15.54-1Cor.15.56,1 Cor. xv. 54–56
tertullian,resurrection_flesh,Rom,new_testament,Bible:Rom.7.23,Rom. vii. 23
tertullian,resurrection_flesh,1Cor,new_testament,Bible:1Cor.15.26,1 Cor. xv. 26
tertullian,resurrection_flesh,1Cor,new_testament,Bible:1Cor.15.52,"Ver.
52"
tertullian,resurrection_flesh,1Cor,new_testament,Bible:1Cor.15.53,"Ver.
53"
tertullian,resurrection_flesh,1Cor,new_testament,Bible:1Cor.15.36,1 Cor. xv. 36
tertullian,resurrection_flesh,1Cor,new_testament,Bible:1Cor.15.37,"Ver.
37"
tertullian,resurrection_flesh,1Cor,new_testament,Bible:1Cor.15.37-1Cor.15.38,"Vers. 37,
38"
tertullian,resurrection_flesh,1Cor,new_testament,Bible:1Cor.15.38,1 Cor. xv. 38
tertullian,resurrection_flesh,1Cor,new_testament,Bible:1Cor.15.39,"Ver.
39"
tertullian,resurrection_flesh,Ps,old_testament_or_other,Bible:Ps.49.20,Ps. xlix. 20
tertullian,resurrection_flesh,1Cor,new_testament,Bible:1Cor.15.39,1 Cor. xv. 39
tertullian,resurrection_flesh,1Cor,new_testament,Bible:1Cor.15.41,1 Cor. xv. 41
tertullian,resurrection_flesh,1Cor,new_testament,Bible:1Cor.15.42,"Ver.
42"
tertullian,resurrection_flesh,1Cor,new_testament,Bible:1Cor.15.42-1Cor.15.44,"Vers.
42–44"
tertullian,resurrection_flesh,1Cor,new_testament,Bible:1Cor.15.42-1Cor.15.43,"1 Cor. xv. 42, 43"
tertullian,resurrection_flesh,1Cor,new_testament,Bible:1Cor.15.45 Bible:Gen.2.7,ver. 45 with Gen. ii. 7
tertullian,resurrection_flesh,1Cor,new_testament,Bible:1Cor.15.46,1 Cor. xv. 46
tertullian,resurrection_flesh,1Cor,new_testament,Bible:1Cor.15.47,"Ver.
47"
tertullian,resurrection_flesh,1Cor,new_testament,Bible:1Cor.15.46,"Ver.
46"
tertullian,resurrection_flesh,1Cor,new_testament,Bible:1Cor.15.44-1Cor.15.45,"1 Cor. xv. 44, 45"
tertullian,resurrection_flesh,2Cor,new_testament,Bible:2Cor.1.22 Bible:2Cor.5.5 Bible:Eph.1.14,"2 Cor. i. 22, v. 5, and Eph. i. 14"
tertullian,resurrection_flesh,1Cor,new_testament,Bible:1Cor.15.54,"Ver.
54"
tertullian,resurrection_flesh,1Cor,new_testament,Bible:1Cor.15.55,"Ver.
55"
tertullian,resurrection_flesh,Exod,old_testament_or_other,Bible:Exod.34.29 Bible:Exod.34.35,"Ex. xxxiv. 29, 35"
tertullian,resurrection_flesh,Acts,new_testament,Bible:Acts.6.15,Acts vi. 15
tertullian,resurrection_flesh,Acts,new_testament,Bible:Acts.7.59-Acts.7.60,"Acts vii. 59, 60"
tertullian,resurrection_flesh,Matt,new_testament,Bible:Matt.17.2-Matt.17.4,Matt. xvii. 2–4
tertullian,resurrection_flesh,Matt,new_testament,Bible:Matt.17.3,"Ver.
3"
tertullian,resurrection_flesh,Phil,new_testament,Bible:Phil.3.21,Phil. iii. 21
tertullian,resurrection_flesh,1Sam,old_testament_or_other,Bible:1Sam.10.6,1 Sam. x. 6
tertullian,resurrection_flesh,2Cor,new_testament,Bible:2Cor.11.14,2 Cor. xi. 14
tertullian,resurrection_flesh,Rev,new_testament,Bible:Rev.5.9 Bible:Rev.14.3,Rev. v. 9; xiv. 3
tertullian,resurrection_flesh,1Cor,new_testament,Bible:1Cor.15.52,1 Cor. xv. 52
tertullian,resurrection_flesh,1Thess,new_testament,Bible:1Thess.4.13-1Thess.4.17 Bible:1Thess.5.23,"1
Thess. iv. 13–17 and v. 23"
tertullian,resurrection_flesh,Matt,new_testament,Bible:Matt.19.26,Matt. xix. 26
tertullian,resurrection_flesh,1Cor,new_testament,Bible:1Cor.1.27,1 Cor. i. 27
tertullian,resurrection_flesh,Isa,old_testament_or_other,Bible:Isa.35.10,Isa. xxxv. 10
tertullian,resurrection_flesh,Isa,old_testament_or_other,Bible:Isa.35.10,"Ver.
10"
tertullian,resurrection_flesh,Rev,new_testament,Bible:Rev.7.17,Rev. vii. 17
tertullian,resurrection_flesh,Rev,new_testament,Bible:Rev.21.4,Rev. xxi. 4
tertullian,resurrection_flesh,Rev,new_testament,Bible:Rev.20.10 Bible:Rev.20.13-Rev.20.15,"Rev. xx. 10, 13–15"
tertullian,resurrection_flesh,Deut,old_testament_or_other,Bible:Deut.29.5,Deut. xxix. 5
tertullian,resurrection_flesh,Dan,old_testament_or_other,Bible:Dan.3.27,Dan. iii. 27
tertullian,resurrection_flesh,Jonah,old_testament_or_other,Bible:Jonah.1.17 Bible:Jonah.2.10,Jonah i. 17; ii. 10
tertullian,resurrection_flesh,Gen,old_testament_or_other,Bible:Gen.5.24 Bible:2Kgs.2.11,Gen. v. 24; 2 Kings ii. 11
tertullian,resurrection_flesh,1Cor,new_testament,Bible:1Cor.10.6,1 Cor. x. 6
tertullian,resurrection_flesh,1Cor,new_testament,Bible:1Cor.3.22,1 Cor. iii. 22
tertullian,resurrection_flesh,Isa,old_testament_or_other,Bible:Isa.40.5,"Ver.
5"
tertullian,resurrection_flesh,Isa,old_testament_or_other,Bible:Isa.40.15,Isa. xl. 15
tertullian,resurrection_flesh,Isa,old_testament_or_other,Bible:Isa.40.17,"Ver.
17"
tertullian,resurrection_flesh,Isa,old_testament_or_other,Bible:Isa.42.4,Isa. xlii. 4
tertullian,resurrection_flesh,Matt,new_testament,Bible:Matt.12.21,Matt. xii. 21
tertullian,resurrection_flesh,Rom,new_testament,Bible:Rom.15.12,Rom. xv. 12
tertullian,resurrection_flesh,Exod,old_testament_or_other,Bible:Exod.24.8,Ex. xxiv. 8
tertullian,resurrection_flesh,1Kgs,old_testament_or_other,Bible:1Kgs.19.8,1 Kings xix. 8
tertullian,resurrection_flesh,Deut,old_testament_or_other,Bible:Deut.8.3 Bible:Matt.4.4,Deut. viii. 3; Matt. iv. 4
tertullian,resurrection_flesh,Luke,new_testament,Bible:Luke.20.36 Bible:Matt.22.30,Luke xx. 36; Matt. xxii. 30
tertullian,resurrection_flesh,Gen,old_testament_or_other,Bible:Gen.3.22,Gen. iii. 22
tertullian,resurrection_flesh,Joel,old_testament_or_other,Bible:Joel.2.28-Joel.2.29 Bible:Acts.2.17-Acts.2.18,"Joel ii. 28, 29; Acts ii. 17,
18"
tertullian,against_praxeas,Matt,new_testament,Bible:Matt.4.3,Matt. iv. 3
tertullian,against_praxeas,Matt,new_testament,Bible:Matt.4.6,"Ver.
6"
tertullian,against_praxeas,Ps,old_testament_or_other,Bible:Ps.91.11,Ps. xci. 11
tertullian,against_praxeas,John,new_testament,Bible:John.8.44,John viii. 44
tertullian,against_praxeas,1Cor,new_testament,Bible:1Cor.13.3,1 Cor. xiii. 3
tertullian,against_praxeas,Matt,new_testament,Bible:Matt.13.30,Matt. xiii. 30
tertullian,against_praxeas,Dan,old_testament_or_other,Bible:Dan.7.10,Dan. vii. 10
tertullian,against_praxeas,1Cor,new_testament,Bible:1Cor.15.24-1Cor.15.25,"1 Cor. xv. 24, 25"
tertullian,against_praxeas,Ps,old_testament_or_other,Bible:Ps.110.1,Ps. cx. 1
tertullian,against_praxeas,1Cor,new_testament,Bible:1Cor.15.27-1Cor.15.28,"1 Cor. xv. 27, 28"
tertullian,against_praxeas,Gen,old_testament_or_other,Bible:Gen.1.26,Gen. i. 26
tertullian,against_praxeas,Prov,old_testament_or_other,Bible:Prov.8.22-Prov.8.25,Prov. viii. 22–25
tertullian,against_praxeas,Prov,old_testament_or_other,Bible:Prov.8.27-Prov.8.30,Prov. viii. 27–30
tertullian,against_praxeas,Gen,old_testament_or_other,Bible:Gen.1.3,Gen. i. 3
tertullian,against_praxeas,Prov,old_testament_or_other,Bible:Prov.8.22,Prov. viii. 22
tertullian,against_praxeas,Prov,old_testament_or_other,Bible:Prov.8.27,"Ver.
27"
tertullian,against_praxeas,Col,new_testament,Bible:Col.1.15,Col. i. 15
tertullian,against_praxeas,Ps,old_testament_or_other,Bible:Ps.45.1,Ps. xlv. 1
tertullian,against_praxeas,Ps,old_testament_or_other,Bible:Ps.2.7,Ps. ii. 7
tertullian,against_praxeas,Prov,old_testament_or_other,Bible:Prov.8.22 Bible:Prov.8.25,"Prov. viii. 22, 25"
tertullian,against_praxeas,John,new_testament,Bible:John.1.3,John i. 3
tertullian,against_praxeas,Ps,old_testament_or_other,Bible:Ps.33.6,Ps. xxxiii. 6
tertullian,against_praxeas,Prov,old_testament_or_other,Bible:Prov.8.28,"Ver.
28"
tertullian,against_praxeas,John,new_testament,Bible:John.1.1,John i. 1
tertullian,against_praxeas,Exod,old_testament_or_other,Bible:Exod.20.7,Ex. xx. 7
tertullian,against_praxeas,Phil,new_testament,Bible:Phil.2.6,Phil. ii. 6
tertullian,against_praxeas,John,new_testament,Bible:John.4.24,John iv. 24
tertullian,against_praxeas,Matt,new_testament,Bible:Matt.11.27,Matt. xi. 27
tertullian,against_praxeas,John,new_testament,Bible:John.1.18,John i. 18
tertullian,against_praxeas,John,new_testament,Bible:John.8.26,John viii. 26
tertullian,against_praxeas,John,new_testament,Bible:John.6.38,John vi. 38
tertullian,against_praxeas,1Cor,new_testament,Bible:1Cor.2.11,1 Cor. ii. 11
tertullian,against_praxeas,John,new_testament,Bible:John.14.11,John xiv. 11
tertullian,against_praxeas,John,new_testament,Bible:John.10.30,John x. 30
tertullian,against_praxeas,John,new_testament,Bible:John.14.28,John xiv. 28
tertullian,against_praxeas,Ps,old_testament_or_other,Bible:Ps.8.5,Ps. viii. 5
tertullian,against_praxeas,John,new_testament,Bible:John.14.16,John xiv. 16
tertullian,against_praxeas,Matt,new_testament,Bible:Matt.5.37,Matt. v. 37
tertullian,against_praxeas,Matt,new_testament,Bible:Matt.19.26,Matt. xix. 26
tertullian,against_praxeas,Luke,new_testament,Bible:Luke.18.27,Luke xviii. 27
tertullian,against_praxeas,1Cor,new_testament,Bible:1Cor.1.27,1 Cor. i. 27
tertullian,against_praxeas,Gen,old_testament_or_other,Bible:Gen.18.14,Gen. xviii. 14
tertullian,against_praxeas,Ps,old_testament_or_other,Bible:Ps.110.3,Ps. cx. 3
tertullian,against_praxeas,Isa,old_testament_or_other,Bible:Isa.42.1,Isa. xlii. 1
tertullian,against_praxeas,Isa,old_testament_or_other,Bible:Isa.49.6,Isa. xlix. 6
tertullian,against_praxeas,Isa,old_testament_or_other,Bible:Isa.61.1 Bible:Luke.4.18,"Isa.
lxi. 1 and Luke iv. 18"
tertullian,against_praxeas,Ps,old_testament_or_other,Bible:Ps.71.18,Ps. lxxi. 18
tertullian,against_praxeas,Ps,old_testament_or_other,Bible:Ps.3.1,Ps. iii. 1
tertullian,against_praxeas,Isa,old_testament_or_other,Bible:Isa.45.1,Isa. xlv. 1
tertullian,against_praxeas,Isa,old_testament_or_other,Bible:Isa.53.1-Isa.53.2,"Isa. liii. 1, 2"
tertullian,against_praxeas,Gen,old_testament_or_other,Bible:Gen.3.22,Gen. iii. 22
tertullian,against_praxeas,Gen,old_testament_or_other,Bible:Gen.1.27,Gen. i. 27
tertullian,against_praxeas,John,new_testament,Bible:John.1.9,John i. 9
tertullian,against_praxeas,Gen,old_testament_or_other,Bible:Gen.1.6-Gen.1.7,"Gen. i. 6, 7"
tertullian,against_praxeas,Gen,old_testament_or_other,Bible:Gen.1.14 Bible:Gen.1.16,"Gen. i. 14, 16"
tertullian,against_praxeas,Ps,old_testament_or_other,Bible:Ps.45.6-Ps.45.7,"Ps. xlv. 6, 7"
tertullian,against_praxeas,Isa,old_testament_or_other,Bible:Isa.45.14-Isa.45.15,"Isa. xlv. 14, 15"
tertullian,against_praxeas,Isa,old_testament_or_other,Bible:Isa.53.1,Isa. liii. 1
tertullian,against_praxeas,Gen,old_testament_or_other,Bible:Gen.19.24,Gen. xix. 24
tertullian,against_praxeas,Ps,old_testament_or_other,Bible:Ps.82.6,Ps. lxxxii. 6
tertullian,against_praxeas,Ps,old_testament_or_other,Bible:Ps.82.1,"Ver.
1"
tertullian,against_praxeas,Rom,new_testament,Bible:Rom.1.7,Rom. i. 7
tertullian,against_praxeas,Rom,new_testament,Bible:Rom.9.5,Rom. ix. 5
tertullian,against_praxeas,Exod,old_testament_or_other,Bible:Exod.33.13,Ex. xxxiii. 13
tertullian,against_praxeas,Exod,old_testament_or_other,Bible:Exod.33.20,"Ver.
20"
tertullian,against_praxeas,Exod,old_testament_or_other,Bible:Exod.33.11,Ex. xxxiii. 11
tertullian,against_praxeas,Gen,old_testament_or_other,Bible:Gen.32.30,Gen. xxxii. 30
tertullian,against_praxeas,Num,old_testament_or_other,Bible:Num.12.6-Num.12.8,Num. xii. 6–8
tertullian,against_praxeas,1Cor,new_testament,Bible:1Cor.13.12,1 Cor. xiii. 12
tertullian,against_praxeas,Mark,new_testament,Bible:Mark.9.4 Bible:Matt.17.3,Mark ix. 4; Matt. xvii. 3
tertullian,against_praxeas,Exod,old_testament_or_other,Bible:Exod.33.13 Bible:Exod.33.11,"ver. 13 with
ver. 11 of Ex. xxxiii"
tertullian,against_praxeas,Gen,old_testament_or_other,Bible:Gen.22.30,Gen. xxii. 30
tertullian,against_praxeas,Lam,old_testament_or_other,Bible:Lam.4.20,Lam. iv. 20
tertullian,against_praxeas,Jer,old_testament_or_other,Bible:Jer.52.9,Jer. lii. 9
tertullian,against_praxeas,1Cor,new_testament,Bible:1Cor.11.3,1 Cor. xi. 3
tertullian,against_praxeas,1Tim,new_testament,Bible:1Tim.6.16,1 Tim. vi. 16
tertullian,against_praxeas,Exod,old_testament_or_other,Bible:Exod.33.20 Bible:Deut.5.26 Bible:Judg.13.22,"Ex. xxxiii. 20; Deut. v. 26; Judg. xiii.
22"
tertullian,against_praxeas,1John,new_testament,Bible:1John.1.1,1 John i. 1
tertullian,against_praxeas,John,new_testament,Bible:John.1.1-John.1.2,"John i. 1, 2"
tertullian,against_praxeas,John,new_testament,Bible:John.1.14,John i. 14
tertullian,against_praxeas,1John,new_testament,Bible:1John.4.12,1 John iv. 12
tertullian,against_praxeas,1Cor,new_testament,Bible:1Cor.9.1,1 Cor. ix. 1
tertullian,against_praxeas,1Tim,new_testament,Bible:1Tim.1.17,1 Tim. i. 17
tertullian,against_praxeas,1Cor,new_testament,Bible:1Cor.15.3,1 Cor. xv. 3
tertullian,against_praxeas,1Cor,new_testament,Bible:1Cor.15.8,"Ver.
8"
tertullian,against_praxeas,Acts,new_testament,Bible:Acts.22.11,Acts xxii. 11
tertullian,against_praxeas,Matt,new_testament,Bible:Matt.17.6 Bible:Mark.9.6,Matt. xvii. 6; Mark ix. 6
tertullian,against_praxeas,Exod,old_testament_or_other,Bible:Exod.33.20,Ex. xxxiii. 20
tertullian,against_praxeas,John,new_testament,Bible:John.5.19,John v. 19
tertullian,against_praxeas,John,new_testament,Bible:John.3.35,John iii. 35
tertullian,against_praxeas,Matt,new_testament,Bible:Matt.28.18,Matt. xxviii. 18
tertullian,against_praxeas,John,new_testament,Bible:John.5.22,John v. 22
tertullian,against_praxeas,1Cor,new_testament,Bible:1Cor.10.11,1 Cor. x. 11
tertullian,against_praxeas,Gen,old_testament_or_other,Bible:Gen.3.9,Gen. iii. 9
tertullian,against_praxeas,Gen,old_testament_or_other,Bible:Gen.6.6,Gen. vi. 6
tertullian,against_praxeas,Ps,old_testament_or_other,Bible:Ps.8.6,Ps. viii. 6
tertullian,against_praxeas,Acts,new_testament,Bible:Acts.17.24,Acts xvii. 24
tertullian,against_praxeas,Joel,old_testament_or_other,Bible:Joel.2.10 Bible:Ps.97.5,Joel ii. 10; Ps. xcvii. 5
tertullian,against_praxeas,Isa,old_testament_or_other,Bible:Isa.10.14,Isa. x. 14
tertullian,against_praxeas,Isa,old_testament_or_other,Bible:Isa.66.1,Isa. lxvi. 1
tertullian,against_praxeas,Isa,old_testament_or_other,Bible:Isa.40.28,Isa. xl. 28
tertullian,against_praxeas,John,new_testament,Bible:John.5.43,John v. 43
tertullian,against_praxeas,John,new_testament,Bible:John.17.6,John xvii. 6
tertullian,against_praxeas,Ps,old_testament_or_other,Bible:Ps.118.26,Ps. cxviii. 26
tertullian,against_praxeas,John,new_testament,Bible:John.16.15,John xvi. 15
tertullian,against_praxeas,Acts,new_testament,Bible:Acts.2.22,Acts ii. 22
tertullian,against_praxeas,Rev,new_testament,Bible:Rev.1.8,Rev. i. 8
tertullian,against_praxeas,Isa,old_testament_or_other,Bible:Isa.45.5,Isa. xlv. 5
tertullian,against_praxeas,Isa,old_testament_or_other,Bible:Isa.45.5 Bible:Isa.45.18 Bible:Isa.44.6,"Isa. xlv. 5, 18; xliv. 6"
tertullian,against_praxeas,Isa,old_testament_or_other,Bible:Isa.44.24,Isa. xliv. 24
tertullian,against_praxeas,Prov,old_testament_or_other,Bible:Prov.8.27,Prov. viii. 27
tertullian,against_praxeas,Rom,new_testament,Bible:Rom.11.34,Rom. xi. 34
tertullian,against_praxeas,Prov,old_testament_or_other,Bible:Prov.8.30,Prov. viii. 30
tertullian,against_praxeas,1Cor,new_testament,Bible:1Cor.1.24,1 Cor. i. 24
tertullian,against_praxeas,1Cor,new_testament,Bible:1Cor.2.11,1 Cor ii. 11
tertullian,against_praxeas,Isa,old_testament_or_other,Bible:Isa.44.25,Isa. xliv. 25
tertullian,against_praxeas,Matt,new_testament,Bible:Matt.3.17,Matt. iii. 17
tertullian,against_praxeas,Isa,old_testament_or_other,Bible:Isa.41.4,Isa. xli. 4
tertullian,against_praxeas,John,new_testament,Bible:John.14.9-John.14.10,"John xiv. 9, 10"
tertullian,against_praxeas,John,new_testament,Bible:John.1.1-John.1.3,John i. 1–3
tertullian,against_praxeas,John,new_testament,Bible:John.1.29,John i. 29
tertullian,against_praxeas,John,new_testament,Bible:John.1.49,John i. 49
tertullian,against_praxeas,Matt,new_testament,Bible:Matt.16.16,Matt. xvi. 16
tertullian,against_praxeas,John,new_testament,Bible:John.1.50,John i. 50
tertullian,against_praxeas,Matt,new_testament,Bible:Matt.16.17,Matt. xvi. 17
tertullian,against_praxeas,John,new_testament,Bible:John.2.16,John ii. 16
tertullian,against_praxeas,John,new_testament,Bible:John.3.16,John iii. 16
tertullian,against_praxeas,John,new_testament,Bible:John.3.17-John.3.18,"John iii. 17, 18"
tertullian,against_praxeas,John,new_testament,Bible:John.3.35-John.3.36,"John iii. 35, 36"
tertullian,against_praxeas,John,new_testament,Bible:John.4.25,John iv. 25
tertullian,against_praxeas,John,new_testament,Bible:John.20.31,John xx. 31
tertullian,against_praxeas,John,new_testament,Bible:John.4.34,John iv. 34
tertullian,against_praxeas,John,new_testament,Bible:John.5.17,John v. 17
tertullian,against_praxeas,John,new_testament,Bible:John.5.19-John.5.27,John v. 19–27
tertullian,against_praxeas,John,new_testament,Bible:John.5.36-John.5.37,"John v. 36, 37"
tertullian,against_praxeas,John,new_testament,Bible:John.5.37,"Ver.
37"
tertullian,against_praxeas,John,new_testament,Bible:John.5.43,"Ver.
43"
tertullian,against_praxeas,John,new_testament,Bible:John.6.29,John vi. 29
tertullian,against_praxeas,John,new_testament,Bible:John.6.30,"Ver.
30"
tertullian,against_praxeas,John,new_testament,Bible:John.6.32,"Ver.
32"
tertullian,against_praxeas,John,new_testament,Bible:John.6.37-John.6.45,John vi. 37–45
tertullian,against_praxeas,John,new_testament,Bible:John.6.46,"Ver.
46"
tertullian,against_praxeas,John,new_testament,Bible:John.6.66,"Ver.
66"
tertullian,against_praxeas,John,new_testament,Bible:John.6.67,"Ver.
67"
tertullian,against_praxeas,John,new_testament,Bible:John.6.68,"Ver.
68"
tertullian,against_praxeas,John,new_testament,Bible:John.7,John vii
tertullian,against_praxeas,John,new_testament,Bible:John.7.28-John.7.29,"Ver. 28,
29"
tertullian,against_praxeas,John,new_testament,Bible:John.7.33,"Ver.
33"
tertullian,against_praxeas,John,new_testament,Bible:John.8.16,John viii. 16
tertullian,against_praxeas,John,new_testament,Bible:John.8.17,"Ver.
17"
tertullian,against_praxeas,John,new_testament,Bible:John.8.18,"Ver.
18"
tertullian,against_praxeas,John,new_testament,Bible:John.8.19,"Ver.
19"
tertullian,against_praxeas,John,new_testament,Bible:John.8.27,"Ver.
27"
tertullian,against_praxeas,Jer,old_testament_or_other,Bible:Jer.1.9,Jer. i. 9
tertullian,against_praxeas,Isa,old_testament_or_other,Bible:Isa.50.4,Isa. l. 4
tertullian,against_praxeas,John,new_testament,Bible:John.8.28-John.8.29,"John viii. 28, 29"
tertullian,against_praxeas,John,new_testament,Bible:John.8.38,"Ver.
38"
tertullian,against_praxeas,John,new_testament,Bible:John.8.40,"Ver.
40"
tertullian,against_praxeas,John,new_testament,Bible:John.8.42,"Ver.
42"
tertullian,against_praxeas,John,new_testament,Bible:John.8.49,"Ver.
49"
tertullian,against_praxeas,John,new_testament,Bible:John.8.54-John.8.55,"John viii. 54, 55"
tertullian,against_praxeas,John,new_testament,Bible:John.8.56,"Ver.
56"
tertullian,against_praxeas,John,new_testament,Bible:John.9.4,John ix. 4
tertullian,against_praxeas,John,new_testament,Bible:John.9.35-John.9.38,"Vers.
35–38"
tertullian,against_praxeas,John,new_testament,Bible:John.10.15,John x. 15
tertullian,against_praxeas,John,new_testament,Bible:John.10.15 Bible:John.10.17 Bible:John.10.18,"Vers. 15,
17, 18"
tertullian,against_praxeas,John,new_testament,Bible:John.10.24,"Ver.
24"
tertullian,against_praxeas,John,new_testament,Bible:John.10.25,"Ver.
25"
tertullian,against_praxeas,John,new_testament,Bible:John.10.26-John.10.28,"Vers.
26–28"
tertullian,against_praxeas,John,new_testament,Bible:John.10.29,"Ver.
29"
tertullian,against_praxeas,John,new_testament,Bible:John.10.30,"Ver.
30"
tertullian,against_praxeas,John,new_testament,Bible:John.10.32,John x. 32
tertullian,against_praxeas,John,new_testament,Bible:John.10.34-John.10.38,"Vers.
34–38"
tertullian,against_praxeas,John,new_testament,Bible:John.11.27,John xi. 27
tertullian,against_praxeas,John,new_testament,Bible:John.11.41-John.11.42,"John xi. 41, 42"
tertullian,against_praxeas,John,new_testament,Bible:John.12.27-John.12.28,"John xii. 27, 28"
tertullian,against_praxeas,Matt,new_testament,Bible:Matt.17.5,Matt. xvii. 5
tertullian,against_praxeas,John,new_testament,Bible:John.12.28,John xii. 28
tertullian,against_praxeas,Matt,new_testament,Bible:Matt.6.9,Matt. vi. 9
tertullian,against_praxeas,Ps,old_testament_or_other,Bible:Ps.8.5,"Same
ver"
tertullian,against_praxeas,John,new_testament,Bible:John.12.30,John xii. 30
tertullian,against_praxeas,John,new_testament,Bible:John.12.44,John xii. 44
tertullian,against_praxeas,John,new_testament,Bible:John.12.45,"Ver.
45"
tertullian,against_praxeas,John,new_testament,Bible:John.12.49,John xii. 49
tertullian,against_praxeas,John,new_testament,Bible:John.12.50,John xii. 50
tertullian,against_praxeas,John,new_testament,Bible:John.13.1 Bible:John.13.3,"John xiii. 1, 3"
tertullian,against_praxeas,John,new_testament,Bible:John.13.31,"Ver.
31"
tertullian,against_praxeas,John,new_testament,Bible:John.13.32,"Ver.
32"
tertullian,against_praxeas,John,new_testament,Bible:John.14.5-John.14.7,John xiv. 5–7
tertullian,against_praxeas,John,new_testament,Bible:John.14.8,"Ver.
8"
tertullian,against_praxeas,John,new_testament,Bible:John.14.9,"Ver.
9"
tertullian,against_praxeas,John,new_testament,Bible:John.14.9,John xiv. 9
tertullian,against_praxeas,John,new_testament,Bible:John.16.28,John xvi. 28
tertullian,against_praxeas,John,new_testament,Bible:John.14.6,John xiv. 6
tertullian,against_praxeas,John,new_testament,Bible:John.6.44,John vi. 44
tertullian,against_praxeas,John,new_testament,Bible:John.5.21,John v. 21
tertullian,against_praxeas,John,new_testament,Bible:John.14.7,John xiv. 7
tertullian,against_praxeas,John,new_testament,Bible:John.14.10,John xiv. 10
tertullian,against_praxeas,John,new_testament,Bible:John.14.10,"Same
ver"
tertullian,against_praxeas,John,new_testament,Bible:John.14.11,"Ver.
11"
tertullian,against_praxeas,John,new_testament,Bible:John.16.14,John xvi. 14
tertullian,against_praxeas,John,new_testament,Bible:John.15.1,John xv. 1
tertullian,against_praxeas,John,new_testament,Bible:John.17.1,John xvii. 1
tertullian,against_praxeas,John,new_testament,Bible:John.17.11,John xvii. 11
tertullian,against_praxeas,Matt,new_testament,Bible:Matt.27.46,Matt. xxvii. 46
tertullian,against_praxeas,Luke,new_testament,Bible:Luke.23.46,Luke xxiii. 46
tertullian,against_praxeas,John,new_testament,Bible:John.20.17,John xx. 17
tertullian,against_praxeas,Luke,new_testament,Bible:Luke.1.35,Luke i. 35
tertullian,against_praxeas,Luke,new_testament,Bible:Luke.2.49,Luke ii. 49
tertullian,against_praxeas,Matt,new_testament,Bible:Matt.4.3 Bible:Matt.4.6,"Matt. iv. 3, 6"
tertullian,against_praxeas,Mark,new_testament,Bible:Mark.1.24 Bible:Matt.8.29,Mark i. 24; Matt. viii. 29
tertullian,against_praxeas,Matt,new_testament,Bible:Matt.11.25-Matt.11.26 Bible:Luke.10.21 Bible:John.11.41,"Matt. xi. 25, 26; Luke x. 21; John xi.
41"
tertullian,against_praxeas,Matt,new_testament,Bible:Matt.11.25,Matt. xi. 25
tertullian,against_praxeas,Matt,new_testament,Bible:Matt.11.27 Bible:Luke.10.22,Matt. xi. 27; Luke x. 22
tertullian,against_praxeas,Matt,new_testament,Bible:Matt.10.32-Matt.10.33,"Matt. x. 32, 33"
tertullian,against_praxeas,Matt,new_testament,Bible:Matt.21.33-Matt.21.41,Matt. xxi. 33–41
tertullian,against_praxeas,Matt,new_testament,Bible:Matt.24.36,Matt. xxiv. 36
tertullian,against_praxeas,Luke,new_testament,Bible:Luke.22.29,Luke xxii. 29
tertullian,against_praxeas,Matt,new_testament,Bible:Matt.26.53,Matt. xxvi. 53
tertullian,against_praxeas,Luke,new_testament,Bible:Luke.24.49,Luke xxiv. 49
tertullian,against_praxeas,Matt,new_testament,Bible:Matt.1.23,Matt. i. 23
tertullian,against_praxeas,Ps,old_testament_or_other,Bible:Ps.87.5,Ps. lxxxvii. 5
tertullian,against_praxeas,Rom,new_testament,Bible:Rom.1.3,Rom. i. 3
tertullian,against_praxeas,Rom,new_testament,Bible:Rom.1.4,"Ver.
4"
tertullian,against_praxeas,John,new_testament,Bible:John.3.6,John iii. 6
tertullian,against_praxeas,1Tim,new_testament,Bible:1Tim.2.5,1 Tim. ii. 5
tertullian,against_praxeas,Acts,new_testament,Bible:Acts.4.27,Acts iv. 27
tertullian,against_praxeas,Acts,new_testament,Bible:Acts.2.36,Acts ii. 36
tertullian,against_praxeas,1John,new_testament,Bible:1John.2.22 Bible:1John.4.2-1John.4.3 Bible:1John.5.1,"1
John ii. 22, iv. 2, 3, and v. 1"
tertullian,against_praxeas,1John,new_testament,Bible:1John.1.3,1 John i. 3
tertullian,against_praxeas,Rom,new_testament,Bible:Rom.1.8,Rom. i. 8
tertullian,against_praxeas,Gal,new_testament,Bible:Gal.1.1,Gal. i. 1
tertullian,against_praxeas,Amos,old_testament_or_other,Bible:Amos.4.13,Amos iv. 13
tertullian,against_praxeas,Ps,old_testament_or_other,Bible:Ps.2.2,Ps. ii. 2
tertullian,against_praxeas,Eph,new_testament,Bible:Eph.1.17,Eph. i. 17
tertullian,against_praxeas,Rom,new_testament,Bible:Rom.8.11,Rom. viii. 11
tertullian,against_praxeas,Gal,new_testament,Bible:Gal.3.13,Gal. iii. 13
tertullian,against_praxeas,Deut,old_testament_or_other,Bible:Deut.21.23,Deut. xxi. 23
tertullian,against_praxeas,Rom,new_testament,Bible:Rom.8.32,Rom. viii. 32
tertullian,against_praxeas,Isa,old_testament_or_other,Bible:Isa.53.5-Isa.53.6,"Isa.
liii. 5, 6"
tertullian,against_praxeas,1Cor,new_testament,Bible:1Cor.15.3-1Cor.15.4,"1 Cor. xv. 3, 4"
tertullian,against_praxeas,John,new_testament,Bible:John.3.13,John iii. 13
tertullian,against_praxeas,Eph,new_testament,Bible:Eph.4.9,Eph. iv. 9
tertullian,against_praxeas,Mark,new_testament,Bible:Mark.16.19 Bible:Rev.3.21,Mark xvi. 19; Rev. iii. 21
tertullian,against_praxeas,Acts,new_testament,Bible:Acts.7.55,Acts vii. 55
tertullian,against_praxeas,Acts,new_testament,Bible:Acts.1.11 Bible:Luke.21.37,Acts i. 11; Luke xxi. 37
tertullian,against_praxeas,John,new_testament,Bible:John.16.13,John xvi. 13
tertullian,against_praxeas,1John,new_testament,Bible:1John.4.15,1 John iv. 15
tertullian,against_praxeas,1John,new_testament,Bible:1John.5.12,1 John v. 12
tertullian,against_praxeas,Gen,old_testament_or_other,Bible:Gen.1.26,"Gen. i.
26"
tertullian,against_praxeas,1John,new_testament,Bible:1John.5.7,1 John v. 7
tertullian,against_praxeas,Ps,old_testament_or_other,Bible:Ps.13,Psa. xiii
tertullian,against_praxeas,Rom,new_testament,Bible:Rom.3.10,Rom. iii. 10
tertullian,against_praxeas,1John,new_testament,Bible:1John.5.7,"1 John v.
7"
tertullian,scorpiace,Mark,new_testament,Bible:Mark.16.18,Mark xvi. 18
tertullian,scorpiace,Acts,new_testament,Bible:Acts.28.3,Acts xxviii. 3
tertullian,scorpiace,Exod,old_testament_or_other,Bible:Exod.3.2,Ex. iii. 2
tertullian,scorpiace,Ps,old_testament_or_other,Bible:Ps.50.13,Ps. l. 13
tertullian,scorpiace,Ezek,old_testament_or_other,Bible:Ezek.33.11,Ezek. xxxiii. 11
tertullian,scorpiace,Ps,old_testament_or_other,Bible:Ps.19.10,Ps. xix. 10
tertullian,scorpiace,Exod,old_testament_or_other,Bible:Exod.3.17,Ex. iii. 17
tertullian,scorpiace,Isa,old_testament_or_other,Bible:Isa.5.20,Isa. v. 20
tertullian,scorpiace,Exod,old_testament_or_other,Bible:Exod.20.2,Ex. xx. 2
tertullian,scorpiace,Exod,old_testament_or_other,Bible:Exod.20.22-Exod.20.23,"Ex. xx. 22, 23"
tertullian,scorpiace,Deut,old_testament_or_other,Bible:Deut.6.4,Deut. vi. 4
tertullian,scorpiace,Deut,old_testament_or_other,Bible:Deut.6.12,Deut. vi. 12
tertullian,scorpiace,Deut,old_testament_or_other,Bible:Deut.11.27,Deut. xi. 27
tertullian,scorpiace,Deut,old_testament_or_other,Bible:Deut.12.2-Deut.12.3,"Deut. xii. 2, 3"
tertullian,scorpiace,Deut,old_testament_or_other,Bible:Deut.12.30,Deut. xii. 30
tertullian,scorpiace,Deut,old_testament_or_other,Bible:Deut.13.1,Deut. xiii. 1
tertullian,scorpiace,Deut,old_testament_or_other,Bible:Deut.13.6,Deut. xiii. 6
tertullian,scorpiace,Deut,old_testament_or_other,Bible:Deut.13.16,Deut. xiii. 16
tertullian,scorpiace,Deut,old_testament_or_other,Bible:Deut.27.15,Deut. xxvii. 15
tertullian,scorpiace,Rev,new_testament,Bible:Rev.19.4,Rev. xix. 4
tertullian,scorpiace,Lev,old_testament_or_other,Bible:Lev.25.55 Bible:Lev.26.1,Lev. xxv. 55; xxvi. 1
tertullian,scorpiace,Ps,old_testament_or_other,Bible:Ps.135.15 Bible:Ps.115.4,Ps. cxxxv. 15; cxv. 4
tertullian,scorpiace,Exod,old_testament_or_other,Bible:Exod.32,Ex. xxxii
tertullian,scorpiace,Num,old_testament_or_other,Bible:Num.25.1,Num. xxv. 1
tertullian,scorpiace,Judg,old_testament_or_other,Bible:Judg.2.8-Judg.2.13,Judg. ii. 8–13
tertullian,scorpiace,Judg,old_testament_or_other,Bible:Judg.2.20-Judg.2.21,"Judg. ii. 20, 21"
tertullian,scorpiace,1Cor,new_testament,Bible:1Cor.15.41,1 Cor. xv. 41
tertullian,scorpiace,Ps,old_testament_or_other,Bible:Ps.32.1 Bible:Rom.4.7,Ps. xxxii. 1; Rom. iv. 7
tertullian,scorpiace,1Pet,new_testament,Bible:1Pet.4.8,1 Pet. iv. 8
tertullian,scorpiace,Matt,new_testament,Bible:Matt.22.37,Matt. xxii. 37
tertullian,scorpiace,Prov,old_testament_or_other,Bible:Prov.9.2,Prov. ix. 2
tertullian,scorpiace,Prov,old_testament_or_other,Bible:Prov.1.20-Prov.1.21,"Prov. i. 20, 21"
tertullian,scorpiace,Isa,old_testament_or_other,Bible:Isa.44.5,Isa. xliv. 5
tertullian,scorpiace,Zech,old_testament_or_other,Bible:Zech.13.9,Zech. xiii. 9
tertullian,scorpiace,Rom,new_testament,Bible:Rom.8.32,Rom. viii. 32
tertullian,scorpiace,Rom,new_testament,Bible:Rom.4.25,Rom. iv. 25
tertullian,scorpiace,Rom,new_testament,Bible:Rom.11.34,Rom. xi. 34
tertullian,scorpiace,Ps,old_testament_or_other,Bible:Ps.116.15,Ps. cxvi. 15
tertullian,scorpiace,Isa,old_testament_or_other,Bible:Isa.57.1,Isa. lvii. 1
tertullian,scorpiace,Matt,new_testament,Bible:Matt.14.3,Matt. xiv. 3
tertullian,scorpiace,Dan,old_testament_or_other,Bible:Dan.3.12,Dan. iii. 12
tertullian,scorpiace,Bar,deuterocanonical,Bible:Bar.6.3,Baruch vi. 3
tertullian,scorpiace,Dan,old_testament_or_other,Bible:Dan.3.16,Dan. iii. 16
tertullian,scorpiace,Matt,new_testament,Bible:Matt.5.10 Bible:Luke.6.23,Matt. v. 10; Luke vi. 23
tertullian,scorpiace,Matt,new_testament,Bible:Matt.10.16,Matt. x. 16
tertullian,scorpiace,Isa,old_testament_or_other,Bible:Isa.40.15,Isa. xl. 15
tertullian,scorpiace,Matt,new_testament,Bible:Matt.16.13,Matt. xvi. 13
tertullian,scorpiace,Matt,new_testament,Bible:Matt.7.12 Bible:Luke.6.31,Matt. vii. 12 and Luke vi. 31
tertullian,scorpiace,Ps,old_testament_or_other,Bible:Ps.24.7,Ps. xxiv. 7
tertullian,scorpiace,Amos,old_testament_or_other,Bible:Amos.9.6,Amos ix. 6
tertullian,scorpiace,Matt,new_testament,Bible:Matt.10.34,Matt. x. 34
tertullian,scorpiace,Matt,new_testament,Bible:Matt.10.21,Matt. x. 21
tertullian,scorpiace,Luke,new_testament,Bible:Luke.14.26,Luke xiv. 26
tertullian,scorpiace,Matt,new_testament,Bible:Matt.10.39,Matt. x. 39
tertullian,scorpiace,Matt,new_testament,Bible:Matt.10.19,Matt. x. 19
tertullian,scorpiace,Matt,new_testament,Bible:Matt.25.36,Matt. xxv. 36
tertullian,scorpiace,Luke,new_testament,Bible:Luke.18.7,Luke xviii. 7
tertullian,scorpiace,Matt,new_testament,Bible:Matt.13.3,Matt. xiii. 3
tertullian,scorpiace,1Pet,new_testament,Bible:1Pet.2.20,1 Pet. ii. 20
tertullian,scorpiace,1Pet,new_testament,Bible:1Pet.4.12,1 Pet. iv. 12
tertullian,scorpiace,1John,new_testament,Bible:1John.3.16,1 John iii. 16
tertullian,scorpiace,1John,new_testament,Bible:1John.4.18,1 John iv. 18
tertullian,scorpiace,Rev,new_testament,Bible:Rev.2.10,Rev. ii. 10
tertullian,scorpiace,Rev,new_testament,Bible:Rev.2.13,Rev. ii. 13
tertullian,scorpiace,Rev,new_testament,Bible:Rev.3.10,Rev. iii. 10
tertullian,scorpiace,Matt,new_testament,Bible:Matt.20.20-Matt.20.23,Matt. xx. 20–23
tertullian,scorpiace,Rev,new_testament,Bible:Rev.6.9,Rev. vi. 9
tertullian,scorpiace,Rev,new_testament,Bible:Rev.7.14,Rev. vii. 14
tertullian,scorpiace,Isa,old_testament_or_other,Bible:Isa.1.18,Isa. i. 18
tertullian,scorpiace,Rev,new_testament,Bible:Rev.17.6,Rev. xvii. 6
tertullian,scorpiace,Rev,new_testament,Bible:Rev.21.8,Rev. xxi. 8
tertullian,scorpiace,Gen,old_testament_or_other,Bible:Gen.25.34 Bible:Gen.27.25,Gen. xxv. 34; xxvii. 25
tertullian,scorpiace,2Thess,new_testament,Bible:2Thess.1.4,2 Thess. i. 4
tertullian,scorpiace,Rom,new_testament,Bible:Rom.5.3,Rom. v. 3
tertullian,scorpiace,Rom,new_testament,Bible:Rom.8.17,Rom. viii. 17
tertullian,scorpiace,Rom,new_testament,Bible:Rom.8.35,Rom. viii. 35
tertullian,scorpiace,2Cor,new_testament,Bible:2Cor.11.23,2 Cor. xi. 23
tertullian,scorpiace,2Cor,new_testament,Bible:2Cor.12.10,2 Cor. xii. 10
tertullian,scorpiace,2Cor,new_testament,Bible:2Cor.4.8,2 Cor. iv. 8
tertullian,scorpiace,Phil,new_testament,Bible:Phil.1.29-Phil.1.30,"Phil. i. 29,
30"
tertullian,scorpiace,Phil,new_testament,Bible:Phil.2.17,Phil. ii. 17
tertullian,scorpiace,2Tim,new_testament,Bible:2Tim.4.6,2 Tim. iv. 6
tertullian,scorpiace,2Tim,new_testament,Bible:2Tim.2.11,2 Tim ii. 11
tertullian,scorpiace,2Tim,new_testament,Bible:2Tim.1.8,2 Tim. i. 8
tertullian,scorpiace,2Tim,new_testament,Bible:2Tim.1.7,2 Tim. i. 7
tertullian,scorpiace,Rom,new_testament,Bible:Rom.13.1,Rom. xiii. 1
tertullian,scorpiace,Rom,new_testament,Bible:Rom.13.6,Rom. xiii. 6
tertullian,scorpiace,Matt,new_testament,Bible:Matt.22.21,Matt. xxii. 21
tertullian,scorpiace,1Pet,new_testament,Bible:1Pet.2.13,1 Pet. ii. 13
tertullian,scorpiace,Acts,new_testament,Bible:Acts.5.40,Acts v. 40
tertullian,scorpiace,Acts,new_testament,Bible:Acts.7.59,Acts vii. 59
tertullian,scorpiace,Acts,new_testament,Bible:Acts.12.2,Acts xii. 2
tertullian,scorpiace,John,new_testament,Bible:John.21.18,John xxi. 18
tertullian,scorpiace,Acts,new_testament,Bible:Acts.21.11,Acts xxi. 11
tertullian,scorpiace,Matt,new_testament,Bible:Matt.16.23 Bible:Matt.4.10,"Matt.
xvi. 23 and iv. 10"
tertullian,against_all_heresies,Acts,new_testament,Bible:Acts.23.8,Acts xxiii. 8
tertullian,against_all_heresies,Acts,new_testament,Bible:Acts.8.9-Acts.8.24,Acts viii. 9–24
tertullian,against_all_heresies,Matt,new_testament,Bible:Matt.27.32 Bible:Mark.15.21 Bible:Luke.23.26,"Matt. xxvii. 32; Mark xv. 21; Luke xxiii.
26"
tertullian,against_all_heresies,Acts,new_testament,Bible:Acts.6.1-Acts.6.6,Acts vi. 1–6
tertullian,against_all_heresies,Rev,new_testament,Bible:Rev.2.6,Rev. ii. 6
tertullian,against_all_heresies,Gen,old_testament_or_other,Bible:Gen.3.1-Gen.3.7,Gen. iii. 1–7
tertullian,against_all_heresies,Num,old_testament_or_other,Bible:Num.21.4-Num.21.9,Num. xxi. 4–9
tertullian,against_all_heresies,John,new_testament,Bible:John.3.14,John iii. 14
tertullian,against_all_heresies,1Pet,new_testament,Bible:1Pet.3.20,1 Pet. iii. 20
tertullian,against_all_heresies,Gen,old_testament_or_other,Bible:Gen.9.1-Gen.9.2 Bible:Gen.9.7 Bible:Gen.9.19,"Gen. ix. 1, 2, 7, 19"
tertullian,against_all_heresies,John,new_testament,Bible:John.1.17 Bible:Acts.7.53 Bible:Gal.3.19,"John i. 17, Acts
vii. 53, Gal. iii. 19"
tertullian,against_all_heresies,Matt,new_testament,Bible:Matt.10.24 Bible:Luke.4.40 Bible:John.13.16,"Matt. x. 24; Luke iv. 40; John xiii.
16"
tertullian,against_all_heresies,Rev,new_testament,Bible:Rev.1.7 Bible:Rev.21.6 Bible:Rev.22.13,Rev. i. 7; xxi. 6; xxii. 13
tertullian,against_all_heresies,Matt,new_testament,Bible:Matt.3.13-Matt.3.17 Bible:Mark.1.9-Mark.1.11 Bible:Luke.3.21-Luke.3.22 Bible:John.1.29-John.1.34,"Matt. iii. 13–17; Mark i.
9–11; Luke iii. 21–22; John i. 29–34"
tertullian,against_all_heresies,Matt,new_testament,Bible:Matt.7.17,Matt. vii. 17
tertullian,against_all_heresies,Ps,old_testament_or_other,Bible:Ps.110.4,Ps. cx. 4
tertullian,against_all_heresies,Heb,new_testament,Bible:Heb.7.1-Heb.7.3,Heb. vii. 1–3
tertullian,repentance,Gen,old_testament_or_other,Bible:Gen.1.28 Bible:Ps.8.4-Ps.8.8,"Gen. i. 28; Ps. viii.
4–8"
tertullian,repentance,Matt,new_testament,Bible:Matt.3.1-Matt.3.2 Bible:Mark.1.4 Bible:Luke.3.4-Luke.3.6,"Matt. iii. 1, 2; Mark i. 4; Luke iii.
4–6"
tertullian,repentance,Luke,new_testament,Bible:Luke.22.61,Luke xxii. 61
tertullian,repentance,Matt,new_testament,Bible:Matt.5.27-Matt.5.28,"Matt. v. 27, 28"
tertullian,repentance,Ezek,old_testament_or_other,Bible:Ezek.18.30 Bible:Ezek.18.32,"Ezek. xviii. 30, 32"
tertullian,repentance,Ezek,old_testament_or_other,Bible:Ezek.33.11,"Ezek. xxxiii.
11"
tertullian,repentance,1Tim,new_testament,Bible:1Tim.1.16,1 Tim. i. 16
tertullian,repentance,Isa,old_testament_or_other,Bible:Isa.40.15,Isa. xl. 15
tertullian,repentance,Dan,old_testament_or_other,Bible:Dan.2.35 Bible:Matt.3.12,Dan. ii. 35; Matt. iii. 12
tertullian,repentance,Ps,old_testament_or_other,Bible:Ps.2.9 Bible:Rev.2.27,Ps. ii. 9; Rev. ii. 27
tertullian,repentance,Ps,old_testament_or_other,Bible:Ps.1.3 Bible:Jer.17.8,Ps. i. 3; Jer. xvii. 8
tertullian,repentance,Luke,new_testament,Bible:Luke.23.31,Luke xxiii. 31
tertullian,repentance,Jer,old_testament_or_other,Bible:Jer.17.8 Bible:Matt.3.10,Jer. xvii. 8; Matt. iii. 10
tertullian,repentance,Matt,new_testament,Bible:Matt.3.10,Matt. iii. 10
tertullian,repentance,John,new_testament,Bible:John.14.6,John xiv. 6
tertullian,repentance,1John,new_testament,Bible:1John.3.9 Bible:1John.5.18,"1 John iii. 9; v.
18"
tertullian,repentance,Matt,new_testament,Bible:Matt.18.22,"Matt. xviii.
22"
tertullian,repentance,Acts,new_testament,Bible:Acts.14.15-Acts.14.17,Acts xiv. 15–17
tertullian,repentance,Deut,old_testament_or_other,Bible:Deut.32.2,Deut. xxxii. 2
tertullian,repentance,Luke,new_testament,Bible:Luke.8.17,Luke viii. 17
tertullian,repentance,1John,new_testament,Bible:1John.1.5,1 John i. 5
tertullian,repentance,Rom,new_testament,Bible:Rom.6.3-Rom.6.4 Bible:Rom.6.8 Bible:Col.2.12 Bible:Col.2.20,"Rom. vi. 3, 4,
8; Col. ii. 12, 20"
tertullian,repentance,Jer,old_testament_or_other,Bible:Jer.31.34 Bible:Heb.8.11,"Jer.
xxxi. (LXX. xxxviii.) 34; Heb. viii. 11"
tertullian,repentance,John,new_testament,Bible:John.13.10 Bible:Matt.23.26,John xiii. 10 and Matt. xxiii. 26
tertullian,repentance,1Cor,new_testament,Bible:1Cor.6.3,1 Cor. vi. 3
tertullian,repentance,Rev,new_testament,Bible:Rev.2.7 Bible:Rev.2.11 Bible:Rev.2.17 Bible:Rev.2.29 Bible:Rev.3.6 Bible:Rev.3.13 Bible:Rev.3.21,"Rev. ii. 7, 11, 17, 29; iii. 6, 13,
21"
tertullian,repentance,Rev,new_testament,Bible:Rev.2.4,Rev. ii. 4
tertullian,repentance,Rev,new_testament,Bible:Rev.2.20,Rev. ii. 20
tertullian,repentance,Rev,new_testament,Bible:Rev.3.2,Rev. iii. 2
tertullian,repentance,Rev,new_testament,Bible:Rev.2.14-Rev.2.15,"Rev. ii. 14, 15"
tertullian,repentance,Rev,new_testament,Bible:Rev.3.17,Rev. iii. 17
tertullian,repentance,Jer,old_testament_or_other,Bible:Jer.8.4,Jer. viii. 4
tertullian,repentance,Hos,old_testament_or_other,Bible:Hos.6.6 Bible:Matt.9.13,Hos. vi. 6; Matt. ix. 13
tertullian,repentance,Luke,new_testament,Bible:Luke.15.7 Bible:Luke.15.10,"Luke xv. 7, 10"
tertullian,repentance,Luke,new_testament,Bible:Luke.15.8-Luke.15.10,Luke xv. 8–10
tertullian,repentance,Luke,new_testament,Bible:Luke.15.3-Luke.15.7,Luke xv. 3–7
tertullian,repentance,Luke,new_testament,Bible:Luke.15.11-Luke.15.32,Luke xv. 11–32
tertullian,repentance,Matt,new_testament,Bible:Matt.23.9 Bible:Eph.3.14,"Matt. xxiii. 9; and Eph. iii. 14, 15"
tertullian,repentance,Luke,new_testament,Bible:Luke.15.29-Luke.15.32,Luke xv. 29–32
tertullian,repentance,Ps,old_testament_or_other,Bible:Ps.22.1 Bible:Ps.38.8 Bible:Heb.5.7,"Ps. xxii. 1 (in LXX. xxii. 3), xxxviii. 8 (in the
LXX. xxxvii. 9). Cf. Heb. v. 7"
tertullian,repentance,Jas,new_testament,Bible:Jas.5.16,James v. 16
tertullian,repentance,1Cor,new_testament,Bible:1Cor.12.26,1 Cor. xii. 26
tertullian,repentance,Matt,new_testament,Bible:Matt.18.20,Matt. xviii. 20
tertullian,repentance,John,new_testament,Bible:John.11.41-John.11.42,"John xi. 41,
42"
tertullian,repentance,Isa,old_testament_or_other,Bible:Isa.5.18,Isa. v. 18
tertullian,repentance,Dan,old_testament_or_other,Bible:Dan.4.25,Dan. iv. 25
tertullian,repentance,Exod,old_testament_or_other,Bible:Exod.14.15-Exod.14.31,Ex. xiv. 15–31
tertullian,repentance,Gen,old_testament_or_other,Bible:Gen.3.24 Bible:Luke.23.43 Bible:2Cor.12.4 Bible:Rev.2.7,"Gen. iii. 24 with Luke xxiii. 43, 2 Cor. xii. 4,
and Rev. ii. 7"
tertullian,repentance,Matt,new_testament,Bible:Matt.6.6,"Matt. vi.
6"
tertullian,repentance,2Cor,new_testament,Bible:2Cor.2.10,2 Cor. ii. 10
tertullian,baptism,1Tim,new_testament,Bible:1Tim.2.11-1Tim.2.12,"1 Tim. ii. 11, 12"
tertullian,baptism,1Cor,new_testament,Bible:1Cor.1.27,1 Cor. i. 27
tertullian,baptism,Luke,new_testament,Bible:Luke.18.27,Luke xviii. 27
tertullian,baptism,Matt,new_testament,Bible:Matt.21.23,"Matt.
xxi. 23"
tertullian,baptism,Gen,old_testament_or_other,Bible:Gen.1.1-Gen.1.2,"Gen. i. 1, 2"
tertullian,baptism,Gen,old_testament_or_other,Bible:Gen.1.6-Gen.1.8,"Gen. i. 6, 7, 8"
tertullian,baptism,Acts,new_testament,Bible:Acts.8.26-Acts.8.40,Acts viii. 26–40
tertullian,baptism,John,new_testament,Bible:John.5.1-John.5.9,"John v.
1–9"
tertullian,baptism,1Cor,new_testament,Bible:1Cor.15.46,1 Cor. xv. 46
tertullian,baptism,John,new_testament,Bible:John.1.16-John.1.17,"John i. 16, 17"
tertullian,baptism,Luke,new_testament,Bible:Luke.1.76,Luke i. 76
tertullian,baptism,Eccl,old_testament_or_other,Bible:Eccl.5.6 Bible:Acts.12.15,"Eccles. v. 6, and Acts xii. 15"
tertullian,baptism,Isa,old_testament_or_other,Bible:Isa.40.3 Bible:Matt.3.3,Isa. xl. 3; Matt. iii. 3
tertullian,baptism,Deut,old_testament_or_other,Bible:Deut.19.15 Bible:Matt.18.16 Bible:2Cor.13.1,"Deut. xix. 15; Matt. xviii. 16; 2 Cor.
xiii. 1"
tertullian,baptism,Matt,new_testament,Bible:Matt.18.20,Matt. xviii. 20
tertullian,baptism,Exod,old_testament_or_other,Bible:Exod.29.7 Bible:Lev.8.12 Bible:Ps.133.2,"Ex. xxix. 7; Lev. viii. 12; Ps. cxxxiii.
2"
tertullian,baptism,Lev,old_testament_or_other,Bible:Lev.4.5 Bible:Lev.4.16,"Lev.
iv. 5, 16"
tertullian,baptism,Acts,new_testament,Bible:Acts.4.27,Acts iv. 27
tertullian,baptism,Acts,new_testament,Bible:Acts.10.38 Bible:Lev.4.18 Bible:Isa.61.1,"Acts x. 38 and Lev. iv. 18 with Isa. lxi.
1"
tertullian,baptism,Eph,new_testament,Bible:Eph.2.10,"Eph. ii.
10"
tertullian,baptism,Ps,old_testament_or_other,Bible:Ps.150.4,Ps. cl. 4
tertullian,baptism,1Tim,new_testament,Bible:1Tim.2.8,1 Tim. ii. 8
tertullian,baptism,Matt,new_testament,Bible:Matt.3.16 Bible:Luke.3.22,Matt. iii. 16; Luke iii. 22
tertullian,baptism,Matt,new_testament,Bible:Matt.10.16,Matt. x. 16
tertullian,baptism,2Pet,new_testament,Bible:2Pet.1.9 Bible:Heb.10.26-Heb.10.27 Bible:Heb.10.29,"2 Pet. i. 9; Heb. x. 26, 27,
29"
tertullian,baptism,Exod,old_testament_or_other,Bible:Exod.8.25 Bible:Exod.8.28 Bible:Exod.10.10-Exod.10.11 Bible:Exod.10.24,"Ex. viii. 25, 28; x. 10, 11,
24"
tertullian,baptism,Exod,old_testament_or_other,Bible:Exod.14.27-Exod.14.30,Ex. xiv. 27–30
tertullian,baptism,Exod,old_testament_or_other,Bible:Exod.15.24-Exod.15.25,"Ex. xv. 24, 25"
tertullian,baptism,Matt,new_testament,Bible:Matt.3.13-Matt.3.17,Matt. iii. 13–17
tertullian,baptism,John,new_testament,Bible:John.2.1-John.2.11,John ii. 1–11
tertullian,baptism,John,new_testament,Bible:John.7.37-John.7.38,"John vii. 37, 38"
tertullian,baptism,Matt,new_testament,Bible:Matt.10.42,Matt. x. 42
tertullian,baptism,John,new_testament,Bible:John.4.6,John iv. 6
tertullian,baptism,Matt,new_testament,Bible:Matt.14.25,Matt. xiv. 25
tertullian,baptism,Mark,new_testament,Bible:Mark.4.36,Mark iv. 36
tertullian,baptism,John,new_testament,Bible:John.13.1-John.13.12,John xiii. 1–12
tertullian,baptism,Matt,new_testament,Bible:Matt.27.24,Matt. xxvii. 24
tertullian,baptism,John,new_testament,Bible:John.19.34,John xix. 34
tertullian,baptism,Matt,new_testament,Bible:Matt.21.25 Bible:Mark.11.30 Bible:Luke.20.4,"Matt. xxi. 25; Mark xi. 30; Luke xx.
4"
tertullian,baptism,John,new_testament,Bible:John.1.33,John i. 33
tertullian,baptism,Acts,new_testament,Bible:Acts.5.31,Acts v. 31
tertullian,baptism,John,new_testament,Bible:John.1.9,John i. 9
tertullian,baptism,Matt,new_testament,Bible:Matt.3.7-Matt.3.12 Bible:Matt.21.23 Bible:Matt.21.31 Bible:Matt.21.32,"Matt. iii. 7–12; xxi. 23, 31,
32"
tertullian,baptism,Mark,new_testament,Bible:Mark.2.8 Bible:1Thess.4.8 Bible:2Cor.1.21-2Cor.1.22 Bible:2Cor.5.5,"Mark ii. 8; 1 Thess. iv. 8; 2 Cor. i. 21,
22; v. 5"
tertullian,baptism,John,new_testament,Bible:John.16.6-John.16.7,"John xvi. 6, 7"
tertullian,baptism,Acts,new_testament,Bible:Acts.19.1-Acts.19.7 Bible:John.7.39,Acts xix. 1–7. [John vii. 39.]
tertullian,baptism,Matt,new_testament,Bible:Matt.3.11-Matt.3.12 Bible:John.1.6-John.1.36,"Matt. iii. 11, 12; John i.
6–36"
tertullian,baptism,Matt,new_testament,Bible:Matt.11.2-Matt.11.6 Bible:Luke.7.18-Luke.7.23,"Matt. xi. 2–6; Luke vii.
18–23"
tertullian,baptism,Acts,new_testament,Bible:Acts.19.4,Acts xix. 4
tertullian,baptism,Mark,new_testament,Bible:Mark.1.4,Mark i. 4
tertullian,baptism,John,new_testament,Bible:John.3.30-John.3.31,"John iii. 30, 31"
tertullian,baptism,Matt,new_testament,Bible:Matt.3.11,Matt. iii. 11
tertullian,baptism,John,new_testament,Bible:John.4.2,John iv. 2
tertullian,baptism,Matt,new_testament,Bible:Matt.8.5 Bible:Luke.7.3 Bible:Luke.7.7 Bible:Mark.10.35 Bible:Matt.20.20,"Matt. viii. 5 with Luke vii.
3, 7; and Mark x. 35 with Matt. xx. 20"
tertullian,baptism,1Pet,new_testament,Bible:1Pet.1.11,1 Pet. i. 11
tertullian,baptism,John,new_testament,Bible:John.3.5,John iii. 5
tertullian,baptism,Gal,new_testament,Bible:Gal.3.27,Gal. iii. 27
tertullian,baptism,Eph,new_testament,Bible:Eph.4.5,Eph. iv. 5
tertullian,baptism,John,new_testament,Bible:John.13.9-John.13.10,"John xiii. 9, 10"
tertullian,baptism,Matt,new_testament,Bible:Matt.11.11,Matt. xi. 11
tertullian,baptism,Matt,new_testament,Bible:Matt.8.24 Bible:Matt.14.28-Matt.14.29,"Matt. viii. 24; xiv. 28, 29"
tertullian,baptism,John,new_testament,Bible:John.13.8,John xiii. 8
tertullian,baptism,Luke,new_testament,Bible:Luke.18.42 Bible:Mark.10.52,Luke xviii. 42; Mark x. 52
tertullian,baptism,Mark,new_testament,Bible:Mark.2.5,"Mark ii.
5"
tertullian,baptism,Matt,new_testament,Bible:Matt.9.9,Matt. ix. 9
tertullian,baptism,Matt,new_testament,Bible:Matt.4.21-Matt.4.22,"Matt. iv. 21, 22"
tertullian,baptism,Luke,new_testament,Bible:Luke.9.59-Luke.9.60,"Luke ix. 59, 60"
tertullian,baptism,Matt,new_testament,Bible:Matt.10.37,Matt. x. 37
tertullian,baptism,Matt,new_testament,Bible:Matt.28.19,Matt. xxviii. 19
tertullian,baptism,John,new_testament,Bible:John.2.5,John ii. 5
tertullian,baptism,Acts,new_testament,Bible:Acts.9.1-Acts.9.31,Acts ix. 1–31
tertullian,baptism,1Cor,new_testament,Bible:1Cor.1.17,1 Cor. i. 17
tertullian,baptism,1Cor,new_testament,Bible:1Cor.1.14 Bible:1Cor.1.16,"1 Cor. i. 14, 16"
tertullian,baptism,1Cor,new_testament,Bible:1Cor.1.11-1Cor.1.12 Bible:1Cor.3.3-1Cor.3.4,"1 Cor. i. 11, 12; iii. 3, 4"
tertullian,baptism,Matt,new_testament,Bible:Matt.5.9,Matt. v. 9
tertullian,baptism,Eph,new_testament,Bible:Eph.4.4-Eph.4.6,"Eph. iv. 4, 5, 6"
tertullian,baptism,Eccl,old_testament_or_other,Bible:Eccl.1.15,Eccles. i. 15
tertullian,baptism,John,new_testament,Bible:John.13.10 Bible:Eph.4.5,"John
xiii. 10, and Eph. iv. 5"
tertullian,baptism,Luke,new_testament,Bible:Luke.12.50,Luke xii. 50
tertullian,baptism,1John,new_testament,Bible:1John.5.6,1 John v. 6
tertullian,baptism,Matt,new_testament,Bible:Matt.20.16 Bible:Rev.17.14,Matt. xx. 16; Rev. xvii. 14
tertullian,baptism,John,new_testament,Bible:John.6.53,John vi. 53
tertullian,baptism,1Cor,new_testament,Bible:1Cor.10.23,1 Cor. x. 23
tertullian,baptism,1Cor,new_testament,Bible:1Cor.14.34-1Cor.14.35,"1 Cor. xiv. 34, 35"
tertullian,baptism,Luke,new_testament,Bible:Luke.6.30,Luke vi. 30
tertullian,baptism,Matt,new_testament,Bible:Matt.7.6,Matt. vii. 6
tertullian,baptism,1Tim,new_testament,Bible:1Tim.5.22,1 Tim. v. 22
tertullian,baptism,Acts,new_testament,Bible:Acts.8.28 Bible:Acts.8.30 Bible:Acts.8.32 Bible:Acts.8.33 Bible:Isa.53.7-Isa.53.8,"Acts viii. 28, 30, 32, 33, and Isa. liii. 7,
8"
tertullian,baptism,Acts,new_testament,Bible:Acts.9.11,Acts ix. 11
tertullian,baptism,Acts,new_testament,Bible:Acts.9.43,"Acts ix.
43"
tertullian,baptism,Matt,new_testament,Bible:Matt.19.14 Bible:Mark.10.14 Bible:Luke.18.16,"Matt. xix. 14; Mark x. 14; Luke xviii.
16"
tertullian,baptism,Luke,new_testament,Bible:Luke.6.30,"Luke vi.
30"
tertullian,baptism,Mark,new_testament,Bible:Mark.14.13 Bible:Luke.22.10,Mark xiv. 13; Luke xxii. 10
tertullian,baptism,Acts,new_testament,Bible:Acts.1.3,Acts i. 3
tertullian,baptism,Acts,new_testament,Bible:Acts.1.10 Bible:Luke.9.30,"Acts
i. 10 and Luke ix. 30"
tertullian,baptism,Luke,new_testament,Bible:Luke.24.4,xxiv. 4
tertullian,baptism,Acts,new_testament,Bible:Acts.1.10-Acts.1.11,"Acts i. 10, 11"
tertullian,baptism,Jer,old_testament_or_other,Bible:Jer.31.8,Jer. xxxi. 8
tertullian,baptism,Matt,new_testament,Bible:Matt.3.6,Matt. iii. 6
tertullian,baptism,Prov,old_testament_or_other,Bible:Prov.28.13,"Prov. xxviii.
13"
tertullian,baptism,Matt,new_testament,Bible:Matt.26.41,Matt. xxvi. 41
tertullian,baptism,Luke,new_testament,Bible:Luke.22.28-Luke.22.29,"Luke xxii. 28, 29"
tertullian,baptism,Exod,old_testament_or_other,Bible:Exod.16.3 Bible:Exod.16.7,"Ex.
xvi. 3, 7"
tertullian,baptism,Num,old_testament_or_other,Bible:Num.21.5,Num. xxi. 5
tertullian,baptism,1Cor,new_testament,Bible:1Cor.10.2,1 Cor. x. 2
tertullian,baptism,Matt,new_testament,Bible:Matt.4.1-Matt.4.4,Matt. iv. 1–4
tertullian,baptism,1Cor,new_testament,Bible:1Cor.12.4-1Cor.12.12,1 Cor. xii. 4–12
tertullian,baptism,Matt,new_testament,Bible:Matt.7.7 Bible:Luke.11.9,Matt. vii. 7; Luke xi. 9
tertullian,baptism,Luke,new_testament,Bible:Luke.7.29-Luke.7.30,"Luke vii.
29–30"
tertullian,baptism,Acts,new_testament,Bible:Acts.19.2 Bible:Acts.19.5,"Acts xix. 2, 5"
tertullian,prayer,Matt,new_testament,Bible:Matt.9.16-Matt.9.17 Bible:Mark.2.21-Mark.2.22 Bible:Luke.5.36-Luke.5.37,"Matt. ix. 16, 17; Mark ii. 21, 22; Luke v.
36, 37"
tertullian,prayer,John,new_testament,Bible:John.3.30,John iii. 30
tertullian,prayer,John,new_testament,Bible:John.3.31-John.3.32,"John iii. 31, 32"
tertullian,prayer,John,new_testament,Bible:John.1.12,John i. 12
tertullian,prayer,Matt,new_testament,Bible:Matt.23.9,Matt. xxiii. 9
tertullian,prayer,Isa,old_testament_or_other,Bible:Isa.1.2,Isa. i. 2
tertullian,prayer,John,new_testament,Bible:John.10.30,John x. 30
tertullian,prayer,Exod,old_testament_or_other,Bible:Exod.3.13-Exod.3.16,Ex. iii. 13–16
tertullian,prayer,John,new_testament,Bible:John.5.43,John v. 43
tertullian,prayer,John,new_testament,Bible:John.12.28,John xii. 28
tertullian,prayer,John,new_testament,Bible:John.17.6,John xvii. 6
tertullian,prayer,Ps,old_testament_or_other,Bible:Ps.103.22,Ps. ciii. 22
tertullian,prayer,Isa,old_testament_or_other,Bible:Isa.6.3 Bible:Rev.4.8,Isa. vi. 3; Rev. iv. 8
tertullian,prayer,Isa,old_testament_or_other,Bible:Isa.30.18,Isa. xxx. 18
tertullian,prayer,1Tim,new_testament,Bible:1Tim.2.1,1 Tim. ii. 1
tertullian,prayer,Matt,new_testament,Bible:Matt.5.44,Matt. v. 44
tertullian,prayer,John,new_testament,Bible:John.6.38,John vi. 38
tertullian,prayer,Heb,new_testament,Bible:Heb.10.24,Heb. x. 24
tertullian,prayer,Luke,new_testament,Bible:Luke.22.42,Luke xxii. 42
tertullian,prayer,Prov,old_testament_or_other,Bible:Prov.21.1,Prov. xxi. 1
tertullian,prayer,Matt,new_testament,Bible:Matt.24.3,Matt. xxiv. 3
tertullian,prayer,Rev,new_testament,Bible:Rev.6.10,Rev. vi. 10
tertullian,prayer,Matt,new_testament,Bible:Matt.6.33,Matt. vi. 33
tertullian,prayer,John,new_testament,Bible:John.6.35,John vi. 35
tertullian,prayer,John,new_testament,Bible:John.6.33,John vi. 33
tertullian,prayer,Matt,new_testament,Bible:Matt.26.26,Matt. xxvi. 26
tertullian,prayer,Matt,new_testament,Bible:Matt.6.32,Matt. vi. 32
tertullian,prayer,Matt,new_testament,Bible:Matt.15.26 Bible:Mark.7.27,"Matt. xv. 26; Mark
vii. 27"
tertullian,prayer,Matt,new_testament,Bible:Matt.7.9 Bible:Luke.11.11,Matt. vii. 9; Luke xi. 11
tertullian,prayer,Luke,new_testament,Bible:Luke.11.5-Luke.11.9,Luke xi. 5–9
tertullian,prayer,Matt,new_testament,Bible:Matt.6.34 Bible:Luke.12.29,Matt. vi. 34 and Luke xii. 29
tertullian,prayer,Luke,new_testament,Bible:Luke.12.16-Luke.12.20,Luke xii. 16–20
tertullian,prayer,Exod,old_testament_or_other,Bible:Exod.18.23 Bible:Exod.18.32 Bible:Exod.33.11,"Ex. xviii. 23, 32; xxxiii. 11"
tertullian,prayer,Matt,new_testament,Bible:Matt.18.21-Matt.18.35,Matt. xviii. 21–35
tertullian,prayer,Luke,new_testament,Bible:Luke.6.37,Luke vi. 37
tertullian,prayer,Matt,new_testament,Bible:Matt.18.21-Matt.18.22,Matt. xviii. 21–22
tertullian,prayer,Gen,old_testament_or_other,Bible:Gen.4.15 Bible:Gen.4.24,"Gen. iv. 15, 24"
tertullian,prayer,Jas,new_testament,Bible:Jas.1.13,James i. 13
tertullian,prayer,Matt,new_testament,Bible:Matt.10.37 Bible:Luke.14.26,"Matt. x. 37 and Luke
xiv. 26"
tertullian,prayer,Deut,old_testament_or_other,Bible:Deut.13.6-Deut.13.10 Bible:Deut.33.9,Deut. xiii. 6–10 and xxxiii. 9
tertullian,prayer,Matt,new_testament,Bible:Matt.4.10 Bible:Luke.4.8,Matt. iv. 10; Luke iv. 8
tertullian,prayer,Luke,new_testament,Bible:Luke.22.40 Bible:Matt.26.41 Bible:Mark.14.31,"Luke xxii. 40; Matt. xxvi. 41; Mark xiv.
31"
tertullian,prayer,Matt,new_testament,Bible:Matt.6.8,Matt. vi. 8
tertullian,prayer,Matt,new_testament,Bible:Matt.7.7 Bible:Luke.11.9,Matt. vii. 7; Luke xi. 9
tertullian,prayer,Heb,new_testament,Bible:Heb.13.10,Heb. xiii. 10
tertullian,prayer,Matt,new_testament,Bible:Matt.5.22-Matt.5.23,"Matt. v. 22, 23"
tertullian,prayer,Phil,new_testament,Bible:Phil.4.6-Phil.4.7,"Phil. iv. 6,
7"
tertullian,prayer,Matt,new_testament,Bible:Matt.6.14-Matt.6.15,"Matt. vi. 14,
15"
tertullian,prayer,Eph,new_testament,Bible:Eph.4.31 Bible:Matt.5.21-Matt.5.22 Bible:Gen.4.6-Gen.4.7,"Eph. iv. 31, Matt. v.
21, 22.  [Gen. iv. 6, 7.]"
tertullian,prayer,Gen,old_testament_or_other,Bible:Gen.45.24,Gen. xlv. 24
tertullian,prayer,Acts,new_testament,Bible:Acts.9.2 Bible:Acts.19.9 Bible:Acts.19.23,"Acts ix. 2; xix. 9, 23"
tertullian,prayer,Matt,new_testament,Bible:Matt.5.17,Matt. v. 17
tertullian,prayer,Matt,new_testament,Bible:Matt.5.21-Matt.5.22,"Matt. v. 21, 22"
tertullian,prayer,Matt,new_testament,Bible:Matt.5.21-Matt.5.22 Bible:1Pet.3.9,"Matt. v. 21, 22; 1 Pet. iii. 9"
tertullian,prayer,Eph,new_testament,Bible:Eph.4.26,Eph. iv. 26
tertullian,prayer,Eph,new_testament,Bible:Eph.4.30,Eph. iv. 30
tertullian,prayer,John,new_testament,Bible:John.17.14 Bible:Rom.14.17,John xvii. 14; Rom. xiv. 17
tertullian,prayer,Ps,old_testament_or_other,Bible:Ps.51.12,Ps. li. 12
tertullian,prayer,1Tim,new_testament,Bible:1Tim.2.8,1 Tim. ii. 8
tertullian,prayer,Matt,new_testament,Bible:Matt.15.10-Matt.15.11 Bible:Matt.15.17-Matt.15.20 Bible:Matt.23.25-Matt.23.26,"Matt. xv. 10, 11, 17–20; xxiii. 25,
26"
tertullian,prayer,Matt,new_testament,Bible:Matt.27.24,Matt. xxvii. 24
tertullian,prayer,Matt,new_testament,Bible:Matt.23.31 Bible:Luke.11.48,Matt. xxiii. 31; Luke xi. 48
tertullian,prayer,1Kgs,old_testament_or_other,Bible:1Kgs.8.54,1 Kings viii. 54
tertullian,prayer,Ps,old_testament_or_other,Bible:Ps.143.6 Bible:Ps.28.2 Bible:Ps.62.4,"Ps. cxliii. 6; xxviii. 2;
lxii. 4"
tertullian,prayer,Exod,old_testament_or_other,Bible:Exod.17.11-Exod.17.12,"Ex. xvii. 11, 12"
tertullian,prayer,Isa,old_testament_or_other,Bible:Isa.1.15,Isa. i. 15
tertullian,prayer,Rom,new_testament,Bible:Rom.12.1,"Rom. xii.
1"
tertullian,prayer,1Cor,new_testament,Bible:1Cor.11.3-1Cor.11.16,1 Cor. xi. 3–16
tertullian,prayer,2Tim,new_testament,Bible:2Tim.4.13,2 Tim. iv. 13
tertullian,prayer,Dan,old_testament_or_other,Bible:Dan.3.21,Dan. iii. 21
tertullian,prayer,Tob,deuterocanonical,Bible:Tob.12.12,Tob. xii. 12
tertullian,prayer,Luke,new_testament,Bible:Luke.1.11,Luke i. 11
tertullian,prayer,Rev,new_testament,Bible:Rev.8.3-Rev.8.4,"Rev. viii. 3, 4"
tertullian,prayer,Luke,new_testament,Bible:Luke.18.9-Luke.18.14,Luke xviii. 9–14
tertullian,prayer,Matt,new_testament,Bible:Matt.6.5-Matt.6.6,"Matt. vi. 5, 6"
tertullian,prayer,Rom,new_testament,Bible:Rom.16.16 Bible:1Cor.16.20 Bible:2Cor.13.12 Bible:1Thess.5.26 Bible:1Pet.5.14,"Rom. xvi. 16; 1 Cor. xvi. 20; 2 Cor. xiii.
12; 1 Thess. v. 26; 1 Pet. v. 14"
tertullian,prayer,Matt,new_testament,Bible:Matt.6.16-Matt.6.18,Matt. vi. 16–18
tertullian,prayer,2Tim,new_testament,Bible:2Tim.2.1,2 Tim. ii. 1
tertullian,prayer,1Cor,new_testament,Bible:1Cor.11.1-1Cor.11.16 Bible:1Tim.2.9-1Tim.2.10,"1 Cor. xi. 1–16; 1 Tim. ii. 9,
10"
tertullian,prayer,1Pet,new_testament,Bible:1Pet.3.1-1Pet.3.6,1 Pet. iii. 1–6
tertullian,prayer,1Cor,new_testament,Bible:1Cor.11.5,1 Cor. xi. 5
tertullian,prayer,Gen,old_testament_or_other,Bible:Gen.2.23,Gen. ii. 23
tertullian,prayer,1Cor,new_testament,Bible:1Cor.7.34,1 Cor. vii. 34
tertullian,prayer,1Cor,new_testament,Bible:1Cor.11.4,1 Cor. xi. 4
tertullian,prayer,Rev,new_testament,Bible:Rev.14.4,Rev. xiv. 4
tertullian,prayer,1Cor,new_testament,Bible:1Cor.11.10,1 Cor. xi. 10
tertullian,prayer,Gen,old_testament_or_other,Bible:Gen.6.2,Gen. vi. 2
tertullian,prayer,Gen,old_testament_or_other,Bible:Gen.4.2,Gen. iv. 2
tertullian,prayer,1Cor,new_testament,Bible:1Cor.11.14,1 Cor. xi. 14
tertullian,prayer,Gen,old_testament_or_other,Bible:Gen.3.6,Gen. iii. 6
tertullian,prayer,Gen,old_testament_or_other,Bible:Gen.2.27 Bible:Gen.3.7 Bible:Gen.3.10 Bible:Gen.3.11,"Gen.
ii. 27 (or in the LXX. iii. 1), and iii. 7, 10, 11"
tertullian,prayer,1Cor,new_testament,Bible:1Cor.4.7,1 Cor. iv. 7
tertullian,prayer,2Cor,new_testament,Bible:2Cor.10.13,2 Cor. x. 13
tertullian,prayer,Gen,old_testament_or_other,Bible:Gen.24.64-Gen.24.65,"Gen. xxiv. 64, 65"
tertullian,prayer,Eph,new_testament,Bible:Eph.4.27,Eph. iv. 27
tertullian,prayer,Eph,new_testament,Bible:Eph.6.18 Bible:1Thess.5.17 Bible:1Tim.2.8,"Eph. vi. 18; 1 Thess. v. 17; 1 Tim. ii.
8"
tertullian,prayer,Acts,new_testament,Bible:Acts.16.25,Acts xvi. 25
tertullian,prayer,Acts,new_testament,Bible:Acts.27.35,"Acts xxvii.
35"
tertullian,prayer,Acts,new_testament,Bible:Acts.2.1-Acts.2.4 Bible:Acts.2.14 Bible:Acts.2.15,"Acts ii. 1–4, 14, 15"
tertullian,prayer,Acts,new_testament,Bible:Acts.10.9,Acts x. 9
tertullian,prayer,Acts,new_testament,Bible:Acts.3.1,Acts iii. 1
tertullian,prayer,Dan,old_testament_or_other,Bible:Dan.6.10 Bible:Ps.55.17,"Dan.
vi. 10; comp. Ps. lv. 17"
tertullian,prayer,Matt,new_testament,Bible:Matt.25.38,"Matt. xxv.
38"
tertullian,prayer,Matt,new_testament,Bible:Matt.25.45,45th verse
tertullian,prayer,Gen,old_testament_or_other,Bible:Gen.18 Bible:Heb.13.2,"Gen. xviii. and Heb. xiii.
2"
tertullian,prayer,Mark,new_testament,Bible:Mark.9.37 Bible:Matt.25.40 Bible:Matt.25.45,"Mark. ix. 37; Matt. xxv. 40,
45"
tertullian,prayer,Luke,new_testament,Bible:Luke.10.5,Luke x. 5
tertullian,prayer,Hos,old_testament_or_other,Bible:Hos.14.2,"Hos. xiv.
2"
tertullian,prayer,1Pet,new_testament,Bible:1Pet.2.5,1 Pet. ii. 5
tertullian,prayer,Isa,old_testament_or_other,Bible:Isa.1.11,Isa. i. 11
tertullian,prayer,John,new_testament,Bible:John.4.23-John.4.24,"John iv. 23, 24"
tertullian,prayer,1Cor,new_testament,Bible:1Cor.14.15 Bible:Eph.6.18,1 Cor. xiv. 15; Eph. vi. 18
tertullian,prayer,Dan,old_testament_or_other,Bible:Dan.3,Dan. iii
tertullian,prayer,Dan,old_testament_or_other,Bible:Dan.6,Dan. vi
tertullian,prayer,1Kgs,old_testament_or_other,Bible:1Kgs.18 Bible:Jas.5.17-Jas.5.18,"1 Kings xviii.; James v. 17,
18"
tertullian,prayer,2Kgs,old_testament_or_other,Bible:2Kgs.4.42-2Kgs.4.44,2 Kings iv. 42–44
tertullian,prayer,2Kgs,old_testament_or_other,Bible:2Kgs.1,2 Kings i
tertullian,prayer,Matt,new_testament,Bible:Matt.11.12,Matt. xi. 12
tertullian,prayer,1Cor,new_testament,Bible:1Cor.15.52 Bible:1Thess.4.16,1 Cor. xv. 52; 1 Thess. iv. 16
tertullian,martyras,Eph,new_testament,Bible:Eph.4.30,Eph. iv. 30
tertullian,martyras,Matt,new_testament,Bible:Matt.6.21,Matt. vi. 21
tertullian,martyras,1Cor,new_testament,Bible:1Cor.9.25,1 Cor. ix. 25
tertullian,martyras,Matt,new_testament,Bible:Matt.26.41,Matt. xxvi. 41
tertullian,perpetua_felicitas,Joel,old_testament_or_other,Bible:Joel.2.28-Joel.2.29,"Joel ii. 28, 29"
tertullian,perpetua_felicitas,2Macc,deuterocanonical,Bible:2Macc.12.40-2Macc.12.45,"2 Maccab. xii.
40–45"
tertullian,perpetua_felicitas,Luke,new_testament,Bible:Luke.16.26,Luke xvi. 26
tertullian,perpetua_felicitas,Ps,old_testament_or_other,Bible:Ps.44.5 Bible:Ps.60.12 Bible:Ps.91.13 Bible:Ps.108.13,"Ps. xliv. 5. Also lx. 12; xci. 13; cviii.
13"
tertullian,perpetua_felicitas,Jas,new_testament,Bible:Jas.3.1,James iii. 1
tertullian,perpetua_felicitas,1Tim,new_testament,Bible:1Tim.5.17,1 Tim. v. 17
tertullian,perpetua_felicitas,John,new_testament,Bible:John.16.24,John xvi. 24
tertullian,perpetua_felicitas,2Tim,new_testament,Bible:2Tim.1.18,"2 Tim. i.
18"
tertullian,perpetua_felicitas,2Tim,new_testament,Bible:2Tim.1.16-2Tim.1.18 Bible:2Tim.4.19,"vers.
16–18, and iv. 19"
tertullian,perpetua_felicitas,2Tim,new_testament,Bible:2Tim.1.17,i. 17
tertullian,patience,Rom,new_testament,Bible:Rom.7.18,"Rom. vii.
18"
tertullian,patience,Ps,old_testament_or_other,Bible:Ps.74.23,Ps. lxxiv. 23
tertullian,patience,Ps,old_testament_or_other,Bible:Ps.73,Ps. lxxiii.
tertullian,patience,Ps,old_testament_or_other,Bible:Ps.131.1,Ps. cxxxi. 1
tertullian,patience,Ps,old_testament_or_other,Bible:Ps.130,Ps. cxxx.
tertullian,patience,1John,new_testament,Bible:1John.1.1,1 John i. 1
tertullian,patience,Heb,new_testament,Bible:Heb.5.8,Heb. v. 8
tertullian,patience,Luke,new_testament,Bible:Luke.9.51-Luke.9.56,Luke ix. 51–56
tertullian,patience,Isa,old_testament_or_other,Bible:Isa.1.3,"Isa. i.
3"
tertullian,patience,Ps,old_testament_or_other,Bible:Ps.8.4-Ps.8.6,Ps. viii. 4–6
tertullian,patience,1Cor,new_testament,Bible:1Cor.7.3 Bible:1Pet.3.7,"1
Cor. vii. 3; compare also 1 Pet. iii. 7"
tertullian,patience,Gen,old_testament_or_other,Bible:Gen.2.15,Gen. ii. 15
tertullian,patience,Exod,old_testament_or_other,Bible:Exod.32.1 Bible:Acts.7.39-Acts.7.40,"Ex. xxxii. 1; Acts vii. 39, 40"
tertullian,patience,1Cor,new_testament,Bible:1Cor.10.4,1 Cor. x. 4
tertullian,patience,Num,old_testament_or_other,Bible:Num.20.1-Num.20.6,Num. xx. 1–6
tertullian,patience,Exod,old_testament_or_other,Bible:Exod.15.22,"Ex. xv.
22"
tertullian,patience,Gen,old_testament_or_other,Bible:Gen.15.6 Bible:Rom.4.3 Bible:Rom.4.9 Bible:Rom.4.22 Bible:Gal.3.6 Bible:Jas.2.23,"Gen. xv. 6; Rom. iv. 3, 9, 22; Gal. iii.
6; James ii. 23"
tertullian,patience,Gal,new_testament,Bible:Gal.3.16,Gal. iii. 16
tertullian,patience,John,new_testament,Bible:John.1.17 Bible:Rom.6.14-Rom.6.15,"John i. 17; Rom. vi. 14, 15"
tertullian,patience,Matt,new_testament,Bible:Matt.6.38,Matt. vi. 38
tertullian,patience,Matt,new_testament,Bible:Matt.5.22,Matt. v. 22
tertullian,patience,Ps,old_testament_or_other,Bible:Ps.140.3 Bible:Rom.3.13 Bible:Jas.3.8,"Ps. cxl. 3; Rom. iii. 13; James iii.
8"
tertullian,patience,Matt,new_testament,Bible:Matt.5.44-Matt.5.45,"Matt. v. 44, 45"
tertullian,patience,1Tim,new_testament,Bible:1Tim.6.10,1 Tim. vi. 10
tertullian,patience,Luke,new_testament,Bible:Luke.3.11,Luke iii. 11
tertullian,patience,Matt,new_testament,Bible:Matt.5.40 Bible:Luke.6.29,Matt. v. 40; Luke vi. 29
tertullian,patience,Luke,new_testament,Bible:Luke.16.9,Luke xvi. 9
tertullian,patience,Matt,new_testament,Bible:Matt.10.39,"Matt.
x. 39"
tertullian,patience,Matt,new_testament,Bible:Matt.6.25 Bible:Luke.12.23,"Matt. vi. 25;
Luke xii. 23"
tertullian,patience,Matt,new_testament,Bible:Matt.5.39,Matt. v. 39
tertullian,patience,Matt,new_testament,Bible:Matt.5.11-Matt.5.12 Bible:Luke.6.22-Luke.6.23,"Matt. v. 11, 12; Luke vi. 22,
23"
tertullian,patience,Deut,old_testament_or_other,Bible:Deut.21.23 Bible:Gal.3.13,Deut. xxi. 23; Gal. iii. 13
tertullian,patience,Mark,new_testament,Bible:Mark.7.15,Mark vii. 15
tertullian,patience,Acts,new_testament,Bible:Acts.10.14-Acts.10.15,"Acts
x. 14, 15"
tertullian,patience,Matt,new_testament,Bible:Matt.12.36,Matt. xii. 36
tertullian,patience,1Thess,new_testament,Bible:1Thess.4.13,1 Thess. iv. 13
tertullian,patience,Phil,new_testament,Bible:Phil.1.23,Phil. i. 23
tertullian,patience,Gal,new_testament,Bible:Gal.5.26 Bible:Phil.2.3,Gal. v. 26; Phil. ii. 3
tertullian,patience,Rom,new_testament,Bible:Rom.12.17,Rom. xii. 17
tertullian,patience,Rom,new_testament,Bible:Rom.12.9,"Rom. xii.
9"
tertullian,patience,Isa,old_testament_or_other,Bible:Isa.64.6,Isa. lxiv. 6
tertullian,patience,Isa,old_testament_or_other,Bible:Isa.64.8 Bible:2Cor.4.7,Isa. lxiv. 8; 2 Cor. iv. 7
tertullian,patience,Deut,old_testament_or_other,Bible:Deut.32.35 Bible:Ps.94.1 Bible:Rom.12.19 Bible:Heb.10.30,"Deut. xxxii. 35; Ps. xciv. 1; Rom. xii.
19; Heb. x. 30"
tertullian,patience,Matt,new_testament,Bible:Matt.7.1 Bible:Luke.6.37,Matt. vii. 1; Luke vi. 37
tertullian,patience,Prov,old_testament_or_other,Bible:Prov.3.11-Prov.3.12 Bible:Heb.12.5-Heb.12.6 Bible:Rev.3.19,"Prov. iii. 11, 12; Heb. xii. 5, 6; Rev.
iii. 19"
tertullian,patience,Matt,new_testament,Bible:Matt.5.3,Matt. v. 3
tertullian,patience,Matt,new_testament,Bible:Matt.5.4,Matt. v. 4
tertullian,patience,Matt,new_testament,Bible:Matt.5.5,Matt. v. 5
tertullian,patience,Matt,new_testament,Bible:Matt.5.9,Matt. v. 9
tertullian,patience,Matt,new_testament,Bible:Matt.5.11-Matt.5.12,"Matt. v. 11, 12"
tertullian,patience,Matt,new_testament,Bible:Matt.18.21-Matt.18.22,"Matt.
xviii. 21, 22"
tertullian,patience,Matt,new_testament,Bible:Matt.5.25,Matt. v. 25
tertullian,patience,Luke,new_testament,Bible:Luke.6.37,Luke vi. 37
tertullian,patience,Matt,new_testament,Bible:Matt.5.23-Matt.5.24,"Matt. v. 23, 24"
tertullian,patience,Eph,new_testament,Bible:Eph.4.26,Eph. iv. 26
tertullian,patience,Matt,new_testament,Bible:Matt.19.9,"Matt. xix.
9"
tertullian,patience,Luke,new_testament,Bible:Luke.15.3-Luke.15.6,Luke xv. 3–6
tertullian,patience,Luke,new_testament,Bible:Luke.15.11-Luke.15.32,Luke xv. 11–32
tertullian,patience,1Cor,new_testament,Bible:1Cor.13,1 Cor. xiii
tertullian,patience,Phil,new_testament,Bible:Phil.3.8,Phil. iii. 8
tertullian,patience,Dan,old_testament_or_other,Bible:Dan.4.33-Dan.4.37,Dan. iv. 33–37
tertullian,patience,1Tim,new_testament,Bible:1Tim.5.3 Bible:1Tim.5.9 Bible:1Tim.5.10 Bible:1Cor.7.39-1Cor.7.40,"1 Tim. v. 3, 9, 10; 1 Cor. vii. 39,
40"
tertullian,patience,1Cor,new_testament,Bible:1Cor.7.34-1Cor.7.35,"1 Cor. vii. 34, 35"
tertullian,patience,Matt,new_testament,Bible:Matt.19.12,Matt. xix. 12
tertullian,patience,Col,new_testament,Bible:Col.2.23,"Col. ii.
23"
tertullian,patience,Luke,new_testament,Bible:Luke.12.50,Luke xii. 50
tertullian,patience,Matt,new_testament,Bible:Matt.26.41,Matt. xxvi. 41
tertullian,patience,Acts,new_testament,Bible:Acts.7.59-Acts.7.60,"Acts vii. 59, 60"
tertullian,patience,Job,old_testament_or_other,Bible:Job.1 Bible:Job.2,"Job i. and
ii"
tertullian,patience,Ps,old_testament_or_other,Bible:Ps.2.4,Ps. ii. 4
tertullian,patience,Job,old_testament_or_other,Bible:Job.2.8,Job ii. 8
tertullian,patience,2Tim,new_testament,Bible:2Tim.4.8,2 Tim. iv. 8
tertullian,patience,Isa,old_testament_or_other,Bible:Isa.37.22,"Isa. xxxvii.
22"
tertullian,patience,1Kgs,old_testament_or_other,Bible:1Kgs.19.4-1Kgs.19.13,"1 Kings
xix. 4–13"
tertullian,patience,Phil,new_testament,Bible:Phil.3.19,Phil. iii. 19
tertullian,patience,Matt,new_testament,Bible:Matt.4.7 Bible:Luke.21.19,Matt. iv. 7 and Luke xxi. 19
tertullian,patience,Heb,new_testament,Bible:Heb.12.3,"Heb. xii.
3"
