author_id,work_id,book,testament_group,osis_ref,passage
anonymous,gospel_peter,Matt,new_testament,Bible:Matt.10.17,Matthew x. 17
anonymous,gospel_peter,Matt,new_testament,Bible:Matt.24.27,Matt. xxiv. 27
anonymous,gospel_peter,John,new_testament,Bible:John.19.31,John xix. 31
anonymous,gospel_peter,Matt,new_testament,Bible:Matt.27.66,Matt. xxvii. 66
anonymous,gospel_peter,Matt,new_testament,Bible:Matt.27,Matthew xxvii.
anonymous,gospel_peter,Mark,new_testament,Bible:Mark.15,Mark xv.
anonymous,gospel_peter,Luke,new_testament,Bible:Luke.23,Luke xxiii.
anonymous,gospel_peter,Luke,new_testament,Bible:Luke.23.7,Lk. xxiii. 7
anonymous,gospel_peter,Luke,new_testament,Bible:Luke.22.66,Lk. xxii. 66
anonymous,gospel_peter,Acts,new_testament,Bible:Acts.4.27,Acts iv. 27
anonymous,gospel_peter,Luke,new_testament,Bible:Luke.23.12,Lk. xxiii. 12
anonymous,gospel_peter,John,new_testament,Bible:John.19,John xix.
anonymous,gospel_peter,Luke,new_testament,Bible:Luke.23.7,Luke xxiii. 7
anonymous,gospel_peter,Luke,new_testament,Bible:Luke.22.66 Bible:Acts.4.27,"Luke xxii. 66; Acts iv.
27"
anonymous,gospel_peter,Luke,new_testament,Bible:Luke.23.12,Luke xxiii. 12
anonymous,gospel_peter,Matt,new_testament,Bible:Matt.9.15,Mt. ix. 15
anonymous,gospel_peter,Mark,new_testament,Bible:Mark.2.20,Mk. ii. 20
anonymous,gospel_peter,Mark,new_testament,Bible:Mark.16.10,Mk. xvi. 10
anonymous,gospel_peter,Matt,new_testament,Bible:Matt.9.15 Bible:Mark.2.20,"Matt. ix. 15; Mark ii.
20"
anonymous,gospel_peter,Mark,new_testament,Bible:Mark.16.10,Mark xvi. 10
anonymous,gospel_peter,Matt,new_testament,Bible:Matt.27.24,Mt. xxvii. 24
anonymous,gospel_peter,Mark,new_testament,Bible:Mark.2.14,Mk. ii. 14
tatian,diatessaron,John,new_testament,Bible:John.1.1,John i. 1
tatian,diatessaron,Mark,new_testament,Bible:Mark.1,Mark i.
tatian,diatessaron,John,new_testament,Bible:John.1.2,John i. 2
tatian,diatessaron,John,new_testament,Bible:John.1.3,John i. 3
tatian,diatessaron,John,new_testament,Bible:John.1.4,John i. 4
tatian,diatessaron,John,new_testament,Bible:John.1.5,John i. 5
tatian,diatessaron,Luke,new_testament,Bible:Luke.1.5,Luke i. 5
tatian,diatessaron,Luke,new_testament,Bible:Luke.1.6,Luke i. 6
tatian,diatessaron,Luke,new_testament,Bible:Luke.1.7,Luke i. 7
tatian,diatessaron,Luke,new_testament,Bible:Luke.1.8,Luke i. 8
tatian,diatessaron,Luke,new_testament,Bible:Luke.1.9,Luke i. 9
tatian,diatessaron,Luke,new_testament,Bible:Luke.1.10,Luke i. 10
tatian,diatessaron,Luke,new_testament,Bible:Luke.1.11,Luke i. 11
tatian,diatessaron,Luke,new_testament,Bible:Luke.1.12,Luke i. 12
tatian,diatessaron,Luke,new_testament,Bible:Luke.1.13,Luke i. 13
tatian,diatessaron,Luke,new_testament,Bible:Luke.1.14,Luke i. 14
tatian,diatessaron,Luke,new_testament,Bible:Luke.1.15,Luke i. 15
tatian,diatessaron,Luke,new_testament,Bible:Luke.1.16,Luke i. 16
tatian,diatessaron,Luke,new_testament,Bible:Luke.1.17,Luke i. 17
tatian,diatessaron,Luke,new_testament,Bible:Luke.1.18,Luke i. 18
tatian,diatessaron,Luke,new_testament,Bible:Luke.1.19,Luke i. 19
tatian,diatessaron,Luke,new_testament,Bible:Luke.1.20,Luke i. 20
tatian,diatessaron,Luke,new_testament,Bible:Luke.1.21,Luke i. 21
tatian,diatessaron,Luke,new_testament,Bible:Luke.1.22,Luke i. 22
tatian,diatessaron,Luke,new_testament,Bible:Luke.1.23,Luke i. 23
tatian,diatessaron,Luke,new_testament,Bible:Luke.1.24,Luke i. 24
tatian,diatessaron,Luke,new_testament,Bible:Luke.1.25,Luke i. 25
tatian,diatessaron,Luke,new_testament,Bible:Luke.1.26,Luke i. 26
tatian,diatessaron,Luke,new_testament,Bible:Luke.1.27,Luke i. 27
tatian,diatessaron,Luke,new_testament,Bible:Luke.1.28,Luke i. 28
tatian,diatessaron,Luke,new_testament,Bible:Luke.1.29,Luke i. 29
tatian,diatessaron,Luke,new_testament,Bible:Luke.1.30,Luke i. 30
tatian,diatessaron,Luke,new_testament,Bible:Luke.1.31,Luke i. 31
tatian,diatessaron,Luke,new_testament,Bible:Luke.1.32,Luke i. 32
tatian,diatessaron,Luke,new_testament,Bible:Luke.1.33,Luke i. 33
tatian,diatessaron,Luke,new_testament,Bible:Luke.1.34,Luke i. 34
tatian,diatessaron,Luke,new_testament,Bible:Luke.1.35,Luke i. 35
tatian,diatessaron,Luke,new_testament,Bible:Luke.1.36,Luke i. 36
tatian,diatessaron,Luke,new_testament,Bible:Luke.1.37,Luke i. 37
tatian,diatessaron,Luke,new_testament,Bible:Luke.1.38,Luke i. 38
tatian,diatessaron,Luke,new_testament,Bible:Luke.1.39,Luke i. 39
tatian,diatessaron,Luke,new_testament,Bible:Luke.1.40,Luke i. 40
tatian,diatessaron,Luke,new_testament,Bible:Luke.1.41,Luke i. 41
tatian,diatessaron,Luke,new_testament,Bible:Luke.1.42,Luke i. 42
tatian,diatessaron,Luke,new_testament,Bible:Luke.1.43,Luke i. 43
tatian,diatessaron,Luke,new_testament,Bible:Luke.1.44,Luke i. 44
tatian,diatessaron,Luke,new_testament,Bible:Luke.1.45,Luke i. 45
tatian,diatessaron,Luke,new_testament,Bible:Luke.1.46,Luke i. 46
tatian,diatessaron,Luke,new_testament,Bible:Luke.1.47,Luke i. 47
tatian,diatessaron,Luke,new_testament,Bible:Luke.1.48,Luke i. 48
tatian,diatessaron,Luke,new_testament,Bible:Luke.1.49,Luke i. 49
tatian,diatessaron,Luke,new_testament,Bible:Luke.1.50,Luke i. 50
tatian,diatessaron,Luke,new_testament,Bible:Luke.1.51,Luke i. 51
tatian,diatessaron,Luke,new_testament,Bible:Luke.1.52,Luke i. 52
tatian,diatessaron,Luke,new_testament,Bible:Luke.1.53,Luke i. 53
tatian,diatessaron,Luke,new_testament,Bible:Luke.1.54,Luke i. 54
tatian,diatessaron,Luke,new_testament,Bible:Luke.1.55,Luke i. 55
tatian,diatessaron,Luke,new_testament,Bible:Luke.1.56,Luke i. 56
tatian,diatessaron,Luke,new_testament,Bible:Luke.1.57,Luke i. 57
tatian,diatessaron,Luke,new_testament,Bible:Luke.1.58,Luke i. 58
tatian,diatessaron,Luke,new_testament,Bible:Luke.1.59,Luke i. 59
tatian,diatessaron,Luke,new_testament,Bible:Luke.1.60,Luke i. 60
tatian,diatessaron,Luke,new_testament,Bible:Luke.1.61,Luke i. 61
tatian,diatessaron,Luke,new_testament,Bible:Luke.1.62,Luke i. 62
tatian,diatessaron,Luke,new_testament,Bible:Luke.1.63,Luke i. 63
tatian,diatessaron,Luke,new_testament,Bible:Luke.1.64,Luke i. 64
tatian,diatessaron,Luke,new_testament,Bible:Luke.1.65,Luke i. 65
tatian,diatessaron,Luke,new_testament,Bible:Luke.1.66,Luke i. 66
tatian,diatessaron,Luke,new_testament,Bible:Luke.1.67,Luke i. 67
tatian,diatessaron,Luke,new_testament,Bible:Luke.1.68,Luke i. 68
tatian,diatessaron,Luke,new_testament,Bible:Luke.1.69,Luke i. 69
tatian,diatessaron,Luke,new_testament,Bible:Luke.1.70,Luke i. 70
tatian,diatessaron,Luke,new_testament,Bible:Luke.1.71,Luke i. 71
tatian,diatessaron,Luke,new_testament,Bible:Luke.1.72,Luke i. 72
tatian,diatessaron,Luke,new_testament,Bible:Luke.1.73,Luke i. 73
tatian,diatessaron,Luke,new_testament,Bible:Luke.1.74,Luke i. 74
tatian,diatessaron,Luke,new_testament,Bible:Luke.1.75,Luke i. 75
tatian,diatessaron,Luke,new_testament,Bible:Luke.1.76,Luke i. 76
tatian,diatessaron,Luke,new_testament,Bible:Luke.1.77,Luke i. 77
tatian,diatessaron,Luke,new_testament,Bible:Luke.1.78,Luke i. 78
tatian,diatessaron,Luke,new_testament,Bible:Luke.1.79,Luke i. 79
tatian,diatessaron,Matt,new_testament,Bible:Matt.1.18,Matt. i. 18
tatian,diatessaron,Matt,new_testament,Bible:Matt.1.1-Matt.1.17,"Matt. i.
1–17"
tatian,diatessaron,Matt,new_testament,Bible:Matt.1.19,Matt. i. 19
tatian,diatessaron,Matt,new_testament,Bible:Matt.1.20,Matt. i. 20
tatian,diatessaron,Matt,new_testament,Bible:Matt.1.21,Matt. i. 21
tatian,diatessaron,Matt,new_testament,Bible:Matt.1.22,Matt. i. 22
tatian,diatessaron,Matt,new_testament,Bible:Matt.1.23,Matt. i. 23
tatian,diatessaron,Matt,new_testament,Bible:Matt.1.24,Matt. i. 24
tatian,diatessaron,Matt,new_testament,Bible:Matt.1.25,Matt. i. 25
tatian,diatessaron,Luke,new_testament,Bible:Luke.2.1,Luke ii. 1
tatian,diatessaron,Luke,new_testament,Bible:Luke.2.2,Luke ii. 2
tatian,diatessaron,Luke,new_testament,Bible:Luke.2.3,Luke ii. 3
tatian,diatessaron,Luke,new_testament,Bible:Luke.2.4,Luke ii. 4
tatian,diatessaron,Luke,new_testament,Bible:Luke.2.5,Luke ii. 5
tatian,diatessaron,Luke,new_testament,Bible:Luke.2.6,Luke ii. 6
tatian,diatessaron,Luke,new_testament,Bible:Luke.2.9,Luke ii. 9
tatian,diatessaron,Luke,new_testament,Bible:Luke.2.10,Luke ii. 10
tatian,diatessaron,Luke,new_testament,Bible:Luke.2.11,Luke ii. 11
tatian,diatessaron,Luke,new_testament,Bible:Luke.2.12,Luke ii. 12
tatian,diatessaron,Luke,new_testament,Bible:Luke.2.13,Luke ii. 13
tatian,diatessaron,Luke,new_testament,Bible:Luke.2.14,Luke ii. 14
tatian,diatessaron,Luke,new_testament,Bible:Luke.2.15,Luke ii. 15
tatian,diatessaron,Luke,new_testament,Bible:Luke.2.16,Luke ii. 16
tatian,diatessaron,Luke,new_testament,Bible:Luke.2.17,Luke ii. 17
tatian,diatessaron,Luke,new_testament,Bible:Luke.2.18,Luke ii. 18
tatian,diatessaron,Luke,new_testament,Bible:Luke.2.19,Luke ii. 19
tatian,diatessaron,Luke,new_testament,Bible:Luke.2.20,Luke ii. 20
tatian,diatessaron,Luke,new_testament,Bible:Luke.2.21,Luke ii. 21
tatian,diatessaron,Luke,new_testament,Bible:Luke.2.22,Luke ii. 22
tatian,diatessaron,Luke,new_testament,Bible:Luke.2.23,Luke ii. 23
tatian,diatessaron,Luke,new_testament,Bible:Luke.2.24,Luke ii. 24
tatian,diatessaron,Luke,new_testament,Bible:Luke.2.25,Luke ii. 25
tatian,diatessaron,Luke,new_testament,Bible:Luke.2.26,Luke ii. 26
tatian,diatessaron,Luke,new_testament,Bible:Luke.2.27,Luke ii. 27
tatian,diatessaron,Luke,new_testament,Bible:Luke.2.28,Luke ii. 28
tatian,diatessaron,Luke,new_testament,Bible:Luke.2.29,Luke ii. 29
tatian,diatessaron,Luke,new_testament,Bible:Luke.2.30,Luke ii. 30
tatian,diatessaron,Luke,new_testament,Bible:Luke.2.31,Luke ii. 31
tatian,diatessaron,Luke,new_testament,Bible:Luke.2.32,Luke ii. 32
tatian,diatessaron,Luke,new_testament,Bible:Luke.2.33,Luke ii. 33
tatian,diatessaron,Luke,new_testament,Bible:Luke.2.34,Luke ii. 34
tatian,diatessaron,Luke,new_testament,Bible:Luke.2.35,Luke ii. 35
tatian,diatessaron,Luke,new_testament,Bible:Luke.2.36,Luke ii. 36
tatian,diatessaron,Luke,new_testament,Bible:Luke.2.37,Luke ii. 37
tatian,diatessaron,Luke,new_testament,Bible:Luke.2.38,Luke ii. 38
tatian,diatessaron,Luke,new_testament,Bible:Luke.2.39,Luke ii. 39
tatian,diatessaron,Matt,new_testament,Bible:Matt.2.1,Matt. ii. 1
tatian,diatessaron,Matt,new_testament,Bible:Matt.2.1,"Matt.
ii. 1"
tatian,diatessaron,Matt,new_testament,Bible:Matt.2.2,Matt. ii. 2
tatian,diatessaron,Matt,new_testament,Bible:Matt.2.3,Matt. ii. 3
tatian,diatessaron,Matt,new_testament,Bible:Matt.2.4,Matt. ii. 4
tatian,diatessaron,Matt,new_testament,Bible:Matt.2.5,Matt. ii. 5
tatian,diatessaron,Matt,new_testament,Bible:Matt.2.6,Matt. ii. 6
tatian,diatessaron,Matt,new_testament,Bible:Matt.2.7,Matt. ii. 7
tatian,diatessaron,Matt,new_testament,Bible:Matt.2.8,Matt. ii. 8
tatian,diatessaron,Matt,new_testament,Bible:Matt.2.9,Matt. ii. 9
tatian,diatessaron,Matt,new_testament,Bible:Matt.2.10,Matt. ii. 10
tatian,diatessaron,Matt,new_testament,Bible:Matt.2.11,Matt. ii. 11
tatian,diatessaron,Matt,new_testament,Bible:Matt.2.12,Matt. ii. 12
tatian,diatessaron,Matt,new_testament,Bible:Matt.2.13,Matt. ii. 13
tatian,diatessaron,Matt,new_testament,Bible:Matt.2.14,Matt. ii. 14
tatian,diatessaron,Matt,new_testament,Bible:Matt.2.15,Matt. ii. 15
tatian,diatessaron,Matt,new_testament,Bible:Matt.2.16,Matt. ii. 16
tatian,diatessaron,Matt,new_testament,Bible:Matt.2.17,Matt. ii. 17
tatian,diatessaron,Matt,new_testament,Bible:Matt.2.18,Matt. ii. 18
tatian,diatessaron,Matt,new_testament,Bible:Matt.2.19,Matt. ii. 19
tatian,diatessaron,Matt,new_testament,Bible:Matt.2.20,Matt. ii. 20
tatian,diatessaron,Matt,new_testament,Bible:Matt.2.21,Matt. ii. 21
tatian,diatessaron,Matt,new_testament,Bible:Matt.2.22,Matt. ii. 22
tatian,diatessaron,Matt,new_testament,Bible:Matt.2.23,Matt. ii. 23
tatian,diatessaron,Luke,new_testament,Bible:Luke.2.40,Luke ii. 40
tatian,diatessaron,Luke,new_testament,Bible:Luke.2.41,Luke ii. 41
tatian,diatessaron,Luke,new_testament,Bible:Luke.2.42,Luke ii. 42
tatian,diatessaron,Luke,new_testament,Bible:Luke.2.43,Luke ii. 43
tatian,diatessaron,Luke,new_testament,Bible:Luke.2.44,Luke ii. 44
tatian,diatessaron,Luke,new_testament,Bible:Luke.2.45,Luke ii. 45
tatian,diatessaron,Luke,new_testament,Bible:Luke.2.46,Luke ii. 46
tatian,diatessaron,Luke,new_testament,Bible:Luke.2.47,Luke ii. 47
tatian,diatessaron,Luke,new_testament,Bible:Luke.2.48,Luke ii. 48
tatian,diatessaron,Luke,new_testament,Bible:Luke.2.49,Luke ii. 49
tatian,diatessaron,Luke,new_testament,Bible:Luke.2.50,Luke ii. 50
tatian,diatessaron,Luke,new_testament,Bible:Luke.2.51,Luke ii. 51
tatian,diatessaron,Luke,new_testament,Bible:Luke.2.52,Luke ii. 52
tatian,diatessaron,Luke,new_testament,Bible:Luke.3.1,Luke iii. 1
tatian,diatessaron,Luke,new_testament,Bible:Luke.3.2,Luke iii. 2
tatian,diatessaron,Luke,new_testament,Bible:Luke.3.3,Luke iii. 3
tatian,diatessaron,Matt,new_testament,Bible:Matt.3.1,Matt. iii. 1
tatian,diatessaron,Matt,new_testament,Bible:Matt.3.2,Matt. iii. 2
tatian,diatessaron,Matt,new_testament,Bible:Matt.3.3,Matt. iii. 3
tatian,diatessaron,Luke,new_testament,Bible:Luke.3.4,Luke iii. 4
tatian,diatessaron,Luke,new_testament,Bible:Luke.3.5,Luke iii. 5
tatian,diatessaron,Luke,new_testament,Bible:Luke.3.6,Luke iii. 6
tatian,diatessaron,John,new_testament,Bible:John.1.7,John i. 7
tatian,diatessaron,John,new_testament,Bible:John.1.8,John i. 8
tatian,diatessaron,John,new_testament,Bible:John.1.9,John i. 9
tatian,diatessaron,John,new_testament,Bible:John.1.10,John i. 10
tatian,diatessaron,John,new_testament,Bible:John.1.11,John i. 11
tatian,diatessaron,John,new_testament,Bible:John.1.12,John i. 12
tatian,diatessaron,John,new_testament,Bible:John.1.13,John i. 13
tatian,diatessaron,John,new_testament,Bible:John.1.14,John i. 14
tatian,diatessaron,John,new_testament,Bible:John.1.15,John i. 15
tatian,diatessaron,John,new_testament,Bible:John.1.16,John i. 16
tatian,diatessaron,John,new_testament,Bible:John.1.17,John i. 17
tatian,diatessaron,John,new_testament,Bible:John.1.18,John i. 18
tatian,diatessaron,Luke,new_testament,Bible:Luke.9.20,Luke ix. 20
tatian,diatessaron,John,new_testament,Bible:John.1.19,John i. 19
tatian,diatessaron,John,new_testament,Bible:John.1.20,John i. 20
tatian,diatessaron,John,new_testament,Bible:John.1.21,John i. 21
tatian,diatessaron,John,new_testament,Bible:John.1.22,John i. 22
tatian,diatessaron,John,new_testament,Bible:John.1.23,John i. 23
tatian,diatessaron,John,new_testament,Bible:John.1.24,John i. 24
tatian,diatessaron,John,new_testament,Bible:John.1.25,John i. 25
tatian,diatessaron,John,new_testament,Bible:John.1.26,John i. 26
tatian,diatessaron,John,new_testament,Bible:John.1.27,John i. 27
tatian,diatessaron,John,new_testament,Bible:John.1.28,John i. 28
tatian,diatessaron,Matt,new_testament,Bible:Matt.3.4,Matt. iii. 4
tatian,diatessaron,Matt,new_testament,Bible:Matt.3.5,Matt. iii. 5
tatian,diatessaron,Matt,new_testament,Bible:Matt.3.6,Matt. iii. 6
tatian,diatessaron,Matt,new_testament,Bible:Matt.3.7,Matt. iii. 7
tatian,diatessaron,Matt,new_testament,Bible:Matt.3.8,Matt. iii. 8
tatian,diatessaron,Matt,new_testament,Bible:Matt.3.9,Matt. iii. 9
tatian,diatessaron,Matt,new_testament,Bible:Matt.3.10,Matt. iii. 10
tatian,diatessaron,Luke,new_testament,Bible:Luke.3.10,Luke iii. 10
tatian,diatessaron,Luke,new_testament,Bible:Luke.3.11,Luke iii. 11
tatian,diatessaron,Luke,new_testament,Bible:Luke.3.12,Luke iii. 12
tatian,diatessaron,Luke,new_testament,Bible:Luke.3.13,Luke iii. 13
tatian,diatessaron,Luke,new_testament,Bible:Luke.3.14,Luke iii. 14
tatian,diatessaron,Luke,new_testament,Bible:Luke.3.15,Luke iii. 15
tatian,diatessaron,Luke,new_testament,Bible:Luke.3.16,Luke iii. 16
tatian,diatessaron,Luke,new_testament,Bible:Luke.3.17,Luke iii. 17
tatian,diatessaron,Luke,new_testament,Bible:Luke.3.18,Luke iii. 18
tatian,diatessaron,Matt,new_testament,Bible:Matt.3.13,Matt. iii. 13
tatian,diatessaron,Luke,new_testament,Bible:Luke.3.23,Luke iii. 23
tatian,diatessaron,Luke,new_testament,Bible:Luke.3.23-Luke.3.38,"Luke iii.
23–38"
tatian,diatessaron,John,new_testament,Bible:John.1.29,John i. 29
tatian,diatessaron,John,new_testament,Bible:John.1.30,John i. 30
tatian,diatessaron,John,new_testament,Bible:John.1.31,John i. 31
tatian,diatessaron,Matt,new_testament,Bible:Matt.3.14,Matt. iii. 14
tatian,diatessaron,Matt,new_testament,Bible:Matt.3.15,Matt. iii. 15
tatian,diatessaron,Luke,new_testament,Bible:Luke.3.21,Luke iii. 21
tatian,diatessaron,Matt,new_testament,Bible:Matt.3.16,Matt. iii. 16
tatian,diatessaron,Luke,new_testament,Bible:Luke.3.22,Luke iii. 22
tatian,diatessaron,Matt,new_testament,Bible:Matt.3.17,Matt. iii. 17
tatian,diatessaron,John,new_testament,Bible:John.1.32,John i. 32
tatian,diatessaron,John,new_testament,Bible:John.1.33,John i. 33
tatian,diatessaron,John,new_testament,Bible:John.1.34,John i. 34
tatian,diatessaron,Luke,new_testament,Bible:Luke.4.1,Luke iv. 1
tatian,diatessaron,Mark,new_testament,Bible:Mark.1.12,Mark i. 12
tatian,diatessaron,Mark,new_testament,Bible:Mark.1.13,Mark i. 13
tatian,diatessaron,Matt,new_testament,Bible:Matt.4.2,Matt. iv. 2
tatian,diatessaron,Luke,new_testament,Bible:Luke.4.2,Luke iv. 2
tatian,diatessaron,Matt,new_testament,Bible:Matt.4.2-Matt.4.3,"Matt. iv. 2b,
3"
tatian,diatessaron,Matt,new_testament,Bible:Matt.4.4,Matt. iv. 4
tatian,diatessaron,Matt,new_testament,Bible:Matt.4.5,Matt. iv. 5
tatian,diatessaron,Matt,new_testament,Bible:Matt.4.6,Matt. iv. 6
tatian,diatessaron,Matt,new_testament,Bible:Matt.4.7,Matt. iv. 7
tatian,diatessaron,Luke,new_testament,Bible:Luke.4.5,Luke iv. 5
tatian,diatessaron,Luke,new_testament,Bible:Luke.4.6,Luke iv. 6
tatian,diatessaron,Luke,new_testament,Bible:Luke.4.7,Luke iv. 7
tatian,diatessaron,Matt,new_testament,Bible:Matt.4.10,Matt. iv. 10
tatian,diatessaron,Luke,new_testament,Bible:Luke.4.13,Luke iv. 13
tatian,diatessaron,Matt,new_testament,Bible:Matt.4.11,Matt. iv. 11
tatian,diatessaron,John,new_testament,Bible:John.1.35,John i. 35
tatian,diatessaron,John,new_testament,Bible:John.1.36,John i. 36
tatian,diatessaron,John,new_testament,Bible:John.1.37,John i. 37
tatian,diatessaron,John,new_testament,Bible:John.1.38,John i. 38
tatian,diatessaron,John,new_testament,Bible:John.1.39,John i. 39
tatian,diatessaron,John,new_testament,Bible:John.1.40,John i. 40
tatian,diatessaron,John,new_testament,Bible:John.1.41,John i. 41
tatian,diatessaron,John,new_testament,Bible:John.1.42,John i. 42
tatian,diatessaron,John,new_testament,Bible:John.1.43,John i. 43
tatian,diatessaron,John,new_testament,Bible:John.1.44,John i. 44
tatian,diatessaron,John,new_testament,Bible:John.1.45,John i. 45
tatian,diatessaron,John,new_testament,Bible:John.1.46,John i. 46
tatian,diatessaron,John,new_testament,Bible:John.1.47,John i. 47
tatian,diatessaron,John,new_testament,Bible:John.1.48,John i. 48
tatian,diatessaron,John,new_testament,Bible:John.1.49,John i. 49
tatian,diatessaron,John,new_testament,Bible:John.1.50,John i. 50
tatian,diatessaron,John,new_testament,Bible:John.1.51,John i. 51
tatian,diatessaron,Luke,new_testament,Bible:Luke.4.14,Luke iv. 14
tatian,diatessaron,John,new_testament,Bible:John.2.1,John ii. 1
tatian,diatessaron,John,new_testament,Bible:John.2.2,John ii. 2
tatian,diatessaron,John,new_testament,Bible:John.2.3,John ii. 3
tatian,diatessaron,John,new_testament,Bible:John.2.4,John ii. 4
tatian,diatessaron,John,new_testament,Bible:John.2.5,John ii. 5
tatian,diatessaron,John,new_testament,Bible:John.2.6,John ii. 6
tatian,diatessaron,John,new_testament,Bible:John.2.7,John ii. 7
tatian,diatessaron,John,new_testament,Bible:John.2.8,John ii. 8
tatian,diatessaron,John,new_testament,Bible:John.2.9,John ii. 9
tatian,diatessaron,John,new_testament,Bible:John.2.10,John ii. 10
tatian,diatessaron,John,new_testament,Bible:John.2.11,John ii. 11
tatian,diatessaron,Luke,new_testament,Bible:Luke.4.15,Luke iv. 15
tatian,diatessaron,Luke,new_testament,Bible:Luke.4.16,Luke iv. 16
tatian,diatessaron,Luke,new_testament,Bible:Luke.4.17,Luke iv. 17
tatian,diatessaron,Luke,new_testament,Bible:Luke.4.18,Luke iv. 18
tatian,diatessaron,Luke,new_testament,Bible:Luke.4.19,Luke iv. 19
tatian,diatessaron,Luke,new_testament,Bible:Luke.4.20,Luke iv. 20
tatian,diatessaron,Luke,new_testament,Bible:Luke.4.21,Luke iv. 21
tatian,diatessaron,Luke,new_testament,Bible:Luke.4.22,Luke iv. 22
tatian,diatessaron,Matt,new_testament,Bible:Matt.4.17,Matt. iv. 17
tatian,diatessaron,Mark,new_testament,Bible:Mark.1.15,Mark i. 15
tatian,diatessaron,Matt,new_testament,Bible:Matt.4.18,Matt. iv. 18
tatian,diatessaron,Matt,new_testament,Bible:Matt.4.19,Matt. iv. 19
tatian,diatessaron,Matt,new_testament,Bible:Matt.4.20,Matt. iv. 20
tatian,diatessaron,Matt,new_testament,Bible:Matt.4.21,Matt. iv. 21
tatian,diatessaron,Matt,new_testament,Bible:Matt.4.22,Matt. iv. 22
tatian,diatessaron,Luke,new_testament,Bible:Luke.5.1,Luke v. 1
tatian,diatessaron,Luke,new_testament,Bible:Luke.5.2,Luke v. 2
tatian,diatessaron,Luke,new_testament,Bible:Luke.5.3,Luke v. 3
tatian,diatessaron,Luke,new_testament,Bible:Luke.5.4,Luke v. 4
tatian,diatessaron,Luke,new_testament,Bible:Luke.5.5,Luke v. 5
tatian,diatessaron,Luke,new_testament,Bible:Luke.5.6,Luke v. 6
tatian,diatessaron,Luke,new_testament,Bible:Luke.5.7,Luke v. 7
tatian,diatessaron,Luke,new_testament,Bible:Luke.5.8,Luke v. 8
tatian,diatessaron,Luke,new_testament,Bible:Luke.5.9,Luke v. 9
tatian,diatessaron,Luke,new_testament,Bible:Luke.5.10,Luke v. 10
tatian,diatessaron,Luke,new_testament,Bible:Luke.5.11,Luke v. 11
tatian,diatessaron,John,new_testament,Bible:John.3.22,John iii. 22
tatian,diatessaron,John,new_testament,Bible:John.3.23,John iii. 23
tatian,diatessaron,John,new_testament,Bible:John.3.24,John iii. 24
tatian,diatessaron,John,new_testament,Bible:John.3.25,John iii. 25
tatian,diatessaron,John,new_testament,Bible:John.3.26,John iii. 26
tatian,diatessaron,John,new_testament,Bible:John.3.27,John iii. 27
tatian,diatessaron,John,new_testament,Bible:John.3.28,John iii. 28
tatian,diatessaron,John,new_testament,Bible:John.3.29,John iii. 29
tatian,diatessaron,John,new_testament,Bible:John.3.30,John iii. 30
tatian,diatessaron,John,new_testament,Bible:John.3.31,John iii. 31
tatian,diatessaron,John,new_testament,Bible:John.3.32,John iii. 32
tatian,diatessaron,John,new_testament,Bible:John.3.33,John iii. 33
tatian,diatessaron,John,new_testament,Bible:John.3.34,John iii. 34
tatian,diatessaron,John,new_testament,Bible:John.3.35,John iii. 35
tatian,diatessaron,John,new_testament,Bible:John.3.36,John iii. 36
tatian,diatessaron,John,new_testament,Bible:John.4.1,John iv. 1
tatian,diatessaron,John,new_testament,Bible:John.4.2,John iv. 2
tatian,diatessaron,John,new_testament,Bible:John.4.3,John iv. 3
tatian,diatessaron,Luke,new_testament,Bible:Luke.3.19,Luke iii. 19
tatian,diatessaron,Luke,new_testament,Bible:Luke.3.20,Luke iii. 20
tatian,diatessaron,Matt,new_testament,Bible:Matt.4.12,Matt. iv. 12
tatian,diatessaron,John,new_testament,Bible:John.4.46,John iv. 46
tatian,diatessaron,John,new_testament,Bible:John.4.47,John iv. 47
tatian,diatessaron,John,new_testament,Bible:John.4.48,John iv. 48
tatian,diatessaron,John,new_testament,Bible:John.4.49,John iv. 49
tatian,diatessaron,John,new_testament,Bible:John.4.50,John iv. 50
tatian,diatessaron,John,new_testament,Bible:John.4.51,John iv. 51
tatian,diatessaron,John,new_testament,Bible:John.4.52,John iv. 52
tatian,diatessaron,John,new_testament,Bible:John.4.53,John iv. 53
tatian,diatessaron,John,new_testament,Bible:John.4.54,John iv. 54
tatian,diatessaron,Luke,new_testament,Bible:Luke.4.44,Luke iv. 44
tatian,diatessaron,Matt,new_testament,Bible:Matt.4.13,Matt. iv. 13
tatian,diatessaron,Matt,new_testament,Bible:Matt.4.14,Matt. iv. 14
tatian,diatessaron,Matt,new_testament,Bible:Matt.4.15,Matt. iv. 15
tatian,diatessaron,Matt,new_testament,Bible:Matt.4.16,Matt. iv. 16
tatian,diatessaron,Luke,new_testament,Bible:Luke.4.31,Luke iv. 31
tatian,diatessaron,Luke,new_testament,Bible:Luke.4.32,Luke iv. 32
tatian,diatessaron,Luke,new_testament,Bible:Luke.4.33,Luke iv. 33
tatian,diatessaron,Luke,new_testament,Bible:Luke.4.34,Luke iv. 34
tatian,diatessaron,Luke,new_testament,Bible:Luke.4.35,Luke iv. 35
tatian,diatessaron,Luke,new_testament,Bible:Luke.4.36,Luke iv. 36
tatian,diatessaron,Luke,new_testament,Bible:Luke.4.37,Luke iv. 37
tatian,diatessaron,Luke,new_testament,Bible:Luke.4.38,Luke iv. 38
tatian,diatessaron,Mark,new_testament,Bible:Mark.1.29,Mark i. 29
tatian,diatessaron,Luke,new_testament,Bible:Luke.4.39,Luke iv. 39
tatian,diatessaron,Matt,new_testament,Bible:Matt.8.16,Matt. viii. 16
tatian,diatessaron,Luke,new_testament,Bible:Luke.4.40,Luke iv. 40
tatian,diatessaron,Matt,new_testament,Bible:Matt.8.17,Matt. viii. 17
tatian,diatessaron,Mark,new_testament,Bible:Mark.1.33,Mark i. 33
tatian,diatessaron,Luke,new_testament,Bible:Luke.4.41,Luke iv. 41
tatian,diatessaron,Mark,new_testament,Bible:Mark.1.35,Mark i. 35
tatian,diatessaron,Mark,new_testament,Bible:Mark.1.36,Mark i. 36
tatian,diatessaron,Mark,new_testament,Bible:Mark.1.37,Mark i. 37
tatian,diatessaron,Mark,new_testament,Bible:Mark.1.38,Mark i. 38
tatian,diatessaron,Luke,new_testament,Bible:Luke.4.42,Luke iv. 42
tatian,diatessaron,Luke,new_testament,Bible:Luke.4.43,Luke iv. 43
tatian,diatessaron,Matt,new_testament,Bible:Matt.9.35,Matt. ix. 35
tatian,diatessaron,Mark,new_testament,Bible:Mark.1.39,Mark i. 39
tatian,diatessaron,Mark,new_testament,Bible:Mark.2.14,Mark ii. 14
tatian,diatessaron,Matt,new_testament,Bible:Matt.4.24,Matt. iv. 24
tatian,diatessaron,Mark,new_testament,Bible:Mark.2.1,Mark ii. 1
tatian,diatessaron,Mark,new_testament,Bible:Mark.2.2,Mark ii. 2
tatian,diatessaron,Luke,new_testament,Bible:Luke.5.17,Luke v. 17
tatian,diatessaron,Luke,new_testament,Bible:Luke.5.18,Luke v. 18
tatian,diatessaron,Luke,new_testament,Bible:Luke.5.19,Luke v. 19
tatian,diatessaron,Luke,new_testament,Bible:Luke.5.20,Luke v. 20
tatian,diatessaron,Luke,new_testament,Bible:Luke.5.21,Luke v. 21
tatian,diatessaron,Mark,new_testament,Bible:Mark.2.8,Mark ii. 8
tatian,diatessaron,Mark,new_testament,Bible:Mark.2.9,Mark ii. 9
tatian,diatessaron,Mark,new_testament,Bible:Mark.2.10,Mark ii. 10
tatian,diatessaron,Mark,new_testament,Bible:Mark.2.11,Mark ii. 11
tatian,diatessaron,Mark,new_testament,Bible:Mark.2.12,Mark ii. 12
tatian,diatessaron,Luke,new_testament,Bible:Luke.5.25,Luke v. 25
tatian,diatessaron,Matt,new_testament,Bible:Matt.9.8,Matt. ix. 8
tatian,diatessaron,Luke,new_testament,Bible:Luke.5.26,Luke v. 26
tatian,diatessaron,Luke,new_testament,Bible:Luke.5.27,Luke v. 27
tatian,diatessaron,Luke,new_testament,Bible:Luke.5.28,Luke v. 28
tatian,diatessaron,Luke,new_testament,Bible:Luke.5.29,Luke v. 29
tatian,diatessaron,Luke,new_testament,Bible:Luke.5.30,Luke v. 30
tatian,diatessaron,Luke,new_testament,Bible:Luke.5.31,Luke v. 31
tatian,diatessaron,Luke,new_testament,Bible:Luke.5.32,Luke v. 32
tatian,diatessaron,Luke,new_testament,Bible:Luke.5.33,Luke v. 33
tatian,diatessaron,Luke,new_testament,Bible:Luke.5.34,Luke v. 34
tatian,diatessaron,Luke,new_testament,Bible:Luke.5.35,Luke v. 35
tatian,diatessaron,Luke,new_testament,Bible:Luke.5.36,Luke v. 36
tatian,diatessaron,Mark,new_testament,Bible:Mark.2.21,Mark ii. 21
tatian,diatessaron,Mark,new_testament,Bible:Mark.2.22,Mark ii. 22
tatian,diatessaron,Luke,new_testament,Bible:Luke.5.38-Luke.5.39,"Luke v. 38, 39"
tatian,diatessaron,Matt,new_testament,Bible:Matt.12.1,Matt. xii. 1
tatian,diatessaron,Matt,new_testament,Bible:Matt.12.2,Matt. xii. 2
tatian,diatessaron,Mark,new_testament,Bible:Mark.2.24,Mark ii. 24
tatian,diatessaron,Mark,new_testament,Bible:Mark.2.25,Mark ii. 25
tatian,diatessaron,Mark,new_testament,Bible:Mark.2.26,Mark ii. 26
tatian,diatessaron,Mark,new_testament,Bible:Mark.2.27,Mark ii. 27
tatian,diatessaron,Matt,new_testament,Bible:Matt.12.5,Matt. xii. 5
tatian,diatessaron,Matt,new_testament,Bible:Matt.12.6,Matt. xii. 6
tatian,diatessaron,Matt,new_testament,Bible:Matt.12.7,Matt. xii. 7
tatian,diatessaron,Matt,new_testament,Bible:Matt.12.8,Matt. xii. 8
tatian,diatessaron,Mark,new_testament,Bible:Mark.3.21,Mark iii. 21
tatian,diatessaron,Luke,new_testament,Bible:Luke.6.6,Luke vi. 6
tatian,diatessaron,Luke,new_testament,Bible:Luke.6.7,Luke vi. 7
tatian,diatessaron,Luke,new_testament,Bible:Luke.6.8,Luke vi. 8
tatian,diatessaron,Luke,new_testament,Bible:Luke.6.9,Luke vi. 9
tatian,diatessaron,Mark,new_testament,Bible:Mark.3.4,Mark iii. 4
tatian,diatessaron,Mark,new_testament,Bible:Mark.3.5,Mark iii. 5
tatian,diatessaron,Matt,new_testament,Bible:Matt.12.11,Matt. xii. 11
tatian,diatessaron,Matt,new_testament,Bible:Matt.12.12,Matt. xii. 12
tatian,diatessaron,Matt,new_testament,Bible:Matt.12.14,Matt. xii. 14
tatian,diatessaron,Matt,new_testament,Bible:Matt.12.15,Matt. xii. 15
tatian,diatessaron,Matt,new_testament,Bible:Matt.12.16,Matt. xii. 16
tatian,diatessaron,Matt,new_testament,Bible:Matt.12.17,Matt. xii. 17
tatian,diatessaron,Matt,new_testament,Bible:Matt.12.18,Matt. xii. 18
tatian,diatessaron,Matt,new_testament,Bible:Matt.12.19,Matt. xii. 19
tatian,diatessaron,Matt,new_testament,Bible:Matt.12.20,Matt. xii. 20
tatian,diatessaron,Matt,new_testament,Bible:Matt.12.21,Matt. xii. 21
tatian,diatessaron,Luke,new_testament,Bible:Luke.6.12,Luke vi. 12
tatian,diatessaron,Luke,new_testament,Bible:Luke.6.13,Luke vi. 13
tatian,diatessaron,Mark,new_testament,Bible:Mark.3.7,Mark iii. 7
tatian,diatessaron,Mark,new_testament,Bible:Mark.3.8,Mark iii. 8
tatian,diatessaron,Mark,new_testament,Bible:Mark.3.9,Mark iii. 9
tatian,diatessaron,Mark,new_testament,Bible:Mark.3.10,Mark iii. 10
tatian,diatessaron,Mark,new_testament,Bible:Mark.3.11,Mark iii. 11
tatian,diatessaron,Mark,new_testament,Bible:Mark.3.12,Mark iii. 12
tatian,diatessaron,Luke,new_testament,Bible:Luke.6.18,Luke vi. 18
tatian,diatessaron,Luke,new_testament,Bible:Luke.6.19,Luke vi. 19
tatian,diatessaron,Matt,new_testament,Bible:Matt.5.1,Matt. v. 1
tatian,diatessaron,Luke,new_testament,Bible:Luke.6.14,Luke vi. 14
tatian,diatessaron,Luke,new_testament,Bible:Luke.6.15,Luke vi. 15
tatian,diatessaron,Luke,new_testament,Bible:Luke.6.16,Luke vi. 16
tatian,diatessaron,Luke,new_testament,Bible:Luke.6.17,Luke vi. 17
tatian,diatessaron,Mark,new_testament,Bible:Mark.3.14,Mark iii. 14
tatian,diatessaron,Luke,new_testament,Bible:Luke.6.20,Luke vi. 20
tatian,diatessaron,Matt,new_testament,Bible:Matt.5.2,Matt. v. 2
tatian,diatessaron,Matt,new_testament,Bible:Matt.5.3,Matt. v. 3
tatian,diatessaron,Matt,new_testament,Bible:Matt.5.4,Matt. v. 4
tatian,diatessaron,Matt,new_testament,Bible:Matt.5.5,Matt. v. 5
tatian,diatessaron,Matt,new_testament,Bible:Matt.5.6,Matt. v. 6
tatian,diatessaron,Matt,new_testament,Bible:Matt.5.7,Matt. v. 7
tatian,diatessaron,Matt,new_testament,Bible:Matt.5.8,Matt. v. 8
tatian,diatessaron,Matt,new_testament,Bible:Matt.5.9,Matt. v. 9
tatian,diatessaron,Matt,new_testament,Bible:Matt.5.10,Matt. v. 10
tatian,diatessaron,Luke,new_testament,Bible:Luke.6.22,Luke vi. 22
tatian,diatessaron,Matt,new_testament,Bible:Matt.5.11,Matt. v. 11
tatian,diatessaron,Matt,new_testament,Bible:Matt.5.12,Matt. v. 12
tatian,diatessaron,Luke,new_testament,Bible:Luke.6.24,Luke vi. 24
tatian,diatessaron,Luke,new_testament,Bible:Luke.6.25,Luke vi. 25
tatian,diatessaron,Luke,new_testament,Bible:Luke.6.27,Luke vi. 27
tatian,diatessaron,Matt,new_testament,Bible:Matt.5.13,Matt. v. 13
tatian,diatessaron,Matt,new_testament,Bible:Matt.5.14,Matt. v. 14
tatian,diatessaron,Matt,new_testament,Bible:Matt.5.15,Matt. v. 15
tatian,diatessaron,Matt,new_testament,Bible:Matt.5.16,Matt. v. 16
tatian,diatessaron,Mark,new_testament,Bible:Mark.4.22,Mark iv. 22
tatian,diatessaron,Mark,new_testament,Bible:Mark.4.23,Mark iv. 23
tatian,diatessaron,Matt,new_testament,Bible:Matt.5.17,Matt. v. 17
tatian,diatessaron,Matt,new_testament,Bible:Matt.5.18,Matt. v. 18
tatian,diatessaron,Matt,new_testament,Bible:Matt.5.19,Matt. v. 19
tatian,diatessaron,Matt,new_testament,Bible:Matt.5.20,Matt. v. 20
tatian,diatessaron,Matt,new_testament,Bible:Matt.5.21,Matt. v. 21
tatian,diatessaron,Matt,new_testament,Bible:Matt.5.22,Matt. v. 22
tatian,diatessaron,Matt,new_testament,Bible:Matt.5.23,Matt. v. 23
tatian,diatessaron,Matt,new_testament,Bible:Matt.5.24,Matt. v. 24
tatian,diatessaron,Matt,new_testament,Bible:Matt.5.25,Matt. v. 25
tatian,diatessaron,Luke,new_testament,Bible:Luke.12.58,Luke xii. 58
tatian,diatessaron,Matt,new_testament,Bible:Matt.5.26,Matt. v. 26
tatian,diatessaron,Matt,new_testament,Bible:Matt.5.27,Matt. v. 27
tatian,diatessaron,Matt,new_testament,Bible:Matt.5.28,Matt. v. 28
tatian,diatessaron,Matt,new_testament,Bible:Matt.5.29,Matt. v. 29
tatian,diatessaron,Matt,new_testament,Bible:Matt.5.30,Matt. v. 30
tatian,diatessaron,Matt,new_testament,Bible:Matt.5.31,Matt. v. 31
tatian,diatessaron,Matt,new_testament,Bible:Matt.5.32,Matt. v. 32
tatian,diatessaron,Matt,new_testament,Bible:Matt.5.33,Matt. v. 33
tatian,diatessaron,Matt,new_testament,Bible:Matt.5.34,Matt. v. 34
tatian,diatessaron,Matt,new_testament,Bible:Matt.5.35,Matt. v. 35
tatian,diatessaron,Matt,new_testament,Bible:Matt.5.36,Matt. v. 36
tatian,diatessaron,Matt,new_testament,Bible:Matt.5.37,Matt. v. 37
tatian,diatessaron,Matt,new_testament,Bible:Matt.5.38,Matt. v. 38
tatian,diatessaron,Matt,new_testament,Bible:Matt.5.39,Matt. v. 39
tatian,diatessaron,Matt,new_testament,Bible:Matt.5.40,Matt. v. 40
tatian,diatessaron,Matt,new_testament,Bible:Matt.5.41,Matt. v. 41
tatian,diatessaron,Matt,new_testament,Bible:Matt.5.42,Matt. v. 42
tatian,diatessaron,Luke,new_testament,Bible:Luke.6.30,Luke vi. 30
tatian,diatessaron,Luke,new_testament,Bible:Luke.6.31,Luke vi. 31
tatian,diatessaron,Matt,new_testament,Bible:Matt.5.43,Matt. v. 43
tatian,diatessaron,Matt,new_testament,Bible:Matt.5.44,Matt. v. 44
tatian,diatessaron,Matt,new_testament,Bible:Matt.5.45,Matt. v. 45
tatian,diatessaron,Matt,new_testament,Bible:Matt.5.46,Matt. v. 46
tatian,diatessaron,Luke,new_testament,Bible:Luke.6.32,Luke vi. 32
tatian,diatessaron,Luke,new_testament,Bible:Luke.6.33,Luke vi. 33
tatian,diatessaron,Luke,new_testament,Bible:Luke.6.34,Luke vi. 34
tatian,diatessaron,Luke,new_testament,Bible:Luke.6.35,Luke vi. 35
tatian,diatessaron,Luke,new_testament,Bible:Luke.6.36,Luke vi. 36
tatian,diatessaron,Matt,new_testament,Bible:Matt.5.47,Matt. v. 47
tatian,diatessaron,Matt,new_testament,Bible:Matt.5.48,Matt. v. 48
tatian,diatessaron,Matt,new_testament,Bible:Matt.6.1,Matt. vi. 1
tatian,diatessaron,Matt,new_testament,Bible:Matt.6.2,Matt. vi. 2
tatian,diatessaron,Matt,new_testament,Bible:Matt.6.3,Matt. vi. 3
tatian,diatessaron,Matt,new_testament,Bible:Matt.6.4,Matt. vi. 4
tatian,diatessaron,Matt,new_testament,Bible:Matt.6.5,Matt. vi. 5
tatian,diatessaron,Matt,new_testament,Bible:Matt.6.6,Matt. vi. 6
tatian,diatessaron,Matt,new_testament,Bible:Matt.6.7,Matt. vi. 7
tatian,diatessaron,Matt,new_testament,Bible:Matt.6.8,Matt. vi. 8
tatian,diatessaron,Luke,new_testament,Bible:Luke.11.1,Luke xi. 1
tatian,diatessaron,Luke,new_testament,Bible:Luke.11.2,Luke xi. 2
tatian,diatessaron,Matt,new_testament,Bible:Matt.6.9,Matt. vi. 9
tatian,diatessaron,Matt,new_testament,Bible:Matt.6.10,Matt. vi. 10
tatian,diatessaron,Matt,new_testament,Bible:Matt.6.11,Matt. vi. 11
tatian,diatessaron,Matt,new_testament,Bible:Matt.6.12,Matt. vi. 12
tatian,diatessaron,Matt,new_testament,Bible:Matt.6.13,Matt. vi. 13
tatian,diatessaron,Matt,new_testament,Bible:Matt.6.14,Matt. vi. 14
tatian,diatessaron,Matt,new_testament,Bible:Matt.6.15,Matt. vi. 15
tatian,diatessaron,Matt,new_testament,Bible:Matt.6.16,Matt. vi. 16
tatian,diatessaron,Matt,new_testament,Bible:Matt.6.17,Matt. vi. 17
tatian,diatessaron,Matt,new_testament,Bible:Matt.6.18,Matt. vi. 18
tatian,diatessaron,Luke,new_testament,Bible:Luke.12.32,Luke xii. 32
tatian,diatessaron,Luke,new_testament,Bible:Luke.12.33,Luke xii. 33
tatian,diatessaron,Matt,new_testament,Bible:Matt.6.19,Matt. vi. 19
tatian,diatessaron,Matt,new_testament,Bible:Matt.6.20,Matt. vi. 20
tatian,diatessaron,Matt,new_testament,Bible:Matt.6.21,Matt. vi. 21
tatian,diatessaron,Matt,new_testament,Bible:Matt.6.22,Matt. vi. 22
tatian,diatessaron,Matt,new_testament,Bible:Matt.6.23,Matt. vi. 23
tatian,diatessaron,Luke,new_testament,Bible:Luke.11.35,Luke xi. 35
tatian,diatessaron,Luke,new_testament,Bible:Luke.11.36,Luke xi. 36
tatian,diatessaron,Matt,new_testament,Bible:Matt.6.24,Matt. vi. 24
tatian,diatessaron,Matt,new_testament,Bible:Matt.6.25,Matt. vi. 25
tatian,diatessaron,Matt,new_testament,Bible:Matt.6.26,Matt. vi. 26
tatian,diatessaron,Matt,new_testament,Bible:Matt.6.27,Matt. vi. 27
tatian,diatessaron,Luke,new_testament,Bible:Luke.12.26,Luke xii. 26
tatian,diatessaron,Matt,new_testament,Bible:Matt.6.28,Matt. vi. 28
tatian,diatessaron,Matt,new_testament,Bible:Matt.6.29,Matt. vi. 29
tatian,diatessaron,Matt,new_testament,Bible:Matt.6.30,Matt. vi. 30
tatian,diatessaron,Matt,new_testament,Bible:Matt.6.31,Matt. vi. 31
tatian,diatessaron,Luke,new_testament,Bible:Luke.12.29,Luke xii. 29
tatian,diatessaron,Matt,new_testament,Bible:Matt.6.32,Matt. vi. 32
tatian,diatessaron,Matt,new_testament,Bible:Matt.6.33,Matt. vi. 33
tatian,diatessaron,Matt,new_testament,Bible:Matt.6.34,Matt. vi. 34
tatian,diatessaron,Matt,new_testament,Bible:Matt.7.1,Matt. vii. 1
tatian,diatessaron,Luke,new_testament,Bible:Luke.6.37,Luke vi. 37
tatian,diatessaron,Luke,new_testament,Bible:Luke.6.38,Luke vi. 38
tatian,diatessaron,Mark,new_testament,Bible:Mark.4.24,Mark iv. 24
tatian,diatessaron,Mark,new_testament,Bible:Mark.4.25,Mark iv. 25
tatian,diatessaron,Luke,new_testament,Bible:Luke.8.18,Luke viii. 18
tatian,diatessaron,Luke,new_testament,Bible:Luke.23.8,"Luke
xxiii. 8"
tatian,diatessaron,Luke,new_testament,Bible:Luke.6.39,Luke vi. 39
tatian,diatessaron,Luke,new_testament,Bible:Luke.6.40,Luke vi. 40
tatian,diatessaron,Luke,new_testament,Bible:Luke.6.41,Luke vi. 41
tatian,diatessaron,Luke,new_testament,Bible:Luke.6.42,Luke vi. 42
tatian,diatessaron,Matt,new_testament,Bible:Matt.7.6,Matt. vii. 6
tatian,diatessaron,Luke,new_testament,Bible:Luke.11.5,Luke xi. 5
tatian,diatessaron,Luke,new_testament,Bible:Luke.11.6,Luke xi. 6
tatian,diatessaron,Luke,new_testament,Bible:Luke.11.7,Luke xi. 7
tatian,diatessaron,Luke,new_testament,Bible:Luke.11.8,Luke xi. 8
tatian,diatessaron,Luke,new_testament,Bible:Luke.11.9,Luke xi. 9
tatian,diatessaron,Luke,new_testament,Bible:Luke.11.10,Luke xi. 10
tatian,diatessaron,Luke,new_testament,Bible:Luke.11.11,Luke xi. 11
tatian,diatessaron,Luke,new_testament,Bible:Luke.11.12,Luke xi. 12
tatian,diatessaron,Luke,new_testament,Bible:Luke.11.13,Luke xi. 13
tatian,diatessaron,Matt,new_testament,Bible:Matt.7.12,Matt. vii. 12
tatian,diatessaron,Matt,new_testament,Bible:Matt.7.13,Matt. vii. 13
tatian,diatessaron,Matt,new_testament,Bible:Matt.7.14,Matt. vii. 14
tatian,diatessaron,Matt,new_testament,Bible:Matt.7.15,Matt. vii. 15
tatian,diatessaron,Matt,new_testament,Bible:Matt.7.16,Matt. vii. 16
tatian,diatessaron,Luke,new_testament,Bible:Luke.6.44,Luke vi. 44
tatian,diatessaron,Matt,new_testament,Bible:Matt.7.17,Matt. vii. 17
tatian,diatessaron,Matt,new_testament,Bible:Matt.7.18,Matt. vii. 18
tatian,diatessaron,Luke,new_testament,Bible:Luke.6.45,Luke vi. 45
tatian,diatessaron,Matt,new_testament,Bible:Matt.7.19,Matt. vii. 19
tatian,diatessaron,Matt,new_testament,Bible:Matt.7.20,Matt. vii. 20
tatian,diatessaron,Matt,new_testament,Bible:Matt.7.21,Matt. vii. 21
tatian,diatessaron,Matt,new_testament,Bible:Matt.7.22,Matt. vii. 22
tatian,diatessaron,Matt,new_testament,Bible:Matt.7.23,Matt. vii. 23
tatian,diatessaron,Luke,new_testament,Bible:Luke.6.47,Luke vi. 47
tatian,diatessaron,Luke,new_testament,Bible:Luke.6.48,Luke vi. 48
tatian,diatessaron,Matt,new_testament,Bible:Matt.7.25,Matt. vii. 25
tatian,diatessaron,Matt,new_testament,Bible:Matt.7.26,Matt. vii. 26
tatian,diatessaron,Matt,new_testament,Bible:Matt.7.27,Matt. vii. 27
tatian,diatessaron,Matt,new_testament,Bible:Matt.7.28,Matt. vii. 28
tatian,diatessaron,Matt,new_testament,Bible:Matt.7.29,Matt. vii. 29
tatian,diatessaron,Matt,new_testament,Bible:Matt.8.1,Matt. viii. 1
tatian,diatessaron,Matt,new_testament,Bible:Matt.8.5 Bible:Luke.7.2,"Matt.
viii. 5a; Luke vii. 2"
tatian,diatessaron,Luke,new_testament,Bible:Luke.7.3,Luke vii. 3
tatian,diatessaron,Matt,new_testament,Bible:Matt.8.5-Matt.8.6,"Matt. viii.
5b; Matt. viii. 6"
tatian,diatessaron,Luke,new_testament,Bible:Luke.7.4,Luke vii. 4
tatian,diatessaron,Luke,new_testament,Bible:Luke.7.5,Luke vii. 5
tatian,diatessaron,Matt,new_testament,Bible:Matt.8.7,Matt. viii. 7
tatian,diatessaron,Matt,new_testament,Bible:Matt.8.8,Matt. viii. 8
tatian,diatessaron,Luke,new_testament,Bible:Luke.7.8,Luke vii. 8
tatian,diatessaron,Luke,new_testament,Bible:Luke.7.9,Luke vii. 9
tatian,diatessaron,Matt,new_testament,Bible:Matt.8.10,Matt. viii. 10
tatian,diatessaron,Matt,new_testament,Bible:Matt.8.11,Matt. viii. 11
tatian,diatessaron,Matt,new_testament,Bible:Matt.8.12,Matt. viii. 12
tatian,diatessaron,Matt,new_testament,Bible:Matt.8.13,Matt. viii. 13
tatian,diatessaron,Luke,new_testament,Bible:Luke.7.10,Luke vii. 10
tatian,diatessaron,Luke,new_testament,Bible:Luke.7.11,Luke vii. 11
tatian,diatessaron,Luke,new_testament,Bible:Luke.7.12,Luke vii. 12
tatian,diatessaron,Luke,new_testament,Bible:Luke.7.13,Luke vii. 13
tatian,diatessaron,Luke,new_testament,Bible:Luke.7.14,Luke vii. 14
tatian,diatessaron,Luke,new_testament,Bible:Luke.7.15,Luke vii. 15
tatian,diatessaron,Luke,new_testament,Bible:Luke.7.16,Luke vii. 16
tatian,diatessaron,Luke,new_testament,Bible:Luke.7.17,Luke vii. 17
tatian,diatessaron,Matt,new_testament,Bible:Matt.8.18,Matt. viii. 18
tatian,diatessaron,Luke,new_testament,Bible:Luke.9.57 Bible:Matt.8.19,"Luke
ix. 57a; Matt. viii. 19"
tatian,diatessaron,Matt,new_testament,Bible:Matt.8.20,Matt. viii. 20
tatian,diatessaron,Luke,new_testament,Bible:Luke.9.59,Luke ix. 59
tatian,diatessaron,Luke,new_testament,Bible:Luke.9.60,Luke ix. 60
tatian,diatessaron,Luke,new_testament,Bible:Luke.9.61,Luke ix. 61
tatian,diatessaron,Luke,new_testament,Bible:Luke.9.62,Luke ix. 62
tatian,diatessaron,Mark,new_testament,Bible:Mark.4.35 Bible:Luke.8.22,Mark iv. 35; Luke viii. 22
tatian,diatessaron,Mark,new_testament,Bible:Mark.4.36 Bible:Luke.8.22,"Mark
iv. 36a; Luke viii. 22b"
tatian,diatessaron,Mark,new_testament,Bible:Mark.4.36 Bible:Matt.8.24,"Mark
iv. 36c; Matt. viii. 24a"
tatian,diatessaron,Luke,new_testament,Bible:Luke.8.23,Luke viii. 23
tatian,diatessaron,Mark,new_testament,Bible:Mark.4.38,Mark iv. 38
tatian,diatessaron,Matt,new_testament,Bible:Matt.8.25,Matt. viii. 25
tatian,diatessaron,Luke,new_testament,Bible:Luke.8.24,Luke viii. 24
tatian,diatessaron,Mark,new_testament,Bible:Mark.4.39,Mark iv. 39
tatian,diatessaron,Mark,new_testament,Bible:Mark.4.40,Mark iv. 40
tatian,diatessaron,Luke,new_testament,Bible:Luke.8.25,Luke viii. 25
tatian,diatessaron,Luke,new_testament,Bible:Luke.8.26,Luke viii. 26
tatian,diatessaron,Luke,new_testament,Bible:Luke.8.27,Luke viii. 27
tatian,diatessaron,Mark,new_testament,Bible:Mark.5.2 Bible:Luke.8.27,"Mark
v. 2b; Luke viii. 27c"
tatian,diatessaron,Mark,new_testament,Bible:Mark.5.3,Mark v. 3
tatian,diatessaron,Mark,new_testament,Bible:Mark.5.4,Mark v. 4
tatian,diatessaron,Luke,new_testament,Bible:Luke.8.29,Luke viii. 29
tatian,diatessaron,Mark,new_testament,Bible:Mark.5.4-Mark.5.5,"Mark v. 4b,
5a"
tatian,diatessaron,Matt,new_testament,Bible:Matt.8.28,Matt. viii. 28
tatian,diatessaron,Mark,new_testament,Bible:Mark.5.5,Mark v. 5
tatian,diatessaron,Mark,new_testament,Bible:Mark.5.6,Mark v. 6
tatian,diatessaron,Mark,new_testament,Bible:Mark.5.7 Bible:Luke.8.28,"Mark
v. 7a; Luke viii. 28b"
tatian,diatessaron,Mark,new_testament,Bible:Mark.5.7 Bible:Luke.8.29,"Mark
v. 7c; Luke viii. 29a"
tatian,diatessaron,Luke,new_testament,Bible:Luke.8.30,Luke viii. 30
tatian,diatessaron,Luke,new_testament,Bible:Luke.8.31,Luke viii. 31
tatian,diatessaron,Luke,new_testament,Bible:Luke.8.32,Luke viii. 32
tatian,diatessaron,Luke,new_testament,Bible:Luke.8.33,Luke viii. 33
tatian,diatessaron,Mark,new_testament,Bible:Mark.5.13,Mark v. 13
tatian,diatessaron,Luke,new_testament,Bible:Luke.8.34,Luke viii. 34
tatian,diatessaron,Luke,new_testament,Bible:Luke.8.35,Luke viii. 35
tatian,diatessaron,Luke,new_testament,Bible:Luke.8.36,Luke viii. 36
tatian,diatessaron,Mark,new_testament,Bible:Mark.5.16,Mark v. 16
tatian,diatessaron,Luke,new_testament,Bible:Luke.8.37,Luke viii. 37
tatian,diatessaron,Matt,new_testament,Bible:Matt.9.1,Matt. ix. 1
tatian,diatessaron,Luke,new_testament,Bible:Luke.8.38,Luke viii. 38
tatian,diatessaron,Luke,new_testament,Bible:Luke.8.39,Luke viii. 39
tatian,diatessaron,Mark,new_testament,Bible:Mark.5.20,Mark v. 20
tatian,diatessaron,Mark,new_testament,Bible:Mark.5.21 Bible:Luke.8.40,"Mark
v. 21a; Luke viii. 40b"
tatian,diatessaron,Luke,new_testament,Bible:Luke.8.41,Luke viii. 41
tatian,diatessaron,Mark,new_testament,Bible:Mark.5.23,Mark v. 23
tatian,diatessaron,Matt,new_testament,Bible:Matt.9.18,Matt. ix. 18
tatian,diatessaron,Matt,new_testament,Bible:Matt.9.19,Matt. ix. 19
tatian,diatessaron,Mark,new_testament,Bible:Mark.5.24,Mark v. 24
tatian,diatessaron,Mark,new_testament,Bible:Mark.5.25,Mark v. 25
tatian,diatessaron,Mark,new_testament,Bible:Mark.5.26,Mark v. 26
tatian,diatessaron,Mark,new_testament,Bible:Mark.5.27,Mark v. 27
tatian,diatessaron,Mark,new_testament,Bible:Mark.5.28,Mark v. 28
tatian,diatessaron,Mark,new_testament,Bible:Mark.5.29,Mark v. 29
tatian,diatessaron,Mark,new_testament,Bible:Mark.5.30,Mark v. 30
tatian,diatessaron,Luke,new_testament,Bible:Luke.8.45,Luke viii. 45
tatian,diatessaron,Luke,new_testament,Bible:Luke.8.46,Luke viii. 46
tatian,diatessaron,Luke,new_testament,Bible:Luke.8.47,Luke viii. 47
tatian,diatessaron,Mark,new_testament,Bible:Mark.5.33 Bible:Luke.8.47,"Mark
v. 33b; Luke viii. 47c"
tatian,diatessaron,Luke,new_testament,Bible:Luke.8.48 Bible:Mark.5.34,Luke viii. 48; Mark v. 34
tatian,diatessaron,Luke,new_testament,Bible:Luke.8.49,Luke viii. 49
tatian,diatessaron,Luke,new_testament,Bible:Luke.8.50,Luke viii. 50
tatian,diatessaron,Mark,new_testament,Bible:Mark.5.37,Mark v. 37
tatian,diatessaron,Mark,new_testament,Bible:Mark.5.38,Mark v. 38
tatian,diatessaron,Mark,new_testament,Bible:Mark.5.39,Mark v. 39
tatian,diatessaron,Luke,new_testament,Bible:Luke.8.53,Luke viii. 53
tatian,diatessaron,Mark,new_testament,Bible:Mark.5.40,Mark v. 40
tatian,diatessaron,Mark,new_testament,Bible:Mark.5.41,Mark v. 41
tatian,diatessaron,Luke,new_testament,Bible:Luke.8.55,Luke viii. 55
tatian,diatessaron,Mark,new_testament,Bible:Mark.5.42,Mark v. 42
tatian,diatessaron,Luke,new_testament,Bible:Luke.8.56,Luke viii. 56
tatian,diatessaron,Matt,new_testament,Bible:Matt.9.26,Matt. ix. 26
tatian,diatessaron,Matt,new_testament,Bible:Matt.9.27,Matt. ix. 27
tatian,diatessaron,Matt,new_testament,Bible:Matt.9.28,Matt. ix. 28
tatian,diatessaron,Matt,new_testament,Bible:Matt.9.29,Matt. ix. 29
tatian,diatessaron,Matt,new_testament,Bible:Matt.9.30,Matt. ix. 30
tatian,diatessaron,Matt,new_testament,Bible:Matt.9.31,Matt. ix. 31
tatian,diatessaron,Matt,new_testament,Bible:Matt.9.32,Matt. ix. 32
tatian,diatessaron,Matt,new_testament,Bible:Matt.9.33,Matt. ix. 33
tatian,diatessaron,Matt,new_testament,Bible:Matt.9.36,Matt. ix. 36
tatian,diatessaron,Matt,new_testament,Bible:Matt.10.1 Bible:Luke.9.1,"Matt.
x. 1a; Luke ix. 1b"
tatian,diatessaron,Luke,new_testament,Bible:Luke.9.2,Luke ix. 2
tatian,diatessaron,Matt,new_testament,Bible:Matt.10.5,Matt. x. 5
tatian,diatessaron,Matt,new_testament,Bible:Matt.10.6,Matt. x. 6
tatian,diatessaron,Matt,new_testament,Bible:Matt.10.7,Matt. x. 7
tatian,diatessaron,Matt,new_testament,Bible:Matt.10.8,Matt. x. 8
tatian,diatessaron,Matt,new_testament,Bible:Matt.10.9,Matt. x. 9
tatian,diatessaron,Mark,new_testament,Bible:Mark.6.8 Bible:Luke.9.3,"Mark
vi. 8b; Luke ix. 3"
tatian,diatessaron,Matt,new_testament,Bible:Matt.10.10 Bible:Mark.6.9,Matt. x. 10c; Mark vi. 9a
tatian,diatessaron,Matt,new_testament,Bible:Matt.10.10,Matt. x. 10
tatian,diatessaron,Matt,new_testament,Bible:Matt.10.11,Matt. x. 11
tatian,diatessaron,Matt,new_testament,Bible:Matt.10.12 Bible:Matt.10.13,Matt. x. 12; Matt. x. 13
tatian,diatessaron,Matt,new_testament,Bible:Matt.10.14 Bible:Mark.6.11,Matt. x. 14a; Mark vi. 11b
tatian,diatessaron,Matt,new_testament,Bible:Matt.10.15,Matt. x. 15
tatian,diatessaron,Matt,new_testament,Bible:Matt.10.16,Matt. x. 16
tatian,diatessaron,Matt,new_testament,Bible:Matt.10.17,Matt. x. 17
tatian,diatessaron,Matt,new_testament,Bible:Matt.10.18,Matt. x. 18
tatian,diatessaron,Matt,new_testament,Bible:Matt.10.19,Matt. x. 19
tatian,diatessaron,Matt,new_testament,Bible:Matt.10.27,Matt. x. 27
tatian,diatessaron,Matt,new_testament,Bible:Matt.10.20,Matt. x. 20
tatian,diatessaron,Matt,new_testament,Bible:Matt.10.21,Matt. x. 21
tatian,diatessaron,Matt,new_testament,Bible:Matt.10.22,Matt. x. 22
tatian,diatessaron,Matt,new_testament,Bible:Matt.10.23,Matt. x. 23
tatian,diatessaron,Matt,new_testament,Bible:Matt.10.24,Matt. x. 24
tatian,diatessaron,Matt,new_testament,Bible:Matt.10.25,Matt. x. 25
tatian,diatessaron,Matt,new_testament,Bible:Matt.10.26,Matt. x. 26
tatian,diatessaron,Matt,new_testament,Bible:Matt.10.27 Bible:Luke.12.3,Matt. x. 27a; Luke xii. 3b
tatian,diatessaron,Luke,new_testament,Bible:Luke.12.4 Bible:Luke.10.28,"Luke xii.
4a; Luke x. 28b"
tatian,diatessaron,Luke,new_testament,Bible:Luke.12.5,Luke xii. 5
tatian,diatessaron,Luke,new_testament,Bible:Luke.12.5 Bible:Matt.10.29,Luke xii. 5; Matt. x. 29
tatian,diatessaron,Matt,new_testament,Bible:Matt.10.30,Matt. x. 30
tatian,diatessaron,Matt,new_testament,Bible:Matt.10.31,Matt. x. 31
tatian,diatessaron,Matt,new_testament,Bible:Matt.10.32,Matt. x. 32
tatian,diatessaron,Matt,new_testament,Bible:Matt.10.33,Matt. x. 33
tatian,diatessaron,Luke,new_testament,Bible:Luke.12.51,Luke xii. 51
tatian,diatessaron,Luke,new_testament,Bible:Luke.12.52,Luke xii. 52
tatian,diatessaron,Luke,new_testament,Bible:Luke.12.53,Luke xii. 53
tatian,diatessaron,Matt,new_testament,Bible:Matt.10.36,Matt. x. 36
tatian,diatessaron,Matt,new_testament,Bible:Matt.10.37,Matt. x. 37
tatian,diatessaron,Matt,new_testament,Bible:Matt.10.38,Matt. x. 38
tatian,diatessaron,Matt,new_testament,Bible:Matt.10.39,Matt. x. 39
tatian,diatessaron,Matt,new_testament,Bible:Matt.10.40,Matt. x. 40
tatian,diatessaron,Matt,new_testament,Bible:Matt.10.41,Matt. x. 41
tatian,diatessaron,Matt,new_testament,Bible:Matt.10.42 Bible:Mark.9.41,Matt. x. 42a; Mark ix. 41b
tatian,diatessaron,Matt,new_testament,Bible:Matt.11.1,Matt. xi. 1
tatian,diatessaron,Luke,new_testament,Bible:Luke.10.38,Luke x. 38
tatian,diatessaron,Luke,new_testament,Bible:Luke.10.39,Luke x. 39
tatian,diatessaron,Luke,new_testament,Bible:Luke.10.40,Luke x. 40
tatian,diatessaron,Luke,new_testament,Bible:Luke.10.41,Luke x. 41
tatian,diatessaron,Luke,new_testament,Bible:Luke.10.42,Luke x. 42
tatian,diatessaron,Mark,new_testament,Bible:Mark.6.12,Mark vi. 12
tatian,diatessaron,Mark,new_testament,Bible:Mark.6.13,Mark vi. 13
tatian,diatessaron,Luke,new_testament,Bible:Luke.7.18,Luke vii. 18
tatian,diatessaron,Matt,new_testament,Bible:Matt.11.2 Bible:Luke.7.19,Matt. xi. 2a; Luke vii. 19
tatian,diatessaron,Luke,new_testament,Bible:Luke.7.20,Luke vii. 20
tatian,diatessaron,Luke,new_testament,Bible:Luke.7.21,Luke vii. 21
tatian,diatessaron,Luke,new_testament,Bible:Luke.7.22,Luke vii. 22
tatian,diatessaron,Luke,new_testament,Bible:Luke.7.23,Luke vii. 23
tatian,diatessaron,Luke,new_testament,Bible:Luke.7.24,Luke vii. 24
tatian,diatessaron,Luke,new_testament,Bible:Luke.7.25,Luke vii. 25
tatian,diatessaron,Luke,new_testament,Bible:Luke.7.26,Luke vii. 26
tatian,diatessaron,Luke,new_testament,Bible:Luke.7.27,Luke vii. 27
tatian,diatessaron,Matt,new_testament,Bible:Matt.11.11,Matt. xi. 11
tatian,diatessaron,Luke,new_testament,Bible:Luke.7.29,Luke vii. 29
tatian,diatessaron,Luke,new_testament,Bible:Luke.7.30,Luke vii. 30
tatian,diatessaron,Matt,new_testament,Bible:Matt.11.12,Matt. xi. 12
tatian,diatessaron,Luke,new_testament,Bible:Luke.16.16,Luke xvi. 16
tatian,diatessaron,Matt,new_testament,Bible:Matt.11.13,Matt. xi. 13
tatian,diatessaron,Matt,new_testament,Bible:Matt.11.14,Matt. xi. 14
tatian,diatessaron,Matt,new_testament,Bible:Matt.11.15,Matt. xi. 15
tatian,diatessaron,Luke,new_testament,Bible:Luke.16.17,Luke xvi. 17
tatian,diatessaron,Luke,new_testament,Bible:Luke.7.31,Luke vii. 31
tatian,diatessaron,Luke,new_testament,Bible:Luke.7.32,Luke vii. 32
tatian,diatessaron,Luke,new_testament,Bible:Luke.7.33,Luke vii. 33
tatian,diatessaron,Luke,new_testament,Bible:Luke.7.34,Luke vii. 34
tatian,diatessaron,Luke,new_testament,Bible:Luke.7.35,Luke vii. 35
tatian,diatessaron,Mark,new_testament,Bible:Mark.3.19-Mark.3.20,"Mark iii. 20,
and verse 19b"
tatian,diatessaron,Luke,new_testament,Bible:Luke.11.14,Luke xi. 14
tatian,diatessaron,Matt,new_testament,Bible:Matt.12.24,Matt. xii. 24
tatian,diatessaron,Luke,new_testament,Bible:Luke.11.16,Luke xi. 16
tatian,diatessaron,Matt,new_testament,Bible:Matt.12.25,Matt. xii. 25
tatian,diatessaron,Matt,new_testament,Bible:Matt.12.26,Matt. xii. 26
tatian,diatessaron,Mark,new_testament,Bible:Mark.3.26 Bible:Matt.12.26,Mark iii. 26b; Matt. xii. 26b
tatian,diatessaron,Luke,new_testament,Bible:Luke.11.18 Bible:Matt.12.27,Luke xi. 18b; Matt. xii. 27
tatian,diatessaron,Matt,new_testament,Bible:Matt.12.28,Matt. xii. 28
tatian,diatessaron,Matt,new_testament,Bible:Matt.12.29,Matt. xii. 29
tatian,diatessaron,Luke,new_testament,Bible:Luke.11.21,Luke xi. 21
tatian,diatessaron,Luke,new_testament,Bible:Luke.11.22,Luke xi. 22
tatian,diatessaron,Luke,new_testament,Bible:Luke.11.23,Luke xi. 23
tatian,diatessaron,Mark,new_testament,Bible:Mark.3.28,Mark iii. 28
tatian,diatessaron,Mark,new_testament,Bible:Mark.3.29,Mark iii. 29
tatian,diatessaron,Mark,new_testament,Bible:Mark.3.30,Mark iii. 30
tatian,diatessaron,Matt,new_testament,Bible:Matt.12.32,Matt. xii. 32
tatian,diatessaron,Matt,new_testament,Bible:Matt.12.33,Matt. xii. 33
tatian,diatessaron,Matt,new_testament,Bible:Matt.12.34,Matt. xii. 34
tatian,diatessaron,Matt,new_testament,Bible:Matt.12.36,Matt. xii. 36
tatian,diatessaron,Matt,new_testament,Bible:Matt.12.37,Matt. xii. 37
tatian,diatessaron,Luke,new_testament,Bible:Luke.12.54,Luke xii. 54
tatian,diatessaron,Luke,new_testament,Bible:Luke.12.55,Luke xii. 55
tatian,diatessaron,Matt,new_testament,Bible:Matt.16.2,Matt. xvi. 2
tatian,diatessaron,Matt,new_testament,Bible:Matt.16.3,Matt. xvi. 3
tatian,diatessaron,Matt,new_testament,Bible:Matt.16.4,Matt. xvi. 4
tatian,diatessaron,Matt,new_testament,Bible:Matt.12.22,Matt. xii. 22
tatian,diatessaron,Matt,new_testament,Bible:Matt.12.23,Matt. xii. 23
tatian,diatessaron,Mark,new_testament,Bible:Mark.6.30,Mark vi. 30
tatian,diatessaron,Mark,new_testament,Bible:Mark.6.31,Mark vi. 31
tatian,diatessaron,Luke,new_testament,Bible:Luke.7.36,Luke vii. 36
tatian,diatessaron,Luke,new_testament,Bible:Luke.7.37,Luke vii. 37
tatian,diatessaron,Luke,new_testament,Bible:Luke.7.38,Luke vii. 38
tatian,diatessaron,Luke,new_testament,Bible:Luke.7.39,Luke vii. 39
tatian,diatessaron,Luke,new_testament,Bible:Luke.7.40,Luke vii. 40
tatian,diatessaron,Luke,new_testament,Bible:Luke.7.41,Luke vii. 41
tatian,diatessaron,Luke,new_testament,Bible:Luke.7.42,Luke vii. 42
tatian,diatessaron,Luke,new_testament,Bible:Luke.7.43,Luke vii. 43
tatian,diatessaron,Luke,new_testament,Bible:Luke.7.44,Luke vii. 44
tatian,diatessaron,Luke,new_testament,Bible:Luke.7.45,Luke vii. 45
tatian,diatessaron,Luke,new_testament,Bible:Luke.7.46,Luke vii. 46
tatian,diatessaron,Luke,new_testament,Bible:Luke.7.47,Luke vii. 47
tatian,diatessaron,Luke,new_testament,Bible:Luke.7.48,Luke vii. 48
tatian,diatessaron,Luke,new_testament,Bible:Luke.7.49,Luke vii. 49
tatian,diatessaron,Luke,new_testament,Bible:Luke.7.50,Luke vii. 50
tatian,diatessaron,John,new_testament,Bible:John.2.23,John ii. 23
tatian,diatessaron,John,new_testament,Bible:John.2.24,John ii. 24
tatian,diatessaron,John,new_testament,Bible:John.2.25,John ii. 25
tatian,diatessaron,Luke,new_testament,Bible:Luke.10.1,Luke x. 1
tatian,diatessaron,Luke,new_testament,Bible:Luke.10.2,Luke x. 2
tatian,diatessaron,Luke,new_testament,Bible:Luke.10.3,Luke x. 3
tatian,diatessaron,Luke,new_testament,Bible:Luke.10.4,Luke x. 4
tatian,diatessaron,Luke,new_testament,Bible:Luke.10.5,Luke x. 5
tatian,diatessaron,Luke,new_testament,Bible:Luke.10.6,Luke x. 6
tatian,diatessaron,Luke,new_testament,Bible:Luke.10.7,Luke x. 7
tatian,diatessaron,Luke,new_testament,Bible:Luke.10.8,Luke x. 8
tatian,diatessaron,Luke,new_testament,Bible:Luke.10.9,Luke x. 9
tatian,diatessaron,Luke,new_testament,Bible:Luke.10.10,Luke x. 10
tatian,diatessaron,Luke,new_testament,Bible:Luke.10.11,Luke x. 11
tatian,diatessaron,Luke,new_testament,Bible:Luke.10.12,Luke x. 12
tatian,diatessaron,Matt,new_testament,Bible:Matt.11.20,Matt. xi. 20
tatian,diatessaron,Matt,new_testament,Bible:Matt.11.21,Matt. xi. 21
tatian,diatessaron,Matt,new_testament,Bible:Matt.11.22,Matt. xi. 22
tatian,diatessaron,Matt,new_testament,Bible:Matt.11.23,Matt. xi. 23
tatian,diatessaron,Matt,new_testament,Bible:Matt.11.24,Matt. xi. 24
tatian,diatessaron,Luke,new_testament,Bible:Luke.10.16,Luke x. 16
tatian,diatessaron,Luke,new_testament,Bible:Luke.10.17,Luke x. 17
tatian,diatessaron,Luke,new_testament,Bible:Luke.10.18,Luke x. 18
tatian,diatessaron,Luke,new_testament,Bible:Luke.10.19,Luke x. 19
tatian,diatessaron,Luke,new_testament,Bible:Luke.10.20,Luke x. 20
tatian,diatessaron,Luke,new_testament,Bible:Luke.10.21,Luke x. 21
tatian,diatessaron,Luke,new_testament,Bible:Luke.10.22,Luke x. 22
tatian,diatessaron,Matt,new_testament,Bible:Matt.11.28,Matt. xi. 28
tatian,diatessaron,Matt,new_testament,Bible:Matt.11.29,Matt. xi. 29
tatian,diatessaron,Matt,new_testament,Bible:Matt.11.30,Matt. xi. 30
tatian,diatessaron,Luke,new_testament,Bible:Luke.14.25,Luke xiv. 25
tatian,diatessaron,Luke,new_testament,Bible:Luke.14.26,Luke xiv. 26
tatian,diatessaron,Luke,new_testament,Bible:Luke.14.27,Luke xiv. 27
tatian,diatessaron,Luke,new_testament,Bible:Luke.14.28,Luke xiv. 28
tatian,diatessaron,Luke,new_testament,Bible:Luke.14.29,Luke xiv. 29
tatian,diatessaron,Luke,new_testament,Bible:Luke.14.30,Luke xiv. 30
tatian,diatessaron,Luke,new_testament,Bible:Luke.14.31,Luke xiv. 31
tatian,diatessaron,Luke,new_testament,Bible:Luke.14.32,Luke xiv. 32
tatian,diatessaron,Luke,new_testament,Bible:Luke.14.33,Luke xiv. 33
tatian,diatessaron,Matt,new_testament,Bible:Matt.12.38,Matt. xii. 38
tatian,diatessaron,Matt,new_testament,Bible:Matt.12.39,Matt. xii. 39
tatian,diatessaron,Luke,new_testament,Bible:Luke.11.30,Luke xi. 30
tatian,diatessaron,Matt,new_testament,Bible:Matt.12.40,Matt. xii. 40
tatian,diatessaron,Luke,new_testament,Bible:Luke.11.31,Luke xi. 31
tatian,diatessaron,Matt,new_testament,Bible:Matt.12.41,Matt. xii. 41
tatian,diatessaron,Luke,new_testament,Bible:Luke.11.24,Luke xi. 24
tatian,diatessaron,Luke,new_testament,Bible:Luke.11.25,Luke xi. 25
tatian,diatessaron,Luke,new_testament,Bible:Luke.11.26,Luke xi. 26
tatian,diatessaron,Matt,new_testament,Bible:Matt.12.45,Matt. xii. 45
tatian,diatessaron,Luke,new_testament,Bible:Luke.11.27,Luke xi. 27
tatian,diatessaron,Luke,new_testament,Bible:Luke.11.28,Luke xi. 28
tatian,diatessaron,Matt,new_testament,Bible:Matt.12.46 Bible:Luke.8.19,Matt. xii. 46a; Luke viii. 19a
tatian,diatessaron,Matt,new_testament,Bible:Matt.12.46 Bible:Luke.8.19,Matt. xii. 46c; Luke viii. 19b
tatian,diatessaron,Mark,new_testament,Bible:Mark.3.31 Bible:Matt.12.47,Mark iii. 31; Matt. xii. 47
tatian,diatessaron,Matt,new_testament,Bible:Matt.12.48,Matt. xii. 48
tatian,diatessaron,Matt,new_testament,Bible:Matt.22.49,Matt. xxii. 49
tatian,diatessaron,Matt,new_testament,Bible:Matt.12.50,Matt. xii. 50
tatian,diatessaron,Luke,new_testament,Bible:Luke.8.1,Luke viii. 1
tatian,diatessaron,Luke,new_testament,Bible:Luke.8.2,Luke viii. 2
tatian,diatessaron,Luke,new_testament,Bible:Luke.8.3,Luke viii. 3
tatian,diatessaron,Matt,new_testament,Bible:Matt.13.1,Matt. xiii. 1
tatian,diatessaron,Matt,new_testament,Bible:Matt.13.2,Matt. xiii. 2
tatian,diatessaron,Matt,new_testament,Bible:Matt.13.3,Matt. xiii. 3
tatian,diatessaron,Matt,new_testament,Bible:Matt.13.4 Bible:Luke.8.5,"Matt.
xiii. 4a; Luke viii. 5b"
tatian,diatessaron,Matt,new_testament,Bible:Matt.13.5,Matt. xiii. 5
tatian,diatessaron,Matt,new_testament,Bible:Matt.13.6,Matt. xiii. 6
tatian,diatessaron,Luke,new_testament,Bible:Luke.8.7 Bible:Mark.4.7,Luke viii. 7; Mark iv. 7
tatian,diatessaron,Luke,new_testament,Bible:Luke.8.8 Bible:Mark.4.8,"Luke
viii. 8a; Mark iv. 8b"
tatian,diatessaron,Luke,new_testament,Bible:Luke.8.8,Luke viii. 8
tatian,diatessaron,Mark,new_testament,Bible:Mark.4.10,Mark iv. 10
tatian,diatessaron,Matt,new_testament,Bible:Matt.13.10,Matt. xiii. 10
tatian,diatessaron,Luke,new_testament,Bible:Luke.8.9,Luke viii. 9
tatian,diatessaron,Mark,new_testament,Bible:Mark.4.11 Bible:Matt.13.11,Mark iv. 11; Matt. xiii. 11
tatian,diatessaron,Matt,new_testament,Bible:Matt.13.12,Matt. xiii. 12
tatian,diatessaron,Matt,new_testament,Bible:Matt.13.13,Matt. xiii. 13
tatian,diatessaron,Matt,new_testament,Bible:Matt.13.14,Matt. xiii. 14
tatian,diatessaron,Matt,new_testament,Bible:Matt.13.15,Matt. xiii. 15
tatian,diatessaron,Matt,new_testament,Bible:Matt.13.16,Matt. xiii. 16
tatian,diatessaron,Luke,new_testament,Bible:Luke.10.23,Luke x. 23
tatian,diatessaron,Matt,new_testament,Bible:Matt.13.17,Matt. xiii. 17
tatian,diatessaron,Mark,new_testament,Bible:Mark.4.13,Mark iv. 13
tatian,diatessaron,Matt,new_testament,Bible:Matt.13.18,Matt. xiii. 18
tatian,diatessaron,Mark,new_testament,Bible:Mark.4.14,Mark iv. 14
tatian,diatessaron,Matt,new_testament,Bible:Matt.13.19,Matt. xiii. 19
tatian,diatessaron,Matt,new_testament,Bible:Matt.13.20,Matt. xiii. 20
tatian,diatessaron,Matt,new_testament,Bible:Matt.13.21,Matt. xiii. 21
tatian,diatessaron,Luke,new_testament,Bible:Luke.8.13 Bible:Matt.13.21,Luke viii. 13b; Matt. xiii. 21c
tatian,diatessaron,Matt,new_testament,Bible:Matt.13.22,Matt. xiii. 22
tatian,diatessaron,Mark,new_testament,Bible:Mark.4.19,Mark iv. 19
tatian,diatessaron,Luke,new_testament,Bible:Luke.8.15,Luke viii. 15
tatian,diatessaron,Matt,new_testament,Bible:Matt.13.23,Matt. xiii. 23
tatian,diatessaron,Mark,new_testament,Bible:Mark.4.26,Mark iv. 26
tatian,diatessaron,Mark,new_testament,Bible:Mark.4.27,Mark iv. 27
tatian,diatessaron,Mark,new_testament,Bible:Mark.4.28,Mark iv. 28
tatian,diatessaron,Mark,new_testament,Bible:Mark.4.29,Mark iv. 29
tatian,diatessaron,Matt,new_testament,Bible:Matt.13.24,Matt. xiii. 24
tatian,diatessaron,Matt,new_testament,Bible:Matt.13.25,Matt. xiii. 25
tatian,diatessaron,Matt,new_testament,Bible:Matt.13.26,Matt. xiii. 26
tatian,diatessaron,Matt,new_testament,Bible:Matt.13.27,Matt. xiii. 27
tatian,diatessaron,Matt,new_testament,Bible:Matt.13.28,Matt. xiii. 28
tatian,diatessaron,Matt,new_testament,Bible:Matt.13.29,Matt. xiii. 29
tatian,diatessaron,Matt,new_testament,Bible:Matt.13.30,Matt. xiii. 30
tatian,diatessaron,Matt,new_testament,Bible:Matt.13.31,Matt. xiii. 31
tatian,diatessaron,Luke,new_testament,Bible:Luke.13.18,Luke xiii. 18
tatian,diatessaron,Mark,new_testament,Bible:Mark.4.30 Bible:Luke.13.19,"Mark
iv. 30b; Luke xiii. 19a"
tatian,diatessaron,Matt,new_testament,Bible:Matt.13.31 Bible:Mark.4.31,Matt. xiii. 31c; Mark iv. 31b
tatian,diatessaron,Matt,new_testament,Bible:Matt.13.32 Bible:Mark.4.32,Matt. xiii. 32b; Mark iv. 32b
tatian,diatessaron,Mark,new_testament,Bible:Mark.4.33 Bible:Matt.13.33,"Mark iv. 33; or rather Matt. xiii.
33a"
tatian,diatessaron,Luke,new_testament,Bible:Luke.13.20,Luke xiii. 20
tatian,diatessaron,Matt,new_testament,Bible:Matt.13.33,Matt. xiii. 33
tatian,diatessaron,Matt,new_testament,Bible:Matt.13.34 Bible:Mark.4.33,Matt. xiii. 34a; Mark iv. 33b
tatian,diatessaron,Matt,new_testament,Bible:Matt.13.34-Matt.13.35,"Matt. xiii.
34b; Matt. xiii. 35"
tatian,diatessaron,Mark,new_testament,Bible:Mark.4.34,Mark iv. 34
tatian,diatessaron,Matt,new_testament,Bible:Matt.13.36,Matt. xiii. 36
tatian,diatessaron,Matt,new_testament,Bible:Matt.13.37,Matt. xiii. 37
tatian,diatessaron,Matt,new_testament,Bible:Matt.13.38,Matt. xiii. 38
tatian,diatessaron,Matt,new_testament,Bible:Matt.13.39,Matt. xiii. 39
tatian,diatessaron,Matt,new_testament,Bible:Matt.13.40,Matt. xiii. 40
tatian,diatessaron,Matt,new_testament,Bible:Matt.13.41,Matt. xiii. 41
tatian,diatessaron,Matt,new_testament,Bible:Matt.13.42,Matt. xiii. 42
tatian,diatessaron,Matt,new_testament,Bible:Matt.13.43,Matt. xiii. 43
tatian,diatessaron,Matt,new_testament,Bible:Matt.13.44,Matt. xiii. 44
tatian,diatessaron,Matt,new_testament,Bible:Matt.13.45,Matt. xiii. 45
tatian,diatessaron,Matt,new_testament,Bible:Matt.13.46,Matt. xiii. 46
tatian,diatessaron,Matt,new_testament,Bible:Matt.13.47,Matt. xiii. 47
tatian,diatessaron,Matt,new_testament,Bible:Matt.13.48,Matt. xiii. 48
tatian,diatessaron,Matt,new_testament,Bible:Matt.13.49,Matt. xiii. 49
tatian,diatessaron,Matt,new_testament,Bible:Matt.13.50,Matt. xiii. 50
tatian,diatessaron,Matt,new_testament,Bible:Matt.13.51,Matt. xiii. 51
tatian,diatessaron,Matt,new_testament,Bible:Matt.13.52,Matt. xiii. 52
tatian,diatessaron,Matt,new_testament,Bible:Matt.13.53,Matt. xiii. 53
tatian,diatessaron,Matt,new_testament,Bible:Matt.13.54,Matt. xiii. 54
tatian,diatessaron,Mark,new_testament,Bible:Mark.6.2,Mark vi. 2
tatian,diatessaron,Matt,new_testament,Bible:Matt.13.55,Matt. xiii. 55
tatian,diatessaron,Matt,new_testament,Bible:Matt.13.56,Matt. xiii. 56
tatian,diatessaron,Matt,new_testament,Bible:Matt.13.57,Matt. xiii. 57
tatian,diatessaron,Luke,new_testament,Bible:Luke.4.23,Luke iv. 23
tatian,diatessaron,Luke,new_testament,Bible:Luke.4.24,Luke iv. 24
tatian,diatessaron,Mark,new_testament,Bible:Mark.6.4,Mark vi. 4
tatian,diatessaron,Luke,new_testament,Bible:Luke.4.25,Luke iv. 25
tatian,diatessaron,Luke,new_testament,Bible:Luke.4.26,Luke iv. 26
tatian,diatessaron,Luke,new_testament,Bible:Luke.4.27,Luke iv. 27
tatian,diatessaron,Mark,new_testament,Bible:Mark.6.5,Mark vi. 5
tatian,diatessaron,Mark,new_testament,Bible:Mark.6.6,Mark vi. 6
tatian,diatessaron,Luke,new_testament,Bible:Luke.4.28,Luke iv. 28
tatian,diatessaron,Luke,new_testament,Bible:Luke.4.29,Luke iv. 29
tatian,diatessaron,Luke,new_testament,Bible:Luke.4.30,Luke iv. 30
tatian,diatessaron,Matt,new_testament,Bible:Matt.14.1 Bible:Luke.9.7,Matt. xiv. 1; Luke ix. 7
tatian,diatessaron,Mark,new_testament,Bible:Mark.6.14,Mark vi. 14
tatian,diatessaron,Luke,new_testament,Bible:Luke.9.7,Luke ix. 7
tatian,diatessaron,Luke,new_testament,Bible:Luke.9.8 Bible:Matt.16.14,"Luke
ix. 8a; Matt. xvi. 14b"
tatian,diatessaron,Luke,new_testament,Bible:Luke.9.8 Bible:Mark.6.15,"Luke
ix. 8b; Mark vi. 15b"
tatian,diatessaron,Mark,new_testament,Bible:Mark.6.16 Bible:Matt.14.2,Mark vi. 16; Matt. xiv. 2
tatian,diatessaron,Mark,new_testament,Bible:Mark.6.17,Mark vi. 17
tatian,diatessaron,Mark,new_testament,Bible:Mark.6.18,Mark vi. 18
tatian,diatessaron,Mark,new_testament,Bible:Mark.6.19,Mark vi. 19
tatian,diatessaron,Mark,new_testament,Bible:Mark.6.20,Mark vi. 20
tatian,diatessaron,Matt,new_testament,Bible:Matt.14.5,Matt. xiv. 5
tatian,diatessaron,Mark,new_testament,Bible:Mark.6.21,Mark vi. 21
tatian,diatessaron,Mark,new_testament,Bible:Mark.6.22,Mark vi. 22
tatian,diatessaron,Mark,new_testament,Bible:Mark.6.23,Mark vi. 23
tatian,diatessaron,Mark,new_testament,Bible:Mark.6.24,Mark vi. 24
tatian,diatessaron,Mark,new_testament,Bible:Mark.6.25,Mark vi. 25
tatian,diatessaron,Mark,new_testament,Bible:Mark.6.26,Mark vi. 26
tatian,diatessaron,Mark,new_testament,Bible:Mark.6.27,Mark vi. 27
tatian,diatessaron,Mark,new_testament,Bible:Mark.6.28,Mark vi. 28
tatian,diatessaron,Mark,new_testament,Bible:Mark.6.29,Mark vi. 29
tatian,diatessaron,Matt,new_testament,Bible:Matt.14.12,Matt. xiv. 12
tatian,diatessaron,Luke,new_testament,Bible:Luke.9.9,Luke ix. 9
tatian,diatessaron,Matt,new_testament,Bible:Matt.14.13 Bible:John.6.1,Matt. xiv. 13a; John vi. 1b
tatian,diatessaron,Mark,new_testament,Bible:Mark.6.33,Mark vi. 33
tatian,diatessaron,John,new_testament,Bible:John.6.2,John vi. 2
tatian,diatessaron,John,new_testament,Bible:John.6.3,John vi. 3
tatian,diatessaron,John,new_testament,Bible:John.6.4,John vi. 4
tatian,diatessaron,John,new_testament,Bible:John.6.5,John vi. 5
tatian,diatessaron,Mark,new_testament,Bible:Mark.6.34,Mark vi. 34
tatian,diatessaron,Luke,new_testament,Bible:Luke.9.11,Luke ix. 11
tatian,diatessaron,Matt,new_testament,Bible:Matt.14.15,Matt. xiv. 15
tatian,diatessaron,Mark,new_testament,Bible:Mark.6.36,Mark vi. 36
tatian,diatessaron,Matt,new_testament,Bible:Matt.14.16,Matt. xiv. 16
tatian,diatessaron,Matt,new_testament,Bible:Matt.14.17,Matt. xiv. 17
tatian,diatessaron,John,new_testament,Bible:John.6.6,John vi. 6
tatian,diatessaron,John,new_testament,Bible:John.6.7,John vi. 7
tatian,diatessaron,John,new_testament,Bible:John.6.8,John vi. 8
tatian,diatessaron,John,new_testament,Bible:John.6.9,John vi. 9
tatian,diatessaron,Luke,new_testament,Bible:Luke.9.13,Luke ix. 13
tatian,diatessaron,John,new_testament,Bible:John.6.10 Bible:Luke.9.14-Luke.9.15,"John vi. 10b; and Luke ix. 14b,
15a"
tatian,diatessaron,Mark,new_testament,Bible:Mark.6.40,Mark vi. 40
tatian,diatessaron,Matt,new_testament,Bible:Matt.14.18,Matt. xiv. 18
tatian,diatessaron,Mark,new_testament,Bible:Mark.6.41,Mark vi. 41
tatian,diatessaron,Matt,new_testament,Bible:Matt.14.19,Matt. xiv. 19
tatian,diatessaron,Matt,new_testament,Bible:Matt.14.20 Bible:John.6.12,Matt. xiv. 20a; John vi. 12
tatian,diatessaron,John,new_testament,Bible:John.6.13,John vi. 13
tatian,diatessaron,Matt,new_testament,Bible:Matt.14.21,Matt. xiv. 21
tatian,diatessaron,Mark,new_testament,Bible:Mark.6.45,Mark vi. 45
tatian,diatessaron,John,new_testament,Bible:John.6.14,John vi. 14
tatian,diatessaron,John,new_testament,Bible:John.6.15,John vi. 15
tatian,diatessaron,John,new_testament,Bible:John.6.16,John vi. 16
tatian,diatessaron,John,new_testament,Bible:John.6.17,John vi. 17
tatian,diatessaron,John,new_testament,Bible:John.6.18,John vi. 18
tatian,diatessaron,Matt,new_testament,Bible:Matt.14.24,Matt. xiv. 24
tatian,diatessaron,Matt,new_testament,Bible:Matt.14.25,Matt. xiv. 25
tatian,diatessaron,John,new_testament,Bible:John.6.19,John vi. 19
tatian,diatessaron,Matt,new_testament,Bible:Matt.14.26,Matt. xiv. 26
tatian,diatessaron,Matt,new_testament,Bible:Matt.14.27,Matt. xiv. 27
tatian,diatessaron,Matt,new_testament,Bible:Matt.14.28,Matt. xiv. 28
tatian,diatessaron,Matt,new_testament,Bible:Matt.14.29,Matt. xiv. 29
tatian,diatessaron,Matt,new_testament,Bible:Matt.14.30,Matt. xiv. 30
tatian,diatessaron,Matt,new_testament,Bible:Matt.14.31,Matt. xiv. 31
tatian,diatessaron,Matt,new_testament,Bible:Matt.14.32,Matt. xiv. 32
tatian,diatessaron,Matt,new_testament,Bible:Matt.14.33,Matt. xiv. 33
tatian,diatessaron,John,new_testament,Bible:John.6.21,John vi. 21
tatian,diatessaron,Mark,new_testament,Bible:Mark.6.51 Bible:Mark.6.54,"Mark vi. 54a;
Mark vi. 51b"
tatian,diatessaron,Mark,new_testament,Bible:Mark.6.52,Mark vi. 52
tatian,diatessaron,Mark,new_testament,Bible:Mark.6.54 Bible:Mark.6.55,Mark vi. 54; Mark vi. 55
tatian,diatessaron,Mark,new_testament,Bible:Mark.6.56,Mark vi. 56
tatian,diatessaron,John,new_testament,Bible:John.6.22,John vi. 22
tatian,diatessaron,John,new_testament,Bible:John.6.23,John vi. 23
tatian,diatessaron,John,new_testament,Bible:John.6.24,John vi. 24
tatian,diatessaron,John,new_testament,Bible:John.6.25,John vi. 25
tatian,diatessaron,John,new_testament,Bible:John.6.26,John vi. 26
tatian,diatessaron,John,new_testament,Bible:John.6.27,John vi. 27
tatian,diatessaron,John,new_testament,Bible:John.6.28,John vi. 28
tatian,diatessaron,John,new_testament,Bible:John.6.29,John vi. 29
tatian,diatessaron,John,new_testament,Bible:John.6.30,John vi. 30
tatian,diatessaron,John,new_testament,Bible:John.6.31,John vi. 31
tatian,diatessaron,John,new_testament,Bible:John.6.32,John vi. 32
tatian,diatessaron,John,new_testament,Bible:John.6.33,John vi. 33
tatian,diatessaron,John,new_testament,Bible:John.6.34,John vi. 34
tatian,diatessaron,John,new_testament,Bible:John.6.35,John vi. 35
tatian,diatessaron,John,new_testament,Bible:John.6.36,John vi. 36
tatian,diatessaron,John,new_testament,Bible:John.6.37,John vi. 37
tatian,diatessaron,John,new_testament,Bible:John.6.38,John vi. 38
tatian,diatessaron,John,new_testament,Bible:John.6.39,John vi. 39
tatian,diatessaron,John,new_testament,Bible:John.6.40,John vi. 40
tatian,diatessaron,John,new_testament,Bible:John.6.41,John vi. 41
tatian,diatessaron,John,new_testament,Bible:John.6.42,John vi. 42
tatian,diatessaron,John,new_testament,Bible:John.6.43,John vi. 43
tatian,diatessaron,John,new_testament,Bible:John.6.44,John vi. 44
tatian,diatessaron,John,new_testament,Bible:John.6.45,John vi. 45
tatian,diatessaron,John,new_testament,Bible:John.6.46,John vi. 46
tatian,diatessaron,John,new_testament,Bible:John.6.47,John vi. 47
tatian,diatessaron,John,new_testament,Bible:John.6.48,John vi. 48
tatian,diatessaron,John,new_testament,Bible:John.6.49,John vi. 49
tatian,diatessaron,John,new_testament,Bible:John.6.50,John vi. 50
tatian,diatessaron,John,new_testament,Bible:John.6.51,John vi. 51
tatian,diatessaron,John,new_testament,Bible:John.6.51-John.6.71,"John vi.
51b–71"
tatian,diatessaron,John,new_testament,Bible:John.6.52,John vi. 52
tatian,diatessaron,John,new_testament,Bible:John.6.53,John vi. 53
tatian,diatessaron,John,new_testament,Bible:John.6.54,John vi. 54
tatian,diatessaron,John,new_testament,Bible:John.6.55,John vi. 55
tatian,diatessaron,John,new_testament,Bible:John.6.56,John vi. 56
tatian,diatessaron,John,new_testament,Bible:John.6.57,John vi. 57
tatian,diatessaron,John,new_testament,Bible:John.6.58,John vi. 58
tatian,diatessaron,John,new_testament,Bible:John.6.59,John vi. 59
tatian,diatessaron,John,new_testament,Bible:John.6.60,John vi. 60
tatian,diatessaron,John,new_testament,Bible:John.6.61,John vi. 61
tatian,diatessaron,John,new_testament,Bible:John.6.62,John vi. 62
tatian,diatessaron,John,new_testament,Bible:John.6.63,John vi. 63
tatian,diatessaron,John,new_testament,Bible:John.6.64,John vi. 64
tatian,diatessaron,John,new_testament,Bible:John.6.65,John vi. 65
tatian,diatessaron,John,new_testament,Bible:John.6.66,John vi. 66
tatian,diatessaron,John,new_testament,Bible:John.6.67,John vi. 67
tatian,diatessaron,John,new_testament,Bible:John.6.68,John vi. 68
tatian,diatessaron,John,new_testament,Bible:John.6.69,John vi. 69
tatian,diatessaron,John,new_testament,Bible:John.6.70,John vi. 70
tatian,diatessaron,John,new_testament,Bible:John.6.71,John vi. 71
tatian,diatessaron,Luke,new_testament,Bible:Luke.11.37,Luke xi. 37
tatian,diatessaron,Luke,new_testament,Bible:Luke.11.38,Luke xi. 38
tatian,diatessaron,Luke,new_testament,Bible:Luke.11.39,Luke xi. 39
tatian,diatessaron,Luke,new_testament,Bible:Luke.11.40,Luke xi. 40
tatian,diatessaron,Luke,new_testament,Bible:Luke.11.41,Luke xi. 41
tatian,diatessaron,Mark,new_testament,Bible:Mark.7.1,Mark vii. 1
tatian,diatessaron,Mark,new_testament,Bible:Mark.7.2,Mark vii. 2
tatian,diatessaron,Mark,new_testament,Bible:Mark.7.3,Mark vii. 3
tatian,diatessaron,Mark,new_testament,Bible:Mark.7.4,Mark vii. 4
tatian,diatessaron,Mark,new_testament,Bible:Mark.7.5,Mark vii. 5
tatian,diatessaron,Matt,new_testament,Bible:Matt.15.3,Matt. xv. 3
tatian,diatessaron,Matt,new_testament,Bible:Matt.15.4 Bible:Mark.7.10,Matt. xv. 4a; Mark vii. 10b
tatian,diatessaron,Mark,new_testament,Bible:Mark.7.11,Mark vii. 11
tatian,diatessaron,Mark,new_testament,Bible:Mark.7.12,Mark vii. 12
tatian,diatessaron,Mark,new_testament,Bible:Mark.7.13,Mark vii. 13
tatian,diatessaron,Mark,new_testament,Bible:Mark.7.8,Mark vii. 8
tatian,diatessaron,Mark,new_testament,Bible:Mark.7.9,Mark vii. 9
tatian,diatessaron,Matt,new_testament,Bible:Matt.15.7,Matt. xv. 7
tatian,diatessaron,Matt,new_testament,Bible:Matt.15.8,Matt. xv. 8
tatian,diatessaron,Matt,new_testament,Bible:Matt.15.9,Matt. xv. 9
tatian,diatessaron,Mark,new_testament,Bible:Mark.7.14,Mark vii. 14
tatian,diatessaron,Mark,new_testament,Bible:Mark.7.15,Mark vii. 15
tatian,diatessaron,Mark,new_testament,Bible:Mark.7.16,Mark vii. 16
tatian,diatessaron,Matt,new_testament,Bible:Matt.15.12,Matt. xv. 12
tatian,diatessaron,Matt,new_testament,Bible:Matt.15.13,Matt. xv. 13
tatian,diatessaron,Matt,new_testament,Bible:Matt.15.14,Matt. xv. 14
tatian,diatessaron,Mark,new_testament,Bible:Mark.7.17 Bible:Matt.15.15,Mark vii. 17a; Matt. xv. 15
tatian,diatessaron,Mark,new_testament,Bible:Mark.7.18,Mark vii. 18
tatian,diatessaron,Mark,new_testament,Bible:Mark.7.19,Mark vii. 19
tatian,diatessaron,Matt,new_testament,Bible:Matt.15.18,Matt. xv. 18
tatian,diatessaron,Mark,new_testament,Bible:Mark.7.21,Mark vii. 21
tatian,diatessaron,Mark,new_testament,Bible:Mark.7.22,Mark vii. 22
tatian,diatessaron,Mark,new_testament,Bible:Mark.7.23,Mark vii. 23
tatian,diatessaron,Matt,new_testament,Bible:Matt.15.20,Matt. xv. 20
tatian,diatessaron,Matt,new_testament,Bible:Matt.15.21 Bible:Mark.7.24,Matt. xv. 21a; Mark vii. 24b
tatian,diatessaron,Mark,new_testament,Bible:Mark.7.25,Mark vii. 25
tatian,diatessaron,Mark,new_testament,Bible:Mark.7.26,Mark vii. 26
tatian,diatessaron,Matt,new_testament,Bible:Matt.15.22,Matt. xv. 22
tatian,diatessaron,Matt,new_testament,Bible:Matt.15.23,Matt. xv. 23
tatian,diatessaron,Matt,new_testament,Bible:Matt.15.24,Matt. xv. 24
tatian,diatessaron,Matt,new_testament,Bible:Matt.15.25,Matt. xv. 25
tatian,diatessaron,Matt,new_testament,Bible:Matt.15.26,Matt. xv. 26
tatian,diatessaron,Matt,new_testament,Bible:Matt.15.27,Matt. xv. 27
tatian,diatessaron,Matt,new_testament,Bible:Matt.15.28,Matt. xv. 28
tatian,diatessaron,Mark,new_testament,Bible:Mark.7.29,Mark vii. 29
tatian,diatessaron,Mark,new_testament,Bible:Mark.7.30,Mark vii. 30
tatian,diatessaron,Mark,new_testament,Bible:Mark.7.31,Mark vii. 31
tatian,diatessaron,Mark,new_testament,Bible:Mark.7.32,Mark vii. 32
tatian,diatessaron,Mark,new_testament,Bible:Mark.7.33,Mark vii. 33
tatian,diatessaron,Mark,new_testament,Bible:Mark.7.34,Mark vii. 34
tatian,diatessaron,Mark,new_testament,Bible:Mark.7.35,Mark vii. 35
tatian,diatessaron,Mark,new_testament,Bible:Mark.7.36,Mark vii. 36
tatian,diatessaron,Mark,new_testament,Bible:Mark.7.37,Mark vii. 37
tatian,diatessaron,John,new_testament,Bible:John.4.4,John iv. 4
tatian,diatessaron,John,new_testament,Bible:John.4.5,John iv. 5
tatian,diatessaron,John,new_testament,Bible:John.4.6,John iv. 6
tatian,diatessaron,John,new_testament,Bible:John.4.7,John iv. 7
tatian,diatessaron,John,new_testament,Bible:John.4.8,John iv. 8
tatian,diatessaron,John,new_testament,Bible:John.4.9,John iv. 9
tatian,diatessaron,John,new_testament,Bible:John.4.10,John iv. 10
tatian,diatessaron,John,new_testament,Bible:John.4.11,John iv. 11
tatian,diatessaron,John,new_testament,Bible:John.4.12,John iv. 12
tatian,diatessaron,John,new_testament,Bible:John.4.13,John iv. 13
tatian,diatessaron,John,new_testament,Bible:John.4.14,John iv. 14
tatian,diatessaron,John,new_testament,Bible:John.4.15,John iv. 15
tatian,diatessaron,John,new_testament,Bible:John.4.16,John iv. 16
tatian,diatessaron,John,new_testament,Bible:John.4.17,John iv. 17
tatian,diatessaron,John,new_testament,Bible:John.4.18,John iv. 18
tatian,diatessaron,John,new_testament,Bible:John.4.19,John iv. 19
tatian,diatessaron,John,new_testament,Bible:John.4.20,John iv. 20
tatian,diatessaron,John,new_testament,Bible:John.4.21,John iv. 21
tatian,diatessaron,John,new_testament,Bible:John.4.22,John iv. 22
tatian,diatessaron,John,new_testament,Bible:John.4.23,John iv. 23
tatian,diatessaron,John,new_testament,Bible:John.4.24,John iv. 24
tatian,diatessaron,John,new_testament,Bible:John.4.25,John iv. 25
tatian,diatessaron,John,new_testament,Bible:John.4.26,John iv. 26
tatian,diatessaron,John,new_testament,Bible:John.4.27,John iv. 27
tatian,diatessaron,John,new_testament,Bible:John.4.28,John iv. 28
tatian,diatessaron,John,new_testament,Bible:John.4.29,John iv. 29
tatian,diatessaron,John,new_testament,Bible:John.4.30,John iv. 30
tatian,diatessaron,John,new_testament,Bible:John.4.31,John iv. 31
tatian,diatessaron,John,new_testament,Bible:John.4.32,John iv. 32
tatian,diatessaron,John,new_testament,Bible:John.4.33,John iv. 33
tatian,diatessaron,John,new_testament,Bible:John.4.34,John iv. 34
tatian,diatessaron,John,new_testament,Bible:John.4.35,John iv. 35
tatian,diatessaron,John,new_testament,Bible:John.4.36,John iv. 36
tatian,diatessaron,John,new_testament,Bible:John.4.37,John iv. 37
tatian,diatessaron,John,new_testament,Bible:John.4.38,John iv. 38
tatian,diatessaron,John,new_testament,Bible:John.4.39,John iv. 39
tatian,diatessaron,John,new_testament,Bible:John.4.40,John iv. 40
tatian,diatessaron,John,new_testament,Bible:John.4.41,John iv. 41
tatian,diatessaron,John,new_testament,Bible:John.4.42,John iv. 42
tatian,diatessaron,John,new_testament,Bible:John.4.43,John iv. 43
tatian,diatessaron,John,new_testament,Bible:John.4.44,John iv. 44
tatian,diatessaron,John,new_testament,Bible:John.4.45,John iv. 45
tatian,diatessaron,Luke,new_testament,Bible:Luke.5.12,Luke v. 12
tatian,diatessaron,Mark,new_testament,Bible:Mark.1.41,Mark i. 41
tatian,diatessaron,Mark,new_testament,Bible:Mark.1.42,Mark i. 42
tatian,diatessaron,Mark,new_testament,Bible:Mark.1.43,Mark i. 43
tatian,diatessaron,Mark,new_testament,Bible:Mark.1.44,Mark i. 44
tatian,diatessaron,Mark,new_testament,Bible:Mark.1.45,Mark i. 45
tatian,diatessaron,Luke,new_testament,Bible:Luke.5.15,Luke v. 15
tatian,diatessaron,Luke,new_testament,Bible:Luke.5.16,Luke v. 16
tatian,diatessaron,John,new_testament,Bible:John.5.1,John v. 1
tatian,diatessaron,John,new_testament,Bible:John.5.2,John v. 2
tatian,diatessaron,John,new_testament,Bible:John.5.3,John v. 3
tatian,diatessaron,John,new_testament,Bible:John.5.4,John v. 4
tatian,diatessaron,John,new_testament,Bible:John.5.5,John v. 5
tatian,diatessaron,John,new_testament,Bible:John.5.6,John v. 6
tatian,diatessaron,John,new_testament,Bible:John.5.7,John v. 7
tatian,diatessaron,John,new_testament,Bible:John.5.8,John v. 8
tatian,diatessaron,John,new_testament,Bible:John.5.9,John v. 9
tatian,diatessaron,John,new_testament,Bible:John.5.10,John v. 10
tatian,diatessaron,John,new_testament,Bible:John.5.11,John v. 11
tatian,diatessaron,John,new_testament,Bible:John.5.12,John v. 12
tatian,diatessaron,John,new_testament,Bible:John.5.13,John v. 13
tatian,diatessaron,John,new_testament,Bible:John.5.14,John v. 14
tatian,diatessaron,John,new_testament,Bible:John.5.15,John v. 15
tatian,diatessaron,John,new_testament,Bible:John.5.16,John v. 16
tatian,diatessaron,John,new_testament,Bible:John.5.17,John v. 17
tatian,diatessaron,John,new_testament,Bible:John.5.18,John v. 18
tatian,diatessaron,John,new_testament,Bible:John.5.19,John v. 19
tatian,diatessaron,John,new_testament,Bible:John.5.20,John v. 20
tatian,diatessaron,John,new_testament,Bible:John.5.21,John v. 21
tatian,diatessaron,John,new_testament,Bible:John.5.22,John v. 22
tatian,diatessaron,John,new_testament,Bible:John.5.23,John v. 23
tatian,diatessaron,John,new_testament,Bible:John.5.24,John v. 24
tatian,diatessaron,John,new_testament,Bible:John.5.25,John v. 25
tatian,diatessaron,John,new_testament,Bible:John.5.26,John v. 26
tatian,diatessaron,John,new_testament,Bible:John.5.27,John v. 27
tatian,diatessaron,John,new_testament,Bible:John.5.28,John v. 28
tatian,diatessaron,John,new_testament,Bible:John.5.29,John v. 29
tatian,diatessaron,John,new_testament,Bible:John.5.30,John v. 30
tatian,diatessaron,John,new_testament,Bible:John.5.31,John v. 31
tatian,diatessaron,John,new_testament,Bible:John.5.32,John v. 32
tatian,diatessaron,John,new_testament,Bible:John.5.33,John v. 33
tatian,diatessaron,John,new_testament,Bible:John.5.34,John v. 34
tatian,diatessaron,John,new_testament,Bible:John.5.35,John v. 35
tatian,diatessaron,John,new_testament,Bible:John.5.36,John v. 36
tatian,diatessaron,John,new_testament,Bible:John.5.37,John v. 37
tatian,diatessaron,John,new_testament,Bible:John.5.38,John v. 38
tatian,diatessaron,John,new_testament,Bible:John.5.39,John v. 39
tatian,diatessaron,John,new_testament,Bible:John.5.40,John v. 40
tatian,diatessaron,John,new_testament,Bible:John.5.41,John v. 41
tatian,diatessaron,John,new_testament,Bible:John.5.42,John v. 42
tatian,diatessaron,John,new_testament,Bible:John.5.43,John v. 43
tatian,diatessaron,John,new_testament,Bible:John.5.44,John v. 44
tatian,diatessaron,John,new_testament,Bible:John.5.45,John v. 45
tatian,diatessaron,John,new_testament,Bible:John.5.46,John v. 46
tatian,diatessaron,John,new_testament,Bible:John.5.47,John v. 47
tatian,diatessaron,Matt,new_testament,Bible:Matt.15.29,Matt. xv. 29
tatian,diatessaron,Matt,new_testament,Bible:Matt.15.30,Matt. xv. 30
tatian,diatessaron,Matt,new_testament,Bible:Matt.15.31,Matt. xv. 31
tatian,diatessaron,Matt,new_testament,Bible:Matt.15.32,Matt. xv. 32
tatian,diatessaron,Mark,new_testament,Bible:Mark.8.3,Mark viii. 3
tatian,diatessaron,Matt,new_testament,Bible:Matt.15.33,Matt. xv. 33
tatian,diatessaron,Matt,new_testament,Bible:Matt.15.34,Matt. xv. 34
tatian,diatessaron,Matt,new_testament,Bible:Matt.15.35,Matt. xv. 35
tatian,diatessaron,Matt,new_testament,Bible:Matt.15.36,Matt. xv. 36
tatian,diatessaron,Matt,new_testament,Bible:Matt.15.37,Matt. xv. 37
tatian,diatessaron,Matt,new_testament,Bible:Matt.15.38,Matt. xv. 38
tatian,diatessaron,Matt,new_testament,Bible:Matt.15.39,Matt. xv. 39
tatian,diatessaron,Mark,new_testament,Bible:Mark.16.1 Bible:Mark.8.11,"Matt.
xvi. 1a; Mark viii. 11b"
tatian,diatessaron,Mark,new_testament,Bible:Mark.8.12 Bible:Matt.16.4,"Mark
viii. 12a; Matt. xvi. 4"
tatian,diatessaron,Mark,new_testament,Bible:Mark.8.12,Mark viii. 12
tatian,diatessaron,Mark,new_testament,Bible:Mark.8.13,Mark viii. 13
tatian,diatessaron,Mark,new_testament,Bible:Mark.8.14,Mark viii. 14
tatian,diatessaron,Mark,new_testament,Bible:Mark.8.15,Mark viii. 15
tatian,diatessaron,Matt,new_testament,Bible:Matt.16.7,Matt. xvi. 7
tatian,diatessaron,Matt,new_testament,Bible:Matt.16.8,Matt. xvi. 8
tatian,diatessaron,Mark,new_testament,Bible:Mark.8.17,Mark viii. 17
tatian,diatessaron,Mark,new_testament,Bible:Mark.8.18,Mark viii. 18
tatian,diatessaron,Mark,new_testament,Bible:Mark.8.19,Mark viii. 19
tatian,diatessaron,Mark,new_testament,Bible:Mark.8.20,Mark viii. 20
tatian,diatessaron,Mark,new_testament,Bible:Mark.8.21 Bible:Matt.16.11,Mark viii. 21a; Matt. xvi. 11
tatian,diatessaron,Matt,new_testament,Bible:Matt.16.12,Matt. xvi. 12
tatian,diatessaron,Mark,new_testament,Bible:Mark.8.22,Mark viii. 22
tatian,diatessaron,Mark,new_testament,Bible:Mark.8.23,Mark viii. 23
tatian,diatessaron,Mark,new_testament,Bible:Mark.8.24,Mark viii. 24
tatian,diatessaron,Mark,new_testament,Bible:Mark.8.25,Mark viii. 25
tatian,diatessaron,Mark,new_testament,Bible:Mark.8.26,Mark viii. 26
tatian,diatessaron,Mark,new_testament,Bible:Mark.8.27,Mark viii. 27
tatian,diatessaron,Matt,new_testament,Bible:Matt.16.13,Matt. xvi. 13
tatian,diatessaron,Matt,new_testament,Bible:Matt.16.14,Matt. xvi. 14
tatian,diatessaron,Matt,new_testament,Bible:Matt.16.15,Matt. xvi. 15
tatian,diatessaron,Matt,new_testament,Bible:Matt.16.16,Matt. xvi. 16
tatian,diatessaron,Matt,new_testament,Bible:Matt.16.17,Matt. xvi. 17
tatian,diatessaron,Matt,new_testament,Bible:Matt.16.18,Matt. xvi. 18
tatian,diatessaron,Matt,new_testament,Bible:Matt.16.19,Matt. xvi. 19
tatian,diatessaron,Matt,new_testament,Bible:Matt.16.20,Matt. xvi. 20
tatian,diatessaron,Matt,new_testament,Bible:Matt.16.21,Matt. xvi. 21
tatian,diatessaron,Mark,new_testament,Bible:Mark.8.31,Mark viii. 31
tatian,diatessaron,Mark,new_testament,Bible:Mark.8.32,Mark viii. 32
tatian,diatessaron,Matt,new_testament,Bible:Matt.16.22,Matt. xvi. 22
tatian,diatessaron,Mark,new_testament,Bible:Mark.8.33,Mark viii. 33
tatian,diatessaron,Matt,new_testament,Bible:Matt.16.23,Matt. xvi. 23
tatian,diatessaron,Mark,new_testament,Bible:Mark.8.34 Bible:Luke.9.23,"Mark
viii. 34a; Luke ix. 23b"
tatian,diatessaron,Mark,new_testament,Bible:Mark.8.35,Mark viii. 35
tatian,diatessaron,Luke,new_testament,Bible:Luke.9.25,Luke ix. 25
tatian,diatessaron,Mark,new_testament,Bible:Mark.8.37,Mark viii. 37
tatian,diatessaron,Mark,new_testament,Bible:Mark.8.38,Mark viii. 38
tatian,diatessaron,Matt,new_testament,Bible:Matt.16.27,Matt. xvi. 27
tatian,diatessaron,Mark,new_testament,Bible:Mark.9.1,Mark ix. 1
tatian,diatessaron,Matt,new_testament,Bible:Matt.16.28,Matt. xvi. 28
tatian,diatessaron,Matt,new_testament,Bible:Matt.17.1,Matt. xvii. 1
tatian,diatessaron,Luke,new_testament,Bible:Luke.9.29,Luke ix. 29
tatian,diatessaron,Matt,new_testament,Bible:Matt.17.2 Bible:Luke.9.29,Matt. xvii. 2b; Luke ix. 29b
tatian,diatessaron,Mark,new_testament,Bible:Mark.9.3-Mark.9.4,"Mark ix. 3b;
Mark ix. 4"
tatian,diatessaron,Luke,new_testament,Bible:Luke.9.31,Luke ix. 31
tatian,diatessaron,Luke,new_testament,Bible:Luke.9.32,Luke ix. 32
tatian,diatessaron,Luke,new_testament,Bible:Luke.9.33,Luke ix. 33
tatian,diatessaron,Matt,new_testament,Bible:Matt.17.4,Matt. xvii. 4
tatian,diatessaron,Mark,new_testament,Bible:Mark.9.6 Bible:Matt.17.5,"Mark
ix. 6b; Matt. xvii. 5a"
tatian,diatessaron,Luke,new_testament,Bible:Luke.9.34,Luke ix. 34
tatian,diatessaron,Matt,new_testament,Bible:Matt.17.5,Matt. xvii. 5
tatian,diatessaron,Luke,new_testament,Bible:Luke.9.36,Luke ix. 36
tatian,diatessaron,Matt,new_testament,Bible:Matt.17.6,Matt. xvii. 6
tatian,diatessaron,Matt,new_testament,Bible:Matt.17.7,Matt. xvii. 7
tatian,diatessaron,Matt,new_testament,Bible:Matt.17.8,Matt. xvii. 8
tatian,diatessaron,Matt,new_testament,Bible:Matt.17.9,Matt. xvii. 9
tatian,diatessaron,Mark,new_testament,Bible:Mark.9.10 Bible:Luke.9.36,"Mark
ix. 10a; Luke ix. 36c"
tatian,diatessaron,Mark,new_testament,Bible:Mark.9.10,Mark ix. 10
tatian,diatessaron,Mark,new_testament,Bible:Mark.9.11 Bible:Matt.17.10,Mark ix. 11a; Matt. xvii. 10b
tatian,diatessaron,Mark,new_testament,Bible:Mark.9.12,Mark ix. 12
tatian,diatessaron,Mark,new_testament,Bible:Mark.9.13,Mark ix. 13
tatian,diatessaron,Matt,new_testament,Bible:Matt.17.12,Matt. xvii. 12
tatian,diatessaron,Matt,new_testament,Bible:Matt.17.13,Matt. xvii. 13
tatian,diatessaron,Mark,new_testament,Bible:Mark.9.14,Mark ix. 14
tatian,diatessaron,Mark,new_testament,Bible:Mark.9.15,Mark ix. 15
tatian,diatessaron,Luke,new_testament,Bible:Luke.13.31,Luke xiii. 31
tatian,diatessaron,Luke,new_testament,Bible:Luke.13.32,Luke xiii. 32
tatian,diatessaron,Luke,new_testament,Bible:Luke.13.33,Luke xiii. 33
tatian,diatessaron,Luke,new_testament,Bible:Luke.9.38 Bible:Matt.17.14,Luke ix. 38a; Matt. xvii. 14b
tatian,diatessaron,Luke,new_testament,Bible:Luke.9.38,Luke ix. 38
tatian,diatessaron,Luke,new_testament,Bible:Luke.9.39 Bible:Matt.17.15,Luke ix. 39a; Matt. xvii. 15b
tatian,diatessaron,Mark,new_testament,Bible:Mark.9.18,Mark ix. 18
tatian,diatessaron,Matt,new_testament,Bible:Matt.17.15 Bible:Luke.9.39,Matt. xvii. 15c; Luke ix. 39c
tatian,diatessaron,Matt,new_testament,Bible:Matt.17.16,Matt. xvii. 16
tatian,diatessaron,Matt,new_testament,Bible:Matt.17.17,Matt. xvii. 17
tatian,diatessaron,Mark,new_testament,Bible:Mark.9.20,Mark ix. 20
tatian,diatessaron,Mark,new_testament,Bible:Mark.9.21,Mark ix. 21
tatian,diatessaron,Mark,new_testament,Bible:Mark.9.22,Mark ix. 22
tatian,diatessaron,Mark,new_testament,Bible:Mark.9.23,Mark ix. 23
tatian,diatessaron,Mark,new_testament,Bible:Mark.9.24,Mark ix. 24
tatian,diatessaron,Mark,new_testament,Bible:Mark.9.25,Mark ix. 25
tatian,diatessaron,Mark,new_testament,Bible:Mark.9.26,Mark ix. 26
tatian,diatessaron,Mark,new_testament,Bible:Mark.9.27 Bible:Luke.9.42,"Mark
ix. 27a; Luke ix. 42b"
tatian,diatessaron,Matt,new_testament,Bible:Matt.17.18 Bible:Luke.9.43,Matt. xvii. 18b; Luke ix. 43a
tatian,diatessaron,Mark,new_testament,Bible:Mark.9.28,Mark ix. 28
tatian,diatessaron,Matt,new_testament,Bible:Matt.17.20,Matt. xvii. 20
tatian,diatessaron,Mark,new_testament,Bible:Mark.9.29,Mark ix. 29
tatian,diatessaron,Mark,new_testament,Bible:Mark.9.30,Mark ix. 30
tatian,diatessaron,Mark,new_testament,Bible:Mark.9.31 Bible:Luke.9.44,"Mark
ix. 31a; Luke ix. 44a"
tatian,diatessaron,Mark,new_testament,Bible:Mark.9.31,Mark ix. 31
tatian,diatessaron,Luke,new_testament,Bible:Luke.9.45,Luke ix. 45
tatian,diatessaron,Matt,new_testament,Bible:Matt.17.23,Matt. xvii. 23
tatian,diatessaron,Luke,new_testament,Bible:Luke.9.46,Luke ix. 46
tatian,diatessaron,Mark,new_testament,Bible:Mark.9.33,Mark ix. 33
tatian,diatessaron,Mark,new_testament,Bible:Mark.9.34,Mark ix. 34
tatian,diatessaron,Matt,new_testament,Bible:Matt.17.24,Matt. xvii. 24
tatian,diatessaron,Matt,new_testament,Bible:Matt.17.25,Matt. xvii. 25
tatian,diatessaron,Matt,new_testament,Bible:Matt.17.26,Matt. xvii. 26
tatian,diatessaron,Matt,new_testament,Bible:Matt.17.27,Matt. xvii. 27
tatian,diatessaron,Matt,new_testament,Bible:Matt.18.1,Matt. xviii. 1
tatian,diatessaron,Luke,new_testament,Bible:Luke.9.47 Bible:Mark.9.36,"Luke
ix. 47a; Mark ix. 36"
tatian,diatessaron,Matt,new_testament,Bible:Matt.18.3,Matt. xviii. 3
tatian,diatessaron,Luke,new_testament,Bible:Luke.9.48,Luke ix. 48
tatian,diatessaron,Mark,new_testament,Bible:Mark.9.37,Mark ix. 37
tatian,diatessaron,Matt,new_testament,Bible:Matt.18.6,Matt. xviii. 6
tatian,diatessaron,Luke,new_testament,Bible:Luke.9.49,Luke ix. 49
tatian,diatessaron,Mark,new_testament,Bible:Mark.9.39,Mark ix. 39
tatian,diatessaron,Luke,new_testament,Bible:Luke.9.50,Luke ix. 50
tatian,diatessaron,Matt,new_testament,Bible:Matt.18.7,Matt. xviii. 7
tatian,diatessaron,Matt,new_testament,Bible:Matt.18.8,Matt. xviii. 8
tatian,diatessaron,Mark,new_testament,Bible:Mark.9.44,Mark ix. 44
tatian,diatessaron,Matt,new_testament,Bible:Matt.18.9,Matt. xviii. 9
tatian,diatessaron,Mark,new_testament,Bible:Mark.9.47,Mark ix. 47
tatian,diatessaron,Mark,new_testament,Bible:Mark.9.48,Mark ix. 48
tatian,diatessaron,Mark,new_testament,Bible:Mark.9.49,Mark ix. 49
tatian,diatessaron,Mark,new_testament,Bible:Mark.9.50,Mark ix. 50
tatian,diatessaron,Luke,new_testament,Bible:Luke.14.34-Luke.14.35,"Luke xiv.
34b; Luke xiv. 35"
tatian,diatessaron,Mark,new_testament,Bible:Mark.10.1,Mark x. 1
tatian,diatessaron,Mark,new_testament,Bible:Mark.10.2,Mark x. 2
tatian,diatessaron,Mark,new_testament,Bible:Mark.10.3,Mark x. 3
tatian,diatessaron,Mark,new_testament,Bible:Mark.10.4,Mark x. 4
tatian,diatessaron,Mark,new_testament,Bible:Mark.10.5,Mark x. 5
tatian,diatessaron,Matt,new_testament,Bible:Matt.19.4,Matt. xix. 4
tatian,diatessaron,Matt,new_testament,Bible:Matt.19.5,Matt. xix. 5
tatian,diatessaron,Matt,new_testament,Bible:Matt.19.6,Matt. xix. 6
tatian,diatessaron,Matt,new_testament,Bible:Matt.19.7,Matt. xix. 7
tatian,diatessaron,Matt,new_testament,Bible:Matt.19.8,Matt. xix. 8
tatian,diatessaron,Matt,new_testament,Bible:Matt.19.9,Matt. xix. 9
tatian,diatessaron,Mark,new_testament,Bible:Mark.10.10,Mark x. 10
tatian,diatessaron,Mark,new_testament,Bible:Mark.10.11,Mark x. 11
tatian,diatessaron,Mark,new_testament,Bible:Mark.10.12,Mark x. 12
tatian,diatessaron,Matt,new_testament,Bible:Matt.19.10,Matt. xix. 10
tatian,diatessaron,Matt,new_testament,Bible:Matt.19.11,Matt. xix. 11
tatian,diatessaron,Matt,new_testament,Bible:Matt.19.12,Matt. xix. 12
tatian,diatessaron,Matt,new_testament,Bible:Matt.19.13,Matt. xix. 13
tatian,diatessaron,Mark,new_testament,Bible:Mark.10.13-Mark.10.14,"Mark x. 13b;
Mark x. 14"
tatian,diatessaron,Mark,new_testament,Bible:Mark.10.15,Mark x. 15
tatian,diatessaron,Mark,new_testament,Bible:Mark.10.16,Mark x. 16
tatian,diatessaron,Luke,new_testament,Bible:Luke.15.1,Luke xv. 1
tatian,diatessaron,Luke,new_testament,Bible:Luke.15.2,Luke xv. 2
tatian,diatessaron,Luke,new_testament,Bible:Luke.15.3,Luke xv. 3
tatian,diatessaron,Luke,new_testament,Bible:Luke.15.4,Luke xv. 4
tatian,diatessaron,Matt,new_testament,Bible:Matt.18.13,Matt. xviii. 13
tatian,diatessaron,Luke,new_testament,Bible:Luke.15.5,Luke xv. 5
tatian,diatessaron,Luke,new_testament,Bible:Luke.15.6,Luke xv. 6
tatian,diatessaron,Matt,new_testament,Bible:Matt.18.14,Matt. xviii. 14
tatian,diatessaron,Luke,new_testament,Bible:Luke.15.7,Luke xv. 7
tatian,diatessaron,Luke,new_testament,Bible:Luke.15.8,Luke xv. 8
tatian,diatessaron,Luke,new_testament,Bible:Luke.15.9,Luke xv. 9
tatian,diatessaron,Luke,new_testament,Bible:Luke.15.10,Luke xv. 10
tatian,diatessaron,Luke,new_testament,Bible:Luke.15.11,Luke xv. 11
tatian,diatessaron,Luke,new_testament,Bible:Luke.15.12,Luke xv. 12
tatian,diatessaron,Luke,new_testament,Bible:Luke.15.13,Luke xv. 13
tatian,diatessaron,Luke,new_testament,Bible:Luke.15.14,Luke xv. 14
tatian,diatessaron,Luke,new_testament,Bible:Luke.15.15,Luke xv. 15
tatian,diatessaron,Luke,new_testament,Bible:Luke.15.16,Luke xv. 16
tatian,diatessaron,Luke,new_testament,Bible:Luke.15.17,Luke xv. 17
tatian,diatessaron,Luke,new_testament,Bible:Luke.15.18,Luke xv. 18
tatian,diatessaron,Luke,new_testament,Bible:Luke.15.19,Luke xv. 19
tatian,diatessaron,Luke,new_testament,Bible:Luke.15.20,Luke xv. 20
tatian,diatessaron,Luke,new_testament,Bible:Luke.15.21,Luke xv. 21
tatian,diatessaron,Luke,new_testament,Bible:Luke.15.22,Luke xv. 22
tatian,diatessaron,Luke,new_testament,Bible:Luke.15.23,Luke xv. 23
tatian,diatessaron,Luke,new_testament,Bible:Luke.15.24,Luke xv. 24
tatian,diatessaron,Luke,new_testament,Bible:Luke.15.25,Luke xv. 25
tatian,diatessaron,Luke,new_testament,Bible:Luke.15.26,Luke xv. 26
tatian,diatessaron,Luke,new_testament,Bible:Luke.15.27,Luke xv. 27
tatian,diatessaron,Luke,new_testament,Bible:Luke.15.28,Luke xv. 28
tatian,diatessaron,Luke,new_testament,Bible:Luke.15.29,Luke xv. 29
tatian,diatessaron,Luke,new_testament,Bible:Luke.15.30,Luke xv. 30
tatian,diatessaron,Luke,new_testament,Bible:Luke.15.31,Luke xv. 31
tatian,diatessaron,Luke,new_testament,Bible:Luke.15.32,Luke xv. 32
tatian,diatessaron,Luke,new_testament,Bible:Luke.16.1,Luke xvi. 1
tatian,diatessaron,Luke,new_testament,Bible:Luke.16.2,Luke xvi. 2
tatian,diatessaron,Luke,new_testament,Bible:Luke.16.3,Luke xvi. 3
tatian,diatessaron,Luke,new_testament,Bible:Luke.16.4,Luke xvi. 4
tatian,diatessaron,Luke,new_testament,Bible:Luke.16.5,Luke xvi. 5
tatian,diatessaron,Luke,new_testament,Bible:Luke.16.6,Luke xvi. 6
tatian,diatessaron,Luke,new_testament,Bible:Luke.16.7,Luke xvi. 7
tatian,diatessaron,Luke,new_testament,Bible:Luke.16.8,Luke xvi. 8
tatian,diatessaron,Luke,new_testament,Bible:Luke.16.9,Luke xvi. 9
tatian,diatessaron,Luke,new_testament,Bible:Luke.16.10,Luke xvi. 10
tatian,diatessaron,Luke,new_testament,Bible:Luke.16.11,Luke xvi. 11
tatian,diatessaron,Luke,new_testament,Bible:Luke.16.12,Luke xvi. 12
tatian,diatessaron,Matt,new_testament,Bible:Matt.18.23,Matt. xviii. 23
tatian,diatessaron,Matt,new_testament,Bible:Matt.18.24,Matt. xviii. 24
tatian,diatessaron,Matt,new_testament,Bible:Matt.18.25,Matt. xviii. 25
tatian,diatessaron,Matt,new_testament,Bible:Matt.18.26,Matt. xviii. 26
tatian,diatessaron,Matt,new_testament,Bible:Matt.18.27,Matt. xviii. 27
tatian,diatessaron,Matt,new_testament,Bible:Matt.18.28,Matt. xviii. 28
tatian,diatessaron,Matt,new_testament,Bible:Matt.18.29,Matt. xviii. 29
tatian,diatessaron,Matt,new_testament,Bible:Matt.18.30,Matt. xviii. 30
tatian,diatessaron,Matt,new_testament,Bible:Matt.18.31,Matt. xviii. 31
tatian,diatessaron,Matt,new_testament,Bible:Matt.18.32,Matt. xviii. 32
tatian,diatessaron,Matt,new_testament,Bible:Matt.18.33,Matt. xviii. 33
tatian,diatessaron,Matt,new_testament,Bible:Matt.18.34,Matt. xviii. 34
tatian,diatessaron,Matt,new_testament,Bible:Matt.18.35,Matt. xviii. 35
tatian,diatessaron,Luke,new_testament,Bible:Luke.17.3,Luke xvii. 3
tatian,diatessaron,Luke,new_testament,Bible:Luke.17.4,Luke xvii. 4
tatian,diatessaron,Matt,new_testament,Bible:Matt.18.15,Matt. xviii. 15
tatian,diatessaron,Matt,new_testament,Bible:Matt.18.16,Matt. xviii. 16
tatian,diatessaron,Matt,new_testament,Bible:Matt.18.17,Matt. xviii. 17
tatian,diatessaron,Matt,new_testament,Bible:Matt.18.18,Matt. xviii. 18
tatian,diatessaron,Matt,new_testament,Bible:Matt.18.19,Matt. xviii. 19
tatian,diatessaron,Matt,new_testament,Bible:Matt.18.20,Matt. xviii. 20
tatian,diatessaron,Matt,new_testament,Bible:Matt.18.21,Matt. xviii. 21
tatian,diatessaron,Matt,new_testament,Bible:Matt.18.22,Matt. xviii. 22
tatian,diatessaron,Luke,new_testament,Bible:Luke.12.47,Luke xii. 47
tatian,diatessaron,Luke,new_testament,Bible:Luke.12.48,Luke xii. 48
tatian,diatessaron,Luke,new_testament,Bible:Luke.12.49,Luke xii. 49
tatian,diatessaron,Luke,new_testament,Bible:Luke.12.50,Luke xii. 50
tatian,diatessaron,Matt,new_testament,Bible:Matt.18.10,Matt. xviii. 10
tatian,diatessaron,Matt,new_testament,Bible:Matt.18.11,Matt. xviii. 11
tatian,diatessaron,John,new_testament,Bible:John.7.1,John vii. 1
tatian,diatessaron,Luke,new_testament,Bible:Luke.13.1,Luke xiii. 1
tatian,diatessaron,Luke,new_testament,Bible:Luke.13.2,Luke xiii. 2
tatian,diatessaron,Luke,new_testament,Bible:Luke.13.3,Luke xiii. 3
tatian,diatessaron,Luke,new_testament,Bible:Luke.13.4,Luke xiii. 4
tatian,diatessaron,Luke,new_testament,Bible:Luke.13.5,Luke xiii. 5
tatian,diatessaron,Luke,new_testament,Bible:Luke.13.6,Luke xiii. 6
tatian,diatessaron,Luke,new_testament,Bible:Luke.13.7,Luke xiii. 7
tatian,diatessaron,Luke,new_testament,Bible:Luke.13.8,Luke xiii. 8
tatian,diatessaron,Luke,new_testament,Bible:Luke.13.9,Luke xiii. 9
tatian,diatessaron,Luke,new_testament,Bible:Luke.13.10,Luke xiii. 10
tatian,diatessaron,Luke,new_testament,Bible:Luke.13.11,Luke xiii. 11
tatian,diatessaron,Luke,new_testament,Bible:Luke.13.12,Luke xiii. 12
tatian,diatessaron,Luke,new_testament,Bible:Luke.13.13,Luke xiii. 13
tatian,diatessaron,Luke,new_testament,Bible:Luke.13.14,Luke xiii. 14
tatian,diatessaron,Luke,new_testament,Bible:Luke.13.15,Luke xiii. 15
tatian,diatessaron,Luke,new_testament,Bible:Luke.13.16,Luke xiii. 16
tatian,diatessaron,Luke,new_testament,Bible:Luke.13.17,Luke xiii. 17
tatian,diatessaron,John,new_testament,Bible:John.7.2,John vii. 2
tatian,diatessaron,John,new_testament,Bible:John.7.3,John vii. 3
tatian,diatessaron,John,new_testament,Bible:John.7.4,John vii. 4
tatian,diatessaron,John,new_testament,Bible:John.7.5,John vii. 5
tatian,diatessaron,John,new_testament,Bible:John.7.6,John vii. 6
tatian,diatessaron,John,new_testament,Bible:John.7.7,John vii. 7
tatian,diatessaron,John,new_testament,Bible:John.7.8,John vii. 8
tatian,diatessaron,John,new_testament,Bible:John.7.9,John vii. 9
tatian,diatessaron,John,new_testament,Bible:John.7.10 Bible:Matt.19.1,"John
vii. 10a; Matt. xix. 1b"
tatian,diatessaron,Matt,new_testament,Bible:Matt.19.2,Matt. xix. 2
tatian,diatessaron,John,new_testament,Bible:John.7.10,John vii. 10
tatian,diatessaron,John,new_testament,Bible:John.7.11,John vii. 11
tatian,diatessaron,John,new_testament,Bible:John.7.12,John vii. 12
tatian,diatessaron,John,new_testament,Bible:John.7.13,John vii. 13
tatian,diatessaron,John,new_testament,Bible:John.7.14,John vii. 14
tatian,diatessaron,John,new_testament,Bible:John.7.15,John vii. 15
tatian,diatessaron,John,new_testament,Bible:John.7.16,John vii. 16
tatian,diatessaron,John,new_testament,Bible:John.7.17,John vii. 17
tatian,diatessaron,John,new_testament,Bible:John.7.18,John vii. 18
tatian,diatessaron,John,new_testament,Bible:John.7.19,John vii. 19
tatian,diatessaron,John,new_testament,Bible:John.7.20,John vii. 20
tatian,diatessaron,John,new_testament,Bible:John.7.21,John vii. 21
tatian,diatessaron,John,new_testament,Bible:John.7.22,John vii. 22
tatian,diatessaron,John,new_testament,Bible:John.7.23,John vii. 23
tatian,diatessaron,John,new_testament,Bible:John.7.24,John vii. 24
tatian,diatessaron,John,new_testament,Bible:John.7.25,John vii. 25
tatian,diatessaron,John,new_testament,Bible:John.7.26,John vii. 26
tatian,diatessaron,John,new_testament,Bible:John.7.27,John vii. 27
tatian,diatessaron,John,new_testament,Bible:John.7.28,John vii. 28
tatian,diatessaron,John,new_testament,Bible:John.7.29,John vii. 29
tatian,diatessaron,John,new_testament,Bible:John.7.30,John vii. 30
tatian,diatessaron,John,new_testament,Bible:John.7.31,John vii. 31
tatian,diatessaron,Luke,new_testament,Bible:Luke.12.13,Luke xii. 13
tatian,diatessaron,Luke,new_testament,Bible:Luke.12.14,Luke xii. 14
tatian,diatessaron,Luke,new_testament,Bible:Luke.12.15,Luke xii. 15
tatian,diatessaron,Luke,new_testament,Bible:Luke.12.16,Luke xii. 16
tatian,diatessaron,Luke,new_testament,Bible:Luke.12.17,Luke xii. 17
tatian,diatessaron,Luke,new_testament,Bible:Luke.12.18,Luke xii. 18
tatian,diatessaron,Luke,new_testament,Bible:Luke.12.19,Luke xii. 19
tatian,diatessaron,Luke,new_testament,Bible:Luke.12.20,Luke xii. 20
tatian,diatessaron,Luke,new_testament,Bible:Luke.12.21,Luke xii. 21
tatian,diatessaron,Mark,new_testament,Bible:Mark.10.17,Mark x. 17
tatian,diatessaron,Mark,new_testament,Bible:Mark.10.18,Mark x. 18
tatian,diatessaron,Mark,new_testament,Bible:Mark.10.19,Mark x. 19
tatian,diatessaron,Matt,new_testament,Bible:Matt.19.17-Matt.19.18,"Matt. xix.
17b; Matt. xix. 18a"
tatian,diatessaron,Matt,new_testament,Bible:Matt.19.19-Matt.19.20,"Matt. xix.
19b; Matt. xix. 20"
tatian,diatessaron,Mark,new_testament,Bible:Mark.10.21,Mark x. 21
tatian,diatessaron,Matt,new_testament,Bible:Matt.19.21,Matt. xix. 21
tatian,diatessaron,Matt,new_testament,Bible:Matt.19.22 Bible:Luke.18.23,Matt. xix. 22a; Luke xviii. 23b
tatian,diatessaron,Luke,new_testament,Bible:Luke.18.24 Bible:Mark.10.23,Luke xviii. 24a; Mark x. 23
tatian,diatessaron,Matt,new_testament,Bible:Matt.19.23,Matt. xix. 23
tatian,diatessaron,Matt,new_testament,Bible:Matt.19.24,Matt. xix. 24
tatian,diatessaron,Mark,new_testament,Bible:Mark.10.24,Mark x. 24
tatian,diatessaron,Mark,new_testament,Bible:Mark.10.26,Mark x. 26
tatian,diatessaron,Mark,new_testament,Bible:Mark.10.27,Mark x. 27
tatian,diatessaron,Matt,new_testament,Bible:Matt.19.28,Matt. xix. 28
tatian,diatessaron,Mark,new_testament,Bible:Mark.10.29,Mark x. 29
tatian,diatessaron,Luke,new_testament,Bible:Luke.18.30,Luke xviii. 30
tatian,diatessaron,Mark,new_testament,Bible:Mark.10.30,Mark x. 30
tatian,diatessaron,Mark,new_testament,Bible:Mark.10.31,Mark x. 31
tatian,diatessaron,Luke,new_testament,Bible:Luke.16.14,Luke xvi. 14
tatian,diatessaron,Luke,new_testament,Bible:Luke.16.15,Luke xvi. 15
tatian,diatessaron,Luke,new_testament,Bible:Luke.16.19,Luke xvi. 19
tatian,diatessaron,Luke,new_testament,Bible:Luke.16.20,Luke xvi. 20
tatian,diatessaron,Luke,new_testament,Bible:Luke.16.21,Luke xvi. 21
tatian,diatessaron,Luke,new_testament,Bible:Luke.16.22,Luke xvi. 22
tatian,diatessaron,Luke,new_testament,Bible:Luke.16.23,Luke xvi. 23
tatian,diatessaron,Luke,new_testament,Bible:Luke.16.24,Luke xvi. 24
tatian,diatessaron,Luke,new_testament,Bible:Luke.16.25,Luke xvi. 25
tatian,diatessaron,Luke,new_testament,Bible:Luke.16.26,Luke xvi. 26
tatian,diatessaron,Luke,new_testament,Bible:Luke.16.27,Luke xvi. 27
tatian,diatessaron,Luke,new_testament,Bible:Luke.16.28,Luke xvi. 28
tatian,diatessaron,Luke,new_testament,Bible:Luke.16.29,Luke xvi. 29
tatian,diatessaron,Luke,new_testament,Bible:Luke.16.30,Luke xvi. 30
tatian,diatessaron,Luke,new_testament,Bible:Luke.16.31,Luke xvi. 31
tatian,diatessaron,Matt,new_testament,Bible:Matt.20.1,Matt. xx. 1
tatian,diatessaron,Matt,new_testament,Bible:Matt.20.2,Matt. xx. 2
tatian,diatessaron,Matt,new_testament,Bible:Matt.20.3,Matt. xx. 3
tatian,diatessaron,Matt,new_testament,Bible:Matt.20.4,Matt. xx. 4
tatian,diatessaron,Matt,new_testament,Bible:Matt.20.5,Matt. xx. 5
tatian,diatessaron,Matt,new_testament,Bible:Matt.20.6,Matt. xx. 6
tatian,diatessaron,Matt,new_testament,Bible:Matt.20.7,Matt. xx. 7
tatian,diatessaron,Matt,new_testament,Bible:Matt.20.8,Matt. xx. 8
tatian,diatessaron,Matt,new_testament,Bible:Matt.20.9,Matt. xx. 9
tatian,diatessaron,Matt,new_testament,Bible:Matt.20.10,Matt. xx. 10
tatian,diatessaron,Matt,new_testament,Bible:Matt.20.11,Matt. xx. 11
tatian,diatessaron,Matt,new_testament,Bible:Matt.20.12,Matt. xx. 12
tatian,diatessaron,Matt,new_testament,Bible:Matt.20.13,Matt. xx. 13
tatian,diatessaron,Matt,new_testament,Bible:Matt.20.14,Matt. xx. 14
tatian,diatessaron,Matt,new_testament,Bible:Matt.20.15,Matt. xx. 15
tatian,diatessaron,Matt,new_testament,Bible:Matt.20.16,Matt. xx. 16
tatian,diatessaron,Luke,new_testament,Bible:Luke.14.1,Luke xiv. 1
tatian,diatessaron,Luke,new_testament,Bible:Luke.14.2,Luke xiv. 2
tatian,diatessaron,Luke,new_testament,Bible:Luke.14.3,Luke xiv. 3
tatian,diatessaron,Luke,new_testament,Bible:Luke.14.4,Luke xiv. 4
tatian,diatessaron,Luke,new_testament,Bible:Luke.14.5,Luke xiv. 5
tatian,diatessaron,Luke,new_testament,Bible:Luke.14.6,Luke xiv. 6
tatian,diatessaron,Luke,new_testament,Bible:Luke.14.7,Luke xiv. 7
tatian,diatessaron,Luke,new_testament,Bible:Luke.14.8,Luke xiv. 8
tatian,diatessaron,Luke,new_testament,Bible:Luke.14.9,Luke xiv. 9
tatian,diatessaron,Luke,new_testament,Bible:Luke.14.10,Luke xiv. 10
tatian,diatessaron,Luke,new_testament,Bible:Luke.14.11,Luke xiv. 11
tatian,diatessaron,Luke,new_testament,Bible:Luke.14.12,Luke xiv. 12
tatian,diatessaron,Luke,new_testament,Bible:Luke.14.13,Luke xiv. 13
tatian,diatessaron,Luke,new_testament,Bible:Luke.14.14,Luke xiv. 14
tatian,diatessaron,Luke,new_testament,Bible:Luke.14.15,Luke xiv. 15
tatian,diatessaron,Matt,new_testament,Bible:Matt.22.1 Bible:Matt.22.2,Matt. xxii. 1; Matt. xxii. 2
tatian,diatessaron,Luke,new_testament,Bible:Luke.14.16,Luke xiv. 16
tatian,diatessaron,Luke,new_testament,Bible:Luke.14.17 Bible:Matt.22.3,Luke xiv. 17; Matt. xxii. 3
tatian,diatessaron,Luke,new_testament,Bible:Luke.14.18,Luke xiv. 18
tatian,diatessaron,Luke,new_testament,Bible:Luke.14.19,Luke xiv. 19
tatian,diatessaron,Luke,new_testament,Bible:Luke.14.20,Luke xiv. 20
tatian,diatessaron,Matt,new_testament,Bible:Matt.22.4,Matt. xxii. 4
tatian,diatessaron,Matt,new_testament,Bible:Matt.22.5,Matt. xxii. 5
tatian,diatessaron,Matt,new_testament,Bible:Matt.22.6,Matt. xxii. 6
tatian,diatessaron,Luke,new_testament,Bible:Luke.14.21,Luke xiv. 21
tatian,diatessaron,Matt,new_testament,Bible:Matt.22.7,Matt. xxii. 7
tatian,diatessaron,Matt,new_testament,Bible:Matt.22.8,Matt. xxii. 8
tatian,diatessaron,Luke,new_testament,Bible:Luke.14.22,Luke xiv. 22
tatian,diatessaron,Luke,new_testament,Bible:Luke.14.23 Bible:Matt.22.9,Luke xiv. 23a; Matt. xxii. 9b
tatian,diatessaron,Luke,new_testament,Bible:Luke.14.23-Luke.14.24,"Luke xiv.
23b; Luke xiv. 24"
tatian,diatessaron,Matt,new_testament,Bible:Matt.22.10,Matt. xxii. 10
tatian,diatessaron,Matt,new_testament,Bible:Matt.22.11,Matt. xxii. 11
tatian,diatessaron,Matt,new_testament,Bible:Matt.22.12,Matt. xxii. 12
tatian,diatessaron,Matt,new_testament,Bible:Matt.22.13,Matt. xxii. 13
tatian,diatessaron,Matt,new_testament,Bible:Matt.22.14,Matt. xxii. 14
tatian,diatessaron,Luke,new_testament,Bible:Luke.17.11 Bible:Luke.17.12,Luke xvii. 11; Luke xvii. 12
tatian,diatessaron,Luke,new_testament,Bible:Luke.17.13,Luke xvii. 13
tatian,diatessaron,Luke,new_testament,Bible:Luke.17.14,Luke xvii. 14
tatian,diatessaron,Luke,new_testament,Bible:Luke.17.15,Luke xvii. 15
tatian,diatessaron,Luke,new_testament,Bible:Luke.17.16,Luke xvii. 16
tatian,diatessaron,Luke,new_testament,Bible:Luke.17.17,Luke xvii. 17
tatian,diatessaron,Luke,new_testament,Bible:Luke.17.18,Luke xvii. 18
tatian,diatessaron,Luke,new_testament,Bible:Luke.17.19,Luke xvii. 19
tatian,diatessaron,Mark,new_testament,Bible:Mark.10.32,Mark x. 32
tatian,diatessaron,Luke,new_testament,Bible:Luke.18.31,Luke xviii. 31
tatian,diatessaron,Mark,new_testament,Bible:Mark.10.33,Mark x. 33
tatian,diatessaron,Mark,new_testament,Bible:Mark.10.34,Mark x. 34
tatian,diatessaron,Luke,new_testament,Bible:Luke.18.33,Luke xviii. 33
tatian,diatessaron,Luke,new_testament,Bible:Luke.18.34,Luke xviii. 34
tatian,diatessaron,Matt,new_testament,Bible:Matt.20.20,Matt. xx. 20
tatian,diatessaron,Matt,new_testament,Bible:Matt.20.21,Matt. xx. 21
tatian,diatessaron,Mark,new_testament,Bible:Mark.10.35,Mark x. 35
tatian,diatessaron,Mark,new_testament,Bible:Mark.10.36,Mark x. 36
tatian,diatessaron,Mark,new_testament,Bible:Mark.10.37,Mark x. 37
tatian,diatessaron,Mark,new_testament,Bible:Mark.10.38,Mark x. 38
tatian,diatessaron,Mark,new_testament,Bible:Mark.10.39,Mark x. 39
tatian,diatessaron,Mark,new_testament,Bible:Mark.10.40,Mark x. 40
tatian,diatessaron,Mark,new_testament,Bible:Mark.10.41,Mark x. 41
tatian,diatessaron,Mark,new_testament,Bible:Mark.10.42,Mark x. 42
tatian,diatessaron,Mark,new_testament,Bible:Mark.10.43,Mark x. 43
tatian,diatessaron,Mark,new_testament,Bible:Mark.10.44,Mark x. 44
tatian,diatessaron,Matt,new_testament,Bible:Matt.20.28,Matt. xx. 28
tatian,diatessaron,Luke,new_testament,Bible:Luke.13.22,Luke xiii. 22
tatian,diatessaron,Luke,new_testament,Bible:Luke.13.23,Luke xiii. 23
tatian,diatessaron,Luke,new_testament,Bible:Luke.13.24,Luke xiii. 24
tatian,diatessaron,Luke,new_testament,Bible:Luke.13.25,Luke xiii. 25
tatian,diatessaron,Luke,new_testament,Bible:Luke.13.26,Luke xiii. 26
tatian,diatessaron,Luke,new_testament,Bible:Luke.13.27,Luke xiii. 27
tatian,diatessaron,Luke,new_testament,Bible:Luke.13.28,Luke xiii. 28
tatian,diatessaron,Luke,new_testament,Bible:Luke.13.29,Luke xiii. 29
tatian,diatessaron,Luke,new_testament,Bible:Luke.13.30,Luke xiii. 30
tatian,diatessaron,Luke,new_testament,Bible:Luke.19.1,Luke xix. 1
tatian,diatessaron,Luke,new_testament,Bible:Luke.19.2,Luke xix. 2
tatian,diatessaron,Luke,new_testament,Bible:Luke.19.3,Luke xix. 3
tatian,diatessaron,Luke,new_testament,Bible:Luke.19.4,Luke xix. 4
tatian,diatessaron,Luke,new_testament,Bible:Luke.19.5,Luke xix. 5
tatian,diatessaron,Luke,new_testament,Bible:Luke.19.6,Luke xix. 6
tatian,diatessaron,Luke,new_testament,Bible:Luke.19.7,Luke xix. 7
tatian,diatessaron,Luke,new_testament,Bible:Luke.19.8,Luke xix. 8
tatian,diatessaron,Luke,new_testament,Bible:Luke.19.9,Luke xix. 9
tatian,diatessaron,Luke,new_testament,Bible:Luke.19.10,Luke xix. 10
tatian,diatessaron,Luke,new_testament,Bible:Luke.18.35 Bible:Matt.20.29 Bible:Mark.10.46,"Luke xviii. 35a [rather, Matt. xx. 29a + Mark x.
46a.]; Matt. xx. 29b"
tatian,diatessaron,Luke,new_testament,Bible:Luke.18.35,Luke xviii. 35
tatian,diatessaron,Mark,new_testament,Bible:Mark.10.46 Bible:Luke.18.36,Mark x. 46b; Luke xviii. 36
tatian,diatessaron,Luke,new_testament,Bible:Luke.18.37,Luke xviii. 37
tatian,diatessaron,Mark,new_testament,Bible:Mark.10.47 Bible:Luke.18.38,Mark x. 47a; Luke xviii. 38
tatian,diatessaron,Luke,new_testament,Bible:Luke.18.39,Luke xviii. 39
tatian,diatessaron,Mark,new_testament,Bible:Mark.10.48,Mark x. 48
tatian,diatessaron,Mark,new_testament,Bible:Mark.10.49,Mark x. 49
tatian,diatessaron,Mark,new_testament,Bible:Mark.10.50,Mark x. 50
tatian,diatessaron,Mark,new_testament,Bible:Mark.10.51,Mark x. 51
tatian,diatessaron,Matt,new_testament,Bible:Matt.20.33 Bible:Luke.18.41,"Matt. xx. 33, Luke xviii.
41"
tatian,diatessaron,Matt,new_testament,Bible:Matt.20.34,Matt. xx. 34
tatian,diatessaron,Luke,new_testament,Bible:Luke.18.42-Luke.18.43,"Luke xviii.
42b; Luke xviii. 43"
tatian,diatessaron,Luke,new_testament,Bible:Luke.19.11,Luke xix. 11
tatian,diatessaron,Luke,new_testament,Bible:Luke.19.12,Luke xix. 12
tatian,diatessaron,Luke,new_testament,Bible:Luke.19.13,Luke xix. 13
tatian,diatessaron,Luke,new_testament,Bible:Luke.19.14,Luke xix. 14
tatian,diatessaron,Luke,new_testament,Bible:Luke.19.15,Luke xix. 15
tatian,diatessaron,Luke,new_testament,Bible:Luke.19.16,Luke xix. 16
tatian,diatessaron,Luke,new_testament,Bible:Luke.19.17,Luke xix. 17
tatian,diatessaron,Luke,new_testament,Bible:Luke.19.18,Luke xix. 18
tatian,diatessaron,Luke,new_testament,Bible:Luke.19.19,Luke xix. 19
tatian,diatessaron,Luke,new_testament,Bible:Luke.19.20,Luke xix. 20
tatian,diatessaron,Luke,new_testament,Bible:Luke.19.21,Luke xix. 21
tatian,diatessaron,Luke,new_testament,Bible:Luke.19.22,Luke xix. 22
tatian,diatessaron,Luke,new_testament,Bible:Luke.19.23,Luke xix. 23
tatian,diatessaron,Luke,new_testament,Bible:Luke.19.24,Luke xix. 24
tatian,diatessaron,Luke,new_testament,Bible:Luke.19.25,Luke xix. 25
tatian,diatessaron,Luke,new_testament,Bible:Luke.19.26,Luke xix. 26
tatian,diatessaron,Luke,new_testament,Bible:Luke.19.27,Luke xix. 27
tatian,diatessaron,Matt,new_testament,Bible:Matt.21.12 Bible:John.2.14,Matt. xxi. 12a; John ii. 14a
tatian,diatessaron,Matt,new_testament,Bible:Matt.21.12,Matt. xxi. 12
tatian,diatessaron,John,new_testament,Bible:John.2.14,John ii. 14
tatian,diatessaron,Matt,new_testament,Bible:Matt.21.13,Matt. xxi. 13
tatian,diatessaron,John,new_testament,Bible:John.2.16,John ii. 16
tatian,diatessaron,Mark,new_testament,Bible:Mark.11.16,Mark xi. 16
tatian,diatessaron,John,new_testament,Bible:John.2.17,John ii. 17
tatian,diatessaron,John,new_testament,Bible:John.2.18,John ii. 18
tatian,diatessaron,John,new_testament,Bible:John.2.19,John ii. 19
tatian,diatessaron,John,new_testament,Bible:John.2.20,John ii. 20
tatian,diatessaron,John,new_testament,Bible:John.2.21,John ii. 21
tatian,diatessaron,John,new_testament,Bible:John.2.22,John ii. 22
tatian,diatessaron,Mark,new_testament,Bible:Mark.12.41,Mark xii. 41
tatian,diatessaron,Mark,new_testament,Bible:Mark.12.42,Mark xii. 42
tatian,diatessaron,Luke,new_testament,Bible:Luke.21.3,Luke xxi. 3
tatian,diatessaron,Mark,new_testament,Bible:Mark.12.44,Mark xii. 44
tatian,diatessaron,Luke,new_testament,Bible:Luke.21.4,Luke xxi. 4
tatian,diatessaron,Luke,new_testament,Bible:Luke.18.9,Luke xviii. 9
tatian,diatessaron,Luke,new_testament,Bible:Luke.18.10,Luke xviii. 10
tatian,diatessaron,Luke,new_testament,Bible:Luke.18.11,Luke xviii. 11
tatian,diatessaron,Luke,new_testament,Bible:Luke.18.12,Luke xviii. 12
tatian,diatessaron,Luke,new_testament,Bible:Luke.18.13,Luke xviii. 13
tatian,diatessaron,Luke,new_testament,Bible:Luke.18.14,Luke xviii. 14
tatian,diatessaron,Mark,new_testament,Bible:Mark.11.19 Bible:Matt.21.17,Mark xi. 19a; Matt. xxi. 17
tatian,diatessaron,Mark,new_testament,Bible:Mark.11.12,Mark xi. 12
tatian,diatessaron,Mark,new_testament,Bible:Mark.11.13,Mark xi. 13
tatian,diatessaron,Mark,new_testament,Bible:Mark.11.14,Mark xi. 14
tatian,diatessaron,Mark,new_testament,Bible:Mark.11.15 Bible:John.3.1,"Mark
xi. 15a; John iii. 1"
tatian,diatessaron,John,new_testament,Bible:John.3.2,John iii. 2
tatian,diatessaron,John,new_testament,Bible:John.3.3,John iii. 3
tatian,diatessaron,John,new_testament,Bible:John.3.4,John iii. 4
tatian,diatessaron,John,new_testament,Bible:John.3.5,John iii. 5
tatian,diatessaron,John,new_testament,Bible:John.3.6,John iii. 6
tatian,diatessaron,John,new_testament,Bible:John.3.7,John iii. 7
tatian,diatessaron,John,new_testament,Bible:John.3.8,John iii. 8
tatian,diatessaron,John,new_testament,Bible:John.3.9,John iii. 9
tatian,diatessaron,John,new_testament,Bible:John.3.10,John iii. 10
tatian,diatessaron,John,new_testament,Bible:John.3.11,John iii. 11
tatian,diatessaron,John,new_testament,Bible:John.3.12,John iii. 12
tatian,diatessaron,John,new_testament,Bible:John.3.13,John iii. 13
tatian,diatessaron,John,new_testament,Bible:John.3.14,John iii. 14
tatian,diatessaron,John,new_testament,Bible:John.3.15,John iii. 15
tatian,diatessaron,John,new_testament,Bible:John.3.16,John iii. 16
tatian,diatessaron,John,new_testament,Bible:John.3.17,John iii. 17
tatian,diatessaron,John,new_testament,Bible:John.3.18,John iii. 18
tatian,diatessaron,John,new_testament,Bible:John.3.19,John iii. 19
tatian,diatessaron,John,new_testament,Bible:John.3.20,John iii. 20
tatian,diatessaron,John,new_testament,Bible:John.3.21,John iii. 21
tatian,diatessaron,Mark,new_testament,Bible:Mark.11.19,Mark xi. 19
tatian,diatessaron,Mark,new_testament,Bible:Mark.11.20,Mark xi. 20
tatian,diatessaron,Matt,new_testament,Bible:Matt.21.20,Matt. xxi. 20
tatian,diatessaron,Mark,new_testament,Bible:Mark.11.21,Mark xi. 21
tatian,diatessaron,Mark,new_testament,Bible:Mark.11.22,Mark xi. 22
tatian,diatessaron,Mark,new_testament,Bible:Mark.11.23,Mark xi. 23
tatian,diatessaron,Matt,new_testament,Bible:Matt.21.21,Matt. xxi. 21
tatian,diatessaron,Matt,new_testament,Bible:Matt.21.22,Matt. xxi. 22
tatian,diatessaron,Luke,new_testament,Bible:Luke.17.5,Luke xvii. 5
tatian,diatessaron,Luke,new_testament,Bible:Luke.17.6,Luke xvii. 6
tatian,diatessaron,Luke,new_testament,Bible:Luke.17.7,Luke xvii. 7
tatian,diatessaron,Luke,new_testament,Bible:Luke.17.8,Luke xvii. 8
tatian,diatessaron,Luke,new_testament,Bible:Luke.17.9,Luke xvii. 9
tatian,diatessaron,Luke,new_testament,Bible:Luke.17.10,Luke xvii. 10
tatian,diatessaron,Mark,new_testament,Bible:Mark.11.24,Mark xi. 24
tatian,diatessaron,Mark,new_testament,Bible:Mark.11.25,Mark xi. 25
tatian,diatessaron,Mark,new_testament,Bible:Mark.11.26,Mark xi. 26
tatian,diatessaron,Luke,new_testament,Bible:Luke.18.1,Luke xviii. 1
tatian,diatessaron,Luke,new_testament,Bible:Luke.18.2,Luke xviii. 2
tatian,diatessaron,Luke,new_testament,Bible:Luke.18.3,Luke xviii. 3
tatian,diatessaron,Luke,new_testament,Bible:Luke.18.4,Luke xviii. 4
tatian,diatessaron,Luke,new_testament,Bible:Luke.18.5,Luke xviii. 5
tatian,diatessaron,Luke,new_testament,Bible:Luke.18.6,Luke xviii. 6
tatian,diatessaron,Luke,new_testament,Bible:Luke.18.7,Luke xviii. 7
tatian,diatessaron,Luke,new_testament,Bible:Luke.18.8,Luke xviii. 8
tatian,diatessaron,Mark,new_testament,Bible:Mark.11.15,Mark xi. 15
tatian,diatessaron,Luke,new_testament,Bible:Luke.20.1,Luke xx. 1
tatian,diatessaron,Luke,new_testament,Bible:Luke.20.2,Luke xx. 2
tatian,diatessaron,Mark,new_testament,Bible:Mark.11.28,Mark xi. 28
tatian,diatessaron,Mark,new_testament,Bible:Mark.11.29 Bible:Matt.21.24,Mark xi. 29a; Matt. xxi. 24b
tatian,diatessaron,Matt,new_testament,Bible:Matt.21.25,Matt. xxi. 25
tatian,diatessaron,Mark,new_testament,Bible:Mark.11.30,Mark xi. 30
tatian,diatessaron,Matt,new_testament,Bible:Matt.21.26,Matt. xxi. 26
tatian,diatessaron,Luke,new_testament,Bible:Luke.20.6 Bible:Mark.11.32,"Luke
xx. 6b; Mark xi. 32b"
tatian,diatessaron,Mark,new_testament,Bible:Mark.11.33,Mark xi. 33
tatian,diatessaron,Matt,new_testament,Bible:Matt.21.28,Matt. xxi. 28
tatian,diatessaron,Matt,new_testament,Bible:Matt.21.29,Matt. xxi. 29
tatian,diatessaron,Matt,new_testament,Bible:Matt.21.30,Matt. xxi. 30
tatian,diatessaron,Matt,new_testament,Bible:Matt.21.31,Matt. xxi. 31
tatian,diatessaron,Matt,new_testament,Bible:Matt.21.32,Matt. xxi. 32
tatian,diatessaron,Matt,new_testament,Bible:Matt.21.33,Matt. xxi. 33
tatian,diatessaron,Mark,new_testament,Bible:Mark.21.34,Mark xxi. 34
tatian,diatessaron,Mark,new_testament,Bible:Mark.12.3,Mark xii. 3
tatian,diatessaron,Mark,new_testament,Bible:Mark.12.4,Mark xii. 4
tatian,diatessaron,Mark,new_testament,Bible:Mark.12.5,Mark xii. 5
tatian,diatessaron,Matt,new_testament,Bible:Matt.21.35,Matt. xxi. 35
tatian,diatessaron,Matt,new_testament,Bible:Matt.21.36,Matt. xxi. 36
tatian,diatessaron,Luke,new_testament,Bible:Luke.20.13,Luke xx. 13
tatian,diatessaron,Mark,new_testament,Bible:Mark.12.6,Mark xii. 6
tatian,diatessaron,Matt,new_testament,Bible:Matt.21.38,Matt. xxi. 38
tatian,diatessaron,Luke,new_testament,Bible:Luke.20.14,Luke xx. 14
tatian,diatessaron,Matt,new_testament,Bible:Matt.21.39,Matt. xxi. 39
tatian,diatessaron,Matt,new_testament,Bible:Matt.21.40,Matt. xxi. 40
tatian,diatessaron,Matt,new_testament,Bible:Matt.21.41,Matt. xxi. 41
tatian,diatessaron,Matt,new_testament,Bible:Matt.21.42,Matt. xxi. 42
tatian,diatessaron,Luke,new_testament,Bible:Luke.20.17,Luke xx. 17
tatian,diatessaron,Matt,new_testament,Bible:Matt.21.43,Matt. xxi. 43
tatian,diatessaron,Matt,new_testament,Bible:Matt.21.44,Matt. xxi. 44
tatian,diatessaron,Matt,new_testament,Bible:Matt.21.45,Matt. xxi. 45
tatian,diatessaron,Matt,new_testament,Bible:Matt.21.46,Matt. xxi. 46
tatian,diatessaron,Matt,new_testament,Bible:Matt.22.15 Bible:Luke.20.20,Matt. xxii. 15; Luke xx. 20
tatian,diatessaron,Matt,new_testament,Bible:Matt.22.16,Matt. xxii. 16
tatian,diatessaron,Matt,new_testament,Bible:Matt.22.17,Matt. xxii. 17
tatian,diatessaron,Mark,new_testament,Bible:Mark.12.15,Mark xii. 15
tatian,diatessaron,Matt,new_testament,Bible:Matt.22.18-Matt.22.19,"Matt. xxii.
18b; Matt. xxii. 19"
tatian,diatessaron,Matt,new_testament,Bible:Matt.22.20,Matt. xxii. 20
tatian,diatessaron,Matt,new_testament,Bible:Matt.22.21,Matt. xxii. 21
tatian,diatessaron,Luke,new_testament,Bible:Luke.20.26,Luke xx. 26
tatian,diatessaron,Matt,new_testament,Bible:Matt.22.23,Matt. xxii. 23
tatian,diatessaron,Matt,new_testament,Bible:Matt.22.24,Matt. xxii. 24
tatian,diatessaron,Matt,new_testament,Bible:Matt.22.25 Bible:Luke.20.29,Matt. xxii. 25; Luke xx. 29
tatian,diatessaron,Luke,new_testament,Bible:Luke.20.30,Luke xx. 30
tatian,diatessaron,Luke,new_testament,Bible:Luke.20.31,Luke xx. 31
tatian,diatessaron,Matt,new_testament,Bible:Matt.22.27,Matt. xxii. 27
tatian,diatessaron,Matt,new_testament,Bible:Matt.22.28,Matt. xxii. 28
tatian,diatessaron,Luke,new_testament,Bible:Luke.20.34,Luke xx. 34
tatian,diatessaron,Luke,new_testament,Bible:Luke.20.35,Luke xx. 35
tatian,diatessaron,Luke,new_testament,Bible:Luke.20.36,Luke xx. 36
tatian,diatessaron,Matt,new_testament,Bible:Matt.22.30 Bible:Mark.12.26,Matt. xxii. 30a; Mark xii. 26b
tatian,diatessaron,Luke,new_testament,Bible:Luke.20.38 Bible:Mark.12.27,Luke xx. 38; Mark xii. 27
tatian,diatessaron,Matt,new_testament,Bible:Matt.22.33,Matt. xxii. 33
tatian,diatessaron,Luke,new_testament,Bible:Luke.20.39,Luke xx. 39
tatian,diatessaron,Matt,new_testament,Bible:Matt.22.34,Matt. xxii. 34
tatian,diatessaron,Matt,new_testament,Bible:Matt.22.35 Bible:Mark.12.28,Matt. xxii. 35a; Mark xii. 28b
tatian,diatessaron,Luke,new_testament,Bible:Luke.10.25,Luke x. 25
tatian,diatessaron,Mark,new_testament,Bible:Mark.12.28,Mark xii. 28
tatian,diatessaron,Mark,new_testament,Bible:Mark.12.29,Mark xii. 29
tatian,diatessaron,Mark,new_testament,Bible:Mark.12.30 Bible:Matt.22.37,"Mark xii. 30a; Matt. xxii. 37b [rather, Mark
xii. 30b.]"
tatian,diatessaron,Matt,new_testament,Bible:Matt.22.38,Matt. xxii. 38
tatian,diatessaron,Mark,new_testament,Bible:Mark.12.31,Mark xii. 31
tatian,diatessaron,Matt,new_testament,Bible:Matt.22.40,Matt. xxii. 40
tatian,diatessaron,Mark,new_testament,Bible:Mark.12.32,Mark xii. 32
tatian,diatessaron,Mark,new_testament,Bible:Mark.12.33,Mark xii. 33
tatian,diatessaron,Mark,new_testament,Bible:Mark.12.34,Mark xii. 34
tatian,diatessaron,Luke,new_testament,Bible:Luke.10.28,Luke x. 28
tatian,diatessaron,Luke,new_testament,Bible:Luke.10.29,Luke x. 29
tatian,diatessaron,Luke,new_testament,Bible:Luke.10.30,Luke x. 30
tatian,diatessaron,Luke,new_testament,Bible:Luke.10.31,Luke x. 31
tatian,diatessaron,Luke,new_testament,Bible:Luke.10.32,Luke x. 32
tatian,diatessaron,Luke,new_testament,Bible:Luke.10.33,Luke x. 33
tatian,diatessaron,Luke,new_testament,Bible:Luke.10.34,Luke x. 34
tatian,diatessaron,Luke,new_testament,Bible:Luke.10.35,Luke x. 35
tatian,diatessaron,Luke,new_testament,Bible:Luke.10.36,Luke x. 36
tatian,diatessaron,Luke,new_testament,Bible:Luke.10.37,Luke x. 37
tatian,diatessaron,Luke,new_testament,Bible:Luke.19.47,Luke xix. 47
tatian,diatessaron,Luke,new_testament,Bible:Luke.19.48,Luke xix. 48
tatian,diatessaron,John,new_testament,Bible:John.7.32,John vii. 32
tatian,diatessaron,John,new_testament,Bible:John.7.33,John vii. 33
tatian,diatessaron,John,new_testament,Bible:John.7.34,John vii. 34
tatian,diatessaron,John,new_testament,Bible:John.7.35,John vii. 35
tatian,diatessaron,John,new_testament,Bible:John.7.36,John vii. 36
tatian,diatessaron,John,new_testament,Bible:John.7.37,John vii. 37
tatian,diatessaron,John,new_testament,Bible:John.7.38,John vii. 38
tatian,diatessaron,John,new_testament,Bible:John.7.39,John vii. 39
tatian,diatessaron,John,new_testament,Bible:John.7.40,John vii. 40
tatian,diatessaron,John,new_testament,Bible:John.7.41,John vii. 41
tatian,diatessaron,John,new_testament,Bible:John.7.42,John vii. 42
tatian,diatessaron,John,new_testament,Bible:John.7.43,John vii. 43
tatian,diatessaron,John,new_testament,Bible:John.7.44,John vii. 44
tatian,diatessaron,John,new_testament,Bible:John.7.45,John vii. 45
tatian,diatessaron,John,new_testament,Bible:John.7.46,John vii. 46
tatian,diatessaron,John,new_testament,Bible:John.7.47,John vii. 47
tatian,diatessaron,John,new_testament,Bible:John.7.48,John vii. 48
tatian,diatessaron,John,new_testament,Bible:John.7.49,John vii. 49
tatian,diatessaron,John,new_testament,Bible:John.7.50,John vii. 50
tatian,diatessaron,John,new_testament,Bible:John.7.51,John vii. 51
tatian,diatessaron,John,new_testament,Bible:John.7.52,John vii. 52
tatian,diatessaron,Matt,new_testament,Bible:Matt.22.41,Matt. xxii. 41
tatian,diatessaron,Matt,new_testament,Bible:Matt.22.42,Matt. xxii. 42
tatian,diatessaron,Matt,new_testament,Bible:Matt.22.43,Matt. xxii. 43
tatian,diatessaron,Matt,new_testament,Bible:Matt.22.44,Matt. xxii. 44
tatian,diatessaron,Matt,new_testament,Bible:Matt.22.45,Matt. xxii. 45
tatian,diatessaron,Matt,new_testament,Bible:Matt.22.46,Matt. xxii. 46
tatian,diatessaron,John,new_testament,Bible:John.8.12,John viii. 12
tatian,diatessaron,John,new_testament,Bible:John.8.13,John viii. 13
tatian,diatessaron,John,new_testament,Bible:John.8.14,John viii. 14
tatian,diatessaron,John,new_testament,Bible:John.8.15,John viii. 15
tatian,diatessaron,John,new_testament,Bible:John.8.16,John viii. 16
tatian,diatessaron,John,new_testament,Bible:John.8.17,John viii. 17
tatian,diatessaron,John,new_testament,Bible:John.8.18,John viii. 18
tatian,diatessaron,John,new_testament,Bible:John.8.19,John viii. 19
tatian,diatessaron,John,new_testament,Bible:John.8.20,John viii. 20
tatian,diatessaron,John,new_testament,Bible:John.8.21,John viii. 21
tatian,diatessaron,John,new_testament,Bible:John.8.22,John viii. 22
tatian,diatessaron,John,new_testament,Bible:John.8.23,John viii. 23
tatian,diatessaron,John,new_testament,Bible:John.8.24,John viii. 24
tatian,diatessaron,John,new_testament,Bible:John.8.25,John viii. 25
tatian,diatessaron,John,new_testament,Bible:John.8.26,John viii. 26
tatian,diatessaron,John,new_testament,Bible:John.8.27,John viii. 27
tatian,diatessaron,John,new_testament,Bible:John.8.28,John viii. 28
tatian,diatessaron,John,new_testament,Bible:John.8.29,John viii. 29
tatian,diatessaron,John,new_testament,Bible:John.8.30,John viii. 30
tatian,diatessaron,John,new_testament,Bible:John.8.31,John viii. 31
tatian,diatessaron,John,new_testament,Bible:John.8.32,John viii. 32
tatian,diatessaron,John,new_testament,Bible:John.8.33,John viii. 33
tatian,diatessaron,John,new_testament,Bible:John.8.34,John viii. 34
tatian,diatessaron,John,new_testament,Bible:John.8.35,John viii. 35
tatian,diatessaron,John,new_testament,Bible:John.8.37,John viii. 37
tatian,diatessaron,John,new_testament,Bible:John.8.38,John viii. 38
tatian,diatessaron,John,new_testament,Bible:John.8.39,John viii. 39
tatian,diatessaron,John,new_testament,Bible:John.8.40,John viii. 40
tatian,diatessaron,John,new_testament,Bible:John.8.41,John viii. 41
tatian,diatessaron,John,new_testament,Bible:John.8.42,John viii. 42
tatian,diatessaron,John,new_testament,Bible:John.8.43,John viii. 43
tatian,diatessaron,John,new_testament,Bible:John.8.44,John viii. 44
tatian,diatessaron,John,new_testament,Bible:John.8.45,John viii. 45
tatian,diatessaron,John,new_testament,Bible:John.8.46,John viii. 46
tatian,diatessaron,John,new_testament,Bible:John.8.47,John viii. 47
tatian,diatessaron,John,new_testament,Bible:John.8.48,John viii. 48
tatian,diatessaron,John,new_testament,Bible:John.8.49,John viii. 49
tatian,diatessaron,John,new_testament,Bible:John.8.50,John viii. 50
tatian,diatessaron,John,new_testament,Bible:John.8.51,John viii. 51
tatian,diatessaron,John,new_testament,Bible:John.8.52,John viii. 52
tatian,diatessaron,John,new_testament,Bible:John.8.53,John viii. 53
tatian,diatessaron,John,new_testament,Bible:John.8.54,John viii. 54
tatian,diatessaron,John,new_testament,Bible:John.8.55,John viii. 55
tatian,diatessaron,John,new_testament,Bible:John.8.56,John viii. 56
tatian,diatessaron,John,new_testament,Bible:John.8.57,John viii. 57
tatian,diatessaron,John,new_testament,Bible:John.8.58,John viii. 58
tatian,diatessaron,John,new_testament,Bible:John.8.59,John viii. 59
tatian,diatessaron,John,new_testament,Bible:John.8.60,John viii. 60
tatian,diatessaron,John,new_testament,Bible:John.9.1,John ix. 1
tatian,diatessaron,John,new_testament,Bible:John.9.2,John ix. 2
tatian,diatessaron,John,new_testament,Bible:John.9.3,John ix. 3
tatian,diatessaron,John,new_testament,Bible:John.9.4,John ix. 4
tatian,diatessaron,John,new_testament,Bible:John.9.5,John ix. 5
tatian,diatessaron,John,new_testament,Bible:John.9.6,John ix. 6
tatian,diatessaron,John,new_testament,Bible:John.9.7,John ix. 7
tatian,diatessaron,John,new_testament,Bible:John.9.8,John ix. 8
tatian,diatessaron,John,new_testament,Bible:John.9.9,John ix. 9
tatian,diatessaron,John,new_testament,Bible:John.9.10,John ix. 10
tatian,diatessaron,John,new_testament,Bible:John.9.11,John ix. 11
tatian,diatessaron,John,new_testament,Bible:John.9.12,John ix. 12
tatian,diatessaron,John,new_testament,Bible:John.9.13,John ix. 13
tatian,diatessaron,John,new_testament,Bible:John.9.14,John ix. 14
tatian,diatessaron,John,new_testament,Bible:John.9.15,John ix. 15
tatian,diatessaron,John,new_testament,Bible:John.9.16,John ix. 16
tatian,diatessaron,John,new_testament,Bible:John.9.17,John ix. 17
tatian,diatessaron,John,new_testament,Bible:John.9.18,John ix. 18
tatian,diatessaron,John,new_testament,Bible:John.9.19,John ix. 19
tatian,diatessaron,John,new_testament,Bible:John.9.20,John ix. 20
tatian,diatessaron,John,new_testament,Bible:John.9.21,John ix. 21
tatian,diatessaron,John,new_testament,Bible:John.9.22,John ix. 22
tatian,diatessaron,John,new_testament,Bible:John.9.23,John ix. 23
tatian,diatessaron,John,new_testament,Bible:John.9.24,John ix. 24
tatian,diatessaron,John,new_testament,Bible:John.9.25,John ix. 25
tatian,diatessaron,John,new_testament,Bible:John.9.26,John ix. 26
tatian,diatessaron,John,new_testament,Bible:John.9.27,John ix. 27
tatian,diatessaron,John,new_testament,Bible:John.9.28,John ix. 28
tatian,diatessaron,John,new_testament,Bible:John.9.29,John ix. 29
tatian,diatessaron,John,new_testament,Bible:John.9.30,John ix. 30
tatian,diatessaron,John,new_testament,Bible:John.9.31,John ix. 31
tatian,diatessaron,John,new_testament,Bible:John.9.32,John ix. 32
tatian,diatessaron,John,new_testament,Bible:John.9.33,John ix. 33
tatian,diatessaron,John,new_testament,Bible:John.9.34,John ix. 34
tatian,diatessaron,John,new_testament,Bible:John.9.35,John ix. 35
tatian,diatessaron,John,new_testament,Bible:John.9.36,John ix. 36
tatian,diatessaron,John,new_testament,Bible:John.9.37,John ix. 37
tatian,diatessaron,John,new_testament,Bible:John.9.38,John ix. 38
tatian,diatessaron,John,new_testament,Bible:John.9.39,John ix. 39
tatian,diatessaron,John,new_testament,Bible:John.9.40,John ix. 40
tatian,diatessaron,John,new_testament,Bible:John.9.41,John ix. 41
tatian,diatessaron,John,new_testament,Bible:John.10.1,John x. 1
tatian,diatessaron,John,new_testament,Bible:John.10.2,John x. 2
tatian,diatessaron,John,new_testament,Bible:John.10.3,John x. 3
tatian,diatessaron,John,new_testament,Bible:John.10.4,John x. 4
tatian,diatessaron,John,new_testament,Bible:John.10.5,John x. 5
tatian,diatessaron,John,new_testament,Bible:John.10.6,John x. 6
tatian,diatessaron,John,new_testament,Bible:John.10.7,John x. 7
tatian,diatessaron,John,new_testament,Bible:John.10.8,John x. 8
tatian,diatessaron,John,new_testament,Bible:John.10.9,John x. 9
tatian,diatessaron,John,new_testament,Bible:John.10.10,John x. 10
tatian,diatessaron,John,new_testament,Bible:John.10.11,John x. 11
tatian,diatessaron,John,new_testament,Bible:John.10.12,John x. 12
tatian,diatessaron,John,new_testament,Bible:John.10.13,John x. 13
tatian,diatessaron,John,new_testament,Bible:John.10.14,John x. 14
tatian,diatessaron,John,new_testament,Bible:John.10.15,John x. 15
tatian,diatessaron,John,new_testament,Bible:John.10.16,John x. 16
tatian,diatessaron,John,new_testament,Bible:John.10.17,John x. 17
tatian,diatessaron,John,new_testament,Bible:John.10.18,John x. 18
tatian,diatessaron,John,new_testament,Bible:John.10.19,John x. 19
tatian,diatessaron,John,new_testament,Bible:John.10.20,John x. 20
tatian,diatessaron,John,new_testament,Bible:John.10.21,John x. 21
tatian,diatessaron,John,new_testament,Bible:John.10.22,John x. 22
tatian,diatessaron,John,new_testament,Bible:John.10.23,John x. 23
tatian,diatessaron,John,new_testament,Bible:John.10.24,John x. 24
tatian,diatessaron,John,new_testament,Bible:John.10.25,John x. 25
tatian,diatessaron,John,new_testament,Bible:John.10.26,John x. 26
tatian,diatessaron,John,new_testament,Bible:John.10.27,John x. 27
tatian,diatessaron,John,new_testament,Bible:John.10.28,John x. 28
tatian,diatessaron,John,new_testament,Bible:John.10.29,John x. 29
tatian,diatessaron,John,new_testament,Bible:John.10.30,John x. 30
tatian,diatessaron,John,new_testament,Bible:John.10.31,John x. 31
tatian,diatessaron,John,new_testament,Bible:John.10.32,John x. 32
tatian,diatessaron,John,new_testament,Bible:John.10.33,John x. 33
tatian,diatessaron,John,new_testament,Bible:John.10.34,John x. 34
tatian,diatessaron,John,new_testament,Bible:John.10.35,John x. 35
tatian,diatessaron,John,new_testament,Bible:John.10.36,John x. 36
tatian,diatessaron,John,new_testament,Bible:John.10.37,John x. 37
tatian,diatessaron,John,new_testament,Bible:John.10.38,John x. 38
tatian,diatessaron,John,new_testament,Bible:John.10.39,John x. 39
tatian,diatessaron,John,new_testament,Bible:John.10.40,John x. 40
tatian,diatessaron,John,new_testament,Bible:John.10.41,John x. 41
tatian,diatessaron,John,new_testament,Bible:John.10.42,John x. 42
tatian,diatessaron,John,new_testament,Bible:John.11.1,John xi. 1
tatian,diatessaron,John,new_testament,Bible:John.11.2,John xi. 2
tatian,diatessaron,John,new_testament,Bible:John.11.3,John xi. 3
tatian,diatessaron,John,new_testament,Bible:John.11.4,John xi. 4
tatian,diatessaron,John,new_testament,Bible:John.11.5,John xi. 5
tatian,diatessaron,John,new_testament,Bible:John.11.6,John xi. 6
tatian,diatessaron,John,new_testament,Bible:John.11.7,John xi. 7
tatian,diatessaron,John,new_testament,Bible:John.11.8,John xi. 8
tatian,diatessaron,John,new_testament,Bible:John.11.9,John xi. 9
tatian,diatessaron,John,new_testament,Bible:John.11.10,John xi. 10
tatian,diatessaron,John,new_testament,Bible:John.11.11,John xi. 11
tatian,diatessaron,John,new_testament,Bible:John.11.12,John xi. 12
tatian,diatessaron,John,new_testament,Bible:John.11.13,John xi. 13
tatian,diatessaron,John,new_testament,Bible:John.11.14,John xi. 14
tatian,diatessaron,John,new_testament,Bible:John.11.15,John xi. 15
tatian,diatessaron,John,new_testament,Bible:John.11.16,John xi. 16
tatian,diatessaron,John,new_testament,Bible:John.11.17,John xi. 17
tatian,diatessaron,John,new_testament,Bible:John.11.18,John xi. 18
tatian,diatessaron,John,new_testament,Bible:John.11.19,John xi. 19
tatian,diatessaron,John,new_testament,Bible:John.11.20,John xi. 20
tatian,diatessaron,John,new_testament,Bible:John.11.21,John xi. 21
tatian,diatessaron,John,new_testament,Bible:John.11.22,John xi. 22
tatian,diatessaron,John,new_testament,Bible:John.11.23,John xi. 23
tatian,diatessaron,John,new_testament,Bible:John.11.24,John xi. 24
tatian,diatessaron,John,new_testament,Bible:John.11.25,John xi. 25
tatian,diatessaron,John,new_testament,Bible:John.11.26,John xi. 26
tatian,diatessaron,John,new_testament,Bible:John.11.27,John xi. 27
tatian,diatessaron,John,new_testament,Bible:John.11.28,John xi. 28
tatian,diatessaron,John,new_testament,Bible:John.11.29,John xi. 29
tatian,diatessaron,John,new_testament,Bible:John.11.30,John xi. 30
tatian,diatessaron,John,new_testament,Bible:John.11.31,John xi. 31
tatian,diatessaron,John,new_testament,Bible:John.11.32,John xi. 32
tatian,diatessaron,John,new_testament,Bible:John.11.33,John xi. 33
tatian,diatessaron,John,new_testament,Bible:John.11.34,John xi. 34
tatian,diatessaron,John,new_testament,Bible:John.11.35,John xi. 35
tatian,diatessaron,John,new_testament,Bible:John.11.36,John xi. 36
tatian,diatessaron,John,new_testament,Bible:John.11.37,John xi. 37
tatian,diatessaron,John,new_testament,Bible:John.11.38,John xi. 38
tatian,diatessaron,John,new_testament,Bible:John.11.39,John xi. 39
tatian,diatessaron,John,new_testament,Bible:John.11.40,John xi. 40
tatian,diatessaron,John,new_testament,Bible:John.11.41,John xi. 41
tatian,diatessaron,John,new_testament,Bible:John.11.42,John xi. 42
tatian,diatessaron,John,new_testament,Bible:John.11.43,John xi. 43
tatian,diatessaron,John,new_testament,Bible:John.11.44,John xi. 44
tatian,diatessaron,John,new_testament,Bible:John.11.45,John xi. 45
tatian,diatessaron,John,new_testament,Bible:John.11.46,John xi. 46
tatian,diatessaron,John,new_testament,Bible:John.11.47,John xi. 47
tatian,diatessaron,John,new_testament,Bible:John.11.48,John xi. 48
tatian,diatessaron,John,new_testament,Bible:John.11.49,John xi. 49
tatian,diatessaron,John,new_testament,Bible:John.11.50,John xi. 50
tatian,diatessaron,John,new_testament,Bible:John.11.51,John xi. 51
tatian,diatessaron,John,new_testament,Bible:John.11.52,John xi. 52
tatian,diatessaron,John,new_testament,Bible:John.11.53,John xi. 53
tatian,diatessaron,John,new_testament,Bible:John.11.54,John xi. 54
tatian,diatessaron,John,new_testament,Bible:John.11.55,John xi. 55
tatian,diatessaron,John,new_testament,Bible:John.11.56,John xi. 56
tatian,diatessaron,John,new_testament,Bible:John.11.57,John xi. 57
tatian,diatessaron,Luke,new_testament,Bible:Luke.9.51,Luke ix. 51
tatian,diatessaron,Luke,new_testament,Bible:Luke.9.52,Luke ix. 52
tatian,diatessaron,Luke,new_testament,Bible:Luke.9.53,Luke ix. 53
tatian,diatessaron,Luke,new_testament,Bible:Luke.9.54,Luke ix. 54
tatian,diatessaron,Luke,new_testament,Bible:Luke.9.55,Luke ix. 55
tatian,diatessaron,Luke,new_testament,Bible:Luke.9.56,Luke ix. 56
tatian,diatessaron,John,new_testament,Bible:John.12.1,John xii. 1
tatian,diatessaron,John,new_testament,Bible:John.12.2,John xii. 2
tatian,diatessaron,Mark,new_testament,Bible:Mark.14.3,Mark xiv. 3
tatian,diatessaron,John,new_testament,Bible:John.12.9,John xii. 9
tatian,diatessaron,John,new_testament,Bible:John.12.10,John xii. 10
tatian,diatessaron,John,new_testament,Bible:John.12.11,John xii. 11
tatian,diatessaron,John,new_testament,Bible:John.12.3,John xii. 3
tatian,diatessaron,John,new_testament,Bible:John.12.4,John xii. 4
tatian,diatessaron,John,new_testament,Bible:John.12.5,John xii. 5
tatian,diatessaron,John,new_testament,Bible:John.12.6,John xii. 6
tatian,diatessaron,Mark,new_testament,Bible:Mark.14.4,Mark xiv. 4
tatian,diatessaron,Matt,new_testament,Bible:Matt.26.9,Matt. xxvi. 9
tatian,diatessaron,Mark,new_testament,Bible:Mark.14.5,Mark xiv. 5
tatian,diatessaron,Matt,new_testament,Bible:Matt.26.10,Matt. xxvi. 10
tatian,diatessaron,Mark,new_testament,Bible:Mark.14.6,Mark xiv. 6
tatian,diatessaron,John,new_testament,Bible:John.12.7,John xii. 7
tatian,diatessaron,John,new_testament,Bible:John.12.8,John xii. 8
tatian,diatessaron,Mark,new_testament,Bible:Mark.14.7,Mark xiv. 7
tatian,diatessaron,Matt,new_testament,Bible:Matt.26.12,Matt. xxvi. 12
tatian,diatessaron,Mark,new_testament,Bible:Mark.14.8-Mark.14.9,"Mark xiv. 8b;
Mark xiv. 9"
tatian,diatessaron,Luke,new_testament,Bible:Luke.19.28,Luke xix. 28
tatian,diatessaron,Luke,new_testament,Bible:Luke.19.29 Bible:Matt.21.1,Luke xix. 29a; Matt. xxi. 1b
tatian,diatessaron,Matt,new_testament,Bible:Matt.21.2 Bible:Mark.11.2,Matt. xxi. 2a; Mark xi. 2b
tatian,diatessaron,Matt,new_testament,Bible:Matt.21.2 Bible:Luke.19.30,Matt. xxi. 2b; Luke xix. 30b
tatian,diatessaron,Matt,new_testament,Bible:Matt.21.2 Bible:Luke.19.31,Matt. xxi. 2c; Luke xix. 31a
tatian,diatessaron,Matt,new_testament,Bible:Matt.21.3-Matt.21.4,"Matt. xxi.
3b; Matt. xxi. 4"
tatian,diatessaron,Matt,new_testament,Bible:Matt.21.5,Matt. xxi. 5
tatian,diatessaron,John,new_testament,Bible:John.12.16,John xii. 16
tatian,diatessaron,Matt,new_testament,Bible:Matt.21.6 Bible:Luke.19.32,Matt. xxi. 6a; Luke xix. 32b
tatian,diatessaron,Matt,new_testament,Bible:Matt.21.6 Bible:Luke.19.33,Matt. xxi. 6b; Luke xix. 33
tatian,diatessaron,Luke,new_testament,Bible:Luke.19.34,Luke xix. 34
tatian,diatessaron,Mark,new_testament,Bible:Mark.11.6 Bible:Matt.21.7,"Mark
xi. 6b; Matt. xxi. 7"
tatian,diatessaron,Matt,new_testament,Bible:Matt.21.8,Matt. xxi. 8
tatian,diatessaron,Luke,new_testament,Bible:Luke.19.37,Luke xix. 37
tatian,diatessaron,Matt,new_testament,Bible:Matt.21.9 Bible:Luke.19.38,"Matt. xxi. 9b [or better Luke xix.
38a.]"
tatian,diatessaron,Mark,new_testament,Bible:Mark.11.10,Mark xi. 10
tatian,diatessaron,Luke,new_testament,Bible:Luke.19.38,Luke xix. 38
tatian,diatessaron,John,new_testament,Bible:John.12.12,John xii. 12
tatian,diatessaron,Ezek,old_testament_or_other,Bible:Ezek.27.25,Ezek. xxvii. 25
tatian,diatessaron,John,new_testament,Bible:John.12.13,John xii. 13
tatian,diatessaron,Luke,new_testament,Bible:Luke.19.39,Luke xix. 39
tatian,diatessaron,Luke,new_testament,Bible:Luke.19.40,Luke xix. 40
tatian,diatessaron,Luke,new_testament,Bible:Luke.19.41,Luke xix. 41
tatian,diatessaron,Luke,new_testament,Bible:Luke.19.42,Luke xix. 42
tatian,diatessaron,Luke,new_testament,Bible:Luke.19.43,Luke xix. 43
tatian,diatessaron,Luke,new_testament,Bible:Luke.19.44,Luke xix. 44
tatian,diatessaron,Matt,new_testament,Bible:Matt.21.10,Matt. xxi. 10
tatian,diatessaron,Matt,new_testament,Bible:Matt.21.11,Matt. xxi. 11
tatian,diatessaron,John,new_testament,Bible:John.12.17,John xii. 17
tatian,diatessaron,John,new_testament,Bible:John.12.18,John xii. 18
tatian,diatessaron,Matt,new_testament,Bible:Matt.21.14,Matt. xxi. 14
tatian,diatessaron,Matt,new_testament,Bible:Matt.21.15,Matt. xxi. 15
tatian,diatessaron,Matt,new_testament,Bible:Matt.21.16,Matt. xxi. 16
tatian,diatessaron,John,new_testament,Bible:John.12.19,John xii. 19
tatian,diatessaron,John,new_testament,Bible:John.12.20,John xii. 20
tatian,diatessaron,John,new_testament,Bible:John.12.21,John xii. 21
tatian,diatessaron,John,new_testament,Bible:John.12.22,John xii. 22
tatian,diatessaron,John,new_testament,Bible:John.12.23,John xii. 23
tatian,diatessaron,John,new_testament,Bible:John.12.24,John xii. 24
tatian,diatessaron,John,new_testament,Bible:John.12.25,John xii. 25
tatian,diatessaron,John,new_testament,Bible:John.12.26,John xii. 26
tatian,diatessaron,John,new_testament,Bible:John.12.27,John xii. 27
tatian,diatessaron,John,new_testament,Bible:John.12.28,John xii. 28
tatian,diatessaron,John,new_testament,Bible:John.12.29,John xii. 29
tatian,diatessaron,John,new_testament,Bible:John.12.30,John xii. 30
tatian,diatessaron,John,new_testament,Bible:John.12.31,John xii. 31
tatian,diatessaron,John,new_testament,Bible:John.12.32,John xii. 32
tatian,diatessaron,John,new_testament,Bible:John.12.33,John xii. 33
tatian,diatessaron,John,new_testament,Bible:John.12.34,John xii. 34
tatian,diatessaron,John,new_testament,Bible:John.12.35,John xii. 35
tatian,diatessaron,John,new_testament,Bible:John.12.36,John xii. 36
tatian,diatessaron,Luke,new_testament,Bible:Luke.17.20,Luke xvii. 20
tatian,diatessaron,Luke,new_testament,Bible:Luke.17.21,Luke xvii. 21
tatian,diatessaron,Luke,new_testament,Bible:Luke.21.37,Luke xxi. 37
tatian,diatessaron,Luke,new_testament,Bible:Luke.21.38,Luke xxi. 38
tatian,diatessaron,Matt,new_testament,Bible:Matt.23.1,Matt. xxiii. 1
tatian,diatessaron,Matt,new_testament,Bible:Matt.23.2,Matt. xxiii. 2
tatian,diatessaron,Matt,new_testament,Bible:Matt.23.3,Matt. xxiii. 3
tatian,diatessaron,Matt,new_testament,Bible:Matt.23.4,Matt. xxiii. 4
tatian,diatessaron,Matt,new_testament,Bible:Matt.23.5,Matt. xxiii. 5
tatian,diatessaron,Mark,new_testament,Bible:Mark.12.37,Mark xii. 37
tatian,diatessaron,Mark,new_testament,Bible:Mark.12.38,Mark xii. 38
tatian,diatessaron,Mark,new_testament,Bible:Mark.12.39,Mark xii. 39
tatian,diatessaron,Matt,new_testament,Bible:Matt.23.7,Matt. xxiii. 7
tatian,diatessaron,Mark,new_testament,Bible:Mark.12.40,Mark xii. 40
tatian,diatessaron,Matt,new_testament,Bible:Matt.23.8,Matt. xxiii. 8
tatian,diatessaron,Matt,new_testament,Bible:Matt.23.9,Matt. xxiii. 9
tatian,diatessaron,Matt,new_testament,Bible:Matt.23.10,Matt. xxiii. 10
tatian,diatessaron,Matt,new_testament,Bible:Matt.23.11,Matt. xxiii. 11
tatian,diatessaron,Matt,new_testament,Bible:Matt.23.12,Matt. xxiii. 12
tatian,diatessaron,Luke,new_testament,Bible:Luke.11.43,Luke xi. 43
tatian,diatessaron,Matt,new_testament,Bible:Matt.23.14,Matt. xxiii. 14
tatian,diatessaron,Matt,new_testament,Bible:Matt.23.13,Matt. xxiii. 13
tatian,diatessaron,Luke,new_testament,Bible:Luke.11.52,Luke xi. 52
tatian,diatessaron,Matt,new_testament,Bible:Matt.23.15,Matt. xxiii. 15
tatian,diatessaron,Matt,new_testament,Bible:Matt.23.16,Matt. xxiii. 16
tatian,diatessaron,Matt,new_testament,Bible:Matt.23.17,Matt. xxiii. 17
tatian,diatessaron,Matt,new_testament,Bible:Matt.23.18,Matt. xxiii. 18
tatian,diatessaron,Matt,new_testament,Bible:Matt.23.19,Matt. xxiii. 19
tatian,diatessaron,Matt,new_testament,Bible:Matt.23.20,Matt. xxiii. 20
tatian,diatessaron,Matt,new_testament,Bible:Matt.23.21,Matt. xxiii. 21
tatian,diatessaron,Matt,new_testament,Bible:Matt.23.22,Matt. xxiii. 22
tatian,diatessaron,Matt,new_testament,Bible:Matt.23.23,Matt. xxiii. 23
tatian,diatessaron,Matt,new_testament,Bible:Matt.23.24,Matt. xxiii. 24
tatian,diatessaron,Matt,new_testament,Bible:Matt.23.25,Matt. xxiii. 25
tatian,diatessaron,Matt,new_testament,Bible:Matt.23.26,Matt. xxiii. 26
tatian,diatessaron,Matt,new_testament,Bible:Matt.23.27,Matt. xxiii. 27
tatian,diatessaron,Matt,new_testament,Bible:Matt.23.28,Matt. xxiii. 28
tatian,diatessaron,Luke,new_testament,Bible:Luke.11.45,Luke xi. 45
tatian,diatessaron,Luke,new_testament,Bible:Luke.11.46,Luke xi. 46
tatian,diatessaron,Matt,new_testament,Bible:Matt.23.29 Bible:Luke.11.47,"Matt. xxiii. 29a; Luke xi. 47b; Matt. xxiii.
29b"
tatian,diatessaron,Matt,new_testament,Bible:Matt.23.30,Matt. xxiii. 30
tatian,diatessaron,Matt,new_testament,Bible:Matt.23.31,Matt. xxiii. 31
tatian,diatessaron,Matt,new_testament,Bible:Matt.23.32,Matt. xxiii. 32
tatian,diatessaron,Matt,new_testament,Bible:Matt.23.33,Matt. xxiii. 33
tatian,diatessaron,Matt,new_testament,Bible:Matt.23.34,Matt. xxiii. 34
tatian,diatessaron,Matt,new_testament,Bible:Matt.23.35,Matt. xxiii. 35
tatian,diatessaron,Matt,new_testament,Bible:Matt.23.36,Matt. xxiii. 36
tatian,diatessaron,Matt,new_testament,Bible:Matt.23.37,Matt. xxiii. 37
tatian,diatessaron,Matt,new_testament,Bible:Matt.23.38,Matt. xxiii. 38
tatian,diatessaron,Matt,new_testament,Bible:Matt.23.39,Matt. xxiii. 39
tatian,diatessaron,John,new_testament,Bible:John.12.42,John xii. 42
tatian,diatessaron,John,new_testament,Bible:John.12.43,John xii. 43
tatian,diatessaron,John,new_testament,Bible:John.12.44,John xii. 44
tatian,diatessaron,John,new_testament,Bible:John.12.45,John xii. 45
tatian,diatessaron,John,new_testament,Bible:John.12.46,John xii. 46
tatian,diatessaron,John,new_testament,Bible:John.12.47,John xii. 47
tatian,diatessaron,John,new_testament,Bible:John.12.48,John xii. 48
tatian,diatessaron,John,new_testament,Bible:John.12.49,John xii. 49
tatian,diatessaron,John,new_testament,Bible:John.12.50,John xii. 50
tatian,diatessaron,Luke,new_testament,Bible:Luke.11.53,Luke xi. 53
tatian,diatessaron,Luke,new_testament,Bible:Luke.11.54,Luke xi. 54
tatian,diatessaron,Luke,new_testament,Bible:Luke.12.1,Luke xii. 1
tatian,diatessaron,Luke,new_testament,Bible:Luke.12.2,Luke xii. 2
tatian,diatessaron,Luke,new_testament,Bible:Luke.12.3,Luke xii. 3
tatian,diatessaron,John,new_testament,Bible:John.12.37,John xii. 37
tatian,diatessaron,John,new_testament,Bible:John.12.38,John xii. 38
tatian,diatessaron,John,new_testament,Bible:John.12.39,John xii. 39
tatian,diatessaron,John,new_testament,Bible:John.12.40,John xii. 40
tatian,diatessaron,John,new_testament,Bible:John.12.41,John xii. 41
tatian,diatessaron,Matt,new_testament,Bible:Matt.24.1,Matt. xxiv. 1
tatian,diatessaron,Mark,new_testament,Bible:Mark.13.1 Bible:Luke.21.5,"Mark
xiii. 1b; Luke xxi. 5b"
tatian,diatessaron,Matt,new_testament,Bible:Matt.24.2,Matt. xxiv. 2
tatian,diatessaron,Luke,new_testament,Bible:Luke.19.43-Luke.19.44 Bible:Matt.24.2 Bible:Mark.13.2,"Luke xix. 43a; Luke xix. 44b [or rather Matt.
xxiv. 2b, or Mark xiii. 2b]"
tatian,diatessaron,Mark,new_testament,Bible:Mark.14.1,Mark xiv. 1
tatian,diatessaron,Mark,new_testament,Bible:Mark.14.2,Mark xiv. 2
tatian,diatessaron,Mark,new_testament,Bible:Mark.13.3,Mark xiii. 3
tatian,diatessaron,Luke,new_testament,Bible:Luke.21.7 Bible:Matt.24.3,"Luke
xxi. 7b; Matt. xxiv. 3b"
tatian,diatessaron,Matt,new_testament,Bible:Matt.24.4 Bible:Luke.17.22,"Matt. xxiv. 4a; Luke xvii. 22b; Matt. xxiv.
4b"
tatian,diatessaron,Matt,new_testament,Bible:Matt.24.5,Matt. xxiv. 5
tatian,diatessaron,Luke,new_testament,Bible:Luke.21.8,Luke xxi. 8
tatian,diatessaron,Mark,new_testament,Bible:Mark.13.6 Bible:Luke.21.8,"Mark
xiii. 6b; Luke xxi. 8c"
tatian,diatessaron,Mark,new_testament,Bible:Mark.13.7 Bible:Matt.24.7 Bible:Luke.21.9,"Mark xiii. 7a; Matt. xxiv. 7b; Luke xxi.
9b"
tatian,diatessaron,Matt,new_testament,Bible:Matt.24.7,Matt. xxiv. 7
tatian,diatessaron,Luke,new_testament,Bible:Luke.21.11,Luke xxi. 11
tatian,diatessaron,Matt,new_testament,Bible:Matt.24.8,Matt. xxiv. 8
tatian,diatessaron,Luke,new_testament,Bible:Luke.21.12,Luke xxi. 12
tatian,diatessaron,Luke,new_testament,Bible:Luke.21.13,Luke xxi. 13
tatian,diatessaron,Mark,new_testament,Bible:Mark.13.10,Mark xiii. 10
tatian,diatessaron,Luke,new_testament,Bible:Luke.12.11,Luke xii. 11
tatian,diatessaron,Mark,new_testament,Bible:Mark.13.11,Mark xiii. 11
tatian,diatessaron,Luke,new_testament,Bible:Luke.21.14,Luke xxi. 14
tatian,diatessaron,Luke,new_testament,Bible:Luke.21.15,Luke xxi. 15
tatian,diatessaron,Matt,new_testament,Bible:Matt.24.9,Matt. xxiv. 9
tatian,diatessaron,Matt,new_testament,Bible:Matt.24.30,Matt. xxiv. 30
tatian,diatessaron,Luke,new_testament,Bible:Luke.21.16,Luke xxi. 16
tatian,diatessaron,Luke,new_testament,Bible:Luke.21.18,Luke xxi. 18
tatian,diatessaron,Luke,new_testament,Bible:Luke.21.19,Luke xxi. 19
tatian,diatessaron,Matt,new_testament,Bible:Matt.24.11,Matt. xxiv. 11
tatian,diatessaron,Matt,new_testament,Bible:Matt.24.12,Matt. xxiv. 12
tatian,diatessaron,Matt,new_testament,Bible:Matt.24.13,Matt. xxiv. 13
tatian,diatessaron,Matt,new_testament,Bible:Matt.24.14,Matt. xxiv. 14
tatian,diatessaron,Luke,new_testament,Bible:Luke.21.20,Luke xxi. 20
tatian,diatessaron,Luke,new_testament,Bible:Luke.21.21,Luke xxi. 21
tatian,diatessaron,Luke,new_testament,Bible:Luke.21.22,Luke xxi. 22
tatian,diatessaron,Matt,new_testament,Bible:Matt.24.15,Matt. xxiv. 15
tatian,diatessaron,Matt,new_testament,Bible:Matt.24.16,Matt. xxiv. 16
tatian,diatessaron,Mark,new_testament,Bible:Mark.13.15,Mark xiii. 15
tatian,diatessaron,Mark,new_testament,Bible:Mark.13.16,Mark xiii. 16
tatian,diatessaron,Luke,new_testament,Bible:Luke.21.23,Luke xxi. 23
tatian,diatessaron,Luke,new_testament,Bible:Luke.21.24,Luke xxi. 24
tatian,diatessaron,Mark,new_testament,Bible:Mark.13.21,Mark xiii. 21
tatian,diatessaron,Matt,new_testament,Bible:Matt.24.24,Matt. xxiv. 24
tatian,diatessaron,Mark,new_testament,Bible:Mark.13.23,Mark xiii. 23
tatian,diatessaron,Matt,new_testament,Bible:Matt.24.26,Matt. xxiv. 26
tatian,diatessaron,Matt,new_testament,Bible:Matt.24.27,Matt. xxiv. 27
tatian,diatessaron,Luke,new_testament,Bible:Luke.17.25,Luke xvii. 25
tatian,diatessaron,Matt,new_testament,Bible:Matt.24.20,Matt. xxiv. 20
tatian,diatessaron,Matt,new_testament,Bible:Matt.24.21,Matt. xxiv. 21
tatian,diatessaron,Mark,new_testament,Bible:Mark.13.20,Mark xiii. 20
tatian,diatessaron,Luke,new_testament,Bible:Luke.21.25,Luke xxi. 25
tatian,diatessaron,Luke,new_testament,Bible:Luke.21.26,Luke xxi. 26
tatian,diatessaron,Mark,new_testament,Bible:Mark.13.24 Bible:Matt.24.29,Mark xiii. 24a; Matt. xxiv. 29
tatian,diatessaron,Matt,new_testament,Bible:Matt.24.31,Matt. xxiv. 31
tatian,diatessaron,Luke,new_testament,Bible:Luke.21.28,Luke xxi. 28
tatian,diatessaron,Matt,new_testament,Bible:Matt.24.32,Matt. xxiv. 32
tatian,diatessaron,Matt,new_testament,Bible:Matt.24.33,Matt. xxiv. 33
tatian,diatessaron,Matt,new_testament,Bible:Matt.24.34,Matt. xxiv. 34
tatian,diatessaron,Matt,new_testament,Bible:Matt.24.35,Matt. xxiv. 35
tatian,diatessaron,Luke,new_testament,Bible:Luke.21.34,Luke xxi. 34
tatian,diatessaron,Luke,new_testament,Bible:Luke.21.35,Luke xxi. 35
tatian,diatessaron,Luke,new_testament,Bible:Luke.21.36,Luke xxi. 36
tatian,diatessaron,Mark,new_testament,Bible:Mark.13.32,Mark xiii. 32
tatian,diatessaron,Mark,new_testament,Bible:Mark.13.33,Mark xiii. 33
tatian,diatessaron,Mark,new_testament,Bible:Mark.13.34,Mark xiii. 34
tatian,diatessaron,Mark,new_testament,Bible:Mark.13.35,Mark xiii. 35
tatian,diatessaron,Mark,new_testament,Bible:Mark.13.36,Mark xiii. 36
tatian,diatessaron,Mark,new_testament,Bible:Mark.13.37,Mark xiii. 37
tatian,diatessaron,Matt,new_testament,Bible:Matt.24.37,Matt. xxiv. 37
tatian,diatessaron,Matt,new_testament,Bible:Matt.24.38,Matt. xxiv. 38
tatian,diatessaron,Matt,new_testament,Bible:Matt.24.39,Matt. xxiv. 39
tatian,diatessaron,Luke,new_testament,Bible:Luke.17.28,Luke xvii. 28
tatian,diatessaron,Luke,new_testament,Bible:Luke.17.29,Luke xvii. 29
tatian,diatessaron,Luke,new_testament,Bible:Luke.17.30,Luke xvii. 30
tatian,diatessaron,Luke,new_testament,Bible:Luke.17.31,Luke xvii. 31
tatian,diatessaron,Luke,new_testament,Bible:Luke.17.32,Luke xvii. 32
tatian,diatessaron,Luke,new_testament,Bible:Luke.17.33,Luke xvii. 33
tatian,diatessaron,Luke,new_testament,Bible:Luke.17.34,Luke xvii. 34
tatian,diatessaron,Luke,new_testament,Bible:Luke.17.35,Luke xvii. 35
tatian,diatessaron,Luke,new_testament,Bible:Luke.17.36,Luke xvii. 36
tatian,diatessaron,Luke,new_testament,Bible:Luke.17.37,Luke xvii. 37
tatian,diatessaron,Matt,new_testament,Bible:Matt.24.42,Matt. xxiv. 42
tatian,diatessaron,Matt,new_testament,Bible:Matt.24.43,Matt. xxiv. 43
tatian,diatessaron,Matt,new_testament,Bible:Matt.24.44,Matt. xxiv. 44
tatian,diatessaron,Luke,new_testament,Bible:Luke.12.41,Luke xii. 41
tatian,diatessaron,Luke,new_testament,Bible:Luke.12.42,Luke xii. 42
tatian,diatessaron,Matt,new_testament,Bible:Matt.24.45,Matt. xxiv. 45
tatian,diatessaron,Matt,new_testament,Bible:Matt.24.46,Matt. xxiv. 46
tatian,diatessaron,Luke,new_testament,Bible:Luke.12.44 Bible:Matt.24.47,Luke xii. 44a; Matt. xxiv. 47b
tatian,diatessaron,Matt,new_testament,Bible:Matt.24.48 Bible:Luke.12.45,Matt. xxiv. 48; Luke xii. 45
tatian,diatessaron,Matt,new_testament,Bible:Matt.24.49,Matt. xxiv. 49
tatian,diatessaron,Matt,new_testament,Bible:Matt.24.50,Matt. xxiv. 50
tatian,diatessaron,Matt,new_testament,Bible:Matt.24.51,Matt. xxiv. 51
tatian,diatessaron,Luke,new_testament,Bible:Luke.12.46,Luke xii. 46
tatian,diatessaron,Matt,new_testament,Bible:Matt.25.1,Matt. xxv. 1
tatian,diatessaron,Matt,new_testament,Bible:Matt.25.2,Matt. xxv. 2
tatian,diatessaron,Matt,new_testament,Bible:Matt.25.3,Matt. xxv. 3
tatian,diatessaron,Matt,new_testament,Bible:Matt.25.4,Matt. xxv. 4
tatian,diatessaron,Matt,new_testament,Bible:Matt.25.5,Matt. xxv. 5
tatian,diatessaron,Matt,new_testament,Bible:Matt.25.6,Matt. xxv. 6
tatian,diatessaron,Matt,new_testament,Bible:Matt.25.7,Matt. xxv. 7
tatian,diatessaron,Matt,new_testament,Bible:Matt.25.8,Matt. xxv. 8
tatian,diatessaron,Matt,new_testament,Bible:Matt.25.9,Matt. xxv. 9
tatian,diatessaron,Matt,new_testament,Bible:Matt.25.10,Matt. xxv. 10
tatian,diatessaron,Matt,new_testament,Bible:Matt.25.11,Matt. xxv. 11
tatian,diatessaron,Matt,new_testament,Bible:Matt.25.12,Matt. xxv. 12
tatian,diatessaron,Matt,new_testament,Bible:Matt.25.13,Matt. xxv. 13
tatian,diatessaron,Matt,new_testament,Bible:Matt.25.14,Matt. xxv. 14
tatian,diatessaron,Matt,new_testament,Bible:Matt.25.15,Matt. xxv. 15
tatian,diatessaron,Matt,new_testament,Bible:Matt.25.16,Matt. xxv. 16
tatian,diatessaron,Matt,new_testament,Bible:Matt.25.17,Matt. xxv. 17
tatian,diatessaron,Matt,new_testament,Bible:Matt.25.18,Matt. xxv. 18
tatian,diatessaron,Matt,new_testament,Bible:Matt.25.19,Matt. xxv. 19
tatian,diatessaron,Matt,new_testament,Bible:Matt.25.20,Matt. xxv. 20
tatian,diatessaron,Matt,new_testament,Bible:Matt.25.21,Matt. xxv. 21
tatian,diatessaron,Matt,new_testament,Bible:Matt.25.22,Matt. xxv. 22
tatian,diatessaron,Matt,new_testament,Bible:Matt.25.23,Matt. xxv. 23
tatian,diatessaron,Matt,new_testament,Bible:Matt.25.24,Matt. xxv. 24
tatian,diatessaron,Matt,new_testament,Bible:Matt.25.25,Matt. xxv. 25
tatian,diatessaron,Matt,new_testament,Bible:Matt.25.26,Matt. xxv. 26
tatian,diatessaron,Matt,new_testament,Bible:Matt.25.27,Matt. xxv. 27
tatian,diatessaron,Matt,new_testament,Bible:Matt.25.28,Matt. xxv. 28
tatian,diatessaron,Matt,new_testament,Bible:Matt.25.29,Matt. xxv. 29
tatian,diatessaron,Matt,new_testament,Bible:Matt.25.30,Matt. xxv. 30
tatian,diatessaron,Luke,new_testament,Bible:Luke.12.35,Luke xii. 35
tatian,diatessaron,Luke,new_testament,Bible:Luke.12.36,Luke xii. 36
tatian,diatessaron,Luke,new_testament,Bible:Luke.12.37,Luke xii. 37
tatian,diatessaron,Luke,new_testament,Bible:Luke.12.38,Luke xii. 38
tatian,diatessaron,Matt,new_testament,Bible:Matt.25.31,Matt. xxv. 31
tatian,diatessaron,Matt,new_testament,Bible:Matt.25.32,Matt. xxv. 32
tatian,diatessaron,Matt,new_testament,Bible:Matt.25.33,Matt. xxv. 33
tatian,diatessaron,Matt,new_testament,Bible:Matt.25.34,Matt. xxv. 34
tatian,diatessaron,Matt,new_testament,Bible:Matt.25.35,Matt. xxv. 35
tatian,diatessaron,Matt,new_testament,Bible:Matt.25.36,Matt. xxv. 36
tatian,diatessaron,Matt,new_testament,Bible:Matt.25.37,Matt. xxv. 37
tatian,diatessaron,Matt,new_testament,Bible:Matt.25.38,Matt. xxv. 38
tatian,diatessaron,Matt,new_testament,Bible:Matt.25.39,Matt. xxv. 39
tatian,diatessaron,Matt,new_testament,Bible:Matt.25.40,Matt. xxv. 40
tatian,diatessaron,Matt,new_testament,Bible:Matt.25.41,Matt. xxv. 41
tatian,diatessaron,Matt,new_testament,Bible:Matt.25.42,Matt. xxv. 42
tatian,diatessaron,Matt,new_testament,Bible:Matt.25.43,Matt. xxv. 43
tatian,diatessaron,Matt,new_testament,Bible:Matt.25.44,Matt. xxv. 44
tatian,diatessaron,Matt,new_testament,Bible:Matt.25.45,Matt. xxv. 45
tatian,diatessaron,Matt,new_testament,Bible:Matt.25.46,Matt. xxv. 46
tatian,diatessaron,Matt,new_testament,Bible:Matt.26.1,Matt. xxvi. 1
tatian,diatessaron,Matt,new_testament,Bible:Matt.26.2,Matt. xxvi. 2
tatian,diatessaron,Matt,new_testament,Bible:Matt.26.3,Matt. xxvi. 3
tatian,diatessaron,Matt,new_testament,Bible:Matt.26.4,Matt. xxvi. 4
tatian,diatessaron,Matt,new_testament,Bible:Matt.26.5,Matt. xxvi. 5
tatian,diatessaron,Luke,new_testament,Bible:Luke.22.2,Luke xxii. 2
tatian,diatessaron,Luke,new_testament,Bible:Luke.22.3,Luke xxii. 3
tatian,diatessaron,Luke,new_testament,Bible:Luke.22.4 Bible:Matt.26.15,Luke xxii. 4a; Matt. xxvi. 15a
tatian,diatessaron,Mark,new_testament,Bible:Mark.14.11 Bible:Matt.26.15,Mark xiv. 11a; Matt. xxvi. 15b
tatian,diatessaron,Luke,new_testament,Bible:Luke.22.6,Luke xxii. 6
tatian,diatessaron,Mark,new_testament,Bible:Mark.14.12,Mark xiv. 12
tatian,diatessaron,John,new_testament,Bible:John.13.1,John xiii. 1
tatian,diatessaron,John,new_testament,Bible:John.13.2,John xiii. 2
tatian,diatessaron,John,new_testament,Bible:John.13.3,John xiii. 3
tatian,diatessaron,John,new_testament,Bible:John.13.4,John xiii. 4
tatian,diatessaron,John,new_testament,Bible:John.13.5,John xiii. 5
tatian,diatessaron,John,new_testament,Bible:John.13.6,John xiii. 6
tatian,diatessaron,John,new_testament,Bible:John.13.7,John xiii. 7
tatian,diatessaron,John,new_testament,Bible:John.13.8,John xiii. 8
tatian,diatessaron,John,new_testament,Bible:John.13.9,John xiii. 9
tatian,diatessaron,John,new_testament,Bible:John.13.10,John xiii. 10
tatian,diatessaron,John,new_testament,Bible:John.13.11,John xiii. 11
tatian,diatessaron,John,new_testament,Bible:John.13.12,John xiii. 12
tatian,diatessaron,John,new_testament,Bible:John.13.13,John xiii. 13
tatian,diatessaron,John,new_testament,Bible:John.13.14,John xiii. 14
tatian,diatessaron,John,new_testament,Bible:John.13.15,John xiii. 15
tatian,diatessaron,John,new_testament,Bible:John.13.16,John xiii. 16
tatian,diatessaron,John,new_testament,Bible:John.13.17,John xiii. 17
tatian,diatessaron,John,new_testament,Bible:John.13.18,John xiii. 18
tatian,diatessaron,John,new_testament,Bible:John.13.19,John xiii. 19
tatian,diatessaron,John,new_testament,Bible:John.13.20,John xiii. 20
tatian,diatessaron,Luke,new_testament,Bible:Luke.22.27,Luke xxii. 27
tatian,diatessaron,Luke,new_testament,Bible:Luke.22.28,Luke xxii. 28
tatian,diatessaron,Luke,new_testament,Bible:Luke.22.29,Luke xxii. 29
tatian,diatessaron,Luke,new_testament,Bible:Luke.22.30,Luke xxii. 30
tatian,diatessaron,Luke,new_testament,Bible:Luke.22.7,Luke xxii. 7
tatian,diatessaron,Luke,new_testament,Bible:Luke.22.8,Luke xxii. 8
tatian,diatessaron,Luke,new_testament,Bible:Luke.22.9,Luke xxii. 9
tatian,diatessaron,Luke,new_testament,Bible:Luke.22.10,Luke xxii. 10
tatian,diatessaron,Luke,new_testament,Bible:Luke.22.11,Luke xxii. 11
tatian,diatessaron,Matt,new_testament,Bible:Matt.26.18,Matt. xxvi. 18
tatian,diatessaron,Luke,new_testament,Bible:Luke.22.12,Luke xxii. 12
tatian,diatessaron,Mark,new_testament,Bible:Mark.14.15,Mark xiv. 15
tatian,diatessaron,Mark,new_testament,Bible:Mark.14.16,Mark xiv. 16
tatian,diatessaron,Luke,new_testament,Bible:Luke.22.14,Luke xxii. 14
tatian,diatessaron,Luke,new_testament,Bible:Luke.22.15,Luke xxii. 15
tatian,diatessaron,Luke,new_testament,Bible:Luke.22.16,Luke xxii. 16
tatian,diatessaron,John,new_testament,Bible:John.13.21,John xiii. 21
tatian,diatessaron,Mark,new_testament,Bible:Mark.14.18-Mark.14.19,"Mark xiv.
18b; Mark xiv. 19"
tatian,diatessaron,Mark,new_testament,Bible:Mark.14.20,Mark xiv. 20
tatian,diatessaron,Luke,new_testament,Bible:Luke.22.21,Luke xxii. 21
tatian,diatessaron,Mark,new_testament,Bible:Mark.14.21,Mark xiv. 21
tatian,diatessaron,John,new_testament,Bible:John.13.22,John xiii. 22
tatian,diatessaron,Luke,new_testament,Bible:Luke.22.23,Luke xxii. 23
tatian,diatessaron,John,new_testament,Bible:John.13.23,John xiii. 23
tatian,diatessaron,John,new_testament,Bible:John.13.24,John xiii. 24
tatian,diatessaron,John,new_testament,Bible:John.13.25,John xiii. 25
tatian,diatessaron,John,new_testament,Bible:John.13.26,John xiii. 26
tatian,diatessaron,John,new_testament,Bible:John.13.27,John xiii. 27
tatian,diatessaron,John,new_testament,Bible:John.13.28,John xiii. 28
tatian,diatessaron,John,new_testament,Bible:John.13.29,John xiii. 29
tatian,diatessaron,Matt,new_testament,Bible:Matt.26.25,Matt. xxvi. 25
tatian,diatessaron,John,new_testament,Bible:John.13.30,John xiii. 30
tatian,diatessaron,John,new_testament,Bible:John.13.31,John xiii. 31
tatian,diatessaron,John,new_testament,Bible:John.13.32,John xiii. 32
tatian,diatessaron,Mark,new_testament,Bible:Mark.14.22,Mark xiv. 22
tatian,diatessaron,Matt,new_testament,Bible:Matt.26.26,Matt. xxvi. 26
tatian,diatessaron,Mark,new_testament,Bible:Mark.14.23,Mark xiv. 23
tatian,diatessaron,Matt,new_testament,Bible:Matt.26.27,Matt. xxvi. 27
tatian,diatessaron,Mark,new_testament,Bible:Mark.14.24,Mark xiv. 24
tatian,diatessaron,Matt,new_testament,Bible:Matt.26.28,Matt. xxvi. 28
tatian,diatessaron,Matt,new_testament,Bible:Matt.26.29,Matt. xxvi. 29
tatian,diatessaron,Luke,new_testament,Bible:Luke.22.19,Luke xxii. 19
tatian,diatessaron,Luke,new_testament,Bible:Luke.22.31,Luke xxii. 31
tatian,diatessaron,Luke,new_testament,Bible:Luke.22.32,Luke xxii. 32
tatian,diatessaron,John,new_testament,Bible:John.13.33,John xiii. 33
tatian,diatessaron,John,new_testament,Bible:John.13.34,John xiii. 34
tatian,diatessaron,John,new_testament,Bible:John.13.35,John xiii. 35
tatian,diatessaron,John,new_testament,Bible:John.13.36,John xiii. 36
tatian,diatessaron,Matt,new_testament,Bible:Matt.26.31,Matt. xxvi. 31
tatian,diatessaron,Matt,new_testament,Bible:Matt.26.32,Matt. xxvi. 32
tatian,diatessaron,Matt,new_testament,Bible:Matt.26.33,Matt. xxvi. 33
tatian,diatessaron,Luke,new_testament,Bible:Luke.22.33,Luke xxii. 33
tatian,diatessaron,John,new_testament,Bible:John.13.37,John xiii. 37
tatian,diatessaron,John,new_testament,Bible:John.13.38,John xiii. 38
tatian,diatessaron,Mark,new_testament,Bible:Mark.14.30,Mark xiv. 30
tatian,diatessaron,Luke,new_testament,Bible:Luke.22.34 Bible:Mark.14.31,Luke xxii. 34b; Mark xiv. 31
tatian,diatessaron,John,new_testament,Bible:John.14.1,John xiv. 1
tatian,diatessaron,John,new_testament,Bible:John.14.2,John xiv. 2
tatian,diatessaron,John,new_testament,Bible:John.14.3,John xiv. 3
tatian,diatessaron,John,new_testament,Bible:John.14.4,John xiv. 4
tatian,diatessaron,John,new_testament,Bible:John.14.5,John xiv. 5
tatian,diatessaron,John,new_testament,Bible:John.14.6,John xiv. 6
tatian,diatessaron,John,new_testament,Bible:John.14.7,John xiv. 7
tatian,diatessaron,John,new_testament,Bible:John.14.8,John xiv. 8
tatian,diatessaron,John,new_testament,Bible:John.14.9,John xiv. 9
tatian,diatessaron,John,new_testament,Bible:John.14.10,John xiv. 10
tatian,diatessaron,John,new_testament,Bible:John.14.11,John xiv. 11
tatian,diatessaron,John,new_testament,Bible:John.14.12,John xiv. 12
tatian,diatessaron,John,new_testament,Bible:John.14.13,John xiv. 13
tatian,diatessaron,John,new_testament,Bible:John.14.14,John xiv. 14
tatian,diatessaron,John,new_testament,Bible:John.14.15,John xiv. 15
tatian,diatessaron,John,new_testament,Bible:John.14.16,John xiv. 16
tatian,diatessaron,John,new_testament,Bible:John.14.17,John xiv. 17
tatian,diatessaron,John,new_testament,Bible:John.14.18,John xiv. 18
tatian,diatessaron,John,new_testament,Bible:John.14.19,John xiv. 19
tatian,diatessaron,John,new_testament,Bible:John.14.20,John xiv. 20
tatian,diatessaron,John,new_testament,Bible:John.14.21,John xiv. 21
tatian,diatessaron,John,new_testament,Bible:John.14.22,John xiv. 22
tatian,diatessaron,John,new_testament,Bible:John.14.23,John xiv. 23
tatian,diatessaron,John,new_testament,Bible:John.14.24,John xiv. 24
tatian,diatessaron,John,new_testament,Bible:John.14.25,John xiv. 25
tatian,diatessaron,John,new_testament,Bible:John.14.26,John xiv. 26
tatian,diatessaron,John,new_testament,Bible:John.14.27,John xiv. 27
tatian,diatessaron,John,new_testament,Bible:John.14.28,John xiv. 28
tatian,diatessaron,John,new_testament,Bible:John.14.29,John xiv. 29
tatian,diatessaron,John,new_testament,Bible:John.14.30,John xiv. 30
tatian,diatessaron,John,new_testament,Bible:John.14.31,John xiv. 31
tatian,diatessaron,Luke,new_testament,Bible:Luke.22.35,Luke xxii. 35
tatian,diatessaron,Luke,new_testament,Bible:Luke.22.36,Luke xxii. 36
tatian,diatessaron,Luke,new_testament,Bible:Luke.22.37,Luke xxii. 37
tatian,diatessaron,Luke,new_testament,Bible:Luke.22.38,Luke xxii. 38
tatian,diatessaron,John,new_testament,Bible:John.14.31 Bible:Luke.22.39,John xiv. 31b; Luke xxii. 39
tatian,diatessaron,John,new_testament,Bible:John.15.1,John xv. 1
tatian,diatessaron,John,new_testament,Bible:John.15.2,John xv. 2
tatian,diatessaron,John,new_testament,Bible:John.15.3,John xv. 3
tatian,diatessaron,John,new_testament,Bible:John.15.4,John xv. 4
tatian,diatessaron,John,new_testament,Bible:John.15.5,John xv. 5
tatian,diatessaron,John,new_testament,Bible:John.15.6,John xv. 6
tatian,diatessaron,John,new_testament,Bible:John.15.7,John xv. 7
tatian,diatessaron,John,new_testament,Bible:John.15.8,John xv. 8
tatian,diatessaron,John,new_testament,Bible:John.15.9,John xv. 9
tatian,diatessaron,John,new_testament,Bible:John.15.10,John xv. 10
tatian,diatessaron,John,new_testament,Bible:John.15.11,John xv. 11
tatian,diatessaron,John,new_testament,Bible:John.15.12,John xv. 12
tatian,diatessaron,John,new_testament,Bible:John.15.13,John xv. 13
tatian,diatessaron,John,new_testament,Bible:John.15.14,John xv. 14
tatian,diatessaron,John,new_testament,Bible:John.15.15,John xv. 15
tatian,diatessaron,John,new_testament,Bible:John.15.16,John xv. 16
tatian,diatessaron,John,new_testament,Bible:John.15.17,John xv. 17
tatian,diatessaron,John,new_testament,Bible:John.15.18,John xv. 18
tatian,diatessaron,John,new_testament,Bible:John.15.19,John xv. 19
tatian,diatessaron,John,new_testament,Bible:John.15.20,John xv. 20
tatian,diatessaron,John,new_testament,Bible:John.15.21,John xv. 21
tatian,diatessaron,John,new_testament,Bible:John.15.22,John xv. 22
tatian,diatessaron,John,new_testament,Bible:John.15.23,John xv. 23
tatian,diatessaron,John,new_testament,Bible:John.15.24,John xv. 24
tatian,diatessaron,John,new_testament,Bible:John.15.25,John xv. 25
tatian,diatessaron,John,new_testament,Bible:John.15.26,John xv. 26
tatian,diatessaron,John,new_testament,Bible:John.15.27,John xv. 27
tatian,diatessaron,John,new_testament,Bible:John.16.1,John xvi. 1
tatian,diatessaron,John,new_testament,Bible:John.16.2,John xvi. 2
tatian,diatessaron,John,new_testament,Bible:John.16.3,John xvi. 3
tatian,diatessaron,John,new_testament,Bible:John.16.4,John xvi. 4
tatian,diatessaron,John,new_testament,Bible:John.16.5,John xvi. 5
tatian,diatessaron,John,new_testament,Bible:John.16.6,John xvi. 6
tatian,diatessaron,John,new_testament,Bible:John.16.7,John xvi. 7
tatian,diatessaron,John,new_testament,Bible:John.16.8,John xvi. 8
tatian,diatessaron,John,new_testament,Bible:John.16.9,John xvi. 9
tatian,diatessaron,John,new_testament,Bible:John.16.10,John xvi. 10
tatian,diatessaron,John,new_testament,Bible:John.16.11,John xvi. 11
tatian,diatessaron,John,new_testament,Bible:John.16.12,John xvi. 12
tatian,diatessaron,John,new_testament,Bible:John.16.13,John xvi. 13
tatian,diatessaron,John,new_testament,Bible:John.16.14,John xvi. 14
tatian,diatessaron,John,new_testament,Bible:John.16.15,John xvi. 15
tatian,diatessaron,John,new_testament,Bible:John.16.16,John xvi. 16
tatian,diatessaron,John,new_testament,Bible:John.16.17,John xvi. 17
tatian,diatessaron,John,new_testament,Bible:John.16.18,John xvi. 18
tatian,diatessaron,John,new_testament,Bible:John.16.19,John xvi. 19
tatian,diatessaron,John,new_testament,Bible:John.16.20,John xvi. 20
tatian,diatessaron,John,new_testament,Bible:John.16.21,John xvi. 21
tatian,diatessaron,John,new_testament,Bible:John.16.22,John xvi. 22
tatian,diatessaron,John,new_testament,Bible:John.16.23,John xvi. 23
tatian,diatessaron,John,new_testament,Bible:John.16.24,John xvi. 24
tatian,diatessaron,John,new_testament,Bible:John.16.25,John xvi. 25
tatian,diatessaron,John,new_testament,Bible:John.16.26,John xvi. 26
tatian,diatessaron,John,new_testament,Bible:John.16.27,John xvi. 27
tatian,diatessaron,John,new_testament,Bible:John.16.28,John xvi. 28
tatian,diatessaron,John,new_testament,Bible:John.16.29,John xvi. 29
tatian,diatessaron,John,new_testament,Bible:John.16.30,John xvi. 30
tatian,diatessaron,John,new_testament,Bible:John.16.31,John xvi. 31
tatian,diatessaron,John,new_testament,Bible:John.16.32,John xvi. 32
tatian,diatessaron,John,new_testament,Bible:John.16.33,John xvi. 33
tatian,diatessaron,John,new_testament,Bible:John.17.1,John xvii. 1
tatian,diatessaron,John,new_testament,Bible:John.17.2,John xvii. 2
tatian,diatessaron,John,new_testament,Bible:John.17.3,John xvii. 3
tatian,diatessaron,John,new_testament,Bible:John.17.4,John xvii. 4
tatian,diatessaron,John,new_testament,Bible:John.17.5,John xvii. 5
tatian,diatessaron,John,new_testament,Bible:John.17.6,John xvii. 6
tatian,diatessaron,John,new_testament,Bible:John.17.7,John xvii. 7
tatian,diatessaron,John,new_testament,Bible:John.17.8,John xvii. 8
tatian,diatessaron,John,new_testament,Bible:John.17.9,John xvii. 9
tatian,diatessaron,John,new_testament,Bible:John.17.10,John xvii. 10
tatian,diatessaron,John,new_testament,Bible:John.17.11,John xvii. 11
tatian,diatessaron,John,new_testament,Bible:John.17.12,John xvii. 12
tatian,diatessaron,John,new_testament,Bible:John.17.13,John xvii. 13
tatian,diatessaron,John,new_testament,Bible:John.17.14,John xvii. 14
tatian,diatessaron,John,new_testament,Bible:John.17.15,John xvii. 15
tatian,diatessaron,John,new_testament,Bible:John.17.16,John xvii. 16
tatian,diatessaron,John,new_testament,Bible:John.17.17,John xvii. 17
tatian,diatessaron,John,new_testament,Bible:John.17.18,John xvii. 18
tatian,diatessaron,John,new_testament,Bible:John.17.19,John xvii. 19
tatian,diatessaron,John,new_testament,Bible:John.17.20,John xvii. 20
tatian,diatessaron,John,new_testament,Bible:John.17.21,John xvii. 21
tatian,diatessaron,John,new_testament,Bible:John.17.22,John xvii. 22
tatian,diatessaron,John,new_testament,Bible:John.17.23,John xvii. 23
tatian,diatessaron,John,new_testament,Bible:John.17.24,John xvii. 24
tatian,diatessaron,John,new_testament,Bible:John.17.25,John xvii. 25
tatian,diatessaron,John,new_testament,Bible:John.17.26,John xvii. 26
tatian,diatessaron,John,new_testament,Bible:John.18.1,John xviii. 1
tatian,diatessaron,Matt,new_testament,Bible:Matt.26.36,Matt. xxvi. 36
tatian,diatessaron,John,new_testament,Bible:John.18,"John
xviii."
tatian,diatessaron,Luke,new_testament,Bible:Luke.22.39,Luke xxii. 39
tatian,diatessaron,John,new_testament,Bible:John.18.2,John xviii. 2
tatian,diatessaron,Luke,new_testament,Bible:Luke.22.40 Bible:Matt.26.36,Luke xxii. 40a; Matt. xxvi. 36b
tatian,diatessaron,Luke,new_testament,Bible:Luke.22.40 Bible:Matt.26.37,Luke xxii. 40b; Matt. xxvi. 37
tatian,diatessaron,Matt,new_testament,Bible:Matt.26.38,Matt. xxvi. 38
tatian,diatessaron,Luke,new_testament,Bible:Luke.22.41,Luke xxii. 41
tatian,diatessaron,Mark,new_testament,Bible:Mark.14.35,Mark xiv. 35
tatian,diatessaron,Mark,new_testament,Bible:Mark.14.36,Mark xiv. 36
tatian,diatessaron,Luke,new_testament,Bible:Luke.22.42,Luke xxii. 42
tatian,diatessaron,Matt,new_testament,Bible:Matt.26.40 Bible:Mark.14.37,Matt. xxvi. 40a; Mark xiv. 37b
tatian,diatessaron,Matt,new_testament,Bible:Matt.26.40,Matt. xxvi. 40
tatian,diatessaron,Matt,new_testament,Bible:Matt.26.41 Bible:Matt.14.38,"Matt.
xxvi. 41a; Matt. xiv. 38b"
tatian,diatessaron,Matt,new_testament,Bible:Matt.26.42,Matt. xxvi. 42
tatian,diatessaron,Mark,new_testament,Bible:Mark.14.40,Mark xiv. 40
tatian,diatessaron,Matt,new_testament,Bible:Matt.26.44,Matt. xxvi. 44
tatian,diatessaron,Luke,new_testament,Bible:Luke.22.43,Luke xxii. 43
tatian,diatessaron,Luke,new_testament,Bible:Luke.22.44,Luke xxii. 44
tatian,diatessaron,Luke,new_testament,Bible:Luke.22.45,Luke xxii. 45
tatian,diatessaron,Luke,new_testament,Bible:Luke.22.46 Bible:Matt.26.45,Luke xxii. 46; Matt. xxvi. 45b
tatian,diatessaron,Mark,new_testament,Bible:Mark.14.41,Mark xiv. 41
tatian,diatessaron,Mark,new_testament,Bible:Mark.14.42 Bible:Mark.26.46,Mark xiv. 42a; Matt. xxvi. 46b
tatian,diatessaron,Matt,new_testament,Bible:Matt.26.47,Matt. xxvi. 47
tatian,diatessaron,John,new_testament,Bible:John.18.3,John xviii. 3
tatian,diatessaron,Matt,new_testament,Bible:Matt.26.48 Bible:Mark.14.44,Matt. xxvi. 48; Mark xiv. 44
tatian,diatessaron,John,new_testament,Bible:John.18.4,John xviii. 4
tatian,diatessaron,Matt,new_testament,Bible:Matt.26.49 Bible:Matt.26.50,Matt. xxvi. 49; Matt. xxvi. 50
tatian,diatessaron,Luke,new_testament,Bible:Luke.22.48,Luke xxii. 48
tatian,diatessaron,Matt,new_testament,Bible:Matt.26.50 Bible:Luke.22.52,"Matt. xxvi. 50b; Luke xxii. 52a, c"
tatian,diatessaron,John,new_testament,Bible:John.18.4-John.18.5,"John xviii.
4b; John xviii. 5"
tatian,diatessaron,John,new_testament,Bible:John.18.6,John xviii. 6
tatian,diatessaron,John,new_testament,Bible:John.18.7,John xviii. 7
tatian,diatessaron,John,new_testament,Bible:John.18.8,John xviii. 8
tatian,diatessaron,John,new_testament,Bible:John.18.9,John xviii. 9
tatian,diatessaron,Matt,new_testament,Bible:Matt.26.50,Matt. xxvi. 50
tatian,diatessaron,Luke,new_testament,Bible:Luke.22.49,Luke xxii. 49
tatian,diatessaron,John,new_testament,Bible:John.18.10,John xviii. 10
tatian,diatessaron,John,new_testament,Bible:John.18.11,John xviii. 11
tatian,diatessaron,John,new_testament,Bible:John.18.11 Bible:Matt.26.52,John xviii. 11c; Matt. xxvi. 52b
tatian,diatessaron,Matt,new_testament,Bible:Matt.26.53,Matt. xxvi. 53
tatian,diatessaron,Matt,new_testament,Bible:Matt.26.54,Matt. xxvi. 54
tatian,diatessaron,Luke,new_testament,Bible:Luke.22.51,Luke xxii. 51
tatian,diatessaron,Matt,new_testament,Bible:Matt.26.55,Matt. xxvi. 55
tatian,diatessaron,Luke,new_testament,Bible:Luke.22.53,Luke xxii. 53
tatian,diatessaron,Matt,new_testament,Bible:Matt.26.56,Matt. xxvi. 56
tatian,diatessaron,John,new_testament,Bible:John.18.12,John xviii. 12
tatian,diatessaron,Mark,new_testament,Bible:Mark.14.51,Mark xiv. 51
tatian,diatessaron,Mark,new_testament,Bible:Mark.14.52,Mark xiv. 52
tatian,diatessaron,John,new_testament,Bible:John.18.12-John.18.13,"John xviii.
12b; John xviii. 13"
tatian,diatessaron,John,new_testament,Bible:John.18.14,John xviii. 14
tatian,diatessaron,John,new_testament,Bible:John.18.15,John xviii. 15
tatian,diatessaron,John,new_testament,Bible:John.18.16,John xviii. 16
tatian,diatessaron,John,new_testament,Bible:John.18.17,John xviii. 17
tatian,diatessaron,Luke,new_testament,Bible:Luke.22.57 Bible:Mark.14.68,Luke xxii. 57; Mark xiv. 68
tatian,diatessaron,John,new_testament,Bible:John.18.18,John xviii. 18
tatian,diatessaron,Luke,new_testament,Bible:Luke.22.55,Luke xxii. 55
tatian,diatessaron,John,new_testament,Bible:John.18.18 Bible:Matt.26.58,John xviii. 18c; Matt. xxvi. 58b
tatian,diatessaron,John,new_testament,Bible:John.18.19,John xviii. 19
tatian,diatessaron,John,new_testament,Bible:John.18.20,John xviii. 20
tatian,diatessaron,John,new_testament,Bible:John.18.21,John xviii. 21
tatian,diatessaron,John,new_testament,Bible:John.18.22,John xviii. 22
tatian,diatessaron,John,new_testament,Bible:John.18.23,John xviii. 23
tatian,diatessaron,John,new_testament,Bible:John.18.24,John xviii. 24
tatian,diatessaron,John,new_testament,Bible:John.18.25,John xviii. 25
tatian,diatessaron,Mark,new_testament,Bible:Mark.14.69,Mark xiv. 69
tatian,diatessaron,Matt,new_testament,Bible:Matt.26.71 Bible:Matt.26.73,"Matt. xxvi.
71b; Matt. xxvi. 73b"
tatian,diatessaron,Matt,new_testament,Bible:Matt.26.72,Matt. xxvi. 72
tatian,diatessaron,Luke,new_testament,Bible:Luke.22.58 Bible:John.18.26,Luke xxii. 58a; John xviii. 26a
tatian,diatessaron,Luke,new_testament,Bible:Luke.22.59,Luke xxii. 59
tatian,diatessaron,Matt,new_testament,Bible:Matt.26.73 Bible:John.18.26,Matt. xxvi. 73c; John xviii. 26b
tatian,diatessaron,Mark,new_testament,Bible:Mark.14.71,Mark xiv. 71
tatian,diatessaron,Luke,new_testament,Bible:Luke.22.60,Luke xxii. 60
tatian,diatessaron,Luke,new_testament,Bible:Luke.22.61,Luke xxii. 61
tatian,diatessaron,Luke,new_testament,Bible:Luke.22.62,Luke xxii. 62
tatian,diatessaron,Luke,new_testament,Bible:Luke.22.66,Luke xxii. 66
tatian,diatessaron,Matt,new_testament,Bible:Matt.27.1,Matt. xxvii. 1
tatian,diatessaron,Matt,new_testament,Bible:Matt.26.59,Matt. xxvi. 59
tatian,diatessaron,Matt,new_testament,Bible:Matt.26.60,Matt. xxvi. 60
tatian,diatessaron,Mark,new_testament,Bible:Mark.14.59,Mark xiv. 59
tatian,diatessaron,Mark,new_testament,Bible:Mark.14.57-Mark.14.58,"Mark xiv.
57b; Mark xiv. 58"
tatian,diatessaron,Mark,new_testament,Bible:Mark.14.59 Bible:Matt.26.63,Mark xiv. 59; Matt. xxvi. 63
tatian,diatessaron,Mark,new_testament,Bible:Mark.14.60,Mark xiv. 60
tatian,diatessaron,Matt,new_testament,Bible:Matt.26.62,Matt. xxvi. 62
tatian,diatessaron,Mark,new_testament,Bible:Mark.14.61,Mark xiv. 61
tatian,diatessaron,Luke,new_testament,Bible:Luke.22.67,Luke xxii. 67
tatian,diatessaron,Luke,new_testament,Bible:Luke.22.68,Luke xxii. 68
tatian,diatessaron,Matt,new_testament,Bible:Matt.26.63,Matt. xxvi. 63
tatian,diatessaron,Matt,new_testament,Bible:Matt.26.64,Matt. xxvi. 64
tatian,diatessaron,Luke,new_testament,Bible:Luke.22.70,Luke xxii. 70
tatian,diatessaron,Mark,new_testament,Bible:Mark.14.63 Bible:Matt.26.65,Mark xiv. 63a; Matt. xxvi. 65b
tatian,diatessaron,Luke,new_testament,Bible:Luke.22.71,Luke xxii. 71
tatian,diatessaron,Mark,new_testament,Bible:Mark.14.64 Bible:Matt.26.66,Mark xiv. 64b; Matt. xxvi. 66
tatian,diatessaron,Mark,new_testament,Bible:Mark.14.65 Bible:Luke.22.63,Mark xiv. 65a; Luke xxii. 63b
tatian,diatessaron,Mark,new_testament,Bible:Mark.14.65 Bible:Matt.26.68,Mark xiv. 65c; Matt. xxvi. 68
tatian,diatessaron,Luke,new_testament,Bible:Luke.22.65,Luke xxii. 65
tatian,diatessaron,John,new_testament,Bible:John.18.28 Bible:Mark.15.1,John xviii. 28; Mark xv. 1
tatian,diatessaron,Luke,new_testament,Bible:Luke.23.1,Luke xxiii. 1
tatian,diatessaron,Matt,new_testament,Bible:Matt.27.2 Bible:Mark.15.1,"Matt. xxvii. 2; Mark xv.
1"
tatian,diatessaron,John,new_testament,Bible:John.18.28,John xviii. 28
tatian,diatessaron,Matt,new_testament,Bible:Matt.27.11 Bible:John.18.29,Matt. xxvii. 11a; John xviii. 29
tatian,diatessaron,John,new_testament,Bible:John.18.30,John xviii. 30
tatian,diatessaron,Luke,new_testament,Bible:Luke.23.2,Luke xxiii. 2
tatian,diatessaron,John,new_testament,Bible:John.18.31,John xviii. 31
tatian,diatessaron,John,new_testament,Bible:John.18.32,John xviii. 32
tatian,diatessaron,John,new_testament,Bible:John.18.33,John xviii. 33
tatian,diatessaron,John,new_testament,Bible:John.18.34,John xviii. 34
tatian,diatessaron,John,new_testament,Bible:John.18.35,John xviii. 35
tatian,diatessaron,John,new_testament,Bible:John.18.36,John xviii. 36
tatian,diatessaron,John,new_testament,Bible:John.18.37,John xviii. 37
tatian,diatessaron,John,new_testament,Bible:John.18.38,John xviii. 38
tatian,diatessaron,Luke,new_testament,Bible:Luke.23.4,Luke xxiii. 4
tatian,diatessaron,Luke,new_testament,Bible:Luke.23.5,Luke xxiii. 5
tatian,diatessaron,Luke,new_testament,Bible:Luke.23.6,Luke xxiii. 6
tatian,diatessaron,Luke,new_testament,Bible:Luke.23.7,Luke xxiii. 7
tatian,diatessaron,Luke,new_testament,Bible:Luke.23.8,Luke xxiii. 8
tatian,diatessaron,Luke,new_testament,Bible:Luke.23.9,Luke xxiii. 9
tatian,diatessaron,Luke,new_testament,Bible:Luke.23.10,Luke xxiii. 10
tatian,diatessaron,Luke,new_testament,Bible:Luke.23.11,Luke xxiii. 11
tatian,diatessaron,Luke,new_testament,Bible:Luke.23.12,Luke xxiii. 12
tatian,diatessaron,Luke,new_testament,Bible:Luke.23.13,Luke xxiii. 13
tatian,diatessaron,Luke,new_testament,Bible:Luke.23.14,Luke xxiii. 14
tatian,diatessaron,Luke,new_testament,Bible:Luke.23.15,Luke xxiii. 15
tatian,diatessaron,Luke,new_testament,Bible:Luke.23.16,Luke xxiii. 16
tatian,diatessaron,Luke,new_testament,Bible:Luke.23.18,Luke xxiii. 18
tatian,diatessaron,Mark,new_testament,Bible:Mark.15.3,Mark xv. 3
tatian,diatessaron,Matt,new_testament,Bible:Matt.27.12,Matt. xxvii. 12
tatian,diatessaron,Matt,new_testament,Bible:Matt.27.13,Matt. xxvii. 13
tatian,diatessaron,Matt,new_testament,Bible:Matt.27.14,Matt. xxvii. 14
tatian,diatessaron,Matt,new_testament,Bible:Matt.27.19,Matt. xxvii. 19
tatian,diatessaron,Matt,new_testament,Bible:Matt.27.15,Matt. xxvii. 15
tatian,diatessaron,Matt,new_testament,Bible:Matt.27.16,Matt. xxvii. 16
tatian,diatessaron,Matt,new_testament,Bible:Matt.27.17,Matt. xxvii. 17
tatian,diatessaron,John,new_testament,Bible:John.18.39,John xviii. 39
tatian,diatessaron,John,new_testament,Bible:John.18.40,John xviii. 40
tatian,diatessaron,Luke,new_testament,Bible:Luke.23.19,Luke xxiii. 19
tatian,diatessaron,Mark,new_testament,Bible:Mark.15.8,Mark xv. 8
tatian,diatessaron,Mark,new_testament,Bible:Mark.15.9 Bible:Matt.27.17,Mark xv. 9a; Matt. xxvii. 17b
tatian,diatessaron,Matt,new_testament,Bible:Matt.27.18,Matt. xxvii. 18
tatian,diatessaron,Matt,new_testament,Bible:Matt.27.20,Matt. xxvii. 20
tatian,diatessaron,Matt,new_testament,Bible:Matt.27.21,Matt. xxvii. 21
tatian,diatessaron,Matt,new_testament,Bible:Matt.27.22,Matt. xxvii. 22
tatian,diatessaron,Mark,new_testament,Bible:Mark.15.13,Mark xv. 13
tatian,diatessaron,Luke,new_testament,Bible:Luke.23.20,Luke xxiii. 20
tatian,diatessaron,Luke,new_testament,Bible:Luke.23.21,Luke xxiii. 21
tatian,diatessaron,Luke,new_testament,Bible:Luke.23.22,Luke xxiii. 22
tatian,diatessaron,Luke,new_testament,Bible:Luke.23.23,Luke xxiii. 23
tatian,diatessaron,Mark,new_testament,Bible:Mark.15.15 Bible:Luke.23.25,Mark xv. 15a; Luke xxiii. 25a
tatian,diatessaron,Matt,new_testament,Bible:Matt.27.26,Matt. xxvii. 26
tatian,diatessaron,Matt,new_testament,Bible:Matt.27.27,Matt. xxvii. 27
tatian,diatessaron,Matt,new_testament,Bible:Matt.27.28,Matt. xxvii. 28
tatian,diatessaron,John,new_testament,Bible:John.19.2,John xix. 2
tatian,diatessaron,Matt,new_testament,Bible:Matt.27.29,Matt. xxvii. 29
tatian,diatessaron,Matt,new_testament,Bible:Matt.27.30,Matt. xxvii. 30
tatian,diatessaron,John,new_testament,Bible:John.19.3,John xix. 3
tatian,diatessaron,John,new_testament,Bible:John.19.4,John xix. 4
tatian,diatessaron,John,new_testament,Bible:John.19.5,John xix. 5
tatian,diatessaron,John,new_testament,Bible:John.19.6,John xix. 6
tatian,diatessaron,John,new_testament,Bible:John.19.7,John xix. 7
tatian,diatessaron,John,new_testament,Bible:John.19.8,John xix. 8
tatian,diatessaron,John,new_testament,Bible:John.19.9,John xix. 9
tatian,diatessaron,John,new_testament,Bible:John.19.10,John xix. 10
tatian,diatessaron,John,new_testament,Bible:John.19.11,John xix. 11
tatian,diatessaron,John,new_testament,Bible:John.19.12,John xix. 12
tatian,diatessaron,John,new_testament,Bible:John.19.13,John xix. 13
tatian,diatessaron,John,new_testament,Bible:John.19.14,John xix. 14
tatian,diatessaron,John,new_testament,Bible:John.19.15,John xix. 15
tatian,diatessaron,Matt,new_testament,Bible:Matt.27.24,Matt. xxvii. 24
tatian,diatessaron,Matt,new_testament,Bible:Matt.27.25,Matt. xxvii. 25
tatian,diatessaron,John,new_testament,Bible:John.19.16,John xix. 16
tatian,diatessaron,Matt,new_testament,Bible:Matt.27.3,Matt. xxvii. 3
tatian,diatessaron,Matt,new_testament,Bible:Matt.27.4,Matt. xxvii. 4
tatian,diatessaron,Matt,new_testament,Bible:Matt.27.5,Matt. xxvii. 5
tatian,diatessaron,Matt,new_testament,Bible:Matt.27.6,Matt. xxvii. 6
tatian,diatessaron,Matt,new_testament,Bible:Matt.27.7,Matt. xxvii. 7
tatian,diatessaron,Matt,new_testament,Bible:Matt.27.8,Matt. xxvii. 8
tatian,diatessaron,Matt,new_testament,Bible:Matt.27.9,Matt. xxvii. 9
tatian,diatessaron,Matt,new_testament,Bible:Matt.27.10,Matt. xxvii. 10
tatian,diatessaron,John,new_testament,Bible:John.19.16 Bible:Mark.15.20,John xix. 16b; Mark xv. 20b
tatian,diatessaron,John,new_testament,Bible:John.19.17 Bible:Matt.28.31,John xix. 17a; Matt. xxvii. 31b
tatian,diatessaron,Matt,new_testament,Bible:Matt.27.32 Bible:Mark.15.21,Matt. xxvii. 32a; Mark xv. 21b
tatian,diatessaron,Matt,new_testament,Bible:Matt.27.32,Matt. xxvii. 32
tatian,diatessaron,Luke,new_testament,Bible:Luke.23.26,Luke xxiii. 26
tatian,diatessaron,Luke,new_testament,Bible:Luke.23.27,Luke xxiii. 27
tatian,diatessaron,Luke,new_testament,Bible:Luke.23.28,Luke xxiii. 28
tatian,diatessaron,Luke,new_testament,Bible:Luke.23.29,Luke xxiii. 29
tatian,diatessaron,Luke,new_testament,Bible:Luke.23.30,Luke xxiii. 30
tatian,diatessaron,Luke,new_testament,Bible:Luke.23.31,Luke xxiii. 31
tatian,diatessaron,Luke,new_testament,Bible:Luke.23.32,Luke xxiii. 32
tatian,diatessaron,Luke,new_testament,Bible:Luke.23.33 Bible:John.19.17,Luke xxiii. 33a; John xix. 17c
tatian,diatessaron,Luke,new_testament,Bible:Luke.23.33,Luke xxiii. 33
tatian,diatessaron,Mark,new_testament,Bible:Mark.15.28,Mark xv. 28
tatian,diatessaron,Mark,new_testament,Bible:Mark.15.23,Mark xv. 23
tatian,diatessaron,Matt,new_testament,Bible:Matt.27.34 Bible:Mark.15.23,Matt. xxvii. 34b; Mark xv. 23b
tatian,diatessaron,John,new_testament,Bible:John.19.23,John xix. 23
tatian,diatessaron,John,new_testament,Bible:John.19.24,John xix. 24
tatian,diatessaron,Matt,new_testament,Bible:Matt.27.36,Matt. xxvii. 36
tatian,diatessaron,John,new_testament,Bible:John.19.19,John xix. 19
tatian,diatessaron,Matt,new_testament,Bible:Matt.27.37,Matt. xxvii. 37
tatian,diatessaron,John,new_testament,Bible:John.19.20,John xix. 20
tatian,diatessaron,John,new_testament,Bible:John.19.21,John xix. 21
tatian,diatessaron,John,new_testament,Bible:John.19.22,John xix. 22
tatian,diatessaron,Luke,new_testament,Bible:Luke.23.35 Bible:Matt.27.39,Luke xxiii. 35a; Matt. xxvii. 39
tatian,diatessaron,Matt,new_testament,Bible:Matt.27.40 Bible:Mark.15.29,Matt. xxvii. 40a; Mark xv. 29
tatian,diatessaron,Matt,new_testament,Bible:Matt.27.40,Matt. xxvii. 40
tatian,diatessaron,Matt,new_testament,Bible:Matt.27.41,Matt. xxvii. 41
tatian,diatessaron,Matt,new_testament,Bible:Matt.27.42,Matt. xxvii. 42
tatian,diatessaron,Luke,new_testament,Bible:Luke.23.35 Bible:Matt.27.42,Luke xxiii. 35c; Matt. xxvii. 42c
tatian,diatessaron,Matt,new_testament,Bible:Matt.27.43,Matt. xxvii. 43
tatian,diatessaron,Luke,new_testament,Bible:Luke.23.36,Luke xxiii. 36
tatian,diatessaron,Luke,new_testament,Bible:Luke.23.37,Luke xxiii. 37
tatian,diatessaron,Matt,new_testament,Bible:Matt.27.44,Matt. xxvii. 44
tatian,diatessaron,Luke,new_testament,Bible:Luke.23.39,Luke xxiii. 39
tatian,diatessaron,Luke,new_testament,Bible:Luke.23.40,Luke xxiii. 40
tatian,diatessaron,Luke,new_testament,Bible:Luke.23.41,Luke xxiii. 41
tatian,diatessaron,Luke,new_testament,Bible:Luke.23.42,Luke xxiii. 42
tatian,diatessaron,Luke,new_testament,Bible:Luke.23.43,Luke xxiii. 43
tatian,diatessaron,John,new_testament,Bible:John.19.25,John xix. 25
tatian,diatessaron,John,new_testament,Bible:John.19.26,John xix. 26
tatian,diatessaron,John,new_testament,Bible:John.19.27,John xix. 27
tatian,diatessaron,Matt,new_testament,Bible:Matt.27.45 Bible:Luke.23.44,Matt. xxvii. 45a; Luke xxiii. 44b
tatian,diatessaron,Luke,new_testament,Bible:Luke.23.45 Bible:Mark.15.34,Luke xxiii. 45a; Mark xv. 34
tatian,diatessaron,Matt,new_testament,Bible:Matt.27.47,Matt. xxvii. 47
tatian,diatessaron,John,new_testament,Bible:John.19.28,John xix. 28
tatian,diatessaron,John,new_testament,Bible:John.19.29 Bible:Matt.27.48,John xix. 29a; Matt. xxvii. 48
tatian,diatessaron,Mark,new_testament,Bible:Mark.15.36,Mark xv. 36
tatian,diatessaron,John,new_testament,Bible:John.19.30,John xix. 30
tatian,diatessaron,Matt,new_testament,Bible:Matt.27.49 Bible:Luke.23.34,"Matt. xxvii. 49; Luke xxiii.
34"
tatian,diatessaron,Luke,new_testament,Bible:Luke.23.46,Luke xxiii. 46
tatian,diatessaron,Matt,new_testament,Bible:Matt.27.51,Matt. xxvii. 51
tatian,diatessaron,Matt,new_testament,Bible:Matt.27.52,Matt. xxvii. 52
tatian,diatessaron,Matt,new_testament,Bible:Matt.27.53,Matt. xxvii. 53
tatian,diatessaron,Matt,new_testament,Bible:Matt.27.54,Matt. xxvii. 54
tatian,diatessaron,Luke,new_testament,Bible:Luke.23.47 Bible:Matt.27.54,Luke xxiii. 47b; Matt. xxvii. 54b
tatian,diatessaron,Luke,new_testament,Bible:Luke.23.48,Luke xxiii. 48
tatian,diatessaron,John,new_testament,Bible:John.19.31,John xix. 31
tatian,diatessaron,John,new_testament,Bible:John.19.32,John xix. 32
tatian,diatessaron,John,new_testament,Bible:John.19.33,John xix. 33
tatian,diatessaron,John,new_testament,Bible:John.19.34,John xix. 34
tatian,diatessaron,John,new_testament,Bible:John.19.35,John xix. 35
tatian,diatessaron,John,new_testament,Bible:John.19.36,John xix. 36
tatian,diatessaron,John,new_testament,Bible:John.19.37,John xix. 37
tatian,diatessaron,Luke,new_testament,Bible:Luke.23.49 Bible:Mark.15.41,Luke xxiii. 49a; Mark xv. 41b
tatian,diatessaron,Matt,new_testament,Bible:Matt.27.56 Bible:Mark.15.40,Matt. xxvii. 56a; Mark xv. 40b
tatian,diatessaron,Matt,new_testament,Bible:Matt.27.56 Bible:Mark.15.40,"Matt. xxvii. 56c; Mark xv. 40c, 41c"
tatian,diatessaron,Luke,new_testament,Bible:Luke.23.49,Luke xxiii. 49
tatian,diatessaron,Mark,new_testament,Bible:Mark.15.42,Mark xv. 42
tatian,diatessaron,Luke,new_testament,Bible:Luke.23.50,Luke xxiii. 50
tatian,diatessaron,Matt,new_testament,Bible:Matt.27.57,Matt. xxvii. 57
tatian,diatessaron,Luke,new_testament,Bible:Luke.23.51,Luke xxiii. 51
tatian,diatessaron,John,new_testament,Bible:John.19.38,John xix. 38
tatian,diatessaron,Mark,new_testament,Bible:Mark.15.43,Mark xv. 43
tatian,diatessaron,Mark,new_testament,Bible:Mark.15.44,Mark xv. 44
tatian,diatessaron,Mark,new_testament,Bible:Mark.15.45,Mark xv. 45
tatian,diatessaron,Matt,new_testament,Bible:Matt.27.58 Bible:Mark.15.46,Matt. xxvii. 58b; Mark xv. 46a
tatian,diatessaron,John,new_testament,Bible:John.19.38-John.19.39,"John xix.
38d; John xix. 39"
tatian,diatessaron,John,new_testament,Bible:John.19.40,John xix. 40
tatian,diatessaron,John,new_testament,Bible:John.19.41,John xix. 41
tatian,diatessaron,Mark,new_testament,Bible:Mark.15.46,Mark xv. 46
tatian,diatessaron,John,new_testament,Bible:John.19.42,John xix. 42
tatian,diatessaron,Matt,new_testament,Bible:Matt.27.60,Matt. xxvii. 60
tatian,diatessaron,Luke,new_testament,Bible:Luke.23.55,"Luke
xxiii. 55"
tatian,diatessaron,Luke,new_testament,Bible:Luke.23.55,Luke xxiii. 55
tatian,diatessaron,Matt,new_testament,Bible:Matt.27.61,Matt. xxvii. 61
tatian,diatessaron,Luke,new_testament,Bible:Luke.23.56 Bible:Mark.16.1,"Luke
xxiii. 56a; Mark xvi. 1b"
tatian,diatessaron,Luke,new_testament,Bible:Luke.23.56,Luke xxiii. 56
tatian,diatessaron,Matt,new_testament,Bible:Matt.27.62,Matt. xxvii. 62
tatian,diatessaron,Matt,new_testament,Bible:Matt.27.63,Matt. xxvii. 63
tatian,diatessaron,Matt,new_testament,Bible:Matt.27.64,Matt. xxvii. 64
tatian,diatessaron,Matt,new_testament,Bible:Matt.27.65,Matt. xxvii. 65
tatian,diatessaron,Matt,new_testament,Bible:Matt.27.66,Matt. xxvii. 66
tatian,diatessaron,Matt,new_testament,Bible:Matt.28.1 Bible:Luke.24.1,Matt. xxviii. 1a; Luke xxiv. 1b
tatian,diatessaron,Matt,new_testament,Bible:Matt.28.1 Bible:Luke.24.1,Matt. xxviii. 1b; Luke xxiv. 1d
tatian,diatessaron,Mark,new_testament,Bible:Mark.16.3,Mark xvi. 3
tatian,diatessaron,Mark,new_testament,Bible:Mark.16.4 Bible:Matt.28.2,"Mark
xvi. 4b; Matt. xxviii. 2a"
tatian,diatessaron,Luke,new_testament,Bible:Luke.24.2 Bible:Matt.28.2,Luke xxiv. 2; Matt. xxviii. 2
tatian,diatessaron,Matt,new_testament,Bible:Matt.28.3,Matt. xxviii. 3
tatian,diatessaron,Matt,new_testament,Bible:Matt.28.4,Matt. xxviii. 4
tatian,diatessaron,Luke,new_testament,Bible:Luke.24.3,Luke xxiv. 3
tatian,diatessaron,Mark,new_testament,Bible:Mark.16.5,Mark xvi. 5
tatian,diatessaron,Matt,new_testament,Bible:Matt.28.5,Matt. xxviii. 5
tatian,diatessaron,Matt,new_testament,Bible:Matt.28.6,Matt. xxviii. 6
tatian,diatessaron,Luke,new_testament,Bible:Luke.24.4,Luke xxiv. 4
tatian,diatessaron,Luke,new_testament,Bible:Luke.24.5,Luke xxiv. 5
tatian,diatessaron,Luke,new_testament,Bible:Luke.24.6,Luke xxiv. 6
tatian,diatessaron,Luke,new_testament,Bible:Luke.24.7,Luke xxiv. 7
tatian,diatessaron,Matt,new_testament,Bible:Matt.28.7,Matt. xxviii. 7
tatian,diatessaron,Mark,new_testament,Bible:Mark.16.7 Bible:Matt.28.7,"Mark
xvi. 7b; Matt. xxviii. 7c"
tatian,diatessaron,Luke,new_testament,Bible:Luke.24.8 Bible:Matt.28.8,Luke xxiv. 8; Matt. xxviii. 8
tatian,diatessaron,Mark,new_testament,Bible:Mark.16.8,Mark xvi. 8
tatian,diatessaron,John,new_testament,Bible:John.20.2,John xx. 2
tatian,diatessaron,John,new_testament,Bible:John.20.3,John xx. 3
tatian,diatessaron,John,new_testament,Bible:John.20.4,John xx. 4
tatian,diatessaron,John,new_testament,Bible:John.20.5,John xx. 5
tatian,diatessaron,John,new_testament,Bible:John.20.6,John xx. 6
tatian,diatessaron,John,new_testament,Bible:John.20.7,John xx. 7
tatian,diatessaron,John,new_testament,Bible:John.20.8,John xx. 8
tatian,diatessaron,John,new_testament,Bible:John.20.9,John xx. 9
tatian,diatessaron,John,new_testament,Bible:John.20.10,John xx. 10
tatian,diatessaron,John,new_testament,Bible:John.20.11,John xx. 11
tatian,diatessaron,John,new_testament,Bible:John.20.12,John xx. 12
tatian,diatessaron,John,new_testament,Bible:John.20.13,John xx. 13
tatian,diatessaron,John,new_testament,Bible:John.20.14,John xx. 14
tatian,diatessaron,John,new_testament,Bible:John.20.15,John xx. 15
tatian,diatessaron,John,new_testament,Bible:John.20.16,John xx. 16
tatian,diatessaron,John,new_testament,Bible:John.20.17,John xx. 17
tatian,diatessaron,Mark,new_testament,Bible:Mark.16.9,Mark xvi. 9
tatian,diatessaron,Matt,new_testament,Bible:Matt.28.11,Matt. xxviii. 11
tatian,diatessaron,Matt,new_testament,Bible:Matt.28.12,Matt. xxviii. 12
tatian,diatessaron,Matt,new_testament,Bible:Matt.28.13,Matt. xxviii. 13
tatian,diatessaron,Matt,new_testament,Bible:Matt.28.14,Matt. xxviii. 14
tatian,diatessaron,Matt,new_testament,Bible:Matt.28.15,Matt. xxviii. 15
tatian,diatessaron,John,new_testament,Bible:John.20.18,John xx. 18
tatian,diatessaron,Matt,new_testament,Bible:Matt.28.8,Matt. xxviii. 8
tatian,diatessaron,Matt,new_testament,Bible:Matt.28.9,Matt. xxviii. 9
tatian,diatessaron,Matt,new_testament,Bible:Matt.28.10,Matt. xxviii. 10
tatian,diatessaron,Luke,new_testament,Bible:Luke.24.9,Luke xxiv. 9
tatian,diatessaron,Mark,new_testament,Bible:Mark.16.10,Mark xvi. 10
tatian,diatessaron,Luke,new_testament,Bible:Luke.24.10,Luke xxiv. 10
tatian,diatessaron,Mark,new_testament,Bible:Mark.16.11,Mark xvi. 11
tatian,diatessaron,Luke,new_testament,Bible:Luke.24.11,Luke xxiv. 11
tatian,diatessaron,Mark,new_testament,Bible:Mark.16.12 Bible:Luke.24.13,Mark xvi. 12a; Luke xxiv. 13b
tatian,diatessaron,Luke,new_testament,Bible:Luke.24.14,Luke xxiv. 14
tatian,diatessaron,Luke,new_testament,Bible:Luke.24.15,Luke xxiv. 15
tatian,diatessaron,Luke,new_testament,Bible:Luke.24.16,Luke xxiv. 16
tatian,diatessaron,Luke,new_testament,Bible:Luke.24.17,Luke xxiv. 17
tatian,diatessaron,Luke,new_testament,Bible:Luke.24.18,Luke xxiv. 18
tatian,diatessaron,Luke,new_testament,Bible:Luke.24.19,Luke xxiv. 19
tatian,diatessaron,Luke,new_testament,Bible:Luke.24.20,Luke xxiv. 20
tatian,diatessaron,Luke,new_testament,Bible:Luke.24.21,Luke xxiv. 21
tatian,diatessaron,Luke,new_testament,Bible:Luke.24.22,Luke xxiv. 22
tatian,diatessaron,Luke,new_testament,Bible:Luke.24.23,Luke xxiv. 23
tatian,diatessaron,Luke,new_testament,Bible:Luke.24.24,Luke xxiv. 24
tatian,diatessaron,Luke,new_testament,Bible:Luke.24.25,Luke xxiv. 25
tatian,diatessaron,Luke,new_testament,Bible:Luke.24.26,Luke xxiv. 26
tatian,diatessaron,Luke,new_testament,Bible:Luke.24.27,Luke xxiv. 27
tatian,diatessaron,Luke,new_testament,Bible:Luke.24.28,Luke xxiv. 28
tatian,diatessaron,Luke,new_testament,Bible:Luke.24.29,Luke xxiv. 29
tatian,diatessaron,Luke,new_testament,Bible:Luke.24.30,Luke xxiv. 30
tatian,diatessaron,Luke,new_testament,Bible:Luke.24.31,Luke xxiv. 31
tatian,diatessaron,Luke,new_testament,Bible:Luke.24.32,Luke xxiv. 32
tatian,diatessaron,Luke,new_testament,Bible:Luke.24.33,Luke xxiv. 33
tatian,diatessaron,Luke,new_testament,Bible:Luke.24.34,Luke xxiv. 34
tatian,diatessaron,Luke,new_testament,Bible:Luke.24.35,Luke xxiv. 35
tatian,diatessaron,Mark,new_testament,Bible:Mark.16.13,Mark xvi. 13
tatian,diatessaron,Luke,new_testament,Bible:Luke.24.36 Bible:John.20.19,Luke xxiv. 36a; John xx. 19
tatian,diatessaron,Luke,new_testament,Bible:Luke.24.36,Luke xxiv. 36
tatian,diatessaron,Luke,new_testament,Bible:Luke.24.37,Luke xxiv. 37
tatian,diatessaron,Luke,new_testament,Bible:Luke.24.38,Luke xxiv. 38
tatian,diatessaron,Luke,new_testament,Bible:Luke.24.39,Luke xxiv. 39
tatian,diatessaron,Luke,new_testament,Bible:Luke.24.40,Luke xxiv. 40
tatian,diatessaron,Luke,new_testament,Bible:Luke.24.41,Luke xxiv. 41
tatian,diatessaron,Luke,new_testament,Bible:Luke.24.42,Luke xxiv. 42
tatian,diatessaron,Luke,new_testament,Bible:Luke.24.43,Luke xxiv. 43
tatian,diatessaron,Luke,new_testament,Bible:Luke.24.44,Luke xxiv. 44
tatian,diatessaron,Luke,new_testament,Bible:Luke.24.45,Luke xxiv. 45
tatian,diatessaron,Luke,new_testament,Bible:Luke.24.46,Luke xxiv. 46
tatian,diatessaron,Luke,new_testament,Bible:Luke.24.47,Luke xxiv. 47
tatian,diatessaron,Luke,new_testament,Bible:Luke.24.48,Luke xxiv. 48
tatian,diatessaron,Luke,new_testament,Bible:Luke.24.49 Bible:John.20.20,Luke xxiv. 49a; John xx. 20b
tatian,diatessaron,John,new_testament,Bible:John.20.21,John xx. 21
tatian,diatessaron,John,new_testament,Bible:John.20.22,John xx. 22
tatian,diatessaron,John,new_testament,Bible:John.20.23,John xx. 23
tatian,diatessaron,John,new_testament,Bible:John.20.24,John xx. 24
tatian,diatessaron,John,new_testament,Bible:John.20.25,John xx. 25
tatian,diatessaron,John,new_testament,Bible:John.20.26,John xx. 26
tatian,diatessaron,John,new_testament,Bible:John.20.27,John xx. 27
tatian,diatessaron,John,new_testament,Bible:John.20.28,John xx. 28
tatian,diatessaron,John,new_testament,Bible:John.20.29,John xx. 29
tatian,diatessaron,John,new_testament,Bible:John.20.30,John xx. 30
tatian,diatessaron,John,new_testament,Bible:John.20.31,John xx. 31
tatian,diatessaron,John,new_testament,Bible:John.21.1,John xxi. 1
tatian,diatessaron,John,new_testament,Bible:John.21.2,John xxi. 2
tatian,diatessaron,John,new_testament,Bible:John.21.3,John xxi. 3
tatian,diatessaron,John,new_testament,Bible:John.21.4,John xxi. 4
tatian,diatessaron,John,new_testament,Bible:John.21.5,John xxi. 5
tatian,diatessaron,John,new_testament,Bible:John.21.6,John xxi. 6
tatian,diatessaron,John,new_testament,Bible:John.21.7,John xxi. 7
tatian,diatessaron,John,new_testament,Bible:John.21.8,John xxi. 8
tatian,diatessaron,John,new_testament,Bible:John.21.9,John xxi. 9
tatian,diatessaron,John,new_testament,Bible:John.21.10,John xxi. 10
tatian,diatessaron,John,new_testament,Bible:John.21.11,John xxi. 11
tatian,diatessaron,John,new_testament,Bible:John.21.12,John xxi. 12
tatian,diatessaron,John,new_testament,Bible:John.21.13,John xxi. 13
tatian,diatessaron,John,new_testament,Bible:John.21.14,John xxi. 14
tatian,diatessaron,John,new_testament,Bible:John.21.15,John xxi. 15
tatian,diatessaron,John,new_testament,Bible:John.21.16,John xxi. 16
tatian,diatessaron,John,new_testament,Bible:John.21.17,John xxi. 17
tatian,diatessaron,John,new_testament,Bible:John.21.18,John xxi. 18
tatian,diatessaron,John,new_testament,Bible:John.21.19,John xxi. 19
tatian,diatessaron,John,new_testament,Bible:John.21.20,John xxi. 20
tatian,diatessaron,John,new_testament,Bible:John.21.21,John xxi. 21
tatian,diatessaron,John,new_testament,Bible:John.21.22,John xxi. 22
tatian,diatessaron,John,new_testament,Bible:John.21.23,John xxi. 23
tatian,diatessaron,John,new_testament,Bible:John.21.24,John xxi. 24
tatian,diatessaron,Matt,new_testament,Bible:Matt.28.16,Matt. xxviii. 16
tatian,diatessaron,Matt,new_testament,Bible:Matt.28.17,Matt. xxviii. 17
tatian,diatessaron,Mark,new_testament,Bible:Mark.16.14,Mark xvi. 14
tatian,diatessaron,Matt,new_testament,Bible:Matt.28.18,Matt. xxviii. 18
tatian,diatessaron,John,new_testament,Bible:John.20.21 Bible:Mark.16.15,John xx. 21b; Mark xvi. 15b
tatian,diatessaron,Matt,new_testament,Bible:Matt.28.19,Matt. xxviii. 19
tatian,diatessaron,Matt,new_testament,Bible:Matt.28.20,Matt. xxviii. 20
tatian,diatessaron,Mark,new_testament,Bible:Mark.16.16,Mark xvi. 16
tatian,diatessaron,Mark,new_testament,Bible:Mark.16.17,Mark xvi. 17
tatian,diatessaron,Mark,new_testament,Bible:Mark.16.18,Mark xvi. 18
tatian,diatessaron,Luke,new_testament,Bible:Luke.24.49,Luke xxiv. 49
tatian,diatessaron,Mark,new_testament,Bible:Mark.16.19 Bible:Luke.24.50,Mark xvi. 19a; Luke xxiv. 50
tatian,diatessaron,Luke,new_testament,Bible:Luke.24.51 Bible:Mark.16.19,Luke xxiv. 51; Mark xvi. 19
tatian,diatessaron,Luke,new_testament,Bible:Luke.24.52,Luke xxiv. 52
tatian,diatessaron,Luke,new_testament,Bible:Luke.24.53,Luke xxiv. 53
tatian,diatessaron,Mark,new_testament,Bible:Mark.16.20,Mark xvi. 20
tatian,diatessaron,John,new_testament,Bible:John.21.25,John xxi. 25
anonymous,apocalypse_peter,Isa,old_testament_or_other,Bible:Isa.34.4,Isaiah xxxiv. 4
anonymous,apocalypse_peter,Matt,new_testament,Bible:Matt.24.35,Matt. xxiv. 35
anonymous,apocalypse_peter,Isa,old_testament_or_other,Bible:Isa.66.24 Bible:Mark.9.44 Bible:Mark.9.48,"Isaiah lxvi. 24, Mark ix. 44,
48"
anonymous,apocalypse_peter,Luke,new_testament,Bible:Luke.16.19,"Luke xvi.
19"
anonymous,apocalypse_peter,Matt,new_testament,Bible:Matt.7.15 Bible:Matt.24.5 Bible:Matt.24.11,"Matt. vii. 15; xxiv. 5, 11"
anonymous,apocalypse_peter,2Pet,new_testament,Bible:2Pet.2.1-2Pet.2.3 Bible:2Pet.3.7 Bible:2Pet.3.16 Bible:2Thess.2.3,"2 Peter ii. 1–3; iii. 7, 16; 2
Thess. ii. 3"
anonymous,apocalypse_peter,2Pet,new_testament,Bible:2Pet.1.18,2 Peter i. 18
anonymous,apocalypse_peter,2Pet,new_testament,Bible:2Pet.1.18,"2 Peter i.
18"
anonymous,apocalypse_peter,2Pet,new_testament,Bible:2Pet.1.1 Bible:2Pet.3.19,2 Peter i. 1; iii. 19
anonymous,apocalypse_peter,2Pet,new_testament,Bible:2Pet.3.11,"2 Peter iii.
11"
anonymous,apocalypse_peter,2Cor,new_testament,Bible:2Cor.3.7,2 Cor. iii. 7
anonymous,apocalypse_peter,1Cor,new_testament,Bible:1Cor.2.9,"1
Cor. ii. 9"
anonymous,apocalypse_peter,1Pet,new_testament,Bible:1Pet.1.4,1 Peter i. 4
anonymous,apocalypse_peter,2Pet,new_testament,Bible:2Pet.1.19,"2 Peter i.
19"
anonymous,apocalypse_peter,2Pet,new_testament,Bible:2Pet.2.9,2 Peter ii. 9
anonymous,apocalypse_peter,Jude,new_testament,Bible:Jude.1.6 Bible:Jude.1.13,"Jude, vv. 6 and 13"
anonymous,apocalypse_peter,2Pet,new_testament,Bible:2Pet.2.12,2 Peter ii. 12
anonymous,apocalypse_peter,2Pet,new_testament,Bible:2Pet.3.7,2 Peter iii. 7
anonymous,apocalypse_peter,2Pet,new_testament,Bible:2Pet.2.22,"2 Peter ii.
22"
anonymous,apocalypse_peter,Titus,new_testament,Bible:Titus.1.14,"Titus i.
14"
anonymous,apocalypse_peter,Jude,new_testament,Bible:Jude.1.7,Jude 7
anonymous,apocalypse_peter,2Pet,new_testament,Bible:2Pet.2.10 Bible:2Pet.2.14 Bible:2Pet.2.17 Bible:2Pet.2.20 Bible:Jude.1.8,"2 Peter ii.
10, 14, 17, 20; Jude 8"
anonymous,apocalypse_peter,2Pet,new_testament,Bible:2Pet.2.17,"2 Peter ii.
17"
anonymous,apocalypse_peter,Isa,old_testament_or_other,Bible:Isa.66.24 Bible:Mark.9.48,"Isaiah lxvi.
24; Mark ix. 48"
anonymous,apocalypse_peter,Isa,old_testament_or_other,Bible:Isa.66.24 Bible:Mark.9.48,Isaiah lxvi. 24; Mark ix. 48
anonymous,apocalypse_peter,2Pet,new_testament,Bible:2Pet.2.2 Bible:Jude.1.8 Bible:Jude.1.10,"2 Peter ii.
2; Jude 8, 10"
anonymous,apocalypse_peter,2Pet,new_testament,Bible:2Pet.2.14,"2
Peter ii. 14"
anonymous,apocalypse_peter,2Pet,new_testament,Bible:2Pet.2.21 Bible:2Pet.3.2,"2 Peter ii.
21; iii. 2"
anonymous,apocalypse_peter,2Pet,new_testament,Bible:2Pet.2.10,2 Peter ii. 10
anonymous,apocalypse_peter,Rom,new_testament,Bible:Rom.1.26 Bible:Jude.1.8,Rom. i. 26 ff.; Jude 8
anonymous,apocalypse_peter,2Pet,new_testament,Bible:2Pet.2.2,2 Peter ii. 2
anonymous,vision_paul,2Cor,new_testament,Bible:2Cor.12.1-2Cor.12.5,"2
Cor. xii. 1–5"
anonymous,vision_paul,Isa,old_testament_or_other,Bible:Isa.9.9,Isaiah ix. 9
anonymous,vision_paul,Gen,old_testament_or_other,Bible:Gen.2.11,Genesis ii. 11
anonymous,vision_paul,Isa,old_testament_or_other,Bible:Isa.8.36,Isaiah viii. 36
anonymous,apocalypse_virgin,Lev,old_testament_or_other,Bible:Lev.10.12 Bible:Num.18.7,Lev. x. 12 ff.; Num. xviii. 7 ff.
anonymous,apocalypse_sedrach,John,new_testament,Bible:John.15.13,John xv. 13
anonymous,apocalypse_sedrach,Rom,new_testament,Bible:Rom.2.4,Rom. ii. 4
anonymous,acts_xanthippe,Rom,new_testament,Bible:Rom.15.24,Romans xv. 24
anonymous,acts_xanthippe,Ps,old_testament_or_other,Bible:Ps.142.4,Psalm 142. 4
anonymous,acts_xanthippe,Ps,old_testament_or_other,Bible:Ps.38.6,Psalm xxxviii. 6
clement_alex,epistles,Phil,new_testament,Bible:Phil.4.3,Phil. iv. 3
clement_alex,epistles,Eph,new_testament,Bible:Eph.5.21 Bible:1Pet.5.5,Eph. v. 21; 1 Pet. v. 5
clement_alex,epistles,Acts,new_testament,Bible:Acts.20.35,Acts xx. 35
clement_alex,epistles,1Pet,new_testament,Bible:1Pet.2.17,1 Pet. ii. 17
clement_alex,epistles,Titus,new_testament,Bible:Titus.3.1,Tit. iii. 1
clement_alex,epistles,Prov,old_testament_or_other,Bible:Prov.7.3,Prov. vii. 3
clement_alex,epistles,Deut,old_testament_or_other,Bible:Deut.32.15,Deut. xxxii. 15
clement_alex,epistles,2Cor,new_testament,Bible:2Cor.1.21 Bible:Eph.4.20,"2
Cor. i. 21; Eph. iv. 20"
clement_alex,epistles,Wis,deuterocanonical,Bible:Wis.2.24,Wisd. ii. 24
clement_alex,epistles,Gen,old_testament_or_other,Bible:Gen.4.3-Gen.4.8,Gen. iv. 3–8
clement_alex,epistles,Gen,old_testament_or_other,Bible:Gen.27.41,Gen. xxvii. 41
clement_alex,epistles,Gen,old_testament_or_other,Bible:Gen.37,Gen. xxxvii
clement_alex,epistles,Exod,old_testament_or_other,Bible:Exod.2.14,Ex. ii. 14
clement_alex,epistles,Num,old_testament_or_other,Bible:Num.12.14-Num.12.15,"Num. xii. 14, 15"
clement_alex,epistles,Num,old_testament_or_other,Bible:Num.16.33,Num. xvi. 33
clement_alex,epistles,1Kgs,old_testament_or_other,Bible:1Kgs.18.8,1 Kings xviii. 8
clement_alex,epistles,Gen,old_testament_or_other,Bible:Gen.2.23,Gen. ii. 23
clement_alex,epistles,Gen,old_testament_or_other,Bible:Gen.7 Bible:1Pet.3.20 Bible:2Pet.2.5,"Gen. vii; 1 Pet. iii. 20; 2 Pet. ii.
5"
clement_alex,epistles,Jonah,old_testament_or_other,Bible:Jonah.3,Jonah iii
clement_alex,epistles,Ezek,old_testament_or_other,Bible:Ezek.33.11,Ezek. xxxiii. 11
clement_alex,epistles,Ezek,old_testament_or_other,Bible:Ezek.18.30,Ezek. xviii. 30
clement_alex,epistles,Isa,old_testament_or_other,Bible:Isa.1.18,Isa. i. 18
clement_alex,epistles,Isa,old_testament_or_other,Bible:Isa.1.16-Isa.1.20,Isa. i. 16–20
clement_alex,epistles,Gen,old_testament_or_other,Bible:Gen.5.24 Bible:Heb.11.5,Gen. v. 24; Heb. xi. 5
clement_alex,epistles,Isa,old_testament_or_other,Bible:Isa.41.8 Bible:2Chr.20.7,Isa. xli. 8; 2 Chron. xx. 7
clement_alex,epistles,Jdt,deuterocanonical,Bible:Jdt.8.19,Judith viii. 19
clement_alex,epistles,Jas,new_testament,Bible:Jas.2.23,James ii. 23
clement_alex,epistles,Gen,old_testament_or_other,Bible:Gen.12.1-Gen.12.3,Gen. xii. 1–3
clement_alex,epistles,Gen,old_testament_or_other,Bible:Gen.13.14-Gen.13.16,Gen. xiii. 14–16
clement_alex,epistles,Gen,old_testament_or_other,Bible:Gen.15.5-Gen.15.6 Bible:Rom.4.3,"Gen. xv. 5, 6; Rom. iv. 3"
clement_alex,epistles,Gen,old_testament_or_other,Bible:Gen.12.22 Bible:Heb.11.17,Gen. xii. 22; Heb. xi. 17
clement_alex,epistles,Gen,old_testament_or_other,Bible:Gen.19,Gen. xix
clement_alex,epistles,2Pet,new_testament,Bible:2Pet.2.6-2Pet.2.9,2 Pet. ii. 6–9
clement_alex,epistles,Josh,old_testament_or_other,Bible:Josh.2 Bible:Heb.11.31,Josh. ii; Heb. xi. 31
clement_alex,epistles,Jer,old_testament_or_other,Bible:Jer.9.23-Jer.9.24 Bible:1Cor.1.31 Bible:2Cor.10.17,"Jer. ix. 23, 24; 1 Cor. i. 31; 2 Cor. x.
17"
clement_alex,epistles,Matt,new_testament,Bible:Matt.6.12-Matt.6.15 Bible:Matt.7.2 Bible:Luke.6.36-Luke.6.38,"Matt. vi. 12–15, vii. 2; Luke vi.
36–38"
clement_alex,epistles,Isa,old_testament_or_other,Bible:Isa.66.2,Isa. lxvi. 2
clement_alex,epistles,Prov,old_testament_or_other,Bible:Prov.2.21-Prov.2.22,"Prov. ii. 21, 22"
clement_alex,epistles,Ps,old_testament_or_other,Bible:Ps.37.35-Ps.37.37,Ps. xxxvii. 35–37
clement_alex,epistles,Isa,old_testament_or_other,Bible:Isa.29.13 Bible:Matt.15.8 Bible:Mark.7.6,"Isa. xxix. 13; Matt. xv. 8; Mark vii.
6"
clement_alex,epistles,Ps,old_testament_or_other,Bible:Ps.62.4,Ps. lxii. 4
clement_alex,epistles,Ps,old_testament_or_other,Bible:Ps.78.36-Ps.78.37,"Ps. lxxviii. 36, 37"
clement_alex,epistles,Ps,old_testament_or_other,Bible:Ps.31.18,Ps. xxxi. 18
clement_alex,epistles,Ps,old_testament_or_other,Bible:Ps.12.3-Ps.12.5,Ps. xii. 3–5
clement_alex,epistles,Isa,old_testament_or_other,Bible:Isa.53,Isa. liii
clement_alex,epistles,Ps,old_testament_or_other,Bible:Ps.22.6-Ps.22.8,Ps. xxii. 6–8
clement_alex,epistles,Heb,new_testament,Bible:Heb.11.37,Heb. xi. 37
clement_alex,epistles,Gen,old_testament_or_other,Bible:Gen.18.27,Gen. xviii. 27
clement_alex,epistles,Job,old_testament_or_other,Bible:Job.1.1,Job i. 1
clement_alex,epistles,Job,old_testament_or_other,Bible:Job.14.4-Job.14.5,"Job xiv. 4, 5"
clement_alex,epistles,Num,old_testament_or_other,Bible:Num.12.7 Bible:Heb.3.2,Num. xii. 7; Heb. iii. 2
clement_alex,epistles,Exod,old_testament_or_other,Bible:Exod.3.11 Bible:Exod.4.10,"Ex. iii. 11, iv. 10"
clement_alex,epistles,Ps,old_testament_or_other,Bible:Ps.89.21,Ps. lxxxix. 21
clement_alex,epistles,Ps,old_testament_or_other,Bible:Ps.51.1-Ps.51.17,Ps. li. 1–17
clement_alex,epistles,Heb,new_testament,Bible:Heb.12.1,Heb. xii. 1
clement_alex,epistles,Job,old_testament_or_other,Bible:Job.38.11,Job xxxviii. 11
clement_alex,epistles,Prov,old_testament_or_other,Bible:Prov.20.27,Prov. xx. 27
clement_alex,epistles,Heb,new_testament,Bible:Heb.13.17 Bible:1Thess.5.12-1Thess.5.13,"Heb. xiii. 17; 1 Thess. v. 12,
13"
clement_alex,epistles,1Tim,new_testament,Bible:1Tim.5.21,"1
Tim. v. 21"
clement_alex,epistles,Ps,old_testament_or_other,Bible:Ps.34.11-Ps.34.17,Ps. xxxiv. 11–17
clement_alex,epistles,Ps,old_testament_or_other,Bible:Ps.32.10,Ps. xxxii. 10
clement_alex,epistles,Jas,new_testament,Bible:Jas.1.8 Bible:2Pet.3.3-2Pet.3.4,"James i. 8 and 2 Pet. iii. 3, 4"
clement_alex,epistles,Hab,old_testament_or_other,Bible:Hab.2.3 Bible:Heb.10.37,Hab. ii. 3; Heb. x. 37
clement_alex,epistles,Mal,old_testament_or_other,Bible:Mal.3.1,Mal. iii. 1
clement_alex,epistles,1Cor,new_testament,Bible:1Cor.15.20 Bible:Col.1.18,1 Cor. xv. 20; Col. i. 18
clement_alex,epistles,Luke,new_testament,Bible:Luke.8.5,Luke viii. 5
clement_alex,epistles,Ps,old_testament_or_other,Bible:Ps.28.7,Ps. xxviii. 7
clement_alex,epistles,Ps,old_testament_or_other,Bible:Ps.3.6,Ps. iii. 6
clement_alex,epistles,Job,old_testament_or_other,Bible:Job.19.25-Job.19.26,"Job xix. 25, 26"
clement_alex,epistles,Titus,new_testament,Bible:Titus.1.2 Bible:Heb.6.18,Tit. i. 2; Heb. vi. 18
clement_alex,epistles,Wis,deuterocanonical,Bible:Wis.12.12 Bible:Wis.11.21,"Wisd. xii. 12, xi. 21"
clement_alex,epistles,Matt,new_testament,Bible:Matt.24.35,Matt. xxiv. 35
clement_alex,epistles,Ps,old_testament_or_other,Bible:Ps.19.1-Ps.19.3,Ps. xix. 1–3
clement_alex,epistles,Ps,old_testament_or_other,Bible:Ps.19.2-Ps.19.4,Ps. xix. 2–4
clement_alex,epistles,Ps,old_testament_or_other,Bible:Ps.39.7-Ps.39.10,Ps. cxxxix. 7–10
clement_alex,epistles,Deut,old_testament_or_other,Bible:Deut.32.8-Deut.32.9,"Deut. xxxii. 8, 9"
clement_alex,epistles,Num,old_testament_or_other,Bible:Num.18.27 Bible:2Chr.31.14,Num. xviii. 27 and 2 Chron. xxxi. 14
clement_alex,epistles,Prov,old_testament_or_other,Bible:Prov.3.34 Bible:Jas.4.6 Bible:1Pet.5.5,"Prov. iii. 34; James iv. 6; 1 Pet. v.
5"
clement_alex,epistles,Job,old_testament_or_other,Bible:Job.11.2-Job.11.3,"Job xi. 2, 3"
clement_alex,epistles,Jas,new_testament,Bible:Jas.2.21,James ii. 21
clement_alex,epistles,Gen,old_testament_or_other,Bible:Gen.22.6-Gen.22.10,Gen. xxii. 6–10
clement_alex,epistles,Rom,new_testament,Bible:Rom.9.5,Rom. ix. 5
clement_alex,epistles,Gen,old_testament_or_other,Bible:Gen.22.17 Bible:Gen.28.4,"Gen. xxii. 17, xxviii. 4"
clement_alex,epistles,Gen,old_testament_or_other,Bible:Gen.1.26-Gen.1.27,"Gen. i. 26, 27"
clement_alex,epistles,Gen,old_testament_or_other,Bible:Gen.1.28,Gen. i. 28
clement_alex,epistles,Isa,old_testament_or_other,Bible:Isa.40.10 Bible:Isa.62.11 Bible:Rev.22.12,"Isa. xl. 10, lxii. 11; Rev. xxii.
12"
clement_alex,epistles,Dan,old_testament_or_other,Bible:Dan.7.10,Dan. vii. 10
clement_alex,epistles,Isa,old_testament_or_other,Bible:Isa.6.3,Isa. vi. 3
clement_alex,epistles,1Cor,new_testament,Bible:1Cor.2.9,1 Cor. ii. 9
clement_alex,epistles,Rom,new_testament,Bible:Rom.1.32,Rom. i. 32
clement_alex,epistles,Ps,old_testament_or_other,Bible:Ps.50.17-Ps.50.22,Ps. l. 17–22
clement_alex,epistles,Ps,old_testament_or_other,Bible:Ps.50.16-Ps.50.23,Ps. l. 16–23
clement_alex,epistles,Heb,new_testament,Bible:Heb.1.3-Heb.1.4,"Heb. i. 3, 4"
clement_alex,epistles,Ps,old_testament_or_other,Bible:Ps.4.4 Bible:Heb.1.7,Ps. civ. 4; Heb. i. 7
clement_alex,epistles,Ps,old_testament_or_other,Bible:Ps.2.7-Ps.2.8 Bible:Heb.1.5,"Ps. ii. 7, 8; Heb. i. 5"
clement_alex,epistles,Ps,old_testament_or_other,Bible:Ps.10.1 Bible:Heb.1.13,Ps. cx. 1; Heb. i. 13
clement_alex,epistles,1Cor,new_testament,Bible:1Cor.12.12,1 Cor. xii. 12
clement_alex,epistles,Prov,old_testament_or_other,Bible:Prov.27.2,Prov. xxvii. 2
clement_alex,epistles,Ps,old_testament_or_other,Bible:Ps.39.15,Ps. cxxxix. 15
clement_alex,epistles,Job,old_testament_or_other,Bible:Job.4.16-Job.4.18 Bible:Job.4.19-Job.4.21 Bible:Job.5.1-Job.5.5 Bible:Job.15.15,"Job iv. 16–18, 19–21, v.
1–5, xv. 15"
clement_alex,epistles,Isa,old_testament_or_other,Bible:Isa.60.17,Isa. lx. 17
clement_alex,epistles,Num,old_testament_or_other,Bible:Num.12.10 Bible:Heb.3.5,Num. xii. 10; Heb. iii. 5
clement_alex,epistles,Num,old_testament_or_other,Bible:Num.17,Num xvii
clement_alex,epistles,Dan,old_testament_or_other,Bible:Dan.6.16,Dan. vi. 16
clement_alex,epistles,Dan,old_testament_or_other,Bible:Dan.3.20,Dan. iii. 20
clement_alex,epistles,Ps,old_testament_or_other,Bible:Ps.18.25-Ps.18.26,"Ps. xviii. 25, 26"
clement_alex,epistles,Jas,new_testament,Bible:Jas.4.1,James iv. 1
clement_alex,epistles,Eph,new_testament,Bible:Eph.4.4-Eph.4.6,Eph. iv. 4–6
clement_alex,epistles,Rom,new_testament,Bible:Rom.12.5,Rom. xii. 5
clement_alex,epistles,Matt,new_testament,Bible:Matt.18.6 Bible:Matt.26.24 Bible:Mark.9.42 Bible:Luke.17.2,"Matt. xviii. 6, xxvi. 24; Mark ix. 42;
Luke xvii. 2"
clement_alex,epistles,1Cor,new_testament,Bible:1Cor.3.13,1 Cor. iii. 13
clement_alex,epistles,Ps,old_testament_or_other,Bible:Ps.18.19-Ps.18.20,"Ps. cxviii. 19, 20"
clement_alex,epistles,Jas,new_testament,Bible:Jas.5.20 Bible:1Pet.4.8,James v. 20; 1 Pet. iv. 8
clement_alex,epistles,1Cor,new_testament,Bible:1Cor.13.4,1 Cor. xiii. 4
clement_alex,epistles,Isa,old_testament_or_other,Bible:Isa.26.20,Isa. xxvi. 20
clement_alex,epistles,Ps,old_testament_or_other,Bible:Ps.32.1-Ps.32.2,"Ps. xxxii. 1, 2"
clement_alex,epistles,Num,old_testament_or_other,Bible:Num.16,Num. xvi
clement_alex,epistles,Ps,old_testament_or_other,Bible:Ps.49.14,Ps. xlix. 14
clement_alex,epistles,Exod,old_testament_or_other,Bible:Exod.14,Ex. xiv
clement_alex,epistles,Ps,old_testament_or_other,Bible:Ps.69.31-Ps.69.32,"Ps. lxix. 31, 32"
clement_alex,epistles,Ps,old_testament_or_other,Bible:Ps.50.15,Ps. l. 15
clement_alex,epistles,Ps,old_testament_or_other,Bible:Ps.51.17,Ps. li. 17
clement_alex,epistles,Exod,old_testament_or_other,Bible:Exod.32.7,Ex. xxxii. 7
clement_alex,epistles,Deut,old_testament_or_other,Bible:Deut.9.12,Deut. ix. 12
clement_alex,epistles,Exod,old_testament_or_other,Bible:Exod.32.9,Ex. xxxii. 9
clement_alex,epistles,Exod,old_testament_or_other,Bible:Exod.32.32,Ex. xxxii. 32
clement_alex,epistles,Ps,old_testament_or_other,Bible:Ps.24.1 Bible:1Cor.10.26 Bible:1Cor.10.28,"Ps. xxiv. 1; 1 Cor. x. 26, 28"
clement_alex,epistles,Jdt,deuterocanonical,Bible:Jdt.8.30,Judith viii. 30
clement_alex,epistles,Ps,old_testament_or_other,Bible:Ps.18.18,Ps. cxviii. 18
clement_alex,epistles,Prov,old_testament_or_other,Bible:Prov.3.12 Bible:Heb.12.6,Prov. iii. 12; Heb. xii. 6
clement_alex,epistles,Ps,old_testament_or_other,Bible:Ps.41.5,Ps. cxli. 5
clement_alex,epistles,Job,old_testament_or_other,Bible:Job.5.17-Job.5.26,Job v. 17–26
clement_alex,epistles,Prov,old_testament_or_other,Bible:Prov.1.22-Prov.1.33,Prov. i. 22–33
clement_alex,epistles,Isa,old_testament_or_other,Bible:Isa.57.15,Is. lvii. 15
clement_alex,epistles,Isa,old_testament_or_other,Bible:Isa.13.11,Is. xiii. 11
clement_alex,epistles,Ps,old_testament_or_other,Bible:Ps.33.10,Ps. xxxiii. 10
clement_alex,epistles,Job,old_testament_or_other,Bible:Job.5.11 Bible:Ezek.17.24,Job v. 11; Ezek. xvii. 24
clement_alex,epistles,1Sam,old_testament_or_other,Bible:1Sam.2.7,1 Sam. ii. 7
clement_alex,epistles,Deut,old_testament_or_other,Bible:Deut.32.39,Deut. xxxii. 39
clement_alex,epistles,Num,old_testament_or_other,Bible:Num.16.22 Bible:Num.27.16 Bible:Jer.32.27,"Numb. xvi. 22, xxvii. 16; Jer. xxxii.
27"
clement_alex,epistles,Titus,new_testament,Bible:Titus.2.14,Tit. ii. 14
clement_alex,epistles,Eph,new_testament,Bible:Eph.1.3-Eph.1.5,Eph. i. 3–5
clement_alex,epistles,Ps,old_testament_or_other,Bible:Ps.16.12,Ps. cxvi. 12
clement_alex,epistles,Hos,old_testament_or_other,Bible:Hos.2.23 Bible:Rom.4.17 Bible:Rom.9.25,"Hos. ii. 23; Rom. iv. 17, ix.
25"
clement_alex,epistles,Isa,old_testament_or_other,Bible:Isa.54.1 Bible:Gal.4.27,Isa. liv. 1; Gal. iv. 27
clement_alex,epistles,Matt,new_testament,Bible:Matt.9.13 Bible:Luke.5.32,Matt. ix. 13; Luke v. 32
clement_alex,epistles,Matt,new_testament,Bible:Matt.18.11,Matt. xviii. 11
clement_alex,epistles,Matt,new_testament,Bible:Matt.10.32,Matt. x. 32
clement_alex,epistles,Matt,new_testament,Bible:Matt.22.37,Matt. xxii. 37
clement_alex,epistles,Isa,old_testament_or_other,Bible:Isa.29.13,Isa. xxix. 13
clement_alex,epistles,Matt,new_testament,Bible:Matt.7.21,Matt. vii. 21
clement_alex,epistles,Matt,new_testament,Bible:Matt.7.23 Bible:Luke.13.27,Matt. vii. 23; Luke xiii. 27
clement_alex,epistles,Matt,new_testament,Bible:Matt.10.16,Matt. x. 16
clement_alex,epistles,Matt,new_testament,Bible:Matt.10.28 Bible:Luke.12.4-Luke.12.5,"Matt. x. 28; Luke xii. 4, 5"
clement_alex,epistles,Matt,new_testament,Bible:Matt.6.24 Bible:Luke.16.13,Matt. vi. 24; Luke xvi. 13
clement_alex,epistles,Matt,new_testament,Bible:Matt.16.26,Matt. xvi. 26
clement_alex,epistles,Ezek,old_testament_or_other,Bible:Ezek.14.14 Bible:Ezek.14.20,"Ezek. xiv. 14, 20"
clement_alex,epistles,Isa,old_testament_or_other,Bible:Isa.66.24,Isa. lxvi. 24
clement_alex,epistles,Luke,new_testament,Bible:Luke.16.10-Luke.16.12,Luke xvi. 10–12
clement_alex,epistles,Matt,new_testament,Bible:Matt.12.50,Matt. xii. 50
clement_alex,epistles,1Cor,new_testament,Bible:1Cor.7.29,1 Cor. vii. 29
clement_alex,epistles,Isa,old_testament_or_other,Bible:Isa.52.5,Is. lii. 5
clement_alex,epistles,Luke,new_testament,Bible:Luke.6.32,Luke vi. 32
clement_alex,epistles,Jer,old_testament_or_other,Bible:Jer.7.11,Jer. vii. 11
clement_alex,epistles,Gen,old_testament_or_other,Bible:Gen.1.27,Gen. i. 27
clement_alex,epistles,Eph,new_testament,Bible:Eph.5.22-Eph.5.23,Eph. v. 22–23
clement_alex,epistles,1Pet,new_testament,Bible:1Pet.1.20,1 Pet. i. 20
clement_alex,epistles,1Tim,new_testament,Bible:1Tim.4.16,1 Tim. iv. 16
clement_alex,epistles,Jas,new_testament,Bible:Jas.5.19-Jas.5.25,Jas. v. 19–25
clement_alex,epistles,Isa,old_testament_or_other,Bible:Isa.58.9,Is. lviii. 9
clement_alex,epistles,2Pet,new_testament,Bible:2Pet.2.9 Bible:2Pet.3.5-2Pet.3.10,"2 Pet. ii. 9, iii. 5–10"
clement_alex,epistles,1Pet,new_testament,Bible:1Pet.4.4,1 Pet. iv. 4
clement_alex,epistles,Isa,old_testament_or_other,Bible:Isa.66.18,Is. lxvi. 18
clement_alex,epistles,Isa,old_testament_or_other,Bible:Isa.66.24,Is. lxvi. 24
aristides,apology,Rom,new_testament,Bible:Rom.1.25 Bible:Col.2.8,"Rom.
i. 25 and Col. ii. 8"
aristides,apology,Amos,old_testament_or_other,Bible:Amos.5.26,Amos v. 26
aristides,apology,Acts,new_testament,Bible:Acts.7.43,Acts vii. 43
aristides,apology,2Pet,new_testament,Bible:2Pet.3.16,2 Peter iii. 16
rutherford_an,passion,1Tim,new_testament,Bible:1Tim.6.16,1 Tim. vi. 16
rutherford_an,passion,Rom,new_testament,Bible:Rom.13.7,Rom. xiii. 7
origen,epistle_john,John,new_testament,Bible:John.13.33,John xiii. 33
origen,epistle_john,Exod,old_testament_or_other,Bible:Exod.9.2,"ix.
2"
origen,epistle_john,Exod,old_testament_or_other,Bible:Exod.31.3 Bible:Exod.31.6 Bible:Exod.36.1-Exod.36.2 Bible:Exod.36.8,"Exod. xxxi. 3, 6; xxxvi. 1, 2,
8"
origen,epistle_john,1Kgs,old_testament_or_other,Bible:1Kgs.11.14,1 Kings xi. 14
origen,epistle_john,John,new_testament,Bible:John.10.3,John x. 3
origen,epistle_john,Matt,new_testament,Bible:Matt.7.7,Matt. vii. 7
origen,epistle_john,Heb,new_testament,Bible:Heb.3.14,Heb. iii. 14
origen,epistle_john,Rom,new_testament,Bible:Rom.2.29,Rom. ii. 29
origen,epistle_john,Rev,new_testament,Bible:Rev.7.2-Rev.7.5,"Apoc. vii.
2–5"
origen,epistle_john,Rev,new_testament,Bible:Rev.14.1-Rev.14.5,"Apoc. xiv.
1–5"
origen,epistle_john,Rev,new_testament,Bible:Rev.7.3-Rev.7.4,"Apoc. vii. 3,
4"
origen,epistle_john,1Cor,new_testament,Bible:1Cor.2.14,1 Cor. ii. 14
origen,epistle_john,Heb,new_testament,Bible:Heb.4.14,Heb. iv. 14
origen,epistle_john,Ps,old_testament_or_other,Bible:Ps.10.4 Bible:Heb.5.6,Ps. cx. 4; Heb. v. 6
origen,epistle_john,Exod,old_testament_or_other,Bible:Exod.22.29,Exod. xxii. 29
origen,epistle_john,Exod,old_testament_or_other,Bible:Exod.23.16,Exod. xxiii. 16
origen,epistle_john,2Cor,new_testament,Bible:2Cor.6.18,2 Cor. vi. 18
origen,epistle_john,2Tim,new_testament,Bible:2Tim.3.16,2 Tim. iii. 16
origen,epistle_john,1Cor,new_testament,Bible:1Cor.7.12,1 Cor. vii. 12
origen,epistle_john,1Cor,new_testament,Bible:1Cor.7.17,1 Cor. vii. 17
origen,epistle_john,2Tim,new_testament,Bible:2Tim.3.11,2 Tim. iii. 11
origen,epistle_john,John,new_testament,Bible:John.1.29,John i. 29
origen,epistle_john,Eph,new_testament,Bible:Eph.4.11,Ephes. iv. 11
origen,epistle_john,John,new_testament,Bible:John.9.1,John ix. 1
origen,epistle_john,John,new_testament,Bible:John.11.39,John xi. 39
origen,epistle_john,Matt,new_testament,Bible:Matt.23.8-Matt.23.9,"Matt. xxiii. 8, 9"
origen,epistle_john,2Cor,new_testament,Bible:2Cor.5.19,2 Cor. v. 19
origen,epistle_john,Matt,new_testament,Bible:Matt.1.1,Matt. i. 1
origen,epistle_john,John,new_testament,Bible:John.19.26,John xix. 26
origen,epistle_john,Gal,new_testament,Bible:Gal.2.20,Gal. ii. 20
origen,epistle_john,1Cor,new_testament,Bible:1Cor.2.12 Bible:1Cor.2.16,"1 Cor. ii. 12, 16"
origen,epistle_john,Rom,new_testament,Bible:Rom.2.16,Rom. ii. 16
origen,epistle_john,Col,new_testament,Bible:Col.1.15,Col. i. 15
origen,epistle_john,Matt,new_testament,Bible:Matt.11.3,Matt. xi. 3
origen,epistle_john,John,new_testament,Bible:John.4.25,John iv. 25
origen,epistle_john,Luke,new_testament,Bible:Luke.24.18-Luke.24.21,Luke xxiv. 18–21
origen,epistle_john,John,new_testament,Bible:John.1.42,John i. 42
origen,epistle_john,John,new_testament,Bible:John.1.46,John i. 46
origen,epistle_john,1Cor,new_testament,Bible:1Cor.10.11,1 Cor. x. 11
origen,epistle_john,John,new_testament,Bible:John.11.25,John xi. 25
origen,epistle_john,Ps,old_testament_or_other,Bible:Ps.67.11-Ps.67.12,"Ps. lxvii. 11, 12"
origen,epistle_john,1Cor,new_testament,Bible:1Cor.4.19-1Cor.4.20,"1 Cor. iv. 19, 20"
origen,epistle_john,1Cor,new_testament,Bible:1Cor.2.4,1 Cor. ii. 4
origen,epistle_john,Luke,new_testament,Bible:Luke.24.32,Luke xxiv. 32
origen,epistle_john,Isa,old_testament_or_other,Bible:Isa.52.7 Bible:Rom.10.15,Isa. lii. 7; Rom. x. 15
origen,epistle_john,John,new_testament,Bible:John.14.6,John xiv. 6
origen,epistle_john,John,new_testament,Bible:John.10.9,John x. 9
origen,epistle_john,Prov,old_testament_or_other,Bible:Prov.8.22,Prov. viii. 22
origen,epistle_john,Rom,new_testament,Bible:Rom.6.10,Rom. vi. 10
origen,epistle_john,1Cor,new_testament,Bible:1Cor.1.30,1 Cor. i. 30
origen,epistle_john,Col,new_testament,Bible:Col.1.19 Bible:Col.2.9,Col. i. 19; ii. 9
origen,epistle_john,John,new_testament,Bible:John.21.25,John xxi. 25
origen,epistle_john,Isa,old_testament_or_other,Bible:Isa.52.6,Isa. lii. 6
origen,epistle_john,Isa,old_testament_or_other,Bible:Isa.40.9,Isa. xl. 9
origen,epistle_john,Matt,new_testament,Bible:Matt.5.45,Matt. v. 45
origen,epistle_john,Luke,new_testament,Bible:Luke.4.18,Luke iv. 18
origen,epistle_john,Matt,new_testament,Bible:Matt.26.6-Matt.26.13,Matt. xxvi. 6–13
origen,epistle_john,Luke,new_testament,Bible:Luke.7.36-Luke.7.50,Luke vii. 36–50
origen,epistle_john,Matt,new_testament,Bible:Matt.25.40,Matt. xxv. 40
origen,epistle_john,John,new_testament,Bible:John.19.6 Bible:John.19.15,"John xix. 6, 15"
origen,epistle_john,Acts,new_testament,Bible:Acts.9.4-Acts.9.5,"Acts ix. 4, 5"
origen,epistle_john,Luke,new_testament,Bible:Luke.8.14,Luke viii. 14
origen,epistle_john,Ps,old_testament_or_other,Bible:Ps.4.4,Ps. civ. 4
origen,epistle_john,Luke,new_testament,Bible:Luke.2.10-Luke.2.11,"Luke ii. 10, 11"
origen,epistle_john,Mark,new_testament,Bible:Mark.1.1,Mark i. 1
origen,epistle_john,Mark,new_testament,Bible:Mark.1.2-Mark.1.3,"i. 2,
3"
origen,epistle_john,Rev,new_testament,Bible:Rev.14.6-Rev.14.7,"Apoc. xiv. 6,
7"
origen,epistle_john,Acts,new_testament,Bible:Acts.8.26,Acts viii. 26
origen,epistle_john,Eph,new_testament,Bible:Eph.1.21,Ephes. i. 21
origen,epistle_john,John,new_testament,Bible:John.1.1,John i. 1
origen,epistle_john,Prov,old_testament_or_other,Bible:Prov.16.5,Prov. xvi. 5
origen,epistle_john,1Cor,new_testament,Bible:1Cor.15.25-1Cor.15.26,"1 Cor. xv. 25, 26"
origen,epistle_john,Gen,old_testament_or_other,Bible:Gen.1.1,Gen. i. 1
origen,epistle_john,Job,old_testament_or_other,Bible:Job.40.19,Job xl. 19
origen,epistle_john,Job,old_testament_or_other,Bible:Job.3.8,Job iii. 8
origen,epistle_john,Rom,new_testament,Bible:Rom.8.22 Bible:Rom.8.20,"Rom. viii. 22, 20"
origen,epistle_john,Phil,new_testament,Bible:Phil.1.23,Phil. i. 23
origen,epistle_john,Prov,old_testament_or_other,Bible:Prov.8.22,"viii.
22"
origen,epistle_john,2Macc,deuterocanonical,Bible:2Macc.7.28,2 Macc. vii. 28
origen,epistle_john,Col,new_testament,Bible:Col.1.15,Coloss. i. 15
origen,epistle_john,Heb,new_testament,Bible:Heb.5.12,Heb. v. 12
origen,epistle_john,1Cor,new_testament,Bible:1Cor.15.45,1 Cor. xv. 45
origen,epistle_john,Ps,old_testament_or_other,Bible:Ps.48.5,Ps. cxlviii. 5
origen,epistle_john,John,new_testament,Bible:John.1.3-John.1.4,"John i. 3, 4"
origen,epistle_john,Rev,new_testament,Bible:Rev.22.13,"Apoc. xxii.
13"
origen,epistle_john,Rom,new_testament,Bible:Rom.3.25,Rom. iii. 25
origen,epistle_john,John,new_testament,Bible:John.13.13,John xiii. 13
origen,epistle_john,John,new_testament,Bible:John.10.36,John x. 36
origen,epistle_john,John,new_testament,Bible:John.17.1,John xvii. 1
origen,epistle_john,John,new_testament,Bible:John.18.33 Bible:John.18.36,"John xviii. 33, 36"
origen,epistle_john,John,new_testament,Bible:John.15.1 Bible:John.15.5,"John xv. 1, 5"
origen,epistle_john,John,new_testament,Bible:John.6.35 Bible:John.6.41 Bible:John.6.33,"John vi. 35, 41, 33"
origen,epistle_john,Rev,new_testament,Bible:Rev.1.18,"Apoc. i.
18"
origen,epistle_john,Isa,old_testament_or_other,Bible:Isa.49.2,Isa. xlix. 2
origen,epistle_john,Isa,old_testament_or_other,Bible:Isa.42.1,Isa. xlii. 1
origen,epistle_john,Isa,old_testament_or_other,Bible:Isa.49.6,Isa. xlix. 6
origen,epistle_john,Isa,old_testament_or_other,Bible:Isa.49.1-Isa.49.3,"Isa. xlix. 1, 2, 3"
origen,epistle_john,Jer,old_testament_or_other,Bible:Jer.11.19,Jerem. xi. 19
origen,epistle_john,John,new_testament,Bible:John.1.30-John.1.31,"John i. 30, 31"
origen,epistle_john,1John,new_testament,Bible:1John.2.1,1 John ii. 1
origen,epistle_john,Rom,new_testament,Bible:Rom.3.25-Rom.3.26,"Rom. iii. 25, 26"
origen,epistle_john,1Cor,new_testament,Bible:1Cor.1.24 Bible:1Cor.1.30,"1 Cor. i. 24, 30"
origen,epistle_john,Gen,old_testament_or_other,Bible:Gen.49.10,Gen. xlix. 10
origen,epistle_john,Isa,old_testament_or_other,Bible:Isa.42.1-Isa.42.4,Isa. xlii. 1–4
origen,epistle_john,Matt,new_testament,Bible:Matt.12.17 Bible:Matt.12.19,"Matt. xii. 17, 19"
origen,epistle_john,Ezek,old_testament_or_other,Bible:Ezek.34.23,Ezek. xxxiv. 23
origen,epistle_john,Isa,old_testament_or_other,Bible:Isa.11.1-Isa.11.3,Isa. xi. 1–3
origen,epistle_john,Ps,old_testament_or_other,Bible:Ps.18.22-Ps.18.23,"Ps. cxviii. 22, 23"
origen,epistle_john,Matt,new_testament,Bible:Matt.21.42 Bible:Matt.21.44,"Matt. xxi. 42, 44"
origen,epistle_john,Acts,new_testament,Bible:Acts.4.11,Acts iv. 11
origen,epistle_john,Ps,old_testament_or_other,Bible:Ps.45.1,Ps. xlv. 1
origen,epistle_john,John,new_testament,Bible:John.1.3-John.1.5,John i. 3–5
origen,epistle_john,John,new_testament,Bible:John.1.9,John i. 9
origen,epistle_john,John,new_testament,Bible:John.9.4-John.9.5,"John ix. 4, 5"
origen,epistle_john,Matt,new_testament,Bible:Matt.5.14 Bible:Matt.5.16,"Matt. v. 14, 16"
origen,epistle_john,1Cor,new_testament,Bible:1Cor.4.9,1 Cor. iv. 9
origen,epistle_john,Rom,new_testament,Bible:Rom.8.24 Bible:Rom.8.19,"Rom. viii. 24, 19"
origen,epistle_john,John,new_testament,Bible:John.17.21,John xvii. 21
origen,epistle_john,John,new_testament,Bible:John.12.26,John xii. 26
origen,epistle_john,Rom,new_testament,Bible:Rom.5.3-Rom.5.5,Rom. v. 3–5
origen,epistle_john,Rom,new_testament,Bible:Rom.8.20,Rom. viii. 20
origen,epistle_john,Rom,new_testament,Bible:Rom.6.4,Rom. vi. 4
origen,epistle_john,2Cor,new_testament,Bible:2Cor.4.10,2 Cor. iv. 10
origen,epistle_john,Matt,new_testament,Bible:Matt.10.10,Matt. x. 10
origen,epistle_john,Prov,old_testament_or_other,Bible:Prov.30.19,Prov. xxx. 19
origen,epistle_john,Ps,old_testament_or_other,Bible:Ps.36.6,Ps. xxxvi. 6
origen,epistle_john,Jer,old_testament_or_other,Bible:Jer.31.27,Jer. xxxi. 27
origen,epistle_john,Ps,old_testament_or_other,Bible:Ps.45.8,Ps. xlv. 8
origen,epistle_john,Ps,old_testament_or_other,Bible:Ps.72.1-Ps.72.2,"Ps. lxxii. 1, 2"
origen,epistle_john,Eph,new_testament,Bible:Eph.2.14,Ephes. ii. 14
origen,epistle_john,Rom,new_testament,Bible:Rom.8.15,Rom. viii. 15
origen,epistle_john,John,new_testament,Bible:John.15.15,John xv. 15
origen,epistle_john,Luke,new_testament,Bible:Luke.22.28,Luke xxii. 28
origen,epistle_john,Mal,old_testament_or_other,Bible:Mal.1.6,i. 6
origen,epistle_john,Mark,new_testament,Bible:Mark.1.11 Bible:Ps.2.7 Bible:Heb.1.5,"Mark i. 11; Ps. ii. 7; Heb. i.
5"
origen,epistle_john,Ps,old_testament_or_other,Bible:Ps.4.15,Ps. civ. 15
origen,epistle_john,Gen,old_testament_or_other,Bible:Gen.43.34,Gen. xliii. 34
origen,epistle_john,Ps,old_testament_or_other,Bible:Ps.36.2,Ps. cxxxvi. 2
origen,epistle_john,Ps,old_testament_or_other,Bible:Ps.50.1,Ps. l. 1
origen,epistle_john,Matt,new_testament,Bible:Matt.20.2,Matt. xx. 2
origen,epistle_john,1Cor,new_testament,Bible:1Cor.8.5,1 Cor. viii. 5
origen,epistle_john,Exod,old_testament_or_other,Bible:Exod.3.2 Bible:Exod.3.6,"Exod. iii. 2, 6"
origen,epistle_john,Isa,old_testament_or_other,Bible:Isa.9.6,Isa. ix. 6
origen,epistle_john,Ps,old_testament_or_other,Bible:Ps.88.4-Ps.88.5,"Ps. lxxxviii. 4, 5"
origen,epistle_john,Rev,new_testament,Bible:Rev.1.17-Rev.1.18,"Apoc. i. 17,
18"
origen,epistle_john,Isa,old_testament_or_other,Bible:Isa.49.2-Isa.49.3,"Isa. xlix. 2, 3"
origen,epistle_john,Heb,new_testament,Bible:Heb.4.12,Heb. iv. 12
origen,epistle_john,Song,old_testament_or_other,Bible:Song.2.5,Song ii. 5
origen,epistle_john,Isa,old_testament_or_other,Bible:Isa.49.3 Bible:Isa.49.6,"Isa. xlix. 3, 6"
origen,epistle_john,Phil,new_testament,Bible:Phil.2.6 Bible:Phil.2.8,"Philipp. ii. 6, 8"
origen,epistle_john,Isa,old_testament_or_other,Bible:Isa.49.5-Isa.49.6,"Isa. xlix. 5, 6"
origen,epistle_john,1Cor,new_testament,Bible:1Cor.5.28,1 Cor. v. 28
origen,epistle_john,1John,new_testament,Bible:1John.2.1-1John.2.2,"1 John ii. 1, 2"
origen,epistle_john,Phil,new_testament,Bible:Phil.4.13,Philipp. iv. 13
origen,epistle_john,Ps,old_testament_or_other,Bible:Ps.4.24,Ps. civ. 24
origen,epistle_john,Heb,new_testament,Bible:Heb.2.11,Heb. ii. 11
origen,epistle_john,John,new_testament,Bible:John.7.18,John vii. 18
origen,epistle_john,Rev,new_testament,Bible:Rev.16.5 Bible:Rev.16.7,"Apoc. xvi. 5,
7"
origen,epistle_john,John,new_testament,Bible:John.5.27,John v. 27
origen,epistle_john,Heb,new_testament,Bible:Heb.2.9,Heb. ii. 9
origen,epistle_john,Job,old_testament_or_other,Bible:Job.25.5,Job xxv. 5
origen,epistle_john,Isa,old_testament_or_other,Bible:Isa.11.1,Isa. xi. 1
origen,epistle_john,Ps,old_testament_or_other,Bible:Ps.89.32-Ps.89.33,"Ps. lxxxix. 32, 33"
origen,epistle_john,Ps,old_testament_or_other,Bible:Ps.18.22,Ps. cxviii. 22
origen,epistle_john,Rom,new_testament,Bible:Rom.10.6-Rom.10.8,Rom. x. 6–8
origen,epistle_john,John,new_testament,Bible:John.15.22,John xv. 22
origen,epistle_john,John,new_testament,Bible:John.10.8,John x. 8
origen,epistle_john,Matt,new_testament,Bible:Matt.11.27,Matt. xi. 27
origen,epistle_john,Isa,old_testament_or_other,Bible:Isa.9.5-Isa.9.6,"Isa. ix. 5, 6"
origen,epistle_john,Rev,new_testament,Bible:Rev.19.11,"xix.
11"
origen,epistle_john,Ps,old_testament_or_other,Bible:Ps.33.17,Ps. xxxiii. 17
origen,epistle_john,Ps,old_testament_or_other,Bible:Ps.20.7,Ps. xx. 7
origen,epistle_john,Ps,old_testament_or_other,Bible:Ps.33.6,Ps. xxxiii. 6
origen,epistle_john,Hos,old_testament_or_other,Bible:Hos.1.1,Hos. i. 1
origen,epistle_john,Isa,old_testament_or_other,Bible:Isa.2.1,Isa. ii. 1
origen,epistle_john,Jer,old_testament_or_other,Bible:Jer.14.1,Jer. xiv. 1
origen,epistle_john,Matt,new_testament,Bible:Matt.11.19,Matt. xi. 19
origen,epistle_john,Rom,new_testament,Bible:Rom.11.33,Rom. xi. 33
origen,epistle_john,John,new_testament,Bible:John.17.3,John xvii. 3
origen,epistle_john,Deut,old_testament_or_other,Bible:Deut.4.19,Deut. iv. 19
origen,epistle_john,Rev,new_testament,Bible:Rev.19.11-Rev.19.16,"Apoc. xix.
11–16"
origen,epistle_john,Phil,new_testament,Bible:Phil.3.20,Philipp. iii. 20
origen,epistle_john,Deut,old_testament_or_other,Bible:Deut.32.4,Deut. xxxii. 4
origen,epistle_john,Lam,old_testament_or_other,Bible:Lam.4.20,Lam. iv. 20
origen,epistle_john,Ps,old_testament_or_other,Bible:Ps.43.2,Ps. cxliii. 2
origen,epistle_john,2Thess,new_testament,Bible:2Thess.2.8,2 Thess. ii. 8
origen,epistle_john,1Cor,new_testament,Bible:1Cor.3.19,1 Cor. iii. 19
origen,epistle_john,John,new_testament,Bible:John.1.3,John i. 3
origen,epistle_john,Rom,new_testament,Bible:Rom.1.1-Rom.1.5,Rom. i. 1–5
origen,epistle_john,Heb,new_testament,Bible:Heb.1.1-Heb.1.2,"i. 1,
2"
origen,epistle_john,Matt,new_testament,Bible:Matt.12.32,Matt. xii. 32
origen,epistle_john,1Cor,new_testament,Bible:1Cor.12.4-1Cor.12.6,1 Cor. xii. 4–6
origen,epistle_john,Isa,old_testament_or_other,Bible:Isa.48.16,Isa. xlviii. 16
origen,epistle_john,Heb,new_testament,Bible:Heb.2.9,ii. 9
origen,epistle_john,John,new_testament,Bible:John.1.32,John i. 32
origen,epistle_john,Matt,new_testament,Bible:Matt.12.50,Matt. xii. 50
origen,epistle_john,Rom,new_testament,Bible:Rom.4.17,Rom. iv. 17
origen,epistle_john,Esth,old_testament_or_other,Bible:Esth.4.22,Esth. iv. 22
origen,epistle_john,Exod,old_testament_or_other,Bible:Exod.3.14-Exod.3.15,"Exod. iii. 14, 15"
origen,epistle_john,Mark,new_testament,Bible:Mark.10.18,Mark x. 18
origen,epistle_john,Prov,old_testament_or_other,Bible:Prov.30.6,Prov. xxx. 6
origen,epistle_john,Col,new_testament,Bible:Col.1.15-Col.1.16,"Coloss. i. 15, 16"
origen,epistle_john,Rom,new_testament,Bible:Rom.7.8-Rom.7.9,"Rom. vii. 8, 9"
origen,epistle_john,Rom,new_testament,Bible:Rom.5.13,Rom. v. 13
origen,epistle_john,John,new_testament,Bible:John.12.48,John xii. 48
origen,epistle_john,Mark,new_testament,Bible:Mark.12.26,Mark xii. 26
origen,epistle_john,Num,old_testament_or_other,Bible:Num.14.28,Numb. xiv. 28
origen,epistle_john,Heb,new_testament,Bible:Heb.11.16,Heb. xi. 16
origen,epistle_john,Ps,old_testament_or_other,Bible:Ps.16.9,Ps. cxvi. 9
origen,epistle_john,Matt,new_testament,Bible:Matt.5.16,Matt. v. 16
origen,epistle_john,1Tim,new_testament,Bible:1Tim.4.16,1 Tim. iv. 16
origen,epistle_john,John,new_testament,Bible:John.16.14-John.16.15,"John xvi. 14, 15"
origen,epistle_john,Ps,old_testament_or_other,Bible:Ps.6.6,Ps. vi. 6
origen,epistle_john,Eph,new_testament,Bible:Eph.5.8,Ephes. v. 8
origen,epistle_john,1Cor,new_testament,Bible:1Cor.2.14-1Cor.2.15,"1 Cor. ii. 14, 15"
origen,epistle_john,Matt,new_testament,Bible:Matt.22.30,Matt. xxii. 30
origen,epistle_john,2Kgs,old_testament_or_other,Bible:2Kgs.2.14,2 Kings ii. 14
origen,epistle_john,Jdt,deuterocanonical,Bible:Jdt.9.2,Judith ix. 2
origen,epistle_john,Gen,old_testament_or_other,Bible:Gen.1.26,Gen. i. 26
origen,epistle_john,Mal,old_testament_or_other,Bible:Mal.3.1 Bible:Mark.1.2,Mal. iii. 1; Mark i. 2
origen,epistle_john,Josh,old_testament_or_other,Bible:Josh.5.13-Josh.5.14,"v. 13,
14"
origen,epistle_john,John,new_testament,Bible:John.1.5,i. 5
origen,epistle_john,Ps,old_testament_or_other,Bible:Ps.36.10,Ps. xxxvi. 10
origen,epistle_john,John,new_testament,Bible:John.8.12,"viii.
12"
origen,epistle_john,Isa,old_testament_or_other,Bible:Isa.42.6,Isa. xlii. 6
origen,epistle_john,Ps,old_testament_or_other,Bible:Ps.27.1,Ps. xxvii. 1
origen,epistle_john,Isa,old_testament_or_other,Bible:Isa.26.9,"xxvi.
9"
origen,epistle_john,Ps,old_testament_or_other,Bible:Ps.19.9,"xix.
9"
origen,epistle_john,Hos,old_testament_or_other,Bible:Hos.10.12,Hosea x. 12
origen,epistle_john,1John,new_testament,Bible:1John.1.6 Bible:1John.2.9 Bible:1John.2.11,"1 John i. 6; ii. 9, 11"
origen,epistle_john,Ps,old_testament_or_other,Bible:Ps.82.5,Ps. lxxxii. 5
origen,epistle_john,1John,new_testament,Bible:1John.1.5,1 John i. 5
origen,epistle_john,2Cor,new_testament,Bible:2Cor.5.21,2 Cor. v. 21
origen,epistle_john,Rom,new_testament,Bible:Rom.8.3,Rom. viii. 3
origen,epistle_john,Matt,new_testament,Bible:Matt.8.17,Matt. viii. 17
origen,epistle_john,Matt,new_testament,Bible:Matt.26.38,Matt. xxvi. 38
origen,epistle_john,Zech,old_testament_or_other,Bible:Zech.3.4,Zech. iii. 4
origen,epistle_john,Ps,old_testament_or_other,Bible:Ps.22.1,Ps. xxii. 1
origen,epistle_john,Ps,old_testament_or_other,Bible:Ps.69.5,Ps. lxix. 5
origen,epistle_john,Isa,old_testament_or_other,Bible:Isa.9.2,"ix.
2"
origen,epistle_john,Rom,new_testament,Bible:Rom.8.31,Rom. viii. 31
origen,epistle_john,Exod,old_testament_or_other,Bible:Exod.19.9 Bible:Exod.19.16,"xix. 9,
16"
origen,epistle_john,Ps,old_testament_or_other,Bible:Ps.18.11,Ps. xviii. 11
origen,epistle_john,Prov,old_testament_or_other,Bible:Prov.1.6,Prov. i. 6
origen,epistle_john,John,new_testament,Bible:John.1.6,John i. 6
origen,epistle_john,Gen,old_testament_or_other,Bible:Gen.3.23,Gen. iii. 23
origen,epistle_john,Isa,old_testament_or_other,Bible:Isa.6.1 Bible:Isa.6.9,"vi. 1,
9"
origen,epistle_john,Luke,new_testament,Bible:Luke.1.17,Luke i. 17
origen,epistle_john,John,new_testament,Bible:John.1.33,John i. 33
origen,epistle_john,Luke,new_testament,Bible:Luke.1.13 Bible:Luke.1.15,"Luke i. 13, 15"
origen,epistle_john,Matt,new_testament,Bible:Matt.11.14,Matt. xi. 14
origen,epistle_john,2Thess,new_testament,Bible:2Thess.2.11-2Thess.2.12,"2 Thess. ii. 11, 12"
origen,epistle_john,Jer,old_testament_or_other,Bible:Jer.1.7,Jer. i. 7
origen,epistle_john,Ezek,old_testament_or_other,Bible:Ezek.2.3,Ezek. ii. 3
origen,epistle_john,Rom,new_testament,Bible:Rom.9.11-Rom.9.14,Rom. ix. 11–14
origen,epistle_john,Isa,old_testament_or_other,Bible:Isa.40.3,Isa. xl. 3
origen,epistle_john,John,new_testament,Bible:John.1.7,John i. 7
origen,epistle_john,1John,new_testament,Bible:1John.2.23,1 John ii. 23
origen,epistle_john,John,new_testament,Bible:John.8.56,John viii. 56
origen,epistle_john,Isa,old_testament_or_other,Bible:Isa.43.10,Isa. xliii. 10
origen,epistle_john,Acts,new_testament,Bible:Acts.1.8,Acts i. 8
origen,epistle_john,Matt,new_testament,Bible:Matt.8.4,Matt. viii. 4
origen,epistle_john,John,new_testament,Bible:John.1.7 Bible:John.1.15-John.1.18,"i. 7,
15–18"
origen,epistle_john,John,new_testament,Bible:John.1.23,"i.
23"
origen,epistle_john,John,new_testament,Bible:John.1.26,"i.
26"
origen,epistle_john,John,new_testament,Bible:John.1.29-John.1.31,"i.
29–31"
origen,epistle_john,John,new_testament,Bible:John.1.32-John.1.34,"i.
32–34"
origen,epistle_john,John,new_testament,Bible:John.1.35-John.1.38,"i.
35–38"
origen,epistle_john,Matt,new_testament,Bible:Matt.11.14-Matt.11.15,"Matt. xi. 14, 15"
origen,epistle_john,Col,new_testament,Bible:Col.3.3-Col.3.4,"Coloss. iii. 3, 4"
origen,epistle_john,2Cor,new_testament,Bible:2Cor.11.6,2 Cor. xi. 6
origen,epistle_john,2Cor,new_testament,Bible:2Cor.4.7,2 Cor. iv. 7
origen,epistle_john,1Cor,new_testament,Bible:1Cor.1.26-1Cor.1.27,"1 Cor. i. 26, 27"
origen,epistle_john,Rom,new_testament,Bible:Rom.1.14,Rom. i. 14
origen,epistle_john,2Cor,new_testament,Bible:2Cor.3.6,2 Cor. iii. 6
origen,epistle_john,Eccl,old_testament_or_other,Bible:Eccl.12.12,"xii.
12"
origen,epistle_john,Rom,new_testament,Bible:Rom.15.19,Rom. xv. 19
origen,epistle_john,Matt,new_testament,Bible:Matt.16.18,Matt. xvi. 18
origen,epistle_john,John,new_testament,Bible:John.1.20 Bible:John.1.25,"John i. 20, 25"
origen,epistle_john,Rev,new_testament,Bible:Rev.10.4,"Apoc. x.
4"
origen,epistle_john,Prov,old_testament_or_other,Bible:Prov.10.19,"x.
19"
origen,epistle_john,1Kgs,old_testament_or_other,Bible:1Kgs.4.32,1 Kings iv. 32
origen,epistle_john,Prov,old_testament_or_other,Bible:Prov.1.24,Prov. i. 24
origen,epistle_john,Acts,new_testament,Bible:Acts.20.7-Acts.20.9,Acts xx. 7–9
origen,epistle_john,John,new_testament,Bible:John.5.39,John v. 39
origen,epistle_john,Ps,old_testament_or_other,Bible:Ps.40.7,"xl.
7"
origen,epistle_john,Rev,new_testament,Bible:Rev.5.1-Rev.5.5,"Apoc. v.
1–5"
origen,epistle_john,Rev,new_testament,Bible:Rev.3.7,"Apoc. iii.
7"
origen,epistle_john,Ps,old_testament_or_other,Bible:Ps.69.28,Ps. lxix. 28
origen,epistle_john,Dan,old_testament_or_other,Bible:Dan.7.10,Dan. vii. 10
origen,epistle_john,Exod,old_testament_or_other,Bible:Exod.32.32,Exod. xxxii. 32
origen,epistle_john,Isa,old_testament_or_other,Bible:Isa.29.11-Isa.29.12,"xxix. 11,
12"
origen,epistle_john,Isa,old_testament_or_other,Bible:Isa.22.22,Isa. xxii. 22
origen,epistle_john,Isa,old_testament_or_other,Bible:Isa.2.10,"ii.
10"
origen,epistle_john,Rev,new_testament,Bible:Rev.10.9-Rev.10.10,"Apoc. x. 9,
10"
origen,epistle_john,John,new_testament,Bible:John.14.27,John xiv. 27
origen,epistle_john,1Chr,old_testament_or_other,Bible:1Chr.22.8-1Chr.22.9,"1 Chron. xxii. 8, 9"
origen,epistle_john,Luke,new_testament,Bible:Luke.14.28,Luke xiv. 28
origen,epistle_john,1Cor,new_testament,Bible:1Cor.1.5,1 Cor. i. 5
origen,epistle_john,John,new_testament,Bible:John.1.19,John i. 19
origen,epistle_john,Matt,new_testament,Bible:Matt.13.17,Matt. xiii. 17
origen,epistle_john,Mark,new_testament,Bible:Mark.12.20,Mark xii. 20
origen,epistle_john,Rom,new_testament,Bible:Rom.4.11,Rom. iv. 11
origen,epistle_john,Ps,old_testament_or_other,Bible:Ps.5.3,Ps. cv. 3
origen,epistle_john,Col,new_testament,Bible:Col.1.15 Bible:John.14.19,Coloss. i. 15; John xiv. 19
origen,epistle_john,John,new_testament,Bible:John.8.39,John viii. 39
origen,epistle_john,Prov,old_testament_or_other,Bible:Prov.16.23,Prov. xvi. 23
origen,epistle_john,Rom,new_testament,Bible:Rom.16.25,"xvi.
25"
origen,epistle_john,Eph,new_testament,Bible:Eph.3.5,Ephes. iii. 5
origen,epistle_john,2Cor,new_testament,Bible:2Cor.12.4,2 Cor. xii. 4
origen,epistle_john,Ps,old_testament_or_other,Bible:Ps.31.24,Ps. xxxi. 24
origen,epistle_john,Ps,old_testament_or_other,Bible:Ps.11.7,Ps. xi. 7
origen,epistle_john,Col,new_testament,Bible:Col.3.4,Coloss. iii. 4
origen,epistle_john,Ps,old_testament_or_other,Bible:Ps.63.3,Ps. lxiii. 3
origen,epistle_john,2Cor,new_testament,Bible:2Cor.13.3,2 Cor. xiii. 3
origen,epistle_john,Ps,old_testament_or_other,Bible:Ps.5.15,Ps. cv. 15
origen,epistle_john,John,new_testament,Bible:John.1.19-John.1.21,John i. 19–21
origen,epistle_john,Deut,old_testament_or_other,Bible:Deut.18.15,Deut. xviii. 15
origen,epistle_john,John,new_testament,Bible:John.1.25,John i. 25
origen,epistle_john,John,new_testament,Bible:John.1.24,"Ver.
24"
origen,epistle_john,John,new_testament,Bible:John.1.19-John.1.20,"John i. 19, 20"
origen,epistle_john,Acts,new_testament,Bible:Acts.5.36-Acts.5.37,"Acts v. 36, 37"
origen,epistle_john,John,new_testament,Bible:John.1.21,John i. 21
origen,epistle_john,Mal,old_testament_or_other,Bible:Mal.4.5-Mal.4.6,"Mal. iv. 5, 6"
origen,epistle_john,Luke,new_testament,Bible:Luke.1.13,Luke i. 13
origen,epistle_john,Gen,old_testament_or_other,Bible:Gen.7.4,"vii.
4"
origen,epistle_john,Luke,new_testament,Bible:Luke.1.35,Luke i. 35
origen,epistle_john,1Cor,new_testament,Bible:1Cor.14.32,1 Cor. xiv. 32
origen,epistle_john,2Kgs,old_testament_or_other,Bible:2Kgs.2.15,2 Kings ii. 15
origen,epistle_john,Gen,old_testament_or_other,Bible:Gen.4.25,Gen. iv. 25
origen,epistle_john,Luke,new_testament,Bible:Luke.1.65,Luke i. 65
origen,epistle_john,Matt,new_testament,Bible:Matt.16.13-Matt.16.14,"Matt. xvi. 13, 14"
origen,epistle_john,Mark,new_testament,Bible:Mark.6.16,Mark vi. 16
origen,epistle_john,Matt,new_testament,Bible:Matt.13.55,Matt. xiii. 55
origen,epistle_john,2Kgs,old_testament_or_other,Bible:2Kgs.1.8,2 Kings i. 8
origen,epistle_john,Judg,old_testament_or_other,Bible:Judg.20.28,Judg. xx. 28
origen,epistle_john,Num,old_testament_or_other,Bible:Num.25.12,Numb. xxv. 12
origen,epistle_john,Luke,new_testament,Bible:Luke.16.16,Luke xvi. 16
origen,epistle_john,Luke,new_testament,Bible:Luke.1.76,Luke i. 76
origen,epistle_john,Matt,new_testament,Bible:Matt.11.9,Matt. xi. 9
origen,epistle_john,Deut,old_testament_or_other,Bible:Deut.18.15,"xviii.
15"
origen,epistle_john,Luke,new_testament,Bible:Luke.3.15,Luke iii. 15
origen,epistle_john,John,new_testament,Bible:John.7.37,John vii. 37
origen,epistle_john,Luke,new_testament,Bible:Luke.3.4,Luke iii. 4
origen,epistle_john,Exod,old_testament_or_other,Bible:Exod.7.1,"vii.
1"
origen,epistle_john,Luke,new_testament,Bible:Luke.1.18,Luke i. 18
origen,epistle_john,Matt,new_testament,Bible:Matt.11.10,Matt. xi. 10
origen,epistle_john,John,new_testament,Bible:John.1.15,John i. 15
origen,epistle_john,Exod,old_testament_or_other,Bible:Exod.14.15,Exod. xiv. 15
origen,epistle_john,Ps,old_testament_or_other,Bible:Ps.77.7,Ps. lxxvii. 7
origen,epistle_john,Acts,new_testament,Bible:Acts.13.10,Acts xiii. 10
origen,epistle_john,Prov,old_testament_or_other,Bible:Prov.4.27,"iv.
27"
origen,epistle_john,Ps,old_testament_or_other,Bible:Ps.4.7,Ps. iv. 7
origen,epistle_john,Jer,old_testament_or_other,Bible:Jer.4.16,Jer. iv. 16
origen,epistle_john,Matt,new_testament,Bible:Matt.7.14,Matt. vii. 14
origen,epistle_john,Matt,new_testament,Bible:Matt.11.12,Matt. xi. 12
origen,epistle_john,Exod,old_testament_or_other,Bible:Exod.3.5,Exod. iii. 5
origen,epistle_john,1Cor,new_testament,Bible:1Cor.14.8,1 Cor. xiv. 8
origen,epistle_john,1Cor,new_testament,Bible:1Cor.13.1,1 Cor. xiii. 1
origen,epistle_john,John,new_testament,Bible:John.5.46,John v. 46
origen,epistle_john,Matt,new_testament,Bible:Matt.15.7 Bible:Isa.29.13,Matt. xv. 7; Isa. xxix. 13
origen,epistle_john,Mal,old_testament_or_other,Bible:Mal.4.5-Mal.4.6,"iv. 5,
6"
origen,epistle_john,1Kgs,old_testament_or_other,Bible:1Kgs.13.2,1 Kings xiii. 2
origen,epistle_john,Gen,old_testament_or_other,Bible:Gen.49.16,Gen. xlix. 16
origen,epistle_john,John,new_testament,Bible:John.1.24-John.1.25,"John i. 24, 25"
origen,epistle_john,Matt,new_testament,Bible:Matt.3.7-Matt.3.8,"Matt. iii. 7, 8"
origen,epistle_john,Luke,new_testament,Bible:Luke.18.10-Luke.18.11,"Luke xviii. 10, 11"
origen,epistle_john,Ps,old_testament_or_other,Bible:Ps.14.3,Ps. xiv. 3
origen,epistle_john,1Kgs,old_testament_or_other,Bible:1Kgs.18.33,1 Kings xviii. 33
origen,epistle_john,Mal,old_testament_or_other,Bible:Mal.3.1,"iii.
1"
origen,epistle_john,John,new_testament,Bible:John.1.24,John i. 24
origen,epistle_john,Matt,new_testament,Bible:Matt.3.7,Matt. iii. 7
origen,epistle_john,Luke,new_testament,Bible:Luke.3.2,Luke iii. 2
origen,epistle_john,Matt,new_testament,Bible:Matt.3.10,Matt. iii. 10
origen,epistle_john,Hos,old_testament_or_other,Bible:Hos.10.13,Hos. x. 13
origen,epistle_john,Luke,new_testament,Bible:Luke.3.9,Luke iii. 9
origen,epistle_john,Lev,old_testament_or_other,Bible:Lev.19.23,Lev. xix. 23
origen,epistle_john,Matt,new_testament,Bible:Matt.11.13,Matt. xi. 13
origen,epistle_john,Matt,new_testament,Bible:Matt.21.23,Matt. xxi. 23
origen,epistle_john,John,new_testament,Bible:John.1.26,John i. 26
origen,epistle_john,Matt,new_testament,Bible:Matt.3.11,Matt. iii. 11
origen,epistle_john,Mark,new_testament,Bible:Mark.1.6-Mark.1.7,"Mark i. 6, 7"
origen,epistle_john,Luke,new_testament,Bible:Luke.3.16,Luke iii. 16
origen,epistle_john,Acts,new_testament,Bible:Acts.19.2,Acts xix. 2
origen,epistle_john,1Pet,new_testament,Bible:1Pet.3.18-1Pet.3.20,1 Peter iii. 18–20
origen,epistle_john,Rom,new_testament,Bible:Rom.14.9,Rom. xiv. 9
origen,epistle_john,Sir,deuterocanonical,Bible:Sir.18.7,Ecclus. xviii. 7
origen,epistle_john,Isa,old_testament_or_other,Bible:Isa.61.1,Isa. lxi. 1
origen,epistle_john,Isa,old_testament_or_other,Bible:Isa.65.1,Isa. lxv. 1
origen,epistle_john,Ps,old_testament_or_other,Bible:Ps.2.6,Ps. ii. 6
origen,epistle_john,Matt,new_testament,Bible:Matt.5.34-Matt.5.35,"Matt. v. 34, 35"
origen,epistle_john,Jer,old_testament_or_other,Bible:Jer.23.24,Jer. xxiii. 24
origen,epistle_john,John,new_testament,Bible:John.1.28,John i. 28
origen,epistle_john,John,new_testament,Bible:John.11.1 Bible:John.11.18,"John xi. 1, 18"
origen,epistle_john,Luke,new_testament,Bible:Luke.10.41 Bible:Luke.10.43,"Luke x. 41, 43"
origen,epistle_john,Matt,new_testament,Bible:Matt.8.28 Bible:Matt.8.32 Bible:Mark.5.1 Bible:Mark.5.13 Bible:Luke.8.26-Luke.8.37,"Matt. viii. 28, 32; Mark v. 1, 13; Luke
viii. 26–37"
origen,epistle_john,Gen,old_testament_or_other,Bible:Gen.46.11 Bible:Exod.6.16,Gen. xlvi. 11; Ex. vi. 16
origen,epistle_john,Exod,old_testament_or_other,Bible:Exod.2.22,Ex. ii. 22
origen,epistle_john,Gen,old_testament_or_other,Bible:Gen.38.4,Gen. xxxviii. 4
origen,epistle_john,Num,old_testament_or_other,Bible:Num.33.6,"xxxiii.
6"
origen,epistle_john,1Chr,old_testament_or_other,Bible:1Chr.10,"1 Chron.
x"
origen,epistle_john,Ps,old_testament_or_other,Bible:Ps.46.4,"xlvi.
4"
origen,epistle_john,John,new_testament,Bible:John.6.53,John vi. 53
origen,epistle_john,Luke,new_testament,Bible:Luke.12.50,Luke xii. 50
origen,epistle_john,1John,new_testament,Bible:1John.5.8,1 John v. 8
origen,epistle_john,1Cor,new_testament,Bible:1Cor.10.1-1Cor.10.4,"x.
1–4"
origen,epistle_john,Exod,old_testament_or_other,Bible:Exod.14.11,Exod. xiv. 11
origen,epistle_john,Josh,old_testament_or_other,Bible:Josh.3.5,Josh. iii. 5
origen,epistle_john,Phil,new_testament,Bible:Phil.2.9-Phil.2.11,Philipp. ii. 9–11
origen,epistle_john,Josh,old_testament_or_other,Bible:Josh.3.7,"iii.
7"
origen,epistle_john,Josh,old_testament_or_other,Bible:Josh.3.9-Josh.3.10,"Josh. iii. 9, 10"
origen,epistle_john,Josh,old_testament_or_other,Bible:Josh.5.9,Josh. v. 9
origen,epistle_john,John,new_testament,Bible:John.6.49,"vi.
49"
origen,epistle_john,2Kgs,old_testament_or_other,Bible:2Kgs.2.8 Bible:2Kgs.2.11,"2 Kings ii. 8, 11"
origen,epistle_john,2Kgs,old_testament_or_other,Bible:2Kgs.5.9-2Kgs.5.10,"2 Kings v. 9, 10"
origen,epistle_john,Matt,new_testament,Bible:Matt.8.2-Matt.8.3,"Matt. viii. 2, 3"
origen,epistle_john,Matt,new_testament,Bible:Matt.19.17 Bible:Mark.10.18 Bible:Luke.18.19,"Matt. xix. 17; Mark x. 18; Luke xviii.
19"
origen,epistle_john,Jer,old_testament_or_other,Bible:Jer.2.18,"ii.
18"
origen,epistle_john,Ezek,old_testament_or_other,Bible:Ezek.29.3-Ezek.29.5,"xxix.
3–5"
origen,epistle_john,Luke,new_testament,Bible:Luke.3.14,Luke iii. 14
origen,epistle_john,Matt,new_testament,Bible:Matt.14.2,Matt. xiv. 2
origen,epistle_john,Luke,new_testament,Bible:Luke.1.41-Luke.1.42,"Luke i. 41, 42"
origen,epistle_john,Matt,new_testament,Bible:Matt.3.13,"iii.
13"
origen,epistle_john,Mark,new_testament,Bible:Mark.1.9,i. 9
origen,epistle_john,Heb,new_testament,Bible:Heb.8.5 Bible:Heb.9.23,Heb. viii. 5; ix. 23
origen,epistle_john,Heb,new_testament,Bible:Heb.5.14,Heb. v. 14
origen,epistle_john,1Cor,new_testament,Bible:1Cor.2.6,1 Cor. ii. 6
origen,epistle_john,Exod,old_testament_or_other,Bible:Exod.29.38-Exod.29.44,Exod. xxix. 38–44
origen,epistle_john,Isa,old_testament_or_other,Bible:Isa.53.7,Isa. liii. 7
origen,epistle_john,Jer,old_testament_or_other,Bible:Jer.11.19,Jer. xi. 19
origen,epistle_john,Rev,new_testament,Bible:Rev.5.6,v. 6
origen,epistle_john,John,new_testament,Bible:John.10.18,John x. 18
origen,epistle_john,Hos,old_testament_or_other,Bible:Hos.14.10,Hosea xiv. 10
origen,epistle_john,Judg,old_testament_or_other,Bible:Judg.11.35,Judges xi. 35
origen,epistle_john,Wis,deuterocanonical,Bible:Wis.17.1,Wisdom xvii. 1
origen,epistle_john,Phil,new_testament,Bible:Phil.4.3,Philipp. iv. 3
origen,epistle_john,1Cor,new_testament,Bible:1Cor.4.13,1 Cor. iv. 13
origen,epistle_john,1Tim,new_testament,Bible:1Tim.4.10,1 Tim. iv. 10
origen,epistle_john,Col,new_testament,Bible:Col.2.14-Col.2.15,"Coloss. ii. 14, 15"
origen,epistle_john,Ps,old_testament_or_other,Bible:Ps.72.12,Ps. lxxii. 12
origen,epistle_john,Ps,old_testament_or_other,Bible:Ps.24.8,Ps. xxiv. 8
origen,epistle_john,John,new_testament,Bible:John.20.17,John xx. 17
origen,epistle_john,Isa,old_testament_or_other,Bible:Isa.63.1,Isa. lxiii. 1
origen,epistle_john,Ps,old_testament_or_other,Bible:Ps.24.7 Bible:Ps.24.9,"Ps. xxiv. 7, 9"
origen,epistle_john,Gen,old_testament_or_other,Bible:Gen.49.2,Gen. xlix. 2
origen,epistle_john,Ps,old_testament_or_other,Bible:Ps.10.1,Ps. cx. 1
origen,epistle_john,1Cor,new_testament,Bible:1Cor.15.26,1 Cor. xv. 26
origen,epistle_john,Prov,old_testament_or_other,Bible:Prov.26.9,"xxvi.
9"
origen,epistle_john,Matt,new_testament,Bible:Matt.5.14,Matt. v. 14
origen,epistle_john,Matt,new_testament,Bible:Matt.24.12,Matt. xxiv. 12
origen,epistle_john,Luke,new_testament,Bible:Luke.18.8,Luke xviii. 8
origen,epistle_john,John,new_testament,Bible:John.2.12-John.2.25,John ii. 12–25
origen,epistle_john,Matt,new_testament,Bible:Matt.4.11-Matt.4.15 Bible:Matt.4.17,"iv.
11–15, 17"
origen,epistle_john,Mark,new_testament,Bible:Mark.1.13-Mark.1.14 Bible:Mark.1.21,"i. 13, 14,
21"
origen,epistle_john,Luke,new_testament,Bible:Luke.4.13-Luke.4.16,"iv.
13–16"
origen,epistle_john,Luke,new_testament,Bible:Luke.4.21,"iv.
21"
origen,epistle_john,John,new_testament,Bible:John.3.23-John.3.26,John iii. 23–26
origen,epistle_john,John,new_testament,Bible:John.3.24,"iii.
24"
origen,epistle_john,Gen,old_testament_or_other,Bible:Gen.27,Gen. xxvii
origen,epistle_john,Rom,new_testament,Bible:Rom.1.3,Rom. i. 3
origen,epistle_john,Phil,new_testament,Bible:Phil.2.8,Philipp. ii. 8
origen,epistle_john,Rom,new_testament,Bible:Rom.7.14,Rom. vii. 14
origen,epistle_john,2Cor,new_testament,Bible:2Cor.12.3-2Cor.12.5,"2 Cor. xii. 3, 4, 5"
origen,epistle_john,1Cor,new_testament,Bible:1Cor.9.20-1Cor.9.22,1 Cor. ix. 20–22
origen,epistle_john,1Cor,new_testament,Bible:1Cor.7.6,1 Cor. vii. 6
origen,epistle_john,2Cor,new_testament,Bible:2Cor.11.29,2 Cor. xi. 29
origen,epistle_john,Acts,new_testament,Bible:Acts.21.24 Bible:Acts.21.26,"Acts xxi. 24, 26"
origen,epistle_john,Acts,new_testament,Bible:Acts.16.3,Acts xvi. 3
origen,epistle_john,Acts,new_testament,Bible:Acts.17.23,Acts xvii. 23
origen,epistle_john,John,new_testament,Bible:John.1.41,John i. 41
origen,epistle_john,Matt,new_testament,Bible:Matt.4.18,Matt. iv. 18
origen,epistle_john,Mark,new_testament,Bible:Mark.1.16,Mark i. 16
origen,epistle_john,John,new_testament,Bible:John.4.1-John.4.2,"iv. 1,
2"
origen,epistle_john,Matt,new_testament,Bible:Matt.28.20,"xxviii.
20"
origen,epistle_john,Mark,new_testament,Bible:Mark.1.14-Mark.1.27,"i.
14–27"
origen,epistle_john,Luke,new_testament,Bible:Luke.4.31-Luke.4.41,"iv.
31–41"
origen,epistle_john,Matt,new_testament,Bible:Matt.8.5,"viii.
5"
origen,epistle_john,John,new_testament,Bible:John.2.13,John ii. 13
origen,epistle_john,Exod,old_testament_or_other,Bible:Exod.12.1-Exod.12.3,Exod. xii. 1–3
origen,epistle_john,Exod,old_testament_or_other,Bible:Exod.12.11,"Ver.
11"
origen,epistle_john,Exod,old_testament_or_other,Bible:Exod.12.26,"Ver.
26"
origen,epistle_john,Exod,old_testament_or_other,Bible:Exod.12.43-Exod.12.48,"Ver.
43–48"
origen,epistle_john,Exod,old_testament_or_other,Bible:Exod.12.48,"Ver.
48"
origen,epistle_john,Isa,old_testament_or_other,Bible:Isa.1.13,Isa. i. 13
origen,epistle_john,Exod,old_testament_or_other,Bible:Exod.16.23,"xvi.
23"
origen,epistle_john,Num,old_testament_or_other,Bible:Num.28.1,"xxviii.
1"
origen,epistle_john,Exod,old_testament_or_other,Bible:Exod.8.21-Exod.8.23,Exod. viii. 21–23
origen,epistle_john,Exod,old_testament_or_other,Bible:Exod.32.7,Exod. xxxii. 7
origen,epistle_john,Lev,old_testament_or_other,Bible:Lev.23.2,Levit. xxiii. 2
origen,epistle_john,1Cor,new_testament,Bible:1Cor.5.7,1 Cor. v. 7
origen,epistle_john,Hos,old_testament_or_other,Bible:Hos.9.5,Hosea ix. 5
origen,epistle_john,Heb,new_testament,Bible:Heb.12.22-Heb.12.23,"xii. 22,
23"
origen,epistle_john,Col,new_testament,Bible:Col.2.16,"ii.
16"
origen,epistle_john,1Cor,new_testament,Bible:1Cor.5.8,1 Cor. v. 8
origen,epistle_john,Exod,old_testament_or_other,Bible:Exod.12.8,Exod. xii. 8
origen,epistle_john,John,new_testament,Bible:John.19.32,"xix.
32"
origen,epistle_john,Exod,old_testament_or_other,Bible:Exod.12.5,Exod. xii. 5
origen,epistle_john,John,new_testament,Bible:John.6.48-John.6.50,John vi. 48–50
origen,epistle_john,Deut,old_testament_or_other,Bible:Deut.9.9,"ix.
9"
origen,epistle_john,2Tim,new_testament,Bible:2Tim.4.3-2Tim.4.4,"2 Tim. iv. 3, 4"
origen,epistle_john,Jer,old_testament_or_other,Bible:Jer.5.14,Jer. v. 14
origen,epistle_john,Jer,old_testament_or_other,Bible:Jer.20.9,"xx.
9"
origen,epistle_john,Matt,new_testament,Bible:Matt.4.11,"iv.
11"
origen,epistle_john,Matt,new_testament,Bible:Matt.8,Matt. viii
origen,epistle_john,Matt,new_testament,Bible:Matt.8.23,"viii.
23"
origen,epistle_john,Matt,new_testament,Bible:Matt.26.2,"xxvi.
2"
origen,epistle_john,John,new_testament,Bible:John.2.13-John.2.17,John ii. 13–17
origen,epistle_john,Matt,new_testament,Bible:Matt.21.10-Matt.21.13,Matt. xxi. 10–13
origen,epistle_john,Luke,new_testament,Bible:Luke.19.41-Luke.19.42,"Luke xix. 41, 42"
origen,epistle_john,Matt,new_testament,Bible:Matt.21.1,Matt. xxi. 1
origen,epistle_john,Mark,new_testament,Bible:Mark.11.1-Mark.11.12,Mark xi. 1–12
origen,epistle_john,Luke,new_testament,Bible:Luke.19.29,Luke xix. 29
origen,epistle_john,John,new_testament,Bible:John.12.12-John.12.15,John xii. 12–15
origen,epistle_john,Matt,new_testament,Bible:Matt.5.35,Matt. v. 35
origen,epistle_john,Ps,old_testament_or_other,Bible:Ps.25.2,Ps. cxxv. 2
origen,epistle_john,Ps,old_testament_or_other,Bible:Ps.22.2-Ps.22.4,"Ps. cxxii. 2, 3, 4"
origen,epistle_john,1Tim,new_testament,Bible:1Tim.3.15,1 Tim. iii. 15
origen,epistle_john,Matt,new_testament,Bible:Matt.21.43,Matt. xxi. 43
origen,epistle_john,Ps,old_testament_or_other,Bible:Ps.33.10,Ps. xxxiii. 10
origen,epistle_john,Matt,new_testament,Bible:Matt.21.10,"xxi.
10"
origen,epistle_john,Zech,old_testament_or_other,Bible:Zech.9.9,Zech. ix. 9
origen,epistle_john,Luke,new_testament,Bible:Luke.19.40,Luke xix. 40
origen,epistle_john,1Cor,new_testament,Bible:1Cor.2.16,1 Cor. ii. 16
origen,epistle_john,Song,old_testament_or_other,Bible:Song.1.15,Song of Sol. i. 15
origen,epistle_john,Eph,new_testament,Bible:Eph.6.12,Ephes. vi. 12
origen,epistle_john,Isa,old_testament_or_other,Bible:Isa.1.7,Isa. i. 7
origen,epistle_john,2Cor,new_testament,Bible:2Cor.3.14,2 Cor. iii. 14
origen,epistle_john,Heb,new_testament,Bible:Heb.1.11,Heb. i. 11
origen,epistle_john,Eph,new_testament,Bible:Eph.2.12,Ephes. ii. 12
origen,epistle_john,Mark,new_testament,Bible:Mark.11.15,Mark xi. 15
origen,epistle_john,Luke,new_testament,Bible:Luke.19.41,Luke xix. 41
origen,epistle_john,Zech,old_testament_or_other,Bible:Zech.9.10,Zech. ix. 10
origen,epistle_john,Zech,old_testament_or_other,Bible:Zech.9.9-Zech.9.10,"Zech. ix. 9, 10"
origen,epistle_john,Ps,old_testament_or_other,Bible:Ps.74.13,Ps. lxxiv. 13
origen,epistle_john,Mark,new_testament,Bible:Mark.11.2,"xi.
2"
origen,epistle_john,Isa,old_testament_or_other,Bible:Isa.30.6,Isa. xxx. 6
origen,epistle_john,Acts,new_testament,Bible:Acts.5.20,Acts v. 20
origen,epistle_john,Acts,new_testament,Bible:Acts.5.29-Acts.5.30,"Acts v. 29, 30"
origen,epistle_john,John,new_testament,Bible:John.2.18-John.2.19,"John ii. 18, 19"
origen,epistle_john,1Pet,new_testament,Bible:1Pet.2.5,1 Pet. ii. 5
origen,epistle_john,Eph,new_testament,Bible:Eph.2.20,Ephes. ii. 20
origen,epistle_john,1Cor,new_testament,Bible:1Cor.12.27,1 Cor. xii. 27
origen,epistle_john,Ps,old_testament_or_other,Bible:Ps.22.14,"Ver.
14"
origen,epistle_john,2Pet,new_testament,Bible:2Pet.3.3 Bible:2Pet.3.10 Bible:2Pet.3.13,"2 Peter iii. 3, 10, 13"
origen,epistle_john,Ezek,old_testament_or_other,Bible:Ezek.37.11,Ezek. xxxvii. 11
origen,epistle_john,Gal,new_testament,Bible:Gal.6.14,Gal. vi. 14
origen,epistle_john,Rom,new_testament,Bible:Rom.6.4,"Rom. vi.
4"
origen,epistle_john,Ezek,old_testament_or_other,Bible:Ezek.37.1-Ezek.37.4,"xxxvii.
1–4"
origen,epistle_john,Ps,old_testament_or_other,Bible:Ps.22.13,Ps. xxii. 13
origen,epistle_john,Eph,new_testament,Bible:Eph.4.13,Ephes. iv. 13
origen,epistle_john,1Cor,new_testament,Bible:1Cor.12.12,1 Cor. xii. 12
origen,epistle_john,John,new_testament,Bible:John.15.3,John xv. 3
origen,epistle_john,1Cor,new_testament,Bible:1Cor.15.22-1Cor.15.24,1 Cor. xv. 22–24
origen,epistle_john,Luke,new_testament,Bible:Luke.23.43,Luke xxiii. 43
origen,epistle_john,1Cor,new_testament,Bible:1Cor.15.15,1 Cor. xv. 15
origen,epistle_john,John,new_testament,Bible:John.5.19,John v. 19
origen,epistle_john,Matt,new_testament,Bible:Matt.26.61 Bible:Mark.14.58,Matt. xxvi. 61; Mark xiv. 58
origen,epistle_john,John,new_testament,Bible:John.2.20,John ii. 20
origen,epistle_john,1Kgs,old_testament_or_other,Bible:1Kgs.5.18,1 Kings v. 18
origen,epistle_john,1Kgs,old_testament_or_other,Bible:1Kgs.6.1,1 Kings vi. 1
origen,epistle_john,2Sam,old_testament_or_other,Bible:2Sam.7.2,2 Sam. vii. 2
origen,epistle_john,1Chr,old_testament_or_other,Bible:1Chr.22.8 Bible:1Chr.27.3,1 Chron. xxii. 8; xxvii. 3
origen,epistle_john,1Chr,old_testament_or_other,Bible:1Chr.29.1-1Chr.29.5,1 Chron. xxix. 1–5
origen,epistle_john,1Kgs,old_testament_or_other,Bible:1Kgs.2.11,1 Kings ii. 11
origen,epistle_john,Ezra,old_testament_or_other,Bible:Ezra.6.1,Ezra vi. 1
origen,epistle_john,John,new_testament,Bible:John.2.21,John ii. 21
origen,epistle_john,1Kgs,old_testament_or_other,Bible:1Kgs.5.3-1Kgs.5.5,1 Kings v. 3–5
origen,epistle_john,1Cor,new_testament,Bible:1Cor.15.25,1 Cor. xv. 25
origen,epistle_john,1Chr,old_testament_or_other,Bible:1Chr.22.9,1 Chron. xxii. 9
origen,epistle_john,Ps,old_testament_or_other,Bible:Ps.20.7,Ps. cxx. 7
origen,epistle_john,1Kgs,old_testament_or_other,Bible:1Kgs.5.15-1Kgs.5.18,1 Kings v. 15–18
origen,epistle_john,1Kgs,old_testament_or_other,Bible:1Kgs.6.8,1 Kings vi. 8
origen,epistle_john,1Kgs,old_testament_or_other,Bible:1Kgs.6.10,1 Kings vi. 10
origen,epistle_john,1Kgs,old_testament_or_other,Bible:1Kgs.6.16 Bible:1Kgs.6.19,"1 Kings vi. 16, 19"
origen,epistle_john,1Kgs,old_testament_or_other,Bible:1Kgs.6.21,1 Kings vi. 21
origen,epistle_john,1Kgs,old_testament_or_other,Bible:1Kgs.7.13,1 Kings vii. 13
origen,epistle_john,1Kgs,old_testament_or_other,Bible:1Kgs.6.4,1 Kings vi. 4
origen,epistle_john,Isa,old_testament_or_other,Bible:Isa.54.11-Isa.54.14,Isa. liv. 11–14
origen,epistle_john,Isa,old_testament_or_other,Bible:Isa.60.13-Isa.60.20,Isa. lx. 13–20
origen,epistle_john,Matt,new_testament,Bible:Matt.15.24,Matt. xv. 24
origen,epistle_john,Isa,old_testament_or_other,Bible:Isa.54.15,Isa. liv. 15
origen,epistle_john,Rev,new_testament,Bible:Rev.3.12,"Apoc. iii.
12"
origen,epistle_john,John,new_testament,Bible:John.2.22,John ii. 22
origen,epistle_john,John,new_testament,Bible:John.20.29,"xx.
29"
origen,epistle_john,Matt,new_testament,Bible:Matt.13.16,Matt. xiii. 16
origen,epistle_john,John,new_testament,Bible:John.20.29,John xx. 29
origen,epistle_john,Luke,new_testament,Bible:Luke.2.29-Luke.2.30,"Luke ii. 29, 30"
origen,epistle_john,1Cor,new_testament,Bible:1Cor.13.12,1 Cor. xiii. 12
origen,epistle_john,John,new_testament,Bible:John.2.23-John.2.25,"ii.
23–25"
origen,epistle_john,John,new_testament,Bible:John.3.18,John iii. 18
origen,epistle_john,Matt,new_testament,Bible:Matt.7.21-Matt.7.23,Matt. vii. 21–23
origen,epistle_john,John,new_testament,Bible:John.13.2-John.13.27,John xiii. 2–27
origen,epistle_john,Ps,old_testament_or_other,Bible:Ps.84.5,Ps. lxxxiv. 5
origen,commentary_matt,Matt,new_testament,Bible:Matt.18.12-Matt.18.13,"Matt.
xviii. 12, 13"
origen,commentary_matt,Matt,new_testament,Bible:Matt.13.36-Matt.22.33,"Matt.
xiii. 36 to xxii. 33"
origen,commentary_matt,Matt,new_testament,Bible:Matt.22.34-Matt.27.66,Matt. xxii. 34 to xxvii. 66
origen,commentary_matt,Matt,new_testament,Bible:Matt.21.35,Matt. xxi. 35
origen,commentary_matt,1Pet,new_testament,Bible:1Pet.5.13,1 Pet. v. 13
origen,commentary_matt,Matt,new_testament,Bible:Matt.5.9,Matt. v. 9
origen,commentary_matt,Prov,old_testament_or_other,Bible:Prov.8.8-Prov.8.9,"Prov. viii. 8, 9"
origen,commentary_matt,Ps,old_testament_or_other,Bible:Ps.72.7,Ps. lxxii. 7
origen,commentary_matt,Eccl,old_testament_or_other,Bible:Eccl.12.11,Ecc. xii. 11
origen,commentary_matt,1Sam,old_testament_or_other,Bible:1Sam.16.14,1 Sam. xvi. 14
origen,commentary_matt,Matt,new_testament,Bible:Matt.13.36,Matt. xiii. 36
origen,commentary_matt,John,new_testament,Bible:John.1.35,John i. 35
origen,commentary_matt,John,new_testament,Bible:John.1.40,John i. 40
origen,commentary_matt,Matt,new_testament,Bible:Matt.13.37,Matt. xiii. 37
origen,commentary_matt,John,new_testament,Bible:John.1.2,John i. 2
origen,commentary_matt,Matt,new_testament,Bible:Matt.26.41,Matt. xxvi. 41
origen,commentary_matt,Matt,new_testament,Bible:Matt.13.39,Matt. xiii. 39
origen,commentary_matt,Matt,new_testament,Bible:Matt.13.42,Matt. xiii. 42
origen,commentary_matt,Ps,old_testament_or_other,Bible:Ps.35.16,Ps. xxxv. 16
origen,commentary_matt,Matt,new_testament,Bible:Matt.13.43,Matt. xiii. 43
origen,commentary_matt,Dan,old_testament_or_other,Bible:Dan.12.3,Dan. xii. 3
origen,commentary_matt,1Cor,new_testament,Bible:1Cor.15.41-1Cor.15.42,"1 Cor. xv. 41, 42"
origen,commentary_matt,Matt,new_testament,Bible:Matt.5.16,Matt. v. 16
origen,commentary_matt,Prov,old_testament_or_other,Bible:Prov.7.3,Prov. vii. 3
origen,commentary_matt,Eph,new_testament,Bible:Eph.4.13,Eph. iv. 13
origen,commentary_matt,Matt,new_testament,Bible:Matt.13.44,Matt. xiii. 44
origen,commentary_matt,1Tim,new_testament,Bible:1Tim.4.13,1 Tim. iv. 13
origen,commentary_matt,Matt,new_testament,Bible:Matt.13.34,Matt. xiii. 34
origen,commentary_matt,Matt,new_testament,Bible:Matt.13.11,Matt. xiii. 11
origen,commentary_matt,Mark,new_testament,Bible:Mark.4.30,Mark iv. 30
origen,commentary_matt,Col,new_testament,Bible:Col.2.3,Col. ii. 3
origen,commentary_matt,Rom,new_testament,Bible:Rom.3.2,Rom. iii. 2
origen,commentary_matt,Matt,new_testament,Bible:Matt.21.43,Matt. xxi. 43
origen,commentary_matt,Matt,new_testament,Bible:Matt.13.45,Matt. xiii. 45
origen,commentary_matt,Matt,new_testament,Bible:Matt.7.6,Matt. vii. 6
origen,commentary_matt,Matt,new_testament,Bible:Matt.5.1,Matt. v. 1
origen,commentary_matt,Matt,new_testament,Bible:Matt.7.7,Matt. vii. 7
origen,commentary_matt,Matt,new_testament,Bible:Matt.7.8,Matt. vii. 8
origen,commentary_matt,Phil,new_testament,Bible:Phil.3.8,Phil. iii. 8
origen,commentary_matt,Matt,new_testament,Bible:Matt.3.17,Matt. iii. 17
origen,commentary_matt,2Cor,new_testament,Bible:2Cor.3.10,2 Cor. iii. 10
origen,commentary_matt,1Cor,new_testament,Bible:1Cor.13.9-1Cor.13.10,"1 Cor. xiii. 9, 10"
origen,commentary_matt,Gal,new_testament,Bible:Gal.4.1-Gal.4.2,"Gal. iv. 1, 2"
origen,commentary_matt,Luke,new_testament,Bible:Luke.13.8,Luke xiii. 8
origen,commentary_matt,Eccl,old_testament_or_other,Bible:Eccl.3.1,Eccles. iii. 1
origen,commentary_matt,Matt,new_testament,Bible:Matt.13.47,Matt. xiii. 47
origen,commentary_matt,Gen,old_testament_or_other,Bible:Gen.1.20,Gen. i. 20
origen,commentary_matt,Gen,old_testament_or_other,Bible:Gen.1.21,Gen. i. 21
origen,commentary_matt,Ezek,old_testament_or_other,Bible:Ezek.18.20-Ezek.18.23,Ezek. xviii. 20–23
origen,commentary_matt,Ezek,old_testament_or_other,Bible:Ezek.18.24,Ezek. xviii. 24
origen,commentary_matt,Matt,new_testament,Bible:Matt.5.17,Matt. v. 17
origen,commentary_matt,Matt,new_testament,Bible:Matt.4.11,Matt. iv. 11
origen,commentary_matt,Matt,new_testament,Bible:Matt.13.49-Matt.13.50,"Matt. xiii. 49, 50"
origen,commentary_matt,1Pet,new_testament,Bible:1Pet.1.12,1 Pet. i. 12
origen,commentary_matt,1Cor,new_testament,Bible:1Cor.6.3,1 Cor. vi. 3
origen,commentary_matt,Ezek,old_testament_or_other,Bible:Ezek.18.17-Ezek.18.22,Ezek. xviii. 17–22
origen,commentary_matt,Matt,new_testament,Bible:Matt.13.51,Matt. xiii. 51
origen,commentary_matt,John,new_testament,Bible:John.2.25,John ii. 25
origen,commentary_matt,Gen,old_testament_or_other,Bible:Gen.3.9,Gen. iii. 9
origen,commentary_matt,Gen,old_testament_or_other,Bible:Gen.4.9,Gen. iv. 9
origen,commentary_matt,Matt,new_testament,Bible:Matt.13.52,Matt. xiii. 52
origen,commentary_matt,Acts,new_testament,Bible:Acts.4.13,Acts iv. 13
origen,commentary_matt,Matt,new_testament,Bible:Matt.23.13,Matt. xxiii. 13
origen,commentary_matt,Gal,new_testament,Bible:Gal.4.24,Gal. iv. 24
origen,commentary_matt,Eph,new_testament,Bible:Eph.6.12,Eph. vi. 12
origen,commentary_matt,Matt,new_testament,Bible:Matt.3.2,Matt. iii. 2
origen,commentary_matt,John,new_testament,Bible:John.1.1-John.1.2,"John i. 1, 2"
origen,commentary_matt,Luke,new_testament,Bible:Luke.17.21,Luke xvii. 21
origen,commentary_matt,2Cor,new_testament,Bible:2Cor.3.16-2Cor.3.17,"2 Cor. iii. 16, 17"
origen,commentary_matt,Matt,new_testament,Bible:Matt.6.20,Matt. vi. 20
origen,commentary_matt,Prov,old_testament_or_other,Bible:Prov.25.20,Prov. xxv. 20
origen,commentary_matt,Matt,new_testament,Bible:Matt.6.21,Matt. vi. 21
origen,commentary_matt,Ps,old_testament_or_other,Bible:Ps.27.3,Ps. xxvii. 3
origen,commentary_matt,John,new_testament,Bible:John.10.8,John x. 8
origen,commentary_matt,Eph,new_testament,Bible:Eph.2.6,Eph. ii. 6
origen,commentary_matt,Phil,new_testament,Bible:Phil.3.20,Phil. iii. 20
origen,commentary_matt,Ps,old_testament_or_other,Bible:Ps.1.2,Ps. i. 2
origen,commentary_matt,Heb,new_testament,Bible:Heb.10.1,Heb. x. 1
origen,commentary_matt,Matt,new_testament,Bible:Matt.18.16,Matt. xviii. 16
origen,commentary_matt,2Cor,new_testament,Bible:2Cor.4.16,2 Cor. iv. 16
origen,commentary_matt,2Cor,new_testament,Bible:2Cor.3.7,2 Cor. iii. 7
origen,commentary_matt,1Cor,new_testament,Bible:1Cor.11.1,1 Cor. xi. 1
origen,commentary_matt,Lev,old_testament_or_other,Bible:Lev.26.10-Lev.26.11,"Lev. xxvi. 10, 11"
origen,commentary_matt,Lev,old_testament_or_other,Bible:Lev.26.12 Bible:2Cor.6.16,Lev. xxvi. 12; 2 Cor. vi. 16
origen,commentary_matt,Matt,new_testament,Bible:Matt.13.53-Matt.13.54,"Matt. xiii. 53, 54"
origen,commentary_matt,Mark,new_testament,Bible:Mark.6.1,Mark vi. 1
origen,commentary_matt,Matt,new_testament,Bible:Matt.2.23,Matt. ii. 23
origen,commentary_matt,Matt,new_testament,Bible:Matt.13.57,Matt. xiii. 57
origen,commentary_matt,1Cor,new_testament,Bible:1Cor.1.23,1 Cor. i. 23
origen,commentary_matt,Eph,new_testament,Bible:Eph.2.12,Eph. ii. 12
origen,commentary_matt,Matt,new_testament,Bible:Matt.13.54,Matt. xiii. 54
origen,commentary_matt,Matt,new_testament,Bible:Matt.12.42,Matt. xii. 42
origen,commentary_matt,Matt,new_testament,Bible:Matt.13.55,Matt. xiii. 55
origen,commentary_matt,Matt,new_testament,Bible:Matt.13.55-Matt.13.56,"Matt. xiii. 55, 56"
origen,commentary_matt,Luke,new_testament,Bible:Luke.1.35,Luke i. 35
origen,commentary_matt,Gal,new_testament,Bible:Gal.1.19,Gal. i. 19
origen,commentary_matt,Jude,new_testament,Bible:Jude.1.1,Jude 1
origen,commentary_matt,Matt,new_testament,Bible:Matt.13.56,Matt. xiii. 56
origen,commentary_matt,John,new_testament,Bible:John.7.15,John vii. 15
origen,commentary_matt,Acts,new_testament,Bible:Acts.7.52,Acts vii. 52
origen,commentary_matt,1Thess,new_testament,Bible:1Thess.2.14-1Thess.2.15,"1 Thess. ii. 14, 15"
origen,commentary_matt,John,new_testament,Bible:John.5.46,John v. 46
origen,commentary_matt,Jer,old_testament_or_other,Bible:Jer.20.9,Jer. xx. 9
origen,commentary_matt,Jer,old_testament_or_other,Bible:Jer.20.7,Jer. xx. 7
origen,commentary_matt,Heb,new_testament,Bible:Heb.11.37,Heb. xi. 37
origen,commentary_matt,Matt,new_testament,Bible:Matt.23.35,Matt. xxiii. 35
origen,commentary_matt,2Tim,new_testament,Bible:2Tim.3.12,2 Tim. iii. 12
origen,commentary_matt,Matt,new_testament,Bible:Matt.28.19,Matt. xxviii. 19
origen,commentary_matt,Acts,new_testament,Bible:Acts.1.8,Acts i. 8
origen,commentary_matt,Joel,old_testament_or_other,Bible:Joel.2.28,Joel ii. 28
origen,commentary_matt,Luke,new_testament,Bible:Luke.6.23,Luke vi. 23
origen,commentary_matt,Matt,new_testament,Bible:Matt.13.58,Matt. xiii. 58
origen,commentary_matt,Matt,new_testament,Bible:Matt.13.12,Matt. xiii. 12
origen,commentary_matt,Matt,new_testament,Bible:Matt.17.19-Matt.17.20,"Matt. xvii. 19, 20"
origen,commentary_matt,Matt,new_testament,Bible:Matt.14.31,Matt. xiv. 31
origen,commentary_matt,Luke,new_testament,Bible:Luke.8.45-Luke.8.46,"Luke viii. 45, 46"
origen,commentary_matt,Matt,new_testament,Bible:Matt.17.20,Matt. xvii. 20
origen,commentary_matt,Mark,new_testament,Bible:Mark.6.5,Mark vi. 5
origen,commentary_matt,Gen,old_testament_or_other,Bible:Gen.1.11,Gen. i. 11
origen,commentary_matt,Wis,deuterocanonical,Bible:Wis.9.6,Wisdom of Solomon ix. 6
origen,commentary_matt,Jer,old_testament_or_other,Bible:Jer.9.23,Jer. ix. 23
origen,commentary_matt,Matt,new_testament,Bible:Matt.14.1,Matt. xiv. 1
origen,commentary_matt,Mark,new_testament,Bible:Mark.6.14,Mark vi. 14
origen,commentary_matt,Luke,new_testament,Bible:Luke.9.7,Luke ix. 7
origen,commentary_matt,Matt,new_testament,Bible:Matt.21.25,Matt. xxi. 25
origen,commentary_matt,Matt,new_testament,Bible:Matt.11.14,Matt. xi. 14
origen,commentary_matt,John,new_testament,Bible:John.10.41,John x. 41
origen,commentary_matt,Luke,new_testament,Bible:Luke.9.8,Luke ix. 8
origen,commentary_matt,Mark,new_testament,Bible:Mark.6.15,Mark vi. 15
origen,commentary_matt,Luke,new_testament,Bible:Luke.1.17,Luke i. 17
origen,commentary_matt,Matt,new_testament,Bible:Matt.11.2-Matt.11.3,"Matt. xi. 2, 3"
origen,commentary_matt,Matt,new_testament,Bible:Matt.14.2,Matt. xiv. 2
origen,commentary_matt,Matt,new_testament,Bible:Matt.14.3,Matt. xiv. 3
origen,commentary_matt,Luke,new_testament,Bible:Luke.16.16,Luke xvi. 16
origen,commentary_matt,Gen,old_testament_or_other,Bible:Gen.49.10,Gen. xlix. 10
origen,commentary_matt,Matt,new_testament,Bible:Matt.14.3-Matt.14.4,"Matt. xiv. 3, 4"
origen,commentary_matt,Matt,new_testament,Bible:Matt.11.17 Bible:Luke.7.32,Matt. xi. 17; Luke vii. 32
origen,commentary_matt,Gen,old_testament_or_other,Bible:Gen.40.20,Gen. xl. 20
origen,commentary_matt,Matt,new_testament,Bible:Matt.11.11,Matt. xi. 11
origen,commentary_matt,Luke,new_testament,Bible:Luke.7.26,Luke vii. 26
origen,commentary_matt,Ps,old_testament_or_other,Bible:Ps.88.6,Ps. lxxxviii. 6
origen,commentary_matt,2Cor,new_testament,Bible:2Cor.13.4,2 Cor. xiii. 4
origen,commentary_matt,Exod,old_testament_or_other,Bible:Exod.12.46 Bible:John.19.36,Ex. xii. 46; John xix. 36
origen,commentary_matt,Matt,new_testament,Bible:Matt.14.12,Matt. xiv. 12
origen,commentary_matt,Matt,new_testament,Bible:Matt.14.13,Matt. xiv. 13
origen,commentary_matt,Matt,new_testament,Bible:Matt.10.23,Matt. x. 23
origen,commentary_matt,Isa,old_testament_or_other,Bible:Isa.54.1 Bible:Gal.4.27,Isa. liv. 1; Gal. iv. 27
origen,commentary_matt,Matt,new_testament,Bible:Matt.14.14,Matt. xiv. 14
origen,commentary_matt,1Cor,new_testament,Bible:1Cor.11.30,1 Cor. xi. 30
origen,commentary_matt,Jude,new_testament,Bible:Jude.1.8,Jude 8
origen,commentary_matt,Isa,old_testament_or_other,Bible:Isa.29.8,Isa. xxix. 8
origen,commentary_matt,Matt,new_testament,Bible:Matt.14.15,Matt. xiv. 15
origen,commentary_matt,1Cor,new_testament,Bible:1Cor.11.28,1 Cor. xi. 28
origen,commentary_matt,1John,new_testament,Bible:1John.2.18,1 John ii. 18
origen,commentary_matt,Matt,new_testament,Bible:Matt.14.16,Matt. xiv. 16
origen,commentary_matt,Matt,new_testament,Bible:Matt.14.17,Matt. xiv. 17
origen,commentary_matt,Luke,new_testament,Bible:Luke.24.42-Luke.24.43,"Luke xxiv. 42, 43"
origen,commentary_matt,Matt,new_testament,Bible:Matt.14.17 Bible:Mark.6.38 Bible:Luke.9.13,"Matt. xiv. 17; Mark vi. 38; Luke ix.
13"
origen,commentary_matt,John,new_testament,Bible:John.6.9,John vi. 9
origen,commentary_matt,Ps,old_testament_or_other,Bible:Ps.81.7,Ps. lxxxi. 7
origen,commentary_matt,1Cor,new_testament,Bible:1Cor.13.11,1 Cor. xiii. 11
origen,commentary_matt,Matt,new_testament,Bible:Matt.14.21,Matt. xiv. 21
origen,commentary_matt,Num,old_testament_or_other,Bible:Num.1.3,Num. i. 3
origen,commentary_matt,1Cor,new_testament,Bible:1Cor.3.1,1 Cor. iii. 1
origen,commentary_matt,2Cor,new_testament,Bible:2Cor.11.2,2 Cor. xi. 2
origen,commentary_matt,Matt,new_testament,Bible:Matt.14.19-Matt.14.20,"Matt. xiv. 19, 20"
origen,commentary_matt,Isa,old_testament_or_other,Bible:Isa.40.6,Isa. xl. 6
origen,commentary_matt,Rom,new_testament,Bible:Rom.8.6,Rom. viii. 6
origen,commentary_matt,Mark,new_testament,Bible:Mark.6.39-Mark.6.40,"Mark vi. 39, 40"
origen,commentary_matt,Luke,new_testament,Bible:Luke.9.14,Luke ix. 14
origen,commentary_matt,Matt,new_testament,Bible:Matt.19.28,Matt. xix. 28
origen,commentary_matt,Matt,new_testament,Bible:Matt.14.22,Matt. xiv. 22
origen,commentary_matt,Matt,new_testament,Bible:Matt.5.1-Matt.5.3,Matt. v. 1–3
origen,commentary_matt,Matt,new_testament,Bible:Matt.12.15,Matt. xii. 15
origen,commentary_matt,Matt,new_testament,Bible:Matt.14.46-Matt.14.49,Matt. xiv. 46–49
origen,commentary_matt,Matt,new_testament,Bible:Matt.14.50,Matt. xiv. 50
origen,commentary_matt,Matt,new_testament,Bible:Matt.13.2-Matt.13.3,"Matt. xiii. 2, 3"
origen,commentary_matt,Matt,new_testament,Bible:Matt.13.10,Matt. xiii. 10
origen,commentary_matt,Matt,new_testament,Bible:Matt.14.13-Matt.14.14,"Matt. xiv. 13, 14"
origen,commentary_matt,Matt,new_testament,Bible:Matt.14.19,Matt. xiv. 19
origen,commentary_matt,Matt,new_testament,Bible:Matt.14.23,Matt. xiv. 23
origen,commentary_matt,Matt,new_testament,Bible:Matt.14.24,Matt. xiv. 24
origen,commentary_matt,Matt,new_testament,Bible:Matt.14.25,Matt. xiv. 25
origen,commentary_matt,Mark,new_testament,Bible:Mark.6.45,Mark vi. 45
origen,commentary_matt,Matt,new_testament,Bible:Matt.14.29,Matt. xiv. 29
origen,commentary_matt,Matt,new_testament,Bible:Matt.14.34,Matt. xiv. 34
origen,commentary_matt,1Cor,new_testament,Bible:1Cor.10.13,1 Cor. x. 13
origen,commentary_matt,Matt,new_testament,Bible:Matt.14.22-Matt.14.23,"Matt. xiv. 22, 23"
origen,commentary_matt,2Thess,new_testament,Bible:2Thess.2.4,2 Thess. ii. 4
origen,commentary_matt,Rom,new_testament,Bible:Rom.13.12,Rom. xiii. 12
origen,commentary_matt,Matt,new_testament,Bible:Matt.14.27,Matt. xiv. 27
origen,commentary_matt,Matt,new_testament,Bible:Matt.14.30,Matt. xiv. 30
origen,commentary_matt,Matt,new_testament,Bible:Matt.14.33,Matt. xiv. 33
origen,commentary_matt,Matt,new_testament,Bible:Matt.14.35,Matt. xiv. 35
origen,commentary_matt,Matt,new_testament,Bible:Matt.14.36,Matt. xiv. 36
origen,commentary_matt,Matt,new_testament,Bible:Matt.9.20-Matt.9.21,"Matt. ix. 20, 21"
origen,commentary_matt,Matt,new_testament,Bible:Matt.9.22,Matt. ix. 22
origen,commentary_matt,Matt,new_testament,Bible:Matt.15.1-Matt.15.2,"Matt. xv. 1, 2"
origen,commentary_matt,Matt,new_testament,Bible:Matt.14.35-Matt.14.36,"Matt. xiv. 35, 36"
origen,commentary_matt,Gal,new_testament,Bible:Gal.3.13,Gal. iii. 13
origen,commentary_matt,1Cor,new_testament,Bible:1Cor.9.20,1 Cor. ix. 20
origen,commentary_matt,Gal,new_testament,Bible:Gal.2.3,Gal. ii. 3
origen,commentary_matt,Acts,new_testament,Bible:Acts.21.26 Bible:Acts.18.18,Acts xxi. 26; xviii. 18
origen,commentary_matt,Luke,new_testament,Bible:Luke.11.5,Luke xi. 5
origen,commentary_matt,Exod,old_testament_or_other,Bible:Exod.20.12,Ex. xx. 12
origen,commentary_matt,Lev,old_testament_or_other,Bible:Lev.20.9,Lev. xx. 9
origen,commentary_matt,Matt,new_testament,Bible:Matt.15.4,Matt. xv. 4
origen,commentary_matt,Exod,old_testament_or_other,Bible:Exod.21.15 Bible:Lev.20.9,Exod. xxi. 15; Lev. xx. 9
origen,commentary_matt,Exod,old_testament_or_other,Bible:Exod.20.12,Exod. xx. 12
origen,commentary_matt,Luke,new_testament,Bible:Luke.16.14,Luke xvi. 14
origen,commentary_matt,1Tim,new_testament,Bible:1Tim.6.5,1 Tim. vi. 5
origen,commentary_matt,Mark,new_testament,Bible:Mark.14.5 Bible:John.12.5,Mark xiv. 5; John xii. 5
origen,commentary_matt,John,new_testament,Bible:John.12.6,John xii. 6
origen,commentary_matt,Eph,new_testament,Bible:Eph.6.16,Eph. vi. 16
origen,commentary_matt,1Tim,new_testament,Bible:1Tim.6.10,1 Tim. vi. 10
origen,commentary_matt,Matt,new_testament,Bible:Matt.15.5,Matt. xv. 5
origen,commentary_matt,Luke,new_testament,Bible:Luke.1.6,Luke i. 6
origen,commentary_matt,Isa,old_testament_or_other,Bible:Isa.29.13,Isa. xxix. 13
origen,commentary_matt,Isa,old_testament_or_other,Bible:Isa.29.9-Isa.29.15,Isa. xxix. 9–15
origen,commentary_matt,Matt,new_testament,Bible:Matt.15.9,Matt. xv. 9
origen,commentary_matt,Isa,old_testament_or_other,Bible:Isa.29.14,Isa. xxix. 14
origen,commentary_matt,Isa,old_testament_or_other,Bible:Isa.29.15,Isa. xxix. 15
origen,commentary_matt,Mark,new_testament,Bible:Mark.7.3-Mark.7.4,"Mark vii. 3, 4"
origen,commentary_matt,Matt,new_testament,Bible:Matt.15.10,Matt. xv. 10
origen,commentary_matt,Matt,new_testament,Bible:Matt.15.11,Matt. xv. 11
origen,commentary_matt,Mark,new_testament,Bible:Mark.7.19,Mark vii. 19
origen,commentary_matt,Sir,deuterocanonical,Bible:Sir.28.25,Ecclus. xxviii. 25
origen,commentary_matt,Rom,new_testament,Bible:Rom.2.25-Rom.2.26,"Rom. ii. 25, 26"
origen,commentary_matt,Titus,new_testament,Bible:Titus.1.15,Tit. i. 15
origen,commentary_matt,1Cor,new_testament,Bible:1Cor.10.31,1 Cor. x. 31
origen,commentary_matt,Rom,new_testament,Bible:Rom.14.23,Rom. xiv. 23
origen,commentary_matt,Acts,new_testament,Bible:Acts.15.20,Acts xv. 20
origen,commentary_matt,1Cor,new_testament,Bible:1Cor.8.8,1 Cor. viii. 8
origen,commentary_matt,Col,new_testament,Bible:Col.2.16,Col. ii. 16
origen,commentary_matt,Matt,new_testament,Bible:Matt.15.13,Matt. xv. 13
origen,commentary_matt,John,new_testament,Bible:John.15.1,John xv. 1
origen,commentary_matt,Col,new_testament,Bible:Col.2.21-Col.2.22,"Col. ii. 21, 22"
origen,commentary_matt,Col,new_testament,Bible:Col.3.2,Col. iii. 2
origen,commentary_matt,Matt,new_testament,Bible:Matt.15.14,Matt. xv. 14
origen,commentary_matt,Ps,old_testament_or_other,Bible:Ps.7.15,Ps. vii. 15
origen,commentary_matt,Matt,new_testament,Bible:Matt.15.10-Matt.15.11,"Matt. xv. 10, 11"
origen,commentary_matt,Exod,old_testament_or_other,Bible:Exod.15.17,Exod. xv. 17
origen,commentary_matt,2Thess,new_testament,Bible:2Thess.2.12,2 Thess. ii. 12
origen,commentary_matt,2Cor,new_testament,Bible:2Cor.4.4,2 Cor. iv. 4
origen,commentary_matt,Phil,new_testament,Bible:Phil.3.19,Phil. iii. 19
origen,commentary_matt,John,new_testament,Bible:John.16.11,John xvi. 11
origen,commentary_matt,Luke,new_testament,Bible:Luke.20.36,Luke xx. 36
origen,commentary_matt,Matt,new_testament,Bible:Matt.15.16,Matt. xv. 16
origen,commentary_matt,Matt,new_testament,Bible:Matt.15.17,Matt. xv. 17
origen,commentary_matt,Rom,new_testament,Bible:Rom.7.14,Rom. vii. 14
origen,commentary_matt,Rom,new_testament,Bible:Rom.7.12,Rom. vii. 12
origen,commentary_matt,1Tim,new_testament,Bible:1Tim.4.5,1 Tim. iv. 5
origen,commentary_matt,John,new_testament,Bible:John.1.14,John i. 14
origen,commentary_matt,John,new_testament,Bible:John.6.51,John vi. 51
origen,commentary_matt,Matt,new_testament,Bible:Matt.15.18-Matt.15.19,"Matt. xv. 18, 19"
origen,commentary_matt,Prov,old_testament_or_other,Bible:Prov.4.23,Prov. iv. 23
origen,commentary_matt,1Cor,new_testament,Bible:1Cor.4.5,1 Cor. iv. 5
origen,commentary_matt,Rom,new_testament,Bible:Rom.2.15,Rom. ii. 15
origen,commentary_matt,Hos,old_testament_or_other,Bible:Hos.7.2,Hos. vii. 2
origen,commentary_matt,Matt,new_testament,Bible:Matt.6.1-Matt.6.2,"Matt. vi. 1, 2"
origen,commentary_matt,1Cor,new_testament,Bible:1Cor.12.28,1 Cor. xii. 28
origen,commentary_matt,1Tim,new_testament,Bible:1Tim.3.1,1 Tim. iii. 1
origen,commentary_matt,Matt,new_testament,Bible:Matt.15.21-Matt.15.22,"Matt. xv. 21, 22"
origen,commentary_matt,Matt,new_testament,Bible:Matt.4.12,Matt. iv. 12
origen,commentary_matt,Mark,new_testament,Bible:Mark.7.24,Mark vii. 24
origen,commentary_matt,Matt,new_testament,Bible:Matt.15.22,Matt. xv. 22
origen,commentary_matt,Deut,old_testament_or_other,Bible:Deut.32.8,Deut. xxxii. 8
origen,commentary_matt,Exod,old_testament_or_other,Bible:Exod.8.2,Exod. viii. 2
origen,commentary_matt,Matt,new_testament,Bible:Matt.25.34,Matt. xxv. 34
origen,commentary_matt,Matt,new_testament,Bible:Matt.20.30,Matt. xx. 30
origen,commentary_matt,Matt,new_testament,Bible:Matt.8.29,Matt. viii. 29
origen,commentary_matt,Rom,new_testament,Bible:Rom.1.3,Rom. i. 3
origen,commentary_matt,Rom,new_testament,Bible:Rom.1.4,Rom. i. 4
origen,commentary_matt,Luke,new_testament,Bible:Luke.7.12,Luke vii. 12
origen,commentary_matt,Matt,new_testament,Bible:Matt.9.18,Matt. ix. 18
origen,commentary_matt,John,new_testament,Bible:John.4.46,John iv. 46
origen,commentary_matt,John,new_testament,Bible:John.4.48,John iv. 48
origen,commentary_matt,Matt,new_testament,Bible:Matt.15.24,Matt. xv. 24
origen,commentary_matt,Matt,new_testament,Bible:Matt.15.28,Matt. xv. 28
origen,commentary_matt,Gal,new_testament,Bible:Gal.4.26,Gal. iv. 26
origen,commentary_matt,Gen,old_testament_or_other,Bible:Gen.15.15,Gen. xv. 15
origen,commentary_matt,2Cor,new_testament,Bible:2Cor.5.16,2 Cor. v. 16
origen,commentary_matt,Rom,new_testament,Bible:Rom.11.5,Rom. xi. 5
origen,commentary_matt,1Cor,new_testament,Bible:1Cor.1.27,1 Cor. i. 27
origen,commentary_matt,1Cor,new_testament,Bible:1Cor.1.28,1 Cor. i. 28
origen,commentary_matt,1Cor,new_testament,Bible:1Cor.1.21,1 Cor. i. 21
origen,commentary_matt,Ps,old_testament_or_other,Bible:Ps.8.2,Ps. viii. 2
origen,commentary_matt,Matt,new_testament,Bible:Matt.15.25-Matt.15.26,"Matt. xv. 25, 26"
origen,commentary_matt,Phil,new_testament,Bible:Phil.2.7,Phil. ii. 7
origen,commentary_matt,Luke,new_testament,Bible:Luke.8.46,Luke viii. 46
origen,commentary_matt,Exod,old_testament_or_other,Bible:Exod.22.31,Exod. xxii. 31
origen,commentary_matt,2Sam,old_testament_or_other,Bible:2Sam.16.9,2 Sam. xvi. 9
origen,commentary_matt,Matt,new_testament,Bible:Matt.15.27,Matt. xv. 27
origen,commentary_matt,Matt,new_testament,Bible:Matt.15.29,Matt. xv. 29
origen,commentary_matt,Matt,new_testament,Bible:Matt.15.30,Matt. xv. 30
origen,commentary_matt,Isa,old_testament_or_other,Bible:Isa.35.6,Isa. xxxv. 6
origen,commentary_matt,Isa,old_testament_or_other,Bible:Isa.42.18,Isa. xlii. 18
origen,commentary_matt,Rom,new_testament,Bible:Rom.1.20,Rom. i. 20
origen,commentary_matt,Matt,new_testament,Bible:Matt.15.31,Matt. xv. 31
origen,commentary_matt,Rom,new_testament,Bible:Rom.3.29,Rom. iii. 29
origen,commentary_matt,Matt,new_testament,Bible:Matt.15.32,Matt. xv. 32
origen,commentary_matt,Mark,new_testament,Bible:Mark.6.39,Mark vi. 39
origen,commentary_matt,Matt,new_testament,Bible:Matt.14.19 Bible:Mark.6.41 Bible:Luke.9.16,"Matt. xiv. 19; Mark vi. 41; Luke ix.
16"
origen,commentary_matt,Matt,new_testament,Bible:Matt.15.36 Bible:Mark.8.6,Matt. xv. 36; Mark viii. 6
origen,commentary_matt,John,new_testament,Bible:John.6.10,John vi. 10
origen,commentary_matt,John,new_testament,Bible:John.6.13,John vi. 13
origen,commentary_matt,Luke,new_testament,Bible:Luke.13.12,Luke xiii. 12
origen,commentary_matt,Matt,new_testament,Bible:Matt.15.23,Matt. xv. 23
origen,commentary_matt,Matt,new_testament,Bible:Matt.16.1,Matt. xvi. 1
origen,commentary_matt,Luke,new_testament,Bible:Luke.23.12,Luke xxiii. 12
origen,commentary_matt,Luke,new_testament,Bible:Luke.23.21,Luke xxiii. 21
origen,commentary_matt,2Kgs,old_testament_or_other,Bible:2Kgs.24.7,2 Kings xxiv. 7
origen,commentary_matt,2Kgs,old_testament_or_other,Bible:2Kgs.19.9,2 Kings xix. 9
origen,commentary_matt,Ps,old_testament_or_other,Bible:Ps.2.2,Ps. ii. 2
origen,commentary_matt,Matt,new_testament,Bible:Matt.9.24 Bible:Matt.12.24,"Matt. ix. 24, xii. 24"
origen,commentary_matt,Job,old_testament_or_other,Bible:Job.1.16,Job i. 16
origen,commentary_matt,2Thess,new_testament,Bible:2Thess.2.9,2 Thess. ii. 9
origen,commentary_matt,Isa,old_testament_or_other,Bible:Isa.7.11,Isa. vii. 11
origen,commentary_matt,2Thess,new_testament,Bible:2Thess.2.9-2Thess.2.10,"2 Thess. ii. 9, 10"
origen,commentary_matt,John,new_testament,Bible:John.11.39,John xi. 39
origen,commentary_matt,Gen,old_testament_or_other,Bible:Gen.1.26,Gen. i. 26
origen,commentary_matt,Matt,new_testament,Bible:Matt.11.4-Matt.11.5,"Matt. xi. 4, 5"
origen,commentary_matt,Matt,new_testament,Bible:Matt.16.4,Matt. xvi. 4
origen,commentary_matt,Phil,new_testament,Bible:Phil.3.3,Phil. iii. 3
origen,commentary_matt,Rom,new_testament,Bible:Rom.7.23,Rom. vii. 23
origen,commentary_matt,Prov,old_testament_or_other,Bible:Prov.19.14,Prov. xix. 14
origen,commentary_matt,Rom,new_testament,Bible:Rom.7.1-Rom.7.2,"Rom. vii. 1, 2"
origen,commentary_matt,1Cor,new_testament,Bible:1Cor.9.10,1 Cor. ix. 10
origen,commentary_matt,Rom,new_testament,Bible:Rom.6.9,Rom. vi. 9
origen,commentary_matt,Rom,new_testament,Bible:Rom.7.2-Rom.7.3,"Rom. vii. 2, 3"
origen,commentary_matt,Hos,old_testament_or_other,Bible:Hos.1.2,Hos. i. 2
origen,commentary_matt,Isa,old_testament_or_other,Bible:Isa.1.21,Isa. i. 21
origen,commentary_matt,Josh,old_testament_or_other,Bible:Josh.6.25,Josh. vi. 25
origen,commentary_matt,Luke,new_testament,Bible:Luke.7.37-Luke.7.50,Luke vii. 37–50
origen,commentary_matt,Matt,new_testament,Bible:Matt.26.6,Matt. xxvi. 6
origen,commentary_matt,Matt,new_testament,Bible:Matt.16.5,Matt. xvi. 5
origen,commentary_matt,Gal,new_testament,Bible:Gal.3.3,Gal. iii. 3
origen,commentary_matt,Matt,new_testament,Bible:Matt.16.6,Matt. xvi. 6
origen,commentary_matt,John,new_testament,Bible:John.6.33 Bible:John.6.51,"John vi. 33, 51"
origen,commentary_matt,1Cor,new_testament,Bible:1Cor.5.8,1 Cor. v. 8
origen,commentary_matt,Col,new_testament,Bible:Col.2.17,Col. ii. 17
origen,commentary_matt,Matt,new_testament,Bible:Matt.16.7,Matt. xvi. 7
origen,commentary_matt,Matt,new_testament,Bible:Matt.16.11,Matt. xvi. 11
origen,commentary_matt,Matt,new_testament,Bible:Matt.28.20,Matt. xxviii. 20
origen,commentary_matt,Matt,new_testament,Bible:Matt.16.8,Matt. xvi. 8
origen,commentary_matt,1Kgs,old_testament_or_other,Bible:1Kgs.8.39,1 Kings viii. 39
origen,commentary_matt,1Cor,new_testament,Bible:1Cor.13.10,1 Cor. xiii. 10
origen,commentary_matt,Deut,old_testament_or_other,Bible:Deut.22.25,Deut. xxii. 25
origen,commentary_matt,Matt,new_testament,Bible:Matt.16.7-Matt.16.8,"Matt. xvi. 7, 8"
origen,commentary_matt,John,new_testament,Bible:John.14.13-John.14.14,"John xiv. 13, 14"
origen,commentary_matt,Matt,new_testament,Bible:Matt.16.13,Matt. xvi. 13
origen,commentary_matt,Jer,old_testament_or_other,Bible:Jer.1.10,Jer. i. 10
origen,commentary_matt,Matt,new_testament,Bible:Matt.16.14,Matt. xvi. 14
origen,commentary_matt,Matt,new_testament,Bible:Matt.16.17,Matt. xvi. 17
origen,commentary_matt,Matt,new_testament,Bible:Matt.16.16,Matt. xvi. 16
origen,commentary_matt,Jer,old_testament_or_other,Bible:Jer.22.24,Jer. xxii. 24
origen,commentary_matt,Jer,old_testament_or_other,Bible:Jer.2.13,Jer. ii. 13
origen,commentary_matt,John,new_testament,Bible:John.14.6,John xiv. 6
origen,commentary_matt,Matt,new_testament,Bible:Matt.11.14,Matt xi. 14
origen,commentary_matt,Eph,new_testament,Bible:Eph.1.17,Eph. i. 17
origen,commentary_matt,Matt,new_testament,Bible:Matt.16.18,Matt. xvi. 18
origen,commentary_matt,1Cor,new_testament,Bible:1Cor.10.4,1 Cor. x. 4
origen,commentary_matt,Matt,new_testament,Bible:Matt.16.19,Matt. xvi. 19
origen,commentary_matt,John,new_testament,Bible:John.20.22,John xx. 22
origen,commentary_matt,2Cor,new_testament,Bible:2Cor.3.18,2 Cor. iii. 18
origen,commentary_matt,1Cor,new_testament,Bible:1Cor.1.30,1 Cor. i. 30
origen,commentary_matt,Matt,new_testament,Bible:Matt.7.24,Matt. vii. 24
origen,commentary_matt,Eph,new_testament,Bible:Eph.5.27,Eph. v. 27
origen,commentary_matt,Matt,new_testament,Bible:Matt.22.14,Matt. xxii. 14
origen,commentary_matt,Luke,new_testament,Bible:Luke.13.24,Luke xiii. 24
origen,commentary_matt,Matt,new_testament,Bible:Matt.7.14,Matt. vii. 14
origen,commentary_matt,Phil,new_testament,Bible:Phil.4.13,Phil. iv. 13
origen,commentary_matt,John,new_testament,Bible:John.10.9,John x. 9
origen,commentary_matt,1Tim,new_testament,Bible:1Tim.6.20,1 Tim. vi. 20
origen,commentary_matt,Ps,old_testament_or_other,Bible:Ps.9.13-Ps.9.14,"Ps. ix. 13, 14"
origen,commentary_matt,Ps,old_testament_or_other,Bible:Ps.18.20,Ps. cxviii. 20
origen,commentary_matt,Heb,new_testament,Bible:Heb.1.14,Heb. i. 14
origen,commentary_matt,Ps,old_testament_or_other,Bible:Ps.18.19-Ps.18.20,"Ps. cxviii. 19, 20"
origen,commentary_matt,Amos,old_testament_or_other,Bible:Amos.5.10,Amos v. 10
origen,commentary_matt,Matt,new_testament,Bible:Matt.3.2 Bible:Matt.4.17,Matt. iii. 2; iv. 17
origen,commentary_matt,Prov,old_testament_or_other,Bible:Prov.5.22,Prov. v. 22
origen,commentary_matt,Isa,old_testament_or_other,Bible:Isa.5.18,Isa. v. 18
origen,commentary_matt,1Tim,new_testament,Bible:1Tim.3.10,1 Tim. iii. 10
origen,commentary_matt,Matt,new_testament,Bible:Matt.16.20,Matt. xvi. 20
origen,commentary_matt,Matt,new_testament,Bible:Matt.10.5,Matt. x. 5
origen,commentary_matt,Mark,new_testament,Bible:Mark.8.30,Mark viii. 30
origen,commentary_matt,Luke,new_testament,Bible:Luke.9.21,Luke ix. 21
origen,commentary_matt,Matt,new_testament,Bible:Matt.16.15-Matt.16.16,"Matt. xvi. 15, 16"
origen,commentary_matt,John,new_testament,Bible:John.8.31-John.8.32,"John viii. 31, 32"
origen,commentary_matt,Matt,new_testament,Bible:Matt.10.18,Matt. x. 18
origen,commentary_matt,Matt,new_testament,Bible:Matt.10.21,Matt. x. 21
origen,commentary_matt,Matt,new_testament,Bible:Matt.10.32,Matt. x. 32
origen,commentary_matt,Matt,new_testament,Bible:Matt.10.27,Matt. x. 27
origen,commentary_matt,Matt,new_testament,Bible:Matt.16.21,Matt. xvi. 21
origen,commentary_matt,John,new_testament,Bible:John.6.68,John vi. 68
origen,commentary_matt,1Cor,new_testament,Bible:1Cor.2.2,1 Cor. ii. 2
origen,commentary_matt,Col,new_testament,Bible:Col.2.15,Col. ii. 15
origen,commentary_matt,Gal,new_testament,Bible:Gal.6.14,Gal. vi. 14
origen,commentary_matt,John,new_testament,Bible:John.12.31-John.12.32,"John xii. 31, 32"
origen,commentary_matt,Luke,new_testament,Bible:Luke.13.33,Luke xiii. 33
origen,commentary_matt,Matt,new_testament,Bible:Matt.10.39,Matt. x. 39
origen,commentary_matt,1Cor,new_testament,Bible:1Cor.15.20,1 Cor. xv. 20
origen,commentary_matt,2Cor,new_testament,Bible:2Cor.3.3,2 Cor. iii. 3
origen,commentary_matt,Heb,new_testament,Bible:Heb.12.22,Heb. xii. 22
origen,commentary_matt,Matt,new_testament,Bible:Matt.16.22,Matt. xvi. 22
origen,commentary_matt,Matt,new_testament,Bible:Matt.16.23,Matt. xvi. 23
origen,commentary_matt,Rom,new_testament,Bible:Rom.3.25,Rom. iii. 25
origen,commentary_matt,Matt,new_testament,Bible:Matt.4.19,Matt. iv. 19
origen,commentary_matt,Matt,new_testament,Bible:Matt.4.9,Matt. iv. 9
origen,commentary_matt,Matt,new_testament,Bible:Matt.4.10,Matt. iv. 10
origen,commentary_matt,Matt,new_testament,Bible:Matt.10.38,Matt. x. 38
origen,commentary_matt,Sir,deuterocanonical,Bible:Sir.18.30,Ecclus. xviii. 30
origen,commentary_matt,1Kgs,old_testament_or_other,Bible:1Kgs.18.21,1 Kings xviii. 21
origen,commentary_matt,John,new_testament,Bible:John.1.38,John i. 38
origen,commentary_matt,Ps,old_testament_or_other,Bible:Ps.19.165,Ps. cxix. 165
origen,commentary_matt,1Cor,new_testament,Bible:1Cor.13.7-1Cor.13.8,"1 Cor. xiii. 7, 8"
origen,commentary_matt,Ps,old_testament_or_other,Bible:Ps.45.14,Ps. cxlv. 14
origen,commentary_matt,2Cor,new_testament,Bible:2Cor.11.29,2 Cor. xi. 29
origen,commentary_matt,2Cor,new_testament,Bible:2Cor.4.18,2 Cor. iv. 18
origen,commentary_matt,Matt,new_testament,Bible:Matt.25.42,Matt. xxv. 42
origen,commentary_matt,Matt,new_testament,Bible:Matt.16.24,Matt. xvi. 24
origen,commentary_matt,Rom,new_testament,Bible:Rom.10.10,Rom. x. 10
origen,commentary_matt,Matt,new_testament,Bible:Matt.10.33,Matt. x. 33
origen,commentary_matt,John,new_testament,Bible:John.19.17-John.19.18,"John xix. 17, 18"
origen,commentary_matt,Matt,new_testament,Bible:Matt.27.32 Bible:Mark.15.21 Bible:Luke.23.26,"Matt. xxvii. 32; Mark xv. 21; Luke xxiii.
26"
origen,commentary_matt,Gal,new_testament,Bible:Gal.2.20,Gal. ii. 20
origen,commentary_matt,1Cor,new_testament,Bible:1Cor.1.30 Bible:Eph.2.14,1 Cor. i. 30; Eph. ii. 14
origen,commentary_matt,Gal,new_testament,Bible:Gal.2.20 Bible:Gal.6.14,Gal. ii. 20; vi. 14
origen,commentary_matt,Matt,new_testament,Bible:Matt.16.25,Matt. xvi. 25
origen,commentary_matt,Matt,new_testament,Bible:Matt.16.26,Matt. xvi. 26
origen,commentary_matt,1Pet,new_testament,Bible:1Pet.1.19,1 Pet. i. 19
origen,commentary_matt,1Cor,new_testament,Bible:1Cor.6.20,1 Cor. vi. 20
origen,commentary_matt,1Pet,new_testament,Bible:1Pet.1.18-1Pet.1.19,"1 Pet. i. 18, 19"
origen,commentary_matt,Isa,old_testament_or_other,Bible:Isa.43.3-Isa.43.4,"Isa. xliii. 3, 4"
origen,commentary_matt,Ps,old_testament_or_other,Bible:Ps.30.8,Ps. cxxx. 8
origen,commentary_matt,Matt,new_testament,Bible:Matt.16.27,Matt. xvi. 27
origen,commentary_matt,Isa,old_testament_or_other,Bible:Isa.53.2-Isa.53.3,"Isa. liii. 2, 3"
origen,commentary_matt,Isa,old_testament_or_other,Bible:Isa.53.4,Isa. liii. 4
origen,commentary_matt,Rom,new_testament,Bible:Rom.8.29,Rom. viii. 29
origen,commentary_matt,Phil,new_testament,Bible:Phil.3.21,Phil. iii. 21
origen,commentary_matt,Isa,old_testament_or_other,Bible:Isa.53.2,Isa. liii. 2
origen,commentary_matt,2Cor,new_testament,Bible:2Cor.5.10,2 Cor. v. 10
origen,commentary_matt,Ezek,old_testament_or_other,Bible:Ezek.18.21-Ezek.18.24,Ezek. xviii. 21–24
origen,commentary_matt,Matt,new_testament,Bible:Matt.16.28,Matt. xvi. 28
origen,commentary_matt,Luke,new_testament,Bible:Luke.9.28,Luke ix. 28
origen,commentary_matt,Mark,new_testament,Bible:Mark.9.1,Mark ix. 1
origen,commentary_matt,Matt,new_testament,Bible:Matt.20.23,Matt. xx. 23
origen,commentary_matt,1Pet,new_testament,Bible:1Pet.2.2,1 Pet. ii. 2
origen,commentary_matt,1Cor,new_testament,Bible:1Cor.3.2,1 Cor. iii. 2
origen,commentary_matt,Gen,old_testament_or_other,Bible:Gen.21.8,Gen. xxi. 8
origen,commentary_matt,Rom,new_testament,Bible:Rom.14.2,Rom. xiv. 2
origen,commentary_matt,1Sam,old_testament_or_other,Bible:1Sam.1.23-1Sam.1.24,"1 Sam. i. 23, 24"
origen,commentary_matt,Deut,old_testament_or_other,Bible:Deut.10.10,Deut. x. 10
origen,commentary_matt,Deut,old_testament_or_other,Bible:Deut.5.31,Deut. v. 31
origen,commentary_matt,Mark,new_testament,Bible:Mark.3.17,Mark iii. 17
origen,commentary_matt,Col,new_testament,Bible:Col.3.3-Col.3.4,"Col. iii. 3, 4"
origen,commentary_matt,1Cor,new_testament,Bible:1Cor.15.26,1 Cor. xv. 26
origen,commentary_matt,Deut,old_testament_or_other,Bible:Deut.30.15,Deut. xxx. 15
origen,commentary_matt,Deut,old_testament_or_other,Bible:Deut.28.66-Deut.28.67,"Deut. xxviii. 66, 67"
origen,commentary_matt,Matt,new_testament,Bible:Matt.16.28 Bible:Mark.9.1 Bible:Luke.9.27,"Matt. xvi. 28; Mark ix. 1; Luke ix.
27"
origen,commentary_matt,Ps,old_testament_or_other,Bible:Ps.89.48,Ps. lxxxix. 48
origen,commentary_matt,Ps,old_testament_or_other,Bible:Ps.55.18,Ps. lv. 18
origen,commentary_matt,Isa,old_testament_or_other,Bible:Isa.25.8,Isa. xxv. 8
origen,commentary_matt,Rev,new_testament,Bible:Rev.6.10,Rev. vi. 10
origen,commentary_matt,Rom,new_testament,Bible:Rom.6.12,Rom. vi. 12
origen,commentary_matt,Matt,new_testament,Bible:Matt.17.1 Bible:Mark.9.2,Matt. xvii. 1; Mark ix. 2
origen,commentary_matt,1John,new_testament,Bible:1John.2.15,1 John ii. 15
origen,commentary_matt,Matt,new_testament,Bible:Matt.17.2 Bible:Mark.9.2,Matt. xvii. 2; Mark ix. 2
origen,commentary_matt,Rom,new_testament,Bible:Rom.13.13 Bible:1Thess.5.5,Rom. xiii. 13; 1 Thess. v. 5
origen,commentary_matt,Matt,new_testament,Bible:Matt.17.2,Matt. xvii. 2
origen,commentary_matt,Matt,new_testament,Bible:Matt.17.3,Matt. xvii. 3
origen,commentary_matt,Luke,new_testament,Bible:Luke.9.30-Luke.9.31,"Luke ix. 30, 31"
origen,commentary_matt,1Cor,new_testament,Bible:1Cor.2.7,1 Cor. ii. 7
origen,commentary_matt,Luke,new_testament,Bible:Luke.9.28-Luke.9.29,"Luke (ix. 28,
29)"
origen,commentary_matt,Mark,new_testament,Bible:Mark.9.3,Mark ix. 3
origen,commentary_matt,Luke,new_testament,Bible:Luke.9.29,Luke ix. 29
origen,commentary_matt,Matt,new_testament,Bible:Matt.17.4 Bible:Mark.9.5 Bible:Luke.9.33,"Matt. xvii. 4; Mark ix. 5; Luke ix.
33"
origen,commentary_matt,Mark,new_testament,Bible:Mark.9.6,Mark ix. 6
origen,commentary_matt,Luke,new_testament,Bible:Luke.9.33,Luke ix. 33
origen,commentary_matt,John,new_testament,Bible:John.7.39,John vii. 39
origen,commentary_matt,Luke,new_testament,Bible:Luke.9.32,Luke ix. 32
origen,commentary_matt,Matt,new_testament,Bible:Matt.17.4,Matt. xvii. 4
origen,commentary_matt,John,new_testament,Bible:John.8.44,John viii. 44
origen,commentary_matt,Luke,new_testament,Bible:Luke.9.31,Luke ix. 31
origen,commentary_matt,1Cor,new_testament,Bible:1Cor.13.5,1 Cor. xiii. 5
origen,commentary_matt,1Cor,new_testament,Bible:1Cor.9.19,1 Cor. ix. 19
origen,commentary_matt,1Tim,new_testament,Bible:1Tim.1.7,1 Tim. i. 7
origen,commentary_matt,Prov,old_testament_or_other,Bible:Prov.16.23,Prov. xvi. 23
origen,commentary_matt,Matt,new_testament,Bible:Matt.17.5,Matt. xvii. 5
origen,commentary_matt,Matt,new_testament,Bible:Matt.17.6,Matt. xvii. 6
origen,commentary_matt,Exod,old_testament_or_other,Bible:Exod.30.20,Exod. xxx. 20
origen,commentary_matt,1Pet,new_testament,Bible:1Pet.5.6,1 Pet. v. 6
origen,commentary_matt,Matt,new_testament,Bible:Matt.17.8,Matt. xvii. 8
origen,commentary_matt,Matt,new_testament,Bible:Matt.27.52-Matt.27.53,"Matt. xxvii. 52, 53"
origen,commentary_matt,Matt,new_testament,Bible:Matt.17.9,Matt. xvii. 9
origen,commentary_matt,Matt,new_testament,Bible:Matt.17.10,Matt. xvii. 10
origen,commentary_matt,Matt,new_testament,Bible:Matt.17.12,Matt. xvii. 12
origen,commentary_matt,Matt,new_testament,Bible:Matt.17.13,Matt. xvii. 13
origen,commentary_matt,Matt,new_testament,Bible:Matt.24.35,Matt. xxiv. 35
origen,commentary_matt,1Cor,new_testament,Bible:1Cor.7.31,1 Cor. vii. 31
origen,commentary_matt,Ps,old_testament_or_other,Bible:Ps.2.26,Ps. cii. 26
origen,commentary_matt,Luke,new_testament,Bible:Luke.18.8,Luke xviii. 8
origen,commentary_matt,Matt,new_testament,Bible:Matt.24.37-Matt.24.39,Matt. xxiv. 37–39
origen,commentary_matt,Luke,new_testament,Bible:Luke.1.13,Luke i. 13
origen,commentary_matt,Luke,new_testament,Bible:Luke.1.63,Luke i. 63
origen,commentary_matt,Luke,new_testament,Bible:Luke.1.16-Luke.1.17,"Luke i. 16, 17"
origen,commentary_matt,1Thess,new_testament,Bible:1Thess.5.23,1 Thess. v. 23
origen,commentary_matt,Dan,old_testament_or_other,Bible:Dan.3.86,Dan. iii. 86
origen,commentary_matt,1Cor,new_testament,Bible:1Cor.14.32,1 Cor. xiv. 32
origen,commentary_matt,2Kgs,old_testament_or_other,Bible:2Kgs.2.15,2 Kings ii. 15
origen,commentary_matt,Rom,new_testament,Bible:Rom.8.16,Rom. viii. 16
origen,commentary_matt,1Cor,new_testament,Bible:1Cor.2.11,1 Cor. ii. 11
origen,commentary_matt,2Kgs,old_testament_or_other,Bible:2Kgs.2.11,2 Kings ii. 11
origen,commentary_matt,Luke,new_testament,Bible:Luke.1.15 Bible:Luke.1.17,"Luke i. 15, 17"
origen,commentary_matt,Ps,old_testament_or_other,Bible:Ps.51.12,Ps. li. 12
origen,commentary_matt,Ps,old_testament_or_other,Bible:Ps.51.10,Ps. li. 10
origen,commentary_matt,Isa,old_testament_or_other,Bible:Isa.11.2,Isa. xi. 2
origen,commentary_matt,Mal,old_testament_or_other,Bible:Mal.4.5-Mal.4.6,"Mal. iv. 5, 6"
origen,commentary_matt,Matt,new_testament,Bible:Matt.17.11,Matt. xvii. 11
origen,commentary_matt,John,new_testament,Bible:John.1.1,John i. 1
origen,commentary_matt,Matt,new_testament,Bible:Matt.25.35,Matt. xxv. 35
origen,commentary_matt,Rom,new_testament,Bible:Rom.8.8-Rom.8.9,"Rom. viii. 8, 9"
origen,commentary_matt,Matt,new_testament,Bible:Matt.17.14-Matt.17.15,"Matt. xvii. 14, 15"
origen,commentary_matt,Hos,old_testament_or_other,Bible:Hos.7.4,Hos. vii. 4
origen,commentary_matt,Sir,deuterocanonical,Bible:Sir.27.11,Ecclus. xxvii. 11
origen,commentary_matt,1Cor,new_testament,Bible:1Cor.13.2,1 Cor. xiii. 2
origen,commentary_matt,Matt,new_testament,Bible:Matt.13.31-Matt.13.32,"Matt. xiii. 31, 32"
origen,commentary_matt,Gen,old_testament_or_other,Bible:Gen.1.16,Gen. i. 16
origen,commentary_matt,Ps,old_testament_or_other,Bible:Ps.73.8-Ps.73.9,"Ps. lxxiii. 8, 9"
origen,commentary_matt,Lam,old_testament_or_other,Bible:Lam.3.38,Lam. iii. 38
origen,commentary_matt,Ps,old_testament_or_other,Bible:Ps.31.18,Ps. xxxi. 18
origen,commentary_matt,Exod,old_testament_or_other,Bible:Exod.4.11,Exod. iv. 11
origen,commentary_matt,Matt,new_testament,Bible:Matt.17.17,Matt. xvii. 17
origen,commentary_matt,Matt,new_testament,Bible:Matt.17.21,Matt. xvii. 21
origen,commentary_matt,Matt,new_testament,Bible:Matt.17.22,Matt. xvii. 22
origen,commentary_matt,Rom,new_testament,Bible:Rom.8.32,Rom. viii. 32
origen,commentary_matt,John,new_testament,Bible:John.1.29,John i. 29
origen,commentary_matt,Job,old_testament_or_other,Bible:Job.1.12,Job i. 12
origen,commentary_matt,Job,old_testament_or_other,Bible:Job.1.15-Job.1.19,Job i. 15–19
origen,commentary_matt,Eph,new_testament,Bible:Eph.2.2,Eph. ii. 2
origen,commentary_matt,John,new_testament,Bible:John.13.27,John xiii. 27
origen,commentary_matt,1Cor,new_testament,Bible:1Cor.2.7-1Cor.2.8,"1 Cor. ii. 7, 8"
origen,commentary_matt,1Cor,new_testament,Bible:1Cor.15.22,1 Cor. xv. 22
origen,commentary_matt,Heb,new_testament,Bible:Heb.2.14-Heb.2.15,"Heb. ii. 14, 15"
origen,commentary_matt,Ezek,old_testament_or_other,Bible:Ezek.18.4,Ezek. xviii. 4
origen,commentary_matt,John,new_testament,Bible:John.18.36,John xviii. 36
origen,commentary_matt,Ps,old_testament_or_other,Bible:Ps.2.3,Ps. ii. 3
origen,commentary_matt,Rom,new_testament,Bible:Rom.6.4,Rom. vi. 4
origen,commentary_matt,Matt,new_testament,Bible:Matt.4.16,Matt. iv. 16
origen,commentary_matt,Matt,new_testament,Bible:Matt.17.22-Matt.17.23,"Matt. xvii. 22, 23"
origen,commentary_matt,Heb,new_testament,Bible:Heb.2.14,Heb. ii. 14
origen,commentary_matt,Matt,new_testament,Bible:Matt.17.24,Matt. xvii. 24
origen,commentary_matt,Exod,old_testament_or_other,Bible:Exod.1.13-Exod.1.14,"Exod. i. 13, 14"
origen,commentary_matt,Mark,new_testament,Bible:Mark.41.17 Bible:Luke.20.25,Mark xli. 17; Luke xx. 25
origen,commentary_matt,Col,new_testament,Bible:Col.1.15,Col. i. 15
origen,commentary_matt,John,new_testament,Bible:John.14.31,John xiv. 31
origen,commentary_matt,Matt,new_testament,Bible:Matt.17.25,Matt. xvii. 25
origen,commentary_matt,Matt,new_testament,Bible:Matt.17.26,Matt. xvii. 26
origen,commentary_matt,John,new_testament,Bible:John.8.34,John viii. 34
origen,commentary_matt,Matt,new_testament,Bible:Matt.17.27,Matt. xvii. 27
origen,commentary_matt,Num,old_testament_or_other,Bible:Num.3.47,Num. iii. 47
origen,commentary_matt,Matt,new_testament,Bible:Matt.18.1,Matt. xviii. 1
origen,commentary_matt,Matt,new_testament,Bible:Matt.17.27 Bible:Matt.18.1,Matt. xvii. 27; xviii. 1
origen,commentary_matt,Matt,new_testament,Bible:Matt.16.16-Matt.16.17,"Matt. xvi. 16, 17"
origen,commentary_matt,Matt,new_testament,Bible:Matt.18.20,Matt. xviii. 20
origen,commentary_matt,Matt,new_testament,Bible:Matt.5.19,Matt. v. 19
origen,commentary_matt,Gen,old_testament_or_other,Bible:Gen.26.13,Gen. xxvi. 13
origen,commentary_matt,Matt,new_testament,Bible:Matt.18.2,Matt. xviii. 2
origen,commentary_matt,2Cor,new_testament,Bible:2Cor.4.10,2 Cor. iv. 10
origen,commentary_matt,Matt,new_testament,Bible:Matt.18.5,Matt. xviii. 5
origen,commentary_matt,Matt,new_testament,Bible:Matt.18.6,Matt. xviii. 6
origen,commentary_matt,Ps,old_testament_or_other,Bible:Ps.4.26,Ps. civ. 26
origen,commentary_matt,Matt,new_testament,Bible:Matt.24.41,Matt. xxiv. 41
origen,commentary_matt,Ps,old_testament_or_other,Bible:Ps.8.18,Psa. viii. 18
origen,commentary_matt,Matt,new_testament,Bible:Matt.18.4,Matt. xviii. 4
origen,commentary_matt,Isa,old_testament_or_other,Bible:Isa.48.16,Isa. xlviii. 16
origen,commentary_matt,Mark,new_testament,Bible:Mark.9.33-Mark.9.34,"Mark ix. 33, 34"
origen,commentary_matt,Mark,new_testament,Bible:Mark.9.35,Mark ix. 35
origen,commentary_matt,Mark,new_testament,Bible:Mark.9.36-Mark.9.37,"Mark ix. 36, 37"
origen,commentary_matt,Luke,new_testament,Bible:Luke.9.46,Luke ix. 46
origen,commentary_matt,Luke,new_testament,Bible:Luke.9.47-Luke.9.48,"Luke ix. 47, 48"
origen,commentary_matt,Luke,new_testament,Bible:Luke.9.48,Luke ix. 48
origen,commentary_matt,Luke,new_testament,Bible:Luke.18.17,Luke xviii. 17
origen,commentary_matt,Matt,new_testament,Bible:Matt.18.7,Matt. xviii. 7
origen,commentary_matt,John,new_testament,Bible:John.1.10,John i. 10
origen,commentary_matt,Deut,old_testament_or_other,Bible:Deut.4.19,Deut. iv. 19
origen,commentary_matt,Jdt,deuterocanonical,Bible:Jdt.10.4 Bible:1Macc.2.11,"Judith
x. 4; 1 Macc. ii. 11"
origen,commentary_matt,John,new_testament,Bible:John.17.5,John xvii. 5
origen,commentary_matt,John,new_testament,Bible:John.17.11,John xvii. 11
origen,commentary_matt,John,new_testament,Bible:John.17.13,John xvii. 13
origen,commentary_matt,John,new_testament,Bible:John.17.14,John xvii. 14
origen,commentary_matt,John,new_testament,Bible:John.17.21,John xvii. 21
origen,commentary_matt,John,new_testament,Bible:John.17.21 Bible:John.17.23,"John xvii. 21, 23"
origen,commentary_matt,Rom,new_testament,Bible:Rom.1.8,Rom. i. 8
origen,commentary_matt,John,new_testament,Bible:John.17.16,John xvii. 16
origen,commentary_matt,2Cor,new_testament,Bible:2Cor.5.4,2 Cor. v. 4
origen,commentary_matt,Matt,new_testament,Bible:Matt.11.22,Matt. xi. 22
origen,commentary_matt,1Cor,new_testament,Bible:1Cor.8.11-1Cor.8.12,"1 Cor. viii. 11, 12"
origen,commentary_matt,Luke,new_testament,Bible:Luke.18.1,Luke xviii. 1
origen,commentary_matt,1Cor,new_testament,Bible:1Cor.12.21,1 Cor. xii. 21
origen,commentary_matt,Matt,new_testament,Bible:Matt.18.8,Matt. xviii. 8
origen,commentary_matt,Matt,new_testament,Bible:Matt.18.9,Matt. xviii. 9
origen,commentary_matt,Luke,new_testament,Bible:Luke.14.26,Luke xiv. 26
origen,commentary_matt,Matt,new_testament,Bible:Matt.18.10,Matt. xviii. 10
origen,commentary_matt,Luke,new_testament,Bible:Luke.2.52,Luke ii. 52
origen,commentary_matt,Luke,new_testament,Bible:Luke.1.32,Luke i. 32
origen,commentary_matt,Isa,old_testament_or_other,Bible:Isa.49.22-Isa.49.23,"Isa. xlix. 22, 23"
origen,commentary_matt,Exod,old_testament_or_other,Bible:Exod.32.34,Exod. xxxii. 34
origen,commentary_matt,Exod,old_testament_or_other,Bible:Exod.33.15,Exod. xxxiii. 15
origen,commentary_matt,Gal,new_testament,Bible:Gal.4.1,Gal. iv. 1
origen,commentary_matt,Rom,new_testament,Bible:Rom.8.15,Rom. viii. 15
origen,commentary_matt,1John,new_testament,Bible:1John.4.18,1 John iv. 18
origen,commentary_matt,Ps,old_testament_or_other,Bible:Ps.34.7,Ps. xxxiv. 7
origen,commentary_matt,Ps,old_testament_or_other,Bible:Ps.91.15,Ps. xci. 15
origen,commentary_matt,Gen,old_testament_or_other,Bible:Gen.48.16,Gen. xlviii. 16
origen,commentary_matt,Gal,new_testament,Bible:Gal.4.4,Gal. iv. 4
origen,commentary_matt,Titus,new_testament,Bible:Titus.3.5,Tit. iii. 5
origen,commentary_matt,Gal,new_testament,Bible:Gal.1.15,Gal. i. 15
origen,commentary_matt,Ps,old_testament_or_other,Bible:Ps.71.6,Ps. lxxi. 6
origen,commentary_matt,Ps,old_testament_or_other,Bible:Ps.39.13,Ps. cxxxix. 13
origen,commentary_matt,Ps,old_testament_or_other,Bible:Ps.22.10,Ps. xxii. 10
origen,commentary_matt,Titus,new_testament,Bible:Titus.3.5 Bible:1Pet.2.2,Tit. iii. 5; 1 Pet. ii. 2
origen,commentary_matt,Acts,new_testament,Bible:Acts.12.13-Acts.12.15,Acts xii. 13–15
origen,commentary_matt,1Thess,new_testament,Bible:1Thess.2.7,1 Thess. ii. 7
origen,commentary_matt,Eph,new_testament,Bible:Eph.3.8,Eph. iii. 8
origen,commentary_matt,Matt,new_testament,Bible:Matt.18.14,Matt. xviii. 14
origen,commentary_matt,Rom,new_testament,Bible:Rom.8.35,Rom. viii. 35
origen,commentary_matt,Ezek,old_testament_or_other,Bible:Ezek.33.12,Ezek. xxxiii. 12
origen,commentary_matt,Matt,new_testament,Bible:Matt.18.12-Matt.18.14,Matt. xviii. 12–14
origen,commentary_matt,Matt,new_testament,Bible:Matt.18.15,Matt. xviii. 15
origen,commentary_matt,1Cor,new_testament,Bible:1Cor.5.11,1 Cor. v. 11
origen,commentary_matt,1John,new_testament,Bible:1John.5.16,1 John v. 16
origen,commentary_matt,Num,old_testament_or_other,Bible:Num.18.22,Num. xviii. 22
origen,commentary_matt,Matt,new_testament,Bible:Matt.18.15-Matt.18.16,"Matt. xviii. 15, 16"
origen,commentary_matt,Matt,new_testament,Bible:Matt.18.17,Matt. xviii. 17
origen,commentary_matt,Matt,new_testament,Bible:Matt.7.1,Matt. vii. 1
origen,commentary_matt,Matt,new_testament,Bible:Matt.7.2,Matt. vii. 2
origen,commentary_matt,Isa,old_testament_or_other,Bible:Isa.3.11,Isa. iii. 11
origen,commentary_matt,Isa,old_testament_or_other,Bible:Isa.40.2,Isa. xl. 2
origen,commentary_matt,Ps,old_testament_or_other,Bible:Ps.79.12,Ps. lxxix. 12
origen,commentary_matt,Ezek,old_testament_or_other,Bible:Ezek.33,Ezek. xxxiii
origen,commentary_matt,Matt,new_testament,Bible:Matt.18.18,Matt. xviii. 18
origen,commentary_matt,Matt,new_testament,Bible:Matt.18.19,Matt. xviii. 19
origen,commentary_matt,Luke,new_testament,Bible:Luke.15.25,Luke xv. 25
origen,commentary_matt,Gen,old_testament_or_other,Bible:Gen.31.27,Gen. xxxi. 27
origen,commentary_matt,2Sam,old_testament_or_other,Bible:2Sam.6.4-2Sam.6.5,"2 Sam. vi. 4, 5"
origen,commentary_matt,1Cor,new_testament,Bible:1Cor.7.5,1 Cor. vii. 5
origen,commentary_matt,1Cor,new_testament,Bible:1Cor.1.1,1 Cor. i. 1
origen,commentary_matt,2Cor,new_testament,Bible:2Cor.1.1,2 Cor. i. 1
origen,commentary_matt,1Thess,new_testament,Bible:1Thess.1.1,1 Thess. i. 1
origen,commentary_matt,Ps,old_testament_or_other,Bible:Ps.42,Ps. xlii
origen,commentary_matt,Exod,old_testament_or_other,Bible:Exod.6.24,Exod. vi. 24
origen,commentary_matt,Ps,old_testament_or_other,Bible:Ps.42.1,Ps. xlii. 1
origen,commentary_matt,Ps,old_testament_or_other,Bible:Ps.44.1,Ps. xliv. 1
origen,commentary_matt,1Cor,new_testament,Bible:1Cor.1.10,1 Cor. i. 10
origen,commentary_matt,Acts,new_testament,Bible:Acts.4.32,Acts iv. 32
origen,commentary_matt,1Cor,new_testament,Bible:1Cor.1.12,1 Cor. i. 12
origen,commentary_matt,1Cor,new_testament,Bible:1Cor.5.4,1 Cor. v. 4
origen,commentary_matt,Gal,new_testament,Bible:Gal.5.15,Gal. v. 15
origen,commentary_matt,1Cor,new_testament,Bible:1Cor.12.25 Bible:1Cor.12.18 Bible:1Cor.12.25 Bible:1Cor.12.26,"1 Cor. xii. 25, 18, 25, 26"
origen,commentary_matt,1Cor,new_testament,Bible:1Cor.1.24,1 Cor. i. 24
origen,commentary_matt,Gal,new_testament,Bible:Gal.5.17,Gal. v. 17
origen,commentary_matt,Rom,new_testament,Bible:Rom.8.11,Rom. viii. 11
origen,commentary_matt,Eccl,old_testament_or_other,Bible:Eccl.12.11,Eccl. xii. 11
origen,commentary_matt,Matt,new_testament,Bible:Matt.18.21,Matt. xviii. 21
origen,commentary_matt,Gen,old_testament_or_other,Bible:Gen.4.23,Gen. iv. 23
origen,commentary_matt,Matt,new_testament,Bible:Matt.18.22,Matt. xviii. 22
origen,commentary_matt,Matt,new_testament,Bible:Matt.18.23,Matt. xviii. 23
origen,commentary_matt,Matt,new_testament,Bible:Matt.18.23 Bible:Matt.18.34,"Matt. xviii. 23, 34"
origen,commentary_matt,1Cor,new_testament,Bible:1Cor.12.8,1 Cor. xii. 8
origen,commentary_matt,Matt,new_testament,Bible:Matt.5.3,Matt. v. 3
origen,commentary_matt,Rom,new_testament,Bible:Rom.8.3,Rom. viii. 3
origen,commentary_matt,2Cor,new_testament,Bible:2Cor.5.21,2 Cor. v. 21
origen,commentary_matt,1Cor,new_testament,Bible:1Cor.6.17,1 Cor. vi. 17
origen,commentary_matt,Matt,new_testament,Bible:Matt.25.15,Matt. xxv. 15
origen,commentary_matt,Luke,new_testament,Bible:Luke.7.41,Luke vii. 41
origen,commentary_matt,Luke,new_testament,Bible:Luke.19.13,Luke xix. 13
origen,commentary_matt,Matt,new_testament,Bible:Matt.25.27,Matt. xxv. 27
origen,commentary_matt,Luke,new_testament,Bible:Luke.16.6-Luke.16.7,"Luke xvi. 6, 7"
origen,commentary_matt,Luke,new_testament,Bible:Luke.16.5,Luke xvi. 5
origen,commentary_matt,Luke,new_testament,Bible:Luke.12.59,Luke xii. 59
origen,commentary_matt,Matt,new_testament,Bible:Matt.5.26,Matt. v. 26
origen,commentary_matt,Matt,new_testament,Bible:Matt.12.36,Matt. xii. 36
origen,commentary_matt,Matt,new_testament,Bible:Matt.10.42,Matt. x. 42
origen,commentary_matt,Dan,old_testament_or_other,Bible:Dan.7.10,Dan. vii. 10
origen,commentary_matt,Matt,new_testament,Bible:Matt.10.26 Bible:Luke.12.2,Matt. x. 26 ; Luke xii. 2
origen,commentary_matt,Luke,new_testament,Bible:Luke.12.58-Luke.12.59,"Luke xii. 58, 59"
origen,commentary_matt,Matt,new_testament,Bible:Matt.24.47,Matt. xxiv. 47
origen,commentary_matt,Luke,new_testament,Bible:Luke.19.17,Luke xix. 17
origen,commentary_matt,Luke,new_testament,Bible:Luke.19.19,Luke xix. 19
origen,commentary_matt,Gal,new_testament,Bible:Gal.2.4,Gal. ii. 4
origen,commentary_matt,1Cor,new_testament,Bible:1Cor.15.52,1 Cor. xv. 52
origen,commentary_matt,Matt,new_testament,Bible:Matt.18.24,Matt. xviii. 24
origen,commentary_matt,Ezek,old_testament_or_other,Bible:Ezek.9.6,Ezek. ix. 6
origen,commentary_matt,Zech,old_testament_or_other,Bible:Zech.5.7-Zech.5.8,"Zech. v. 7, 8"
origen,commentary_matt,2Thess,new_testament,Bible:2Thess.2.3-2Thess.2.4,"2 Thess. ii. 3, 4"
origen,commentary_matt,Prov,old_testament_or_other,Bible:Prov.20.6,Prov. xx. 6
origen,commentary_matt,Exod,old_testament_or_other,Bible:Exod.25.39,Exod. xxv. 39
origen,commentary_matt,1Chr,old_testament_or_other,Bible:1Chr.22.14,1 Chron. xxii. 14
origen,commentary_matt,Matt,new_testament,Bible:Matt.18.25,Matt. xviii. 25
origen,commentary_matt,Matt,new_testament,Bible:Matt.18.26,Matt. xviii. 26
origen,commentary_matt,Matt,new_testament,Bible:Matt.18.28,Matt. xviii. 28
origen,commentary_matt,2Thess,new_testament,Bible:2Thess.2.3,2 Thess. ii. 3
origen,commentary_matt,1Cor,new_testament,Bible:1Cor.2.10,1 Cor. ii. 10
origen,commentary_matt,Mark,new_testament,Bible:Mark.4.34,Mark iv. 34
origen,commentary_matt,John,new_testament,Bible:John.21.25,John xxi. 25
origen,commentary_matt,Matt,new_testament,Bible:Matt.25.14-Matt.25.30,Matt. xxv. 14–30
origen,commentary_matt,Luke,new_testament,Bible:Luke.19.12-Luke.19.27,Luke xix. 12–27
origen,commentary_matt,Matt,new_testament,Bible:Matt.25.14-Matt.25.15,"Matt. xxv. 14, 15"
origen,commentary_matt,Matt,new_testament,Bible:Matt.25.19,Matt. xxv. 19
origen,commentary_matt,2Cor,new_testament,Bible:2Cor.5.6,2 Cor. v. 6
origen,commentary_matt,Luke,new_testament,Bible:Luke.19.12-Luke.19.13,"Luke xix. 12, 13"
origen,commentary_matt,Luke,new_testament,Bible:Luke.19.22,Luke xix. 22
origen,commentary_matt,Luke,new_testament,Bible:Luke.19.24,Luke xix. 24
origen,commentary_matt,Luke,new_testament,Bible:Luke.19.14,Luke xix. 14
origen,commentary_matt,Luke,new_testament,Bible:Luke.19.12,Luke xix. 12
origen,commentary_matt,Rev,new_testament,Bible:Rev.21.2,Rev. xxi. 2
origen,commentary_matt,Matt,new_testament,Bible:Matt.17.26 Bible:Matt.17.29,"Matt. xvii. 26, 29"
origen,commentary_matt,Matt,new_testament,Bible:Matt.18.31,Matt. xviii. 31
origen,commentary_matt,Matt,new_testament,Bible:Matt.18.34,Matt. xviii. 34
origen,commentary_matt,Matt,new_testament,Bible:Matt.18.35,Matt. xviii. 35
origen,commentary_matt,Luke,new_testament,Bible:Luke.19.27,Luke xix. 27
origen,commentary_matt,Matt,new_testament,Bible:Matt.19.1,Matt. xix. 1
origen,commentary_matt,Matt,new_testament,Bible:Matt.5.33,Matt. v. 33
origen,commentary_matt,Mark,new_testament,Bible:Mark.14.49 Bible:Matt.26.56,Mark xiv. 49; Matt. xxvi. 56
origen,commentary_matt,1Cor,new_testament,Bible:1Cor.2.13,1 Cor. ii. 13
origen,commentary_matt,John,new_testament,Bible:John.6.44,John vi. 44
origen,commentary_matt,1Cor,new_testament,Bible:1Cor.2.4,1 Cor. ii. 4
origen,commentary_matt,Matt,new_testament,Bible:Matt.7.28,Matt. vii. 28
origen,commentary_matt,Matt,new_testament,Bible:Matt.19.2,Matt. xix. 2
origen,commentary_matt,John,new_testament,Bible:John.1.28,John i. 28
origen,commentary_matt,Matt,new_testament,Bible:Matt.9.9,Matt. ix. 9
origen,commentary_matt,Matt,new_testament,Bible:Matt.19.3,Matt. xix. 3
origen,commentary_matt,Mark,new_testament,Bible:Mark.10.2,Mark x. 2
origen,commentary_matt,Matt,new_testament,Bible:Matt.22.35,Matt. xxii. 35
origen,commentary_matt,Mark,new_testament,Bible:Mark.12.28,Mark xii. 28
origen,commentary_matt,Matt,new_testament,Bible:Matt.19.4,Matt. xix. 4
origen,commentary_matt,Matt,new_testament,Bible:Matt.22.17,Matt. xxii. 17
origen,commentary_matt,1Pet,new_testament,Bible:1Pet.3.7,1 Pet. iii. 7
origen,commentary_matt,Gal,new_testament,Bible:Gal.6.2,Gal. vi. 2
origen,commentary_matt,Matt,new_testament,Bible:Matt.19.4-Matt.19.6,Matt. xix. 4–6
origen,commentary_matt,Matt,new_testament,Bible:Matt.19.6,Matt. xix. 6
origen,commentary_matt,Gen,old_testament_or_other,Bible:Gen.1.27,Gen. i. 27
origen,commentary_matt,Gen,old_testament_or_other,Bible:Gen.2.24,Gen. ii. 24
origen,commentary_matt,Gen,old_testament_or_other,Bible:Gen.3.16,Gen. iii. 16
origen,commentary_matt,1Cor,new_testament,Bible:1Cor.7.7,1 Cor. vii. 7
origen,commentary_matt,Eph,new_testament,Bible:Eph.5.25,Eph. v. 25
origen,commentary_matt,1Tim,new_testament,Bible:1Tim.4.1-1Tim.4.3,1 Tim. iv. 1–3
origen,commentary_matt,Matt,new_testament,Bible:Matt.19.5,Matt. xix. 5
origen,commentary_matt,Eph,new_testament,Bible:Eph.5.31-Eph.5.32,"Eph. v. 31, 32"
origen,commentary_matt,John,new_testament,Bible:John.19.6 Bible:John.19.15 Bible:Luke.23.18,"John xix. 6, 15; Luke xxiii.
18"
origen,commentary_matt,Isa,old_testament_or_other,Bible:Isa.50.1,Isa. l. 1
origen,commentary_matt,Phil,new_testament,Bible:Phil.2.6,Phil. ii. 6
origen,commentary_matt,1Cor,new_testament,Bible:1Cor.12.27,1 Cor. xii. 27
origen,commentary_matt,Matt,new_testament,Bible:Matt.19.7,Matt. xix. 7
origen,commentary_matt,Deut,old_testament_or_other,Bible:Deut.24.1-Deut.24.4,Deut. xxiv. 1–4
origen,commentary_matt,Matt,new_testament,Bible:Matt.19.8,Matt. xix. 8
origen,commentary_matt,1Cor,new_testament,Bible:1Cor.7.39-1Cor.7.40,"1 Cor. vii. 39, 40"
origen,commentary_matt,Ps,old_testament_or_other,Bible:Ps.74.9,Ps. lxxiv. 9
origen,commentary_matt,Isa,old_testament_or_other,Bible:Isa.3.1-Isa.3.3,Isa. iii. 1–3
origen,commentary_matt,Matt,new_testament,Bible:Matt.27.21,Matt. xxvii. 21
origen,commentary_matt,John,new_testament,Bible:John.19.15,John xix. 15
origen,commentary_matt,Matt,new_testament,Bible:Matt.27.25,Matt. xxvii. 25
origen,commentary_matt,Luke,new_testament,Bible:Luke.21.20,Luke xxi. 20
origen,commentary_matt,Isa,old_testament_or_other,Bible:Isa.1.8,Isa. i. 8
origen,commentary_matt,Col,new_testament,Bible:Col.2.14,Col. ii. 14
origen,commentary_matt,Deut,old_testament_or_other,Bible:Deut.24.3,Deut. xxiv. 3
origen,commentary_matt,Gen,old_testament_or_other,Bible:Gen.3.15,Gen. iii. 15
origen,commentary_matt,Deut,old_testament_or_other,Bible:Deut.24.4,Deut. xxiv. 4
origen,commentary_matt,Rom,new_testament,Bible:Rom.11.25-Rom.11.26,"Rom. xi. 25, 26"
origen,commentary_matt,Lev,old_testament_or_other,Bible:Lev.21.14,Lev. xxi. 14
origen,commentary_matt,Matt,new_testament,Bible:Matt.12.5,Matt. xii. 5
origen,commentary_matt,Matt,new_testament,Bible:Matt.12.8,Matt. xii. 8
origen,commentary_matt,Heb,new_testament,Bible:Heb.9.10,Heb. ix. 10
origen,commentary_matt,2Cor,new_testament,Bible:2Cor.6.2,2 Cor. vi. 2
origen,commentary_matt,Deut,old_testament_or_other,Bible:Deut.24.1-Deut.24.3,"Deut. xxiv.
1–3"
origen,commentary_matt,1Tim,new_testament,Bible:1Tim.3.1-1Tim.3.2,"1 Tim. iii. 1, 2"
origen,commentary_matt,1Tim,new_testament,Bible:1Tim.3.12,1 Tim. iii. 12
origen,commentary_matt,1Tim,new_testament,Bible:1Tim.5.9,1 Tim. v. 9
origen,commentary_matt,Titus,new_testament,Bible:Titus.1.5-Titus.1.6,"Tit. i. 5, 6"
origen,commentary_matt,1Cor,new_testament,Bible:1Cor.7.2,1 Cor. vii. 2
origen,commentary_matt,1Cor,new_testament,Bible:1Cor.8.3,1 Cor. viii. 3
origen,commentary_matt,1Cor,new_testament,Bible:1Cor.7.6,1 Cor. vii. 6
origen,commentary_matt,1Cor,new_testament,Bible:1Cor.7.39,1 Cor. vii. 39
origen,commentary_matt,1Cor,new_testament,Bible:1Cor.12.31,1 Cor. xii. 31
origen,commentary_matt,Rom,new_testament,Bible:Rom.7.3,Rom. vii. 3
origen,commentary_matt,Matt,new_testament,Bible:Matt.5.32,Matt. v. 32
origen,commentary_matt,Deut,old_testament_or_other,Bible:Deut.24.1,Deut. xxiv. 1
origen,commentary_matt,Matt,new_testament,Bible:Matt.19.10,Matt. xix. 10
origen,commentary_matt,Matt,new_testament,Bible:Matt.19.11,Matt. xix. 11
origen,commentary_matt,Mark,new_testament,Bible:Mark.11.24-Mark.11.25,"Mark xi. 24, 25"
origen,commentary_matt,1Cor,new_testament,Bible:1Cor.14.15,1 Cor. xiv. 15
origen,commentary_matt,1Thess,new_testament,Bible:1Thess.5.17,1 Thess. v. 17
origen,commentary_matt,Luke,new_testament,Bible:Luke.18.1-Luke.18.2,"Luke xviii. 1, 2"
origen,commentary_matt,Luke,new_testament,Bible:Luke.11.8,Luke xi. 8
origen,commentary_matt,Luke,new_testament,Bible:Luke.11.11,Luke xi. 11
