author_id,work_id,book,testament_group,osis_ref,passage
tertullian,pallium,Gen,old_testament_or_other,Bible:Gen.11.26-Gen.12.5 Bible:Acts.7.2-Acts.7.4 Bible:Acts.7.15 Bible:Acts.7.45 Bible:Acts.13.17-Acts.13.19,"Gen. xi. 26–xii. 5 with Acts vii.
2–4, 15, 45, and xiii. 17–19"
tertullian,pallium,Gen,old_testament_or_other,Bible:Gen.2.25 Bible:Gen.3.7 Bible:Gen.3.21-Gen.3.24,"Gen.
ii. 25 (in LXX. iii. 1), iii. 7, 21–24"
tertullian,pallium,Gen,old_testament_or_other,Bible:Gen.2.23,Gen. ii. 23
tertullian,pallium,1Cor,new_testament,Bible:1Cor.2.6-1Cor.2.7,"1 Cor. ii. 6,
7"
tertullian,women_apparel,Heb,new_testament,Bible:Heb.8.11 Bible:Jer.31.34,Heb. viii. 11; Jer. xxxi. 34
tertullian,women_apparel,Gen,old_testament_or_other,Bible:Gen.3.16,Gen. iii. 16
tertullian,women_apparel,Song,old_testament_or_other,Bible:Song.4.12,Cant. iv. 12
tertullian,women_apparel,Gen,old_testament_or_other,Bible:Gen.3.21,Gen. iii. 21
tertullian,women_apparel,Acts,new_testament,Bible:Acts.19.19,Acts xix. 19
tertullian,women_apparel,Rev,new_testament,Bible:Rev.2.5,Rev. ii. 5
tertullian,women_apparel,1Cor,new_testament,Bible:1Cor.6.3,1 Cor. vi. 3
tertullian,women_apparel,2Cor,new_testament,Bible:2Cor.6.14-2Cor.6.16,2 Cor. vi. 14–16
tertullian,women_apparel,Matt,new_testament,Bible:Matt.22.30 Bible:Mark.12.25 Bible:Luke.20.35-Luke.20.36,"Matt. xxii. 30; Mark xii. 25; Luke xx. 35,
36"
tertullian,women_apparel,Gal,new_testament,Bible:Gal.3.28,Gal. iii. 28
tertullian,women_apparel,Gen,old_testament_or_other,Bible:Gen.5.21 Bible:Gen.5.25 Bible:Gen.5.28 Bible:Gen.5.29,"Gen. v. 21, 25, 28, 29"
tertullian,women_apparel,Gen,old_testament_or_other,Bible:Gen.6.8,Gen. vi. 8
tertullian,women_apparel,2Tim,new_testament,Bible:2Tim.3.16,2 Tim. iii. 16
tertullian,women_apparel,Jude,new_testament,Bible:Jude.1.14 Bible:Jude.1.15,"Jude 14, 15"
tertullian,women_apparel,Gen,old_testament_or_other,Bible:Gen.3.15,Gen. iii. 15
tertullian,women_apparel,Rev,new_testament,Bible:Rev.4.3,Rev. iv. 3
tertullian,women_apparel,1Cor,new_testament,Bible:1Cor.3.16-1Cor.3.17 Bible:1Cor.6.19-1Cor.6.20,"1 Cor. iii. 16, 17; vi. 19, 20"
tertullian,women_apparel,Matt,new_testament,Bible:Matt.5.48,Matt. v. 48
tertullian,women_apparel,Heb,new_testament,Bible:Heb.11.1,Heb. xi. 1
tertullian,women_apparel,Matt,new_testament,Bible:Matt.5.17,Matt. v. 17
tertullian,women_apparel,Matt,new_testament,Bible:Matt.5.28,Matt. v. 28
tertullian,women_apparel,Lev,old_testament_or_other,Bible:Lev.19.18 Bible:Matt.19.19 Bible:Matt.22.39 Bible:Mark.12.31 Bible:Luke.10.27 Bible:Rom.13.9 Bible:Gal.5.14 Bible:Jas.2.8,"Lev. xix. 18; Matt. xix. 19; xxii. 39;
Mark xii. 31; Luke x. 27; Rom. xiii. 9; Gal. v. 14; Jas. ii.
8"
tertullian,women_apparel,1Cor,new_testament,Bible:1Cor.10.24 Bible:1Cor.13.5 Bible:Phil.2.4,"1 Cor. x. 24; xiii. 5; Phil. ii.
4"
tertullian,women_apparel,2Pet,new_testament,Bible:2Pet.1.20,2 Pet. i. 20
tertullian,women_apparel,Gen,old_testament_or_other,Bible:Gen.27.15,Gen. xxvii. 15
tertullian,women_apparel,Rom,new_testament,Bible:Rom.4.11 Bible:Rom.4.16,"Rom. iv. 11, 16"
tertullian,women_apparel,Gen,old_testament_or_other,Bible:Gen.12.10-Gen.12.20 Bible:Gen.20,"Gen.
xii. 10–20, and xx"
tertullian,women_apparel,Gen,old_testament_or_other,Bible:Gen.26.6-Gen.26.11,Gen. xxvi. 6–11
tertullian,women_apparel,Gal,new_testament,Bible:Gal.6.13,Gal. vi. 13
tertullian,women_apparel,1Cor,new_testament,Bible:1Cor.3.21,1 Cor. iii. 21
tertullian,women_apparel,1Cor,new_testament,Bible:1Cor.5.6,"v.
6"
tertullian,women_apparel,2Cor,new_testament,Bible:2Cor.11.18 Bible:2Cor.12.10 Bible:Phil.3.3-Phil.3.4,"2 Cor. xi. 18; xii. 10; Phil. iii. 3,
4"
tertullian,women_apparel,1Cor,new_testament,Bible:1Cor.7.34,1 Cor. vii. 34
tertullian,women_apparel,1Cor,new_testament,Bible:1Cor.7.32,1 Cor. vii. 32
tertullian,women_apparel,Matt,new_testament,Bible:Matt.5.36,Matt. v. 36
tertullian,women_apparel,Ps,old_testament_or_other,Bible:Ps.25.7,Ps. xxv. 7
tertullian,women_apparel,1Cor,new_testament,Bible:1Cor.15.53,1 Cor. xv. 53
tertullian,women_apparel,2Cor,new_testament,Bible:2Cor.5.1,2 Cor. v. 1
tertullian,women_apparel,Matt,new_testament,Bible:Matt.6.27,Matt. vi. 27
tertullian,women_apparel,Gal,new_testament,Bible:Gal.4.31 Bible:Gal.5.13,Gal. iv. 31; v. 13
tertullian,women_apparel,1Cor,new_testament,Bible:1Cor.11.2-1Cor.11.16,1 Cor. xi. 2–16
tertullian,women_apparel,1Thess,new_testament,Bible:1Thess.4.13-1Thess.4.17,1 Thess. iv. 13–17
tertullian,women_apparel,1Cor,new_testament,Bible:1Cor.15.50 Bible:1Thess.5.23,1 Cor. xv. 50 with 1 Thess. v. 23
tertullian,women_apparel,1Cor,new_testament,Bible:1Cor.7,I Cor. VII
tertullian,women_apparel,1Cor,new_testament,Bible:1Cor.7.31,1 Cor. vii. 31
tertullian,women_apparel,1Cor,new_testament,Bible:1Cor.7.30,1 Cor. vii. 30
tertullian,women_apparel,1Cor,new_testament,Bible:1Cor.7.29,1 Cor. vii. 29
tertullian,women_apparel,Matt,new_testament,Bible:Matt.19.12,Matt. xix. 12
tertullian,women_apparel,1Tim,new_testament,Bible:1Tim.4.4-1Tim.4.5,"1 Tim. iv. 4, 5"
tertullian,women_apparel,1Cor,new_testament,Bible:1Cor.10.11,1 Cor. x. 11
tertullian,women_apparel,Eph,new_testament,Bible:Eph.1.4,Eph. i. 4
tertullian,women_apparel,1Pet,new_testament,Bible:1Pet.1.20,1 Pet. i. 20
tertullian,women_apparel,Phil,new_testament,Bible:Phil.3.3,Phil. iii. 3
tertullian,women_apparel,Isa,old_testament_or_other,Bible:Isa.3.18,"Isa. iii.
18"
tertullian,women_apparel,1Cor,new_testament,Bible:1Cor.10.23,1 Cor. x. 23
tertullian,women_apparel,Phil,new_testament,Bible:Phil.1.20,Phil. i. 20
tertullian,women_apparel,Rev,new_testament,Bible:Rev.17,Rev. xvii
tertullian,women_apparel,Gen,old_testament_or_other,Bible:Gen.38.12-Gen.38.30,Gen. xxxviii. 12–30
tertullian,women_apparel,John,new_testament,Bible:John.5.34 Bible:1Cor.4.3,John v. 34; 1 Cor. iv. 3
tertullian,women_apparel,1Sam,old_testament_or_other,Bible:1Sam.16.7 Bible:Jer.17.10 Bible:Luke.16.15,"1 Sam. xvi. 7; Jer. xvii. 10; Luke xvi.
15"
tertullian,women_apparel,Phil,new_testament,Bible:Phil.4.5 Bible:Phil.4.8 Bible:Rom.12.17 Bible:2Cor.8.21,"Phil. iv. 5, 8; Rom. xii. 17; 2 Cor. viii.
21"
tertullian,women_apparel,Matt,new_testament,Bible:Matt.5.16,Matt. v. 16
tertullian,women_apparel,Matt,new_testament,Bible:Matt.5.14,Matt. v. 14
tertullian,women_apparel,Matt,new_testament,Bible:Matt.5.15 Bible:Mark.4.21 Bible:Luke.8.16 Bible:Luke.11.33,"Matt. v. 15; Mark iv. 21; Luke viii. 16;
xi. 33"
tertullian,women_apparel,John,new_testament,Bible:John.3.21,John iii. 21
tertullian,women_apparel,Exod,old_testament_or_other,Bible:Exod.32,Ex. xxxii
tertullian,women_apparel,Exod,old_testament_or_other,Bible:Exod.32.20,Ex. xxxii. 20
tertullian,virgins,John,new_testament,Bible:John.14.6,John xiv. 6
tertullian,virgins,John,new_testament,Bible:John.16.12-John.16.13,"John xvi. 12, 13"
tertullian,virgins,John,new_testament,Bible:John.14.26,John xiv. 26
tertullian,virgins,Heb,new_testament,Bible:Heb.11.40 Bible:Heb.12.24,Heb. xi. 40; xii. 24
tertullian,virgins,Eccl,old_testament_or_other,Bible:Eccl.3.1,Eccles. iii. 1
tertullian,virgins,Mark,new_testament,Bible:Mark.4.28,Mark iv. 28
tertullian,virgins,Matt,new_testament,Bible:Matt.23.8,Matt. xxiii. 8
tertullian,virgins,John,new_testament,Bible:John.16.13,John xvi. 13
tertullian,virgins,Eph,new_testament,Bible:Eph.4.1-Eph.4.6,Eph. iv. 1–6
tertullian,virgins,John,new_testament,Bible:John.5.44 Bible:John.12.43,"John v.
44 and xii. 43"
tertullian,virgins,1Cor,new_testament,Bible:1Cor.14.35,1 Cor. xiv. 35
tertullian,virgins,1Cor,new_testament,Bible:1Cor.7.21-1Cor.7.22,"1 Cor. vii. 21, 22"
tertullian,virgins,1Cor,new_testament,Bible:1Cor.11.5-1Cor.11.16,"1 Cor. XI.
5–16"
tertullian,virgins,1Cor,new_testament,Bible:1Cor.7,1 Cor. vii
tertullian,virgins,1Cor,new_testament,Bible:1Cor.7.34,1 Cor. vii. 34
tertullian,virgins,Gen,old_testament_or_other,Bible:Gen.2.19-Gen.2.20,"Gen. ii. 19, 20"
tertullian,virgins,Gen,old_testament_or_other,Bible:Gen.3.20,Gen. iii. 20
tertullian,virgins,Gal,new_testament,Bible:Gal.4.4,Gal. iv. 4
tertullian,virgins,Luke,new_testament,Bible:Luke.1.26-Luke.1.27,"Luke i. 26, 27"
tertullian,virgins,1Cor,new_testament,Bible:1Cor.11.3,1 Cor. xi. 3
tertullian,virgins,Gen,old_testament_or_other,Bible:Gen.2.23,Gen. ii. 23
tertullian,virgins,1Cor,new_testament,Bible:1Cor.11.10,1 Cor. xi. 10
tertullian,virgins,Gen,old_testament_or_other,Bible:Gen.6.1-Gen.6.2,"Gen. vi. 1, 2"
tertullian,virgins,1Cor,new_testament,Bible:1Cor.11.14-1Cor.11.15,"1 Cor. xi. 14, 15"
tertullian,virgins,1Cor,new_testament,Bible:1Cor.11.16,1 Cor. xi. 16
tertullian,virgins,1Cor,new_testament,Bible:1Cor.14.34-1Cor.14.35 Bible:1Tim.2.11-1Tim.2.12,"1 Cor. xiv. 34, 35; 1 Tim. ii. 11,
12"
tertullian,virgins,1Tim,new_testament,Bible:1Tim.5.9,1 Tim. v. 9
tertullian,virgins,1Cor,new_testament,Bible:1Cor.7.5,1 Cor. vii. 5
tertullian,virgins,Gen,old_testament_or_other,Bible:Gen.2.25 Bible:Gen.3.7,Gen. ii. 25; iii. 7
tertullian,virgins,Deut,old_testament_or_other,Bible:Deut.22.13-Deut.22.21,Deut. xxii. 13–21
tertullian,virgins,Gen,old_testament_or_other,Bible:Gen.24.64-Gen.24.65,"Gen. xxiv. 64, 65"
tertullian,virgins,Matt,new_testament,Bible:Matt.6.2,Matt. vi. 2
tertullian,virgins,1Cor,new_testament,Bible:1Cor.4.7,1 Cor. iv. 7
tertullian,virgins,Phil,new_testament,Bible:Phil.3.19,Phil. iii. 19
tertullian,virgins,Isa,old_testament_or_other,Bible:Isa.5.18,Isa. v. 18
tertullian,virgins,Matt,new_testament,Bible:Matt.10.26,Matt. x. 26
tertullian,virgins,Ps,old_testament_or_other,Bible:Ps.147.6 Bible:Luke.1.52,"Ps.
cxlvii. (in LXX. and Vulg. cxlvi.) 6; Luke i. 52"
tertullian,virgins,1Cor,new_testament,Bible:1Cor.11.14,1 Cor. xi. 14
tertullian,virgins,1Thess,new_testament,Bible:1Thess.5.21,1 Thess. v. 21
tertullian,virgins,1Cor,new_testament,Bible:1Cor.11,1 Cor. xi
tertullian,virgins,1Cor,new_testament,Bible:1Cor.11.6,1 Cor. xi. 6
tertullian,virgins,Acts,new_testament,Bible:Acts.20.28,Acts xx. 28
tertullian,wife,Luke,new_testament,Bible:Luke.20.36,Luke xx. 36
tertullian,wife,Matt,new_testament,Bible:Matt.22.23-Matt.22.33 Bible:Mark.12.18-Mark.12.27 Bible:Luke.20.27-Luke.20.40,"Matt. xxii. 23–33; Mark xii.
18–27; Luke xx. 27–40"
tertullian,wife,Gen,old_testament_or_other,Bible:Gen.1.28,Gen. i. 28
tertullian,wife,Gen,old_testament_or_other,Bible:Gen.2.21-Gen.2.22,"Gen. ii. 21, 22"
tertullian,wife,Rom,new_testament,Bible:Rom.2.28-Rom.2.29 Bible:Phil.3.3 Bible:Col.2.11,"Rom. ii. 28, 29; Phil. iii. 3; Col. ii.
11"
tertullian,wife,1Cor,new_testament,Bible:1Cor.10.11,"1 Cor. x.
11"
tertullian,wife,Heb,new_testament,Bible:Heb.9.26,Heb. ix. 26
tertullian,wife,Matt,new_testament,Bible:Matt.19.5-Matt.19.6,"Matt. xix. 5, 6"
tertullian,wife,1Cor,new_testament,Bible:1Cor.7,1 Cor. vii
tertullian,wife,Matt,new_testament,Bible:Matt.10.23 Bible:Matt.23.34,"Matt.
x. 23; perhaps confused with xxiii. 34"
tertullian,wife,Phil,new_testament,Bible:Phil.3.13-Phil.3.14,"Phil. iii. 13, 14"
tertullian,wife,1Cor,new_testament,Bible:1Cor.7.35,1 Cor. vii. 35
tertullian,wife,Matt,new_testament,Bible:Matt.26.41,Matt. xxvi. 41
tertullian,wife,Matt,new_testament,Bible:Matt.26.41,"Matt. xxvi.
41"
tertullian,wife,Phil,new_testament,Bible:Phil.4.3 Bible:2Tim.2.19 Bible:Mal.3.16,"Phil. iv. 3; 2 Tim. ii. 19; Mal. iii.
16"
tertullian,wife,1John,new_testament,Bible:1John.1.1 Bible:Luke.24.39 Bible:John.20.17,"1 John i. 1; Luke xxiv. 39; John xx.
17"
tertullian,wife,Matt,new_testament,Bible:Matt.6.28-Matt.6.30,Matt. vi. 28–30
tertullian,wife,Matt,new_testament,Bible:Matt.6.26,Matt. vi. 26
tertullian,wife,Matt,new_testament,Bible:Matt.6.31 Bible:Matt.6.34,"Matt. vi. 31, 34"
tertullian,wife,Phil,new_testament,Bible:Phil.4.19 Bible:1Tim.6.8,Phil. iv. 19; 1 Tim. vi. 8
tertullian,wife,Phil,new_testament,Bible:Phil.1.23,Phil. i. 23
tertullian,wife,Luke,new_testament,Bible:Luke.21.23 Bible:Matt.24.19,Luke xxi. 23; Matt. xxiv. 19
tertullian,wife,Luke,new_testament,Bible:Luke.17.28-Luke.17.29,"Luke xvii. 28, 29"
tertullian,wife,1Cor,new_testament,Bible:1Cor.10.11,1 Cor. x. 11
tertullian,wife,Gen,old_testament_or_other,Bible:Gen.19.11,Gen. xix. 11
tertullian,wife,1Cor,new_testament,Bible:1Cor.7.29,"1 Cor. vii.
29"
tertullian,wife,1Cor,new_testament,Bible:1Cor.7.29,1 Cor. vii. 29
tertullian,wife,Matt,new_testament,Bible:Matt.19.12,"Matt. xix.
12"
tertullian,wife,Matt,new_testament,Bible:Matt.3.12,Matt. iii. 12
tertullian,wife,Rev,new_testament,Bible:Rev.12.9,Rev. xii. 9
tertullian,wife,1Cor,new_testament,Bible:1Cor.15.53 Bible:2Cor.5.4,1 Cor. xv. 53; 2 Cor. v. 4
tertullian,wife,1Cor,new_testament,Bible:1Cor.7.27,1 Cor. vii. 27
tertullian,wife,1Cor,new_testament,Bible:1Cor.7.28,1 Cor. vii. 28
tertullian,wife,1Tim,new_testament,Bible:1Tim.2.2 Bible:Titus.1.6,1 Tim. ii. 2; Tit. i. 6
tertullian,wife,1Tim,new_testament,Bible:1Tim.5.9-1Tim.5.10,"1 Tim. v. 9, 10"
tertullian,wife,Isa,old_testament_or_other,Bible:Isa.1.17-Isa.1.18,"Isa. i. 17,
18"
tertullian,wife,1Tim,new_testament,Bible:1Tim.5.13,1 Tim. v. 13
tertullian,wife,1Cor,new_testament,Bible:1Cor.15.33,1 Cor. xv. 33
tertullian,wife,Phil,new_testament,Bible:Phil.3.19,Phil. iii. 19
tertullian,wife,1Cor,new_testament,Bible:1Cor.7.39,1 Cor. vii. 39
tertullian,wife,Ps,old_testament_or_other,Bible:Ps.69.23,Ps. lxix. 23
tertullian,wife,Rom,new_testament,Bible:Rom.14.13,Rom. xiv. 13
tertullian,wife,1Cor,new_testament,Bible:1Cor.7.6-1Cor.7.8,1 Cor. vii. 6–8
tertullian,wife,Rom,new_testament,Bible:Rom.7.1,Rom. vii. 1
tertullian,wife,1Cor,new_testament,Bible:1Cor.7.12-1Cor.7.14,"1 Cor. VII.
12–14"
tertullian,wife,1Cor,new_testament,Bible:1Cor.7.12-1Cor.7.14,1 Cor. vii. 12–14
tertullian,wife,Eph,new_testament,Bible:Eph.2.12 Bible:Eph.2.19,"Eph. ii. 12, 19"
tertullian,wife,1Cor,new_testament,Bible:1Cor.7.15-1Cor.7.16 Bible:Phil.3.8,"1 Cor. vii. 15, 16 and Phil. iii.
8"
tertullian,wife,1Cor,new_testament,Bible:1Cor.7.17,1 Cor. vii. 17
tertullian,wife,1Cor,new_testament,Bible:1Cor.7.7,1 Cor. vii. 7
tertullian,wife,Phil,new_testament,Bible:Phil.3.12,Phil. iii. 12
tertullian,wife,1Cor,new_testament,Bible:1Cor.7.14,1 Cor. vii. 14
tertullian,wife,Jude,new_testament,Bible:Jude.1.7,Jude 7
tertullian,wife,1Cor,new_testament,Bible:1Cor.5.11,1 Cor. v. 11
tertullian,wife,1Cor,new_testament,Bible:1Cor.3.16 Bible:1Cor.6.19,"1 Cor.
iii. 16, comp. vi. 19"
tertullian,wife,1Cor,new_testament,Bible:1Cor.6.15,1 Cor. vi. 15
tertullian,wife,1Cor,new_testament,Bible:1Cor.6.19-1Cor.6.20,"1 Cor. vi. 19, 20"
tertullian,wife,Acts,new_testament,Bible:Acts.20.28,Acts xx. 28
tertullian,wife,Matt,new_testament,Bible:Matt.6.24,Matt. vi. 24
tertullian,wife,Luke,new_testament,Bible:Luke.16.13,Luke xvi. 13
tertullian,wife,1Tim,new_testament,Bible:1Tim.5.10,1 Tim. v. 10
tertullian,wife,Matt,new_testament,Bible:Matt.6.1-Matt.6.4,Matt. vi. 1–4
tertullian,wife,Matt,new_testament,Bible:Matt.7.6,Matt. vii. 6
tertullian,wife,Mark,new_testament,Bible:Mark.6.27,Mark vi. 27
tertullian,wife,Luke,new_testament,Bible:Luke.1.38,Luke i. 38
tertullian,wife,1Cor,new_testament,Bible:1Cor.6.1,1 Cor. vi. 1
tertullian,wife,1Cor,new_testament,Bible:1Cor.6.2-1Cor.6.3,"1 Cor. vi. 2, 3"
tertullian,wife,Eph,new_testament,Bible:Eph.5.19,Eph. v. 19
tertullian,wife,Ps,old_testament_or_other,Bible:Ps.137.4,Ps. cxxxvii. 4
tertullian,wife,1Cor,new_testament,Bible:1Cor.7.16,1 Cor. vii. 16
tertullian,wife,1Pet,new_testament,Bible:1Pet.3.1,1 Pet. iii.  1
tertullian,wife,2Cor,new_testament,Bible:2Cor.12.12,2 Cor. xii. 12
tertullian,wife,Matt,new_testament,Bible:Matt.19.23-Matt.19.24 Bible:Mark.10.23-Mark.10.24 Bible:Luke.18.24-Luke.18.25 Bible:1Cor.1.26-1Cor.1.27,"Matt. xix. 23, 24; Mark x. 23, 24; Luke
xviii. 24, 25; 1 Cor. i. 26, 27"
tertullian,wife,Matt,new_testament,Bible:Matt.5.3,Matt. v. 3
tertullian,wife,Luke,new_testament,Bible:Luke.6.20,Luke vi. 20
tertullian,wife,Gen,old_testament_or_other,Bible:Gen.2.24 Bible:Matt.19.5 Bible:Mark.10.8 Bible:Eph.5.31,"Gen. ii. 24; Matt. xix. 5; Mark x. 8; Eph.
v. 31"
tertullian,wife,Col,new_testament,Bible:Col.3.16,Col. iii. 16
tertullian,wife,Eph,new_testament,Bible:Eph.5.19 Bible:Col.3.16,Eph. v. 19; Col. iii. 16
tertullian,wife,John,new_testament,Bible:John.14.27,John xiv. 27
tertullian,wife,Matt,new_testament,Bible:Matt.18.20,Matt. xviii. 20
tertullian,wife,1Cor,new_testament,Bible:1Cor.10.23,1 Cor. x. 23
tertullian,chastity,1Thess,new_testament,Bible:1Thess.4.3,1 Thess. iv. 3
tertullian,chastity,1Cor,new_testament,Bible:1Cor.11.7,1 Cor. xi. 7
tertullian,chastity,Lev,old_testament_or_other,Bible:Lev.11.44 Bible:1Pet.1.16,Lev. xi. 44; 1 Pet. i. 16
tertullian,chastity,1Cor,new_testament,Bible:1Cor.7.5,1 Cor. vii. 5
tertullian,chastity,Job,old_testament_or_other,Bible:Job.1.21,Job i. 21
tertullian,chastity,Matt,new_testament,Bible:Matt.10.29,Matt. x. 29
tertullian,chastity,1Cor,new_testament,Bible:1Cor.7,1 Cor. vii
tertullian,chastity,1Cor,new_testament,Bible:1Cor.7.8-1Cor.7.9,"1 Cor. vii. 8, 9"
tertullian,chastity,1Cor,new_testament,Bible:1Cor.7.27-1Cor.7.28,"1 Cor. vii. 27, 28"
tertullian,chastity,1Cor,new_testament,Bible:1Cor.7.25,ver. 25
tertullian,chastity,Gen,old_testament_or_other,Bible:Gen.2.21-Gen.2.22,"Gen. ii. 21, 22"
tertullian,chastity,Gen,old_testament_or_other,Bible:Gen.2.24,Gen. ii. 24
tertullian,chastity,Eph,new_testament,Bible:Eph.5.31,Eph. v. 31
tertullian,chastity,Gen,old_testament_or_other,Bible:Gen.4.18-Gen.4.19,"Gen. iv. 18, 19"
tertullian,chastity,Gen,old_testament_or_other,Bible:Gen.1.28,Gen. i. 28
tertullian,chastity,Matt,new_testament,Bible:Matt.3.10,Matt. iii. 10
tertullian,chastity,Exod,old_testament_or_other,Bible:Exod.21.24 Bible:Lev.24.20 Bible:Deut.19.21 Bible:Matt.5.38,"Ex. xxi. 24; Lev. xxiv. 20; Deut. xix. 21;
Matt. v. 38"
tertullian,chastity,Rom,new_testament,Bible:Rom.12.17 Bible:Matt.5.39 Bible:1Thess.5.16,"Rom. xii. 17; Matt. v. 39; 1 Thess. v.
16"
tertullian,chastity,Lev,old_testament_or_other,Bible:Lev.21.14,Lev. xxi. 14
tertullian,chastity,Matt,new_testament,Bible:Matt.5.17,Matt. v. 17
tertullian,chastity,1Tim,new_testament,Bible:1Tim.3.1-1Tim.3.2 Bible:Titus.1.5-Titus.1.6,"1 Tim. iii. 1, 2; Tit. i. 5, 6"
tertullian,chastity,Rev,new_testament,Bible:Rev.1.6,Rev. i. 6
tertullian,chastity,Hab,old_testament_or_other,Bible:Hab.2.4 Bible:Rom.1.17 Bible:Gal.3.11 Bible:Heb.10.38,"Hab. ii. 4; Rom. i. 17; Gal. iii. 11; Heb.
x. 38"
tertullian,chastity,Rom,new_testament,Bible:Rom.2.13 Bible:Eph.6.9 Bible:Col.3.25 Bible:1Pet.1.17 Bible:Deut.10.17,"Rom. ii. 13; Eph. vi. 9; Col. iii. 25; 1
Pet. i. 17; Deut. x. 17"
tertullian,chastity,Eph,new_testament,Bible:Eph.4.5-Eph.4.6,"Eph. iv. 5, 6"
tertullian,chastity,1Cor,new_testament,Bible:1Cor.10.23,1 Cor. x. 23
tertullian,chastity,1Cor,new_testament,Bible:1Cor.9.5,1 Cor. ix. 5
tertullian,chastity,1Cor,new_testament,Bible:1Cor.9.4 Bible:1Cor.9.9-1Cor.9.18,"vers. 4,
9–18"
tertullian,chastity,1Cor,new_testament,Bible:1Cor.7.32-1Cor.7.35,1 Cor. vii. 32–35
tertullian,chastity,Matt,new_testament,Bible:Matt.5.28,Matt. v. 28
tertullian,chastity,Luke,new_testament,Bible:Luke.19.15,Luke xix. 15
tertullian,chastity,1Tim,new_testament,Bible:1Tim.4.15,1 Tim. iv. 15
tertullian,chastity,Lev,old_testament_or_other,Bible:Lev.11.44-Lev.11.45 Bible:Lev.19.2 Bible:Lev.20.7,"Lev. xi. 44, 45; xix. 2; xx. 7"
tertullian,chastity,Ps,old_testament_or_other,Bible:Ps.18.25-Ps.18.26,"Ps. xviii. 25, 26"
tertullian,chastity,Eph,new_testament,Bible:Eph.4.1 Bible:Col.1.10 Bible:1Thess.2.12,"Eph. iv. 1; Col. i. 10; 1 Thess. ii.
12"
tertullian,chastity,Rom,new_testament,Bible:Rom.8.5-Rom.8.6,"Rom. viii. 5, 6"
tertullian,chastity,2Tim,new_testament,Bible:2Tim.2.3-2Tim.2.4 Bible:Heb.2.10,"2 Tim. ii. 3, 4; Heb. ii. 10"
tertullian,chastity,Ps,old_testament_or_other,Bible:Ps.39.12 Bible:Heb.11.13,"Ps.
xxxix. 12 (in LXX. xxxviii. 13, as in Vulg.) and Heb. xi.
13"
tertullian,chastity,Matt,new_testament,Bible:Matt.6.34 Bible:Jas.4.13-Jas.4.15,"Matt. vi. 34; Jas. iv.
13–15"
tertullian,chastity,Phil,new_testament,Bible:Phil.1.23,Phil. i. 23
tertullian,chastity,Matt,new_testament,Bible:Matt.22.29-Matt.22.30 Bible:Mark.12.24-Mark.12.25 Bible:Luke.20.34-Luke.20.36,"Matt. xxii. 29, 30; Mark xii. 24, 25; Luke
xx. 34–36"
tertullian,chastity,Matt,new_testament,Bible:Matt.19.20,"Matt. xix.
20"
tertullian,monogamy,Gal,new_testament,Bible:Gal.5.17,Gal. v. 17
tertullian,monogamy,Gen,old_testament_or_other,Bible:Gen.6.3,Gen. vi. 3
tertullian,monogamy,1Cor,new_testament,Bible:1Cor.11.2 Bible:2Thess.2.15 Bible:2Thess.3.6,"1 Cor. xi. 2; 2 Thess. ii. 15; iii.
6"
tertullian,monogamy,Matt,new_testament,Bible:Matt.11.30,Matt. xi. 30
tertullian,monogamy,John,new_testament,Bible:John.16.12-John.16.13,"John xvi. 12, 13"
tertullian,monogamy,John,new_testament,Bible:John.16.14,John xvi. 14
tertullian,monogamy,Matt,new_testament,Bible:Matt.19.12,Matt. xix. 12
tertullian,monogamy,1Cor,new_testament,Bible:1Cor.7.1 Bible:1Cor.7.7 Bible:1Cor.7.37 Bible:1Cor.7.40,"1 Cor. vii. 1, 7, 37, 40"
tertullian,monogamy,1Cor,new_testament,Bible:1Cor.7.29,1 Cor. vii. 29
tertullian,monogamy,1Cor,new_testament,Bible:1Cor.7.32-1Cor.7.34,1 Cor. vii. 32–34
tertullian,monogamy,1Cor,new_testament,Bible:1Cor.7.7,1 Cor. vii. 7
tertullian,monogamy,1John,new_testament,Bible:1John.2.6,1 John ii. 6
tertullian,monogamy,1John,new_testament,Bible:1John.3.3,1 John iii. 3
tertullian,monogamy,1Pet,new_testament,Bible:1Pet.1.15,1 Pet. i. 15
tertullian,monogamy,Eccl,old_testament_or_other,Bible:Eccl.3.1,Eccles. iii. 1
tertullian,monogamy,Rom,new_testament,Bible:Rom.8.26,Rom. viii. 26
tertullian,monogamy,Gen,old_testament_or_other,Bible:Gen.4.19-Gen.4.24,"Gen. iv.
19–24"
tertullian,monogamy,Gen,old_testament_or_other,Bible:Gen.7.7 Bible:1Pet.3.20,"Gen.
vii. 7 with 1 Pet. iii. 20"
tertullian,monogamy,Gen,old_testament_or_other,Bible:Gen.6.19-Gen.6.20,"Gen. vi. 19, 20"
tertullian,monogamy,Gen,old_testament_or_other,Bible:Gen.7.3,Gen. vii. 3
tertullian,monogamy,Matt,new_testament,Bible:Matt.19.6,Matt. xix. 6
tertullian,monogamy,Eph,new_testament,Bible:Eph.1.9-Eph.1.10,"Eph. i. 9, 10"
tertullian,monogamy,John,new_testament,Bible:John.1.1-John.1.14,John i. 1–14
tertullian,monogamy,1Cor,new_testament,Bible:1Cor.15.46,1 Cor. xv. 46
tertullian,monogamy,Matt,new_testament,Bible:Matt.23.9,Matt. xxiii. 9
tertullian,monogamy,1Cor,new_testament,Bible:1Cor.4.15,1 Cor. iv. 15
tertullian,monogamy,Gal,new_testament,Bible:Gal.3.7,Gal. iii. 7
tertullian,monogamy,Gen,old_testament_or_other,Bible:Gen.16 Bible:Gen.17,Gen. xvi. with Gen. xvii
tertullian,monogamy,Gal,new_testament,Bible:Gal.3 Bible:Gal.4 Bible:Rom.4,"Gal.
iii. iv. and comp. Rom. iv"
tertullian,monogamy,Gen,old_testament_or_other,Bible:Gen.17.5,Gen. xvii. 5
tertullian,monogamy,Rom,new_testament,Bible:Rom.4.11-Rom.4.12 Bible:Gal.3.7 Bible:Matt.3.9 Bible:John.8.39,"Rom. iv. 11, 12, Gal. iii. 7; and comp. Matt.
iii. 9; John viii. 39"
tertullian,monogamy,Gal,new_testament,Bible:Gal.4.21-Gal.4.31,Gal. iv. 21–31
tertullian,monogamy,Gal,new_testament,Bible:Gal.4.28 Bible:Gal.4.31,"vers. 28,
31"
tertullian,monogamy,Ps,old_testament_or_other,Bible:Ps.37.27 Bible:1Pet.3.11 Bible:3John.1.11,"Ps. xxxvii. 27 (in LXX. xxxvi. 27); 1 Pet. iii. 11;
3 John 11"
tertullian,monogamy,Num,old_testament_or_other,Bible:Num.12.6-Num.12.8 Bible:Deut.34.10,"Num. xii.
6–8; Deut. xxxiv. 10"
tertullian,monogamy,Matt,new_testament,Bible:Matt.5.17,Matt. v. 17
tertullian,monogamy,Acts,new_testament,Bible:Acts.15.10,Acts xv. 10
tertullian,monogamy,Matt,new_testament,Bible:Matt.5.20,Matt. v. 20
tertullian,monogamy,Deut,old_testament_or_other,Bible:Deut.25.5-Deut.25.6,"Deut. xxv. 5, 6"
tertullian,monogamy,Matt,new_testament,Bible:Matt.22.23-Matt.22.33 Bible:Mark.12.18-Mark.12.27 Bible:Luke.20.26-Luke.20.38,"Matt. xxii. 23–33; Mark xii.
18–27; Luke xx. 26–38"
tertullian,monogamy,Gen,old_testament_or_other,Bible:Gen.1.28,Gen. i. 28
tertullian,monogamy,Exod,old_testament_or_other,Bible:Exod.20.5,Ex. xx. 5
tertullian,monogamy,Jer,old_testament_or_other,Bible:Jer.31.29-Jer.31.30 Bible:Ezek.18.1-Ezek.18.4,"Jer. xxxi. 29, 30 (in LXX. xxxviii. 29, 30);
Ezek. xviii. 1–4"
tertullian,monogamy,Matt,new_testament,Bible:Matt.23.8,Matt. xxiii. 8
tertullian,monogamy,1Cor,new_testament,Bible:1Cor.7.39,1 Cor. vii. 39
tertullian,monogamy,Lev,old_testament_or_other,Bible:Lev.20.21,Lev. xx. 21
tertullian,monogamy,Lev,old_testament_or_other,Bible:Lev.22.13,Lev. xxii. 13
tertullian,monogamy,Exod,old_testament_or_other,Bible:Exod.20.12,Ex. xx. 12
tertullian,monogamy,Rev,new_testament,Bible:Rev.3.18,"Rev. iii.
18"
tertullian,monogamy,Gal,new_testament,Bible:Gal.3.27,Gal. iii. 27
tertullian,monogamy,Rev,new_testament,Bible:Rev.1.6,Rev. i. 6
tertullian,monogamy,Matt,new_testament,Bible:Matt.8.21-Matt.8.22 Bible:Luke.9.59-Luke.9.60,"Matt. viii. 21, 22; Luke ix. 59,
60"
tertullian,monogamy,Lev,old_testament_or_other,Bible:Lev.21.11,Lev. xxi. 11
tertullian,monogamy,Matt,new_testament,Bible:Matt.11.9 Bible:Luke.7.26,Matt. xi. 9; Luke vii. 26
tertullian,monogamy,Mark,new_testament,Bible:Mark.1.29-Mark.1.30,"Mark i. 29, 30"
tertullian,monogamy,Matt,new_testament,Bible:Matt.16.13-Matt.16.19,Matt. xvi. 13–19
tertullian,monogamy,1Cor,new_testament,Bible:1Cor.9.1-1Cor.9.5,1 Cor. ix. 1–5
tertullian,monogamy,Luke,new_testament,Bible:Luke.8.1-Luke.8.3 Bible:Matt.27.55-Matt.27.56,"Luke viii. 1–3; Matt. xxvii. 55,
56"
tertullian,monogamy,Matt,new_testament,Bible:Matt.23.1-Matt.23.3,Matt. xxiii. 1–3
tertullian,monogamy,Matt,new_testament,Bible:Matt.18.1-Matt.18.4 Bible:Matt.19.13-Matt.19.15 Bible:Mark.10.13-Mark.10.15,"Matt. xviii. 1–4; xix. 13–15;
Mark x. 13–15"
tertullian,monogamy,John,new_testament,Bible:John.4.16-John.4.18,John iv. 16–18
tertullian,monogamy,Matt,new_testament,Bible:Matt.17.1-Matt.17.8 Bible:Mark.9.2-Mark.9.9 Bible:Luke.9.28-Luke.9.36,"Matt. xvii. 1–8; Mark ix. 2–9;
Luke ix. 28–36"
tertullian,monogamy,Luke,new_testament,Bible:Luke.1.17,Luke i. 17
tertullian,monogamy,Matt,new_testament,Bible:Matt.11.19 Bible:Luke.7.34,Matt. xi. 19; Luke vii. 34
tertullian,monogamy,John,new_testament,Bible:John.2.1-John.2.11,John ii. 1–11
tertullian,monogamy,Matt,new_testament,Bible:Matt.19.3-Matt.19.8,Matt. xix. 3–8
tertullian,monogamy,Matt,new_testament,Bible:Matt.10.29,Matt. x. 29
tertullian,monogamy,Matt,new_testament,Bible:Matt.5.32,Matt. v. 32
tertullian,monogamy,Gen,old_testament_or_other,Bible:Gen.2.23,Gen. ii. 23
tertullian,monogamy,Rom,new_testament,Bible:Rom.7.1-Rom.7.3,Rom. vii. 1–3
tertullian,monogamy,Matt,new_testament,Bible:Matt.19.8 Bible:Mark.10.5,Matt. xix. 8; Mark x. 5
tertullian,monogamy,Matt,new_testament,Bible:Matt.22.30 Bible:Mark.12.25 Bible:Luke.20.35-Luke.20.36,"Matt. xxii. 30; Mark xii. 25; Luke xx. 35,
36"
tertullian,monogamy,1Cor,new_testament,Bible:1Cor.3.8,1 Cor. iii. 8
tertullian,monogamy,John,new_testament,Bible:John.14.2,John xiv. 2
tertullian,monogamy,Matt,new_testament,Bible:Matt.20.1-Matt.20.16,Matt. xx. 1–16
tertullian,monogamy,Matt,new_testament,Bible:Matt.5.42 Bible:Luke.6.30,Matt. v. 42; Luke vi. 30
tertullian,monogamy,1Cor,new_testament,Bible:1Cor.3.2 Bible:Heb.5.11-Heb.5.14,"1
Cor. iii. 2 with Heb. v. 11–14"
tertullian,monogamy,1Cor,new_testament,Bible:1Cor.7.1-1Cor.7.2,"1 Cor. vii. 1, 2"
tertullian,monogamy,1Tim,new_testament,Bible:1Tim.3.1-1Tim.3.7 Bible:Titus.1.6-Titus.1.9,"1 Tim. iii. 1–7; Tit. i.
6–9"
tertullian,monogamy,1Tim,new_testament,Bible:1Tim.5.14,1 Tim. v. 14
tertullian,monogamy,Rom,new_testament,Bible:Rom.7.2-Rom.7.3,"Rom. vii. 2, 3"
tertullian,monogamy,Rom,new_testament,Bible:Rom.7.6,"Rom.
vii. 6"
tertullian,monogamy,Eph,new_testament,Bible:Eph.1.23,Eph. i. 23
tertullian,monogamy,Acts,new_testament,Bible:Acts.16.3 Bible:Gal.3 Bible:Gal.4,"Acts
xvi. 3; see Gal. iii. iv"
tertullian,monogamy,Acts,new_testament,Bible:Acts.21.20-Acts.21.26,Acts xxi. 20–26
tertullian,monogamy,Gal,new_testament,Bible:Gal.3 Bible:Gal.4,"Gal. iii.
iv"
tertullian,monogamy,1Cor,new_testament,Bible:1Cor.9.22,1 Cor. ix. 22
tertullian,monogamy,Gal,new_testament,Bible:Gal.4.19,Gal. iv. 19
tertullian,monogamy,Matt,new_testament,Bible:Matt.26.41,Matt. xxvi. 41
tertullian,monogamy,Matt,new_testament,Bible:Matt.19.16-Matt.19.26 Bible:Mark.10.17-Mark.10.27 Bible:Luke.18.18-Luke.18.27,"Matt. xix. 16–26; Mark x.
17–27; Luke xviii. 18–27"
tertullian,monogamy,Deut,old_testament_or_other,Bible:Deut.30.1 Bible:Deut.30.15 Bible:Deut.30.19 Bible:Deut.11.26,"Deut. xxx. 1, 15, 19, and xi. 26"
tertullian,monogamy,1Tim,new_testament,Bible:1Tim.4.1-1Tim.4.3,1 Tim. iv. 1–3
tertullian,monogamy,Matt,new_testament,Bible:Matt.24.13,Matt. xxiv. 13
tertullian,monogamy,Matt,new_testament,Bible:Matt.6.25-Matt.6.34,Matt. vi. 25–34
tertullian,monogamy,1Cor,new_testament,Bible:1Cor.15.32,1 Cor. xv. 32
tertullian,monogamy,Matt,new_testament,Bible:Matt.24.19 Bible:Luke.21.23,Matt. xxiv. 19; Luke xxi. 23
tertullian,monogamy,Hag,old_testament_or_other,Bible:Hag.2.6-Hag.2.7 Bible:Heb.12.26-Heb.12.27,"Hag. ii. 6, 7; Heb. xii. 26,
27"
tertullian,monogamy,Exod,old_testament_or_other,Bible:Exod.1.8-Exod.1.16,Ex. i. 8–16
tertullian,monogamy,Rom,new_testament,Bible:Rom.13.14 Bible:Gal.3.27,Rom. xiii. 14; Gal. iii. 27
tertullian,monogamy,1Cor,new_testament,Bible:1Cor.15.22,1 Cor. xv. 22
tertullian,monogamy,Rom,new_testament,Bible:Rom.6.3,Rom. vi. 3
tertullian,monogamy,1Cor,new_testament,Bible:1Cor.9.5,1 Cor. ix. 5
tertullian,modesty,2Tim,new_testament,Bible:2Tim.3.1-2Tim.3.5 Bible:Matt.24.12,"2 Tim. iii. 1–5; Matt. xxiv.
12"
tertullian,modesty,Titus,new_testament,Bible:Titus.3.5,Tit. iii. 5
tertullian,modesty,Matt,new_testament,Bible:Matt.25.46,Matt. xxv. 46
tertullian,modesty,Matt,new_testament,Bible:Matt.21.13 Bible:Mark.11.17 Bible:Luke.19.46 Bible:Jer.7.11,"Matt. xxi. 13; Mark xi. 17; Luke xix. 46;
Jer. vii. 11"
tertullian,modesty,Luke,new_testament,Bible:Luke.2.52,Luke ii. 52
tertullian,modesty,1Cor,new_testament,Bible:1Cor.13.11,1 Cor. xiii. 11
tertullian,modesty,Gal,new_testament,Bible:Gal.1.14 Bible:2Thess.2.15,Gal. i. 14 with 2 Thess. ii. 15
tertullian,modesty,Gal,new_testament,Bible:Gal.5.12,Gal. v. 12
tertullian,modesty,1Cor,new_testament,Bible:1Cor.7.9,1 Cor. vii. 9
tertullian,modesty,Matt,new_testament,Bible:Matt.19.17 Bible:Mark.10.18 Bible:Luke.18.19,"Matt. xix. 17; Mark x. 18; Luke xviii.
19"
tertullian,modesty,Exod,old_testament_or_other,Bible:Exod.34.6-Exod.34.7,"Ex. xxxiv. 6, 7"
tertullian,modesty,Hos,old_testament_or_other,Bible:Hos.6.6 Bible:Mic.6.8 Bible:Matt.9.13 Bible:Matt.12.7,"Hos. vi. 6; Mic. vi. 8; Matt. ix. 13; xii.
7"
tertullian,modesty,Ezek,old_testament_or_other,Bible:Ezek.18.23 Bible:Ezek.18.32 Bible:Ezek.33.11,"Ezek. xviii. 23, 32; xxxiii.
11"
tertullian,modesty,1Tim,new_testament,Bible:1Tim.4.10,1 Tim. iv. 10
tertullian,modesty,1John,new_testament,Bible:1John.3.1-1John.3.2,"1 John iii. 1, 2"
tertullian,modesty,Luke,new_testament,Bible:Luke.6.36,Luke vi. 36
tertullian,modesty,Matt,new_testament,Bible:Matt.5.9,Matt. v. 9
tertullian,modesty,Matt,new_testament,Bible:Matt.10.8,Matt. x. 8
tertullian,modesty,Eph,new_testament,Bible:Eph.4.32,Eph. iv. 32
tertullian,modesty,Matt,new_testament,Bible:Matt.7.1 Bible:Luke.6.37,Matt. vii. 1; Luke vi. 37
tertullian,modesty,Rom,new_testament,Bible:Rom.14.4,Rom. xiv. 4
tertullian,modesty,Luke,new_testament,Bible:Luke.6.37,Luke vi. 37
tertullian,modesty,Rom,new_testament,Bible:Rom.11.22,Rom. xi. 22
tertullian,modesty,Isa,old_testament_or_other,Bible:Isa.45.21 Bible:Rom.3.26,Isa. xlv. 21; Rom. iii. 26
tertullian,modesty,Job,old_testament_or_other,Bible:Job.5.18 Bible:Deut.32.39,Job v. 18; Deut. xxxii. 39
tertullian,modesty,Isa,old_testament_or_other,Bible:Isa.45.7,Isa. xlv. 7
tertullian,modesty,Jer,old_testament_or_other,Bible:Jer.14.11-Jer.14.12 Bible:Jer.7.16 Bible:Jer.11.14,"Jer. xiv. 11, 12; vii. 16; xi.
14"
tertullian,modesty,Jer,old_testament_or_other,Bible:Jer.11.14,Jer. xi. 14
tertullian,modesty,Jer,old_testament_or_other,Bible:Jer.7.16,Jer. vii. 16
tertullian,modesty,Exod,old_testament_or_other,Bible:Exod.20.5 Bible:Exod.34.14 Bible:Deut.4.24 Bible:Deut.5.9 Bible:Deut.6.15 Bible:Josh.24.19 Bible:Nah.1.2,"Ex. xx. 5; xxxiv. 14; Deut. iv. 24; v. 9;
vi. 15; Josh. xxiv. 19; Nahum i. 2"
tertullian,modesty,Gal,new_testament,Bible:Gal.6.7,Gal. vi. 7
tertullian,modesty,Rom,new_testament,Bible:Rom.15.5 Bible:Ps.7.12,Rom. xv. 5; Ps. vii. 12
tertullian,modesty,Isa,old_testament_or_other,Bible:Isa.42.14,Isa. xlii. 14
tertullian,modesty,Ps,old_testament_or_other,Bible:Ps.97.3,Ps. xcvii. 3
tertullian,modesty,Matt,new_testament,Bible:Matt.10.28 Bible:Luke.12.4-Luke.12.5,"Matt. x. 28; Luke xii. 4, 5"
tertullian,modesty,Matt,new_testament,Bible:Matt.7.2 Bible:Luke.6.37,Matt. vii. 2; Luke vi. 37
tertullian,modesty,1Cor,new_testament,Bible:1Cor.5.1,"1 Cor. v.
1"
tertullian,modesty,1Cor,new_testament,Bible:1Cor.5.5,1 Cor. v. 5
tertullian,modesty,1Cor,new_testament,Bible:1Cor.6.1-1Cor.6.6 Bible:1Cor.5.12,1 Cor. vi. 1–6; v. 12
tertullian,modesty,Luke,new_testament,Bible:Luke.11.4,Luke xi. 4
tertullian,modesty,John,new_testament,Bible:John.20.23,John xx. 23
tertullian,modesty,1John,new_testament,Bible:1John.5.16,1 John v. 16
tertullian,modesty,Job,old_testament_or_other,Bible:Job.32.21 Bible:Lev.19.15,Job xxxii. 21; Lev. xix. 15
tertullian,modesty,Isa,old_testament_or_other,Bible:Isa.43.18,Isa. xliii. 18
tertullian,modesty,Luke,new_testament,Bible:Luke.9.62,Luke ix. 62
tertullian,modesty,Rev,new_testament,Bible:Rev.21.4,Rev. xxi. 4
tertullian,modesty,Isa,old_testament_or_other,Bible:Isa.42.9,Isa. xlii. 9
tertullian,modesty,Jer,old_testament_or_other,Bible:Jer.4.3,Jer. iv. 3
tertullian,modesty,Phil,new_testament,Bible:Phil.3.13,Phil. iii. 13
tertullian,modesty,Matt,new_testament,Bible:Matt.11.13 Bible:Luke.16.16,Matt. xi. 13; Luke xvi. 16
tertullian,modesty,Matt,new_testament,Bible:Matt.5.17,Matt. v. 17
tertullian,modesty,Acts,new_testament,Bible:Acts.15.10,Acts xv. 10
tertullian,modesty,Gal,new_testament,Bible:Gal.2.4 Bible:Gal.5.1 Bible:Gal.5.13,"Gal. ii. 4; v. 1, 13"
tertullian,modesty,Ps,old_testament_or_other,Bible:Ps.1.1,Ps. i. 1
tertullian,modesty,Ps,old_testament_or_other,Bible:Ps.19.7,Ps. xix. 7
tertullian,modesty,Rom,new_testament,Bible:Rom.7.12,Rom. vii. 12
tertullian,modesty,Rom,new_testament,Bible:Rom.3.31,Rom. iii. 31
tertullian,modesty,Matt,new_testament,Bible:Matt.5.27-Matt.5.28,"Matt. v. 27, 28"
tertullian,modesty,Matt,new_testament,Bible:Matt.5.21-Matt.5.22,"Matt. v. 21, 22"
tertullian,modesty,1Kgs,old_testament_or_other,Bible:1Kgs.21,1 Kings xxi
tertullian,modesty,2Sam,old_testament_or_other,Bible:2Sam.11 Bible:2Sam.12.1-2Sam.12.13,2 Sam. xi.; xii. 1–13
tertullian,modesty,Gen,old_testament_or_other,Bible:Gen.19.30-Gen.19.38,Gen. xix. 30–38
tertullian,modesty,Gen,old_testament_or_other,Bible:Gen.38,Gen. xxxviii
tertullian,modesty,Hos,old_testament_or_other,Bible:Hos.1.2-Hos.1.3 Bible:Hos.3.1-Hos.3.3,"Hos. i. 2, 3; iii. 1–3"
tertullian,modesty,Num,old_testament_or_other,Bible:Num.25.1-Num.25.9 Bible:1Cor.10.8,"Num. xxv. 1–9; 1 Cor. x.
8"
tertullian,modesty,Gen,old_testament_or_other,Bible:Gen.3.6 Bible:1John.2.16,"Gen.
iii. 6; and comp. 1 John ii. 16"
tertullian,modesty,Gen,old_testament_or_other,Bible:Gen.3.7,Gen. iii. 7
tertullian,modesty,John,new_testament,Bible:John.1.14,John i. 14
tertullian,modesty,2Cor,new_testament,Bible:2Cor.5.17,2 Cor. v. 17
tertullian,modesty,1Cor,new_testament,Bible:1Cor.12.27,1 Cor. xii. 27
tertullian,modesty,1Cor,new_testament,Bible:1Cor.12.27 Bible:1Cor.6.15,<i>Ib</i>. and vi. 15
tertullian,modesty,1Cor,new_testament,Bible:1Cor.3.16 Bible:1Cor.6.19,1 Cor. iii. 16; vi. 19
tertullian,modesty,Gal,new_testament,Bible:Gal.3.27,Gal. iii. 27
tertullian,modesty,1Cor,new_testament,Bible:1Cor.6.20,1 Cor. vi. 20
tertullian,modesty,Luke,new_testament,Bible:Luke.15.3-Luke.15.7,Luke xv. 3–7
tertullian,modesty,John,new_testament,Bible:John.10.27,John x. 27
tertullian,modesty,Acts,new_testament,Bible:Acts.20.28,Acts xx. 28
tertullian,modesty,John,new_testament,Bible:John.10.11,John x. 11
tertullian,modesty,Rom,new_testament,Bible:Rom.3.29,Rom. iii. 29
tertullian,modesty,Luke,new_testament,Bible:Luke.15.8-Luke.15.10,Luke xv. 8–10
tertullian,modesty,Ps,old_testament_or_other,Bible:Ps.119.105,Ps. cxix. 105
tertullian,modesty,1John,new_testament,Bible:1John.1.5-1John.1.7 Bible:1John.2.8,1 John i. 5–7; ii. 8
tertullian,modesty,Rom,new_testament,Bible:Rom.13.12-Rom.13.13 Bible:1Thess.5.4-1Thess.5.5,"Rom. xiii. 12, 13; 1 Thess. v. 4,
5"
tertullian,modesty,Ezek,old_testament_or_other,Bible:Ezek.34.1-Ezek.34.4,Ezek. xxxiv. 1–4
tertullian,modesty,Exod,old_testament_or_other,Bible:Exod.4.22 Bible:Rom.9.4,Ex. iv. 22; Rom. ix. 4
tertullian,modesty,Isa,old_testament_or_other,Bible:Isa.6.9,Isa. vi. 9
tertullian,modesty,Isa,old_testament_or_other,Bible:Isa.29.21,Isa. xxix. 21
tertullian,modesty,Jer,old_testament_or_other,Bible:Jer.20.7-Jer.20.8,"Jer. xx. 7, 8"
tertullian,modesty,Isa,old_testament_or_other,Bible:Isa.1.2-Isa.1.4,Isa. i. 2–4
tertullian,modesty,Ps,old_testament_or_other,Bible:Ps.78.30-Ps.78.31,"Ps. lxxviii. 30, 31"
tertullian,modesty,1Cor,new_testament,Bible:1Cor.2.6,1 Cor. ii. 6
tertullian,modesty,Rom,new_testament,Bible:Rom.12.6,Rom. xii. 6
tertullian,modesty,Rom,new_testament,Bible:Rom.9.10-Rom.9.13 Bible:Gen.25.21-Gen.25.24,"Rom. ix. 10–13; Gen. xxv.
21–24"
tertullian,modesty,Rom,new_testament,Bible:Rom.11.11-Rom.11.36,Rom. xi. 11–36
tertullian,modesty,Deut,old_testament_or_other,Bible:Deut.23.19,Deut. xxiii. 19
tertullian,modesty,Ps,old_testament_or_other,Bible:Ps.144.7 Bible:Ps.144.11,"Ps. cxliv. 7, 11"
tertullian,modesty,Hos,old_testament_or_other,Bible:Hos.5.7,Hos. v. 7
tertullian,modesty,Luke,new_testament,Bible:Luke.15.1-Luke.15.2 Bible:Matt.9.10-Matt.9.11 Bible:Matt.11.19 Bible:Mark.2.15-Mark.2.16 Bible:Luke.5.29-Luke.5.30,"Luke xv. 1, 2; Matt. ix. 10, 11; xi. 19;
Mark ii. 15, 16; Luke v. 29, 30"
tertullian,modesty,Acts,new_testament,Bible:Acts.10.28 Bible:Acts.11.3,Acts x. 28; xi. 3
tertullian,modesty,1Cor,new_testament,Bible:1Cor.2.8 Bible:2Cor.4.4,"1 Cor. ii. 8; 2 Cor. iv.
4"
tertullian,modesty,Luke,new_testament,Bible:Luke.15.23,Luke xv. 23
tertullian,modesty,Heb,new_testament,Bible:Heb.6.6,Heb. vi. 6
tertullian,modesty,Matt,new_testament,Bible:Matt.22.11-Matt.22.14,Matt. xxii. 11–14
tertullian,modesty,Matt,new_testament,Bible:Matt.18.11,Matt. xviii. 11
tertullian,modesty,Matt,new_testament,Bible:Matt.9.12 Bible:Mark.9.17 Bible:Luke.5.21,"Matt. ix. 12; Mark ix. 17; Luke v.
21"
tertullian,modesty,1Cor,new_testament,Bible:1Cor.1.21,1 Cor. i. 21
tertullian,modesty,Amos,old_testament_or_other,Bible:Amos.8.11,Amos viii. 11
tertullian,modesty,Matt,new_testament,Bible:Matt.8.30-Matt.8.34 Bible:Mark.5.11-Mark.5.14 Bible:Luke.8.32-Luke.8.33,"Matt. viii. 30–34; Mark v.
11–14; Luke viii. 32, 33"
tertullian,modesty,1Pet,new_testament,Bible:1Pet.3.21,1 Pet. iii. 21
tertullian,modesty,Jonah,old_testament_or_other,Bible:Jonah.1 Bible:Jonah.4,"Jonah i.
iv"
tertullian,modesty,Luke,new_testament,Bible:Luke.1.76,Luke i. 76
tertullian,modesty,Luke,new_testament,Bible:Luke.3.8 Bible:Luke.3.12 Bible:Luke.3.14,"Luke iii. 8, 12, 14"
tertullian,modesty,Matt,new_testament,Bible:Matt.11.21 Bible:Luke.10.13,Matt. xi. 21; Luke x. 13
tertullian,modesty,Luke,new_testament,Bible:Luke.6.35,Luke vi. 35
tertullian,modesty,John,new_testament,Bible:John.4.1-John.4.25,John iv. 1–25
tertullian,modesty,Matt,new_testament,Bible:Matt.26.28 Bible:Mark.14.24 Bible:Luke.22.21 Bible:Heb.9.11-Heb.9.20,"Matt. xxvi. 28, Mark xiv. 24, Luke xxii. 21,
with Heb. ix. 11–20"
tertullian,modesty,Acts,new_testament,Bible:Acts.15.28-Acts.15.29,"Acts xv. 28, 29"
tertullian,modesty,Acts,new_testament,Bible:Acts.15.30 Bible:Acts.16.4,"Acts xv.
30 and xvi. 4"
tertullian,modesty,2Cor,new_testament,Bible:2Cor.2.5-2Cor.2.11,2 Cor. ii. 5–11
tertullian,modesty,Gen,old_testament_or_other,Bible:Gen.49.4,Gen. xlix. 4
tertullian,modesty,Matt,new_testament,Bible:Matt.25.32-Matt.25.33,"Matt. xxv. 32, 33"
tertullian,modesty,2Thess,new_testament,Bible:2Thess.3.14-2Thess.3.15,"2 Thess. iii. 14, 15"
tertullian,modesty,1Cor,new_testament,Bible:1Cor.5.2,1 Cor. v. 2
tertullian,modesty,1Tim,new_testament,Bible:1Tim.1.20,1 Tim. i. 20
tertullian,modesty,2Cor,new_testament,Bible:2Cor.12.7-2Cor.12.10,2 Cor. xii. 7–10
tertullian,modesty,2Cor,new_testament,Bible:2Cor.12.9,2 Cor. xii. 9
tertullian,modesty,Matt,new_testament,Bible:Matt.12.32,Matt. xii. 32
tertullian,modesty,1Tim,new_testament,Bible:1Tim.1.19,1 Tim. i. 19
tertullian,modesty,1Cor,new_testament,Bible:1Cor.5.6,1 Cor. v. 6
tertullian,modesty,2Thess,new_testament,Bible:2Thess.3.6 Bible:2Thess.3.11,"2 Thess. iii. 6, 11"
tertullian,modesty,1Cor,new_testament,Bible:1Cor.1.14-1Cor.1.15,"1 Cor. i. 14, 15"
tertullian,modesty,1Cor,new_testament,Bible:1Cor.2.2,1 Cor. ii. 2
tertullian,modesty,1Cor,new_testament,Bible:1Cor.9.1,1 Cor. ix. 1
tertullian,modesty,1Cor,new_testament,Bible:1Cor.9.15,1 Cor. ix. 15
tertullian,modesty,1Cor,new_testament,Bible:1Cor.6.3,1 Cor. vi. 3
tertullian,modesty,1Cor,new_testament,Bible:1Cor.4.8,1 Cor. iv. 8
tertullian,modesty,1Cor,new_testament,Bible:1Cor.8.2,1 Cor. viii. 2
tertullian,modesty,2Cor,new_testament,Bible:2Cor.11.20,2 Cor. xi. 20
tertullian,modesty,1Cor,new_testament,Bible:1Cor.4.7,1 Cor. iv. 7
tertullian,modesty,Acts,new_testament,Bible:Acts.23.2,Acts xxiii. 2
tertullian,modesty,1Cor,new_testament,Bible:1Cor.8.7 Bible:1Cor.8.12,"1 Cor. viii. 7, 12"
tertullian,modesty,Gal,new_testament,Bible:Gal.2.18,Gal. ii. 18
tertullian,modesty,2Cor,new_testament,Bible:2Cor.10.9,2 Cor. x. 9
tertullian,modesty,Rom,new_testament,Bible:Rom.1.1,Rom. i. 1
tertullian,modesty,1Tim,new_testament,Bible:1Tim.2.7,1 Tim. ii. 7
tertullian,modesty,Acts,new_testament,Bible:Acts.9.15,Acts ix. 15
tertullian,modesty,Dan,old_testament_or_other,Bible:Dan.2.8,Dan. ii. 8
tertullian,modesty,1Cor,new_testament,Bible:1Cor.5.3,1 Cor. v. 3
tertullian,modesty,Rev,new_testament,Bible:Rev.1.20 Bible:Rev.2.1 Bible:Rev.2.8 Bible:Rev.2.12 Bible:Rev.2.18 Bible:Rev.3.1 Bible:Rev.3.7 Bible:Rev.3.14,"Rev. i. 20; ii. 1, 8, 12, 18; iii. 1, 7,
14"
tertullian,modesty,2Cor,new_testament,Bible:2Cor.4.1-2Cor.4.2,"2 Cor. iv. 1, 2"
tertullian,modesty,2Cor,new_testament,Bible:2Cor.6.5-2Cor.6.6,"<i>Ib</i>.
vi. 5, 6"
tertullian,modesty,2Cor,new_testament,Bible:2Cor.6.16-2Cor.6.18,2 Cor. vi. 16–18
tertullian,modesty,2Cor,new_testament,Bible:2Cor.7.1,2 Cor. vii. 1
tertullian,modesty,2Cor,new_testament,Bible:2Cor.12.21,2 Cor. xii. 21
tertullian,modesty,1Cor,new_testament,Bible:1Cor.3.16,1 Cor. iii. 16
tertullian,modesty,1Cor,new_testament,Bible:1Cor.3.17,"Ver.
17"
tertullian,modesty,1Cor,new_testament,Bible:1Cor.3.18,"Ver.
18"
tertullian,modesty,1Cor,new_testament,Bible:1Cor.6.9-1Cor.6.10,"1 Cor. vi. 9, 10"
tertullian,modesty,1Cor,new_testament,Bible:1Cor.6.11,"Ver.
11"
tertullian,modesty,1Cor,new_testament,Bible:1Cor.6.13,"Ver.
13"
tertullian,modesty,Gen,old_testament_or_other,Bible:Gen.1.26-Gen.1.27,"Gen. i. 26, 27"
tertullian,modesty,1Cor,new_testament,Bible:1Cor.6.14,1 Cor. vi. 14
tertullian,modesty,John,new_testament,Bible:John.2.19,John ii. 19
tertullian,modesty,1Cor,new_testament,Bible:1Cor.6.15-1Cor.6.17,1 Cor. vi. 15–17
tertullian,modesty,1Cor,new_testament,Bible:1Cor.6.18,1 Cor. vi. 18
tertullian,modesty,1Pet,new_testament,Bible:1Pet.1.19,1 Pet. i. 19
tertullian,modesty,1Cor,new_testament,Bible:1Cor.6.19-1Cor.6.20,"1 Cor. vi. 19, 20"
tertullian,modesty,1Cor,new_testament,Bible:1Cor.7.1-1Cor.7.3,1 Cor. vii. 1–3
tertullian,modesty,1Cor,new_testament,Bible:1Cor.7.6,"<i>Ib</i>.,
ver. 6"
tertullian,modesty,1Cor,new_testament,Bible:1Cor.7.8-1Cor.7.9,"1 Cor. vii. 8, 9"
tertullian,modesty,Matt,new_testament,Bible:Matt.5.32,Matt. v. 32
tertullian,modesty,1Cor,new_testament,Bible:1Cor.7.26-1Cor.7.28,1 Cor. vii. 26–28
tertullian,modesty,1Cor,new_testament,Bible:1Cor.7.32-1Cor.7.33,"Vers. 32,
33"
tertullian,modesty,1Cor,new_testament,Bible:1Cor.7.38,1 Cor. vii. 38
tertullian,modesty,1Cor,new_testament,Bible:1Cor.7.39-1Cor.7.40,"Vers. 39,
40"
tertullian,modesty,1Cor,new_testament,Bible:1Cor.7.40,"Ver.
40"
tertullian,modesty,1Thess,new_testament,Bible:1Thess.2.3,1 Thess. ii. 3
tertullian,modesty,1Thess,new_testament,Bible:1Thess.4.3-1Thess.4.5,1 Thess. iv. 3–5
tertullian,modesty,Gal,new_testament,Bible:Gal.5.19-Gal.5.21,Gal. v. 19–21
tertullian,modesty,Rom,new_testament,Bible:Rom.6.1-Rom.6.11,Rom. vi. 1–11
tertullian,modesty,Rom,new_testament,Bible:Rom.6.12,"Ver.
12"
tertullian,modesty,Rom,new_testament,Bible:Rom.7.18,Rom. vii. 18
tertullian,modesty,2Cor,new_testament,Bible:2Cor.3.6,"2
Cor. iii. 6"
tertullian,modesty,Rom,new_testament,Bible:Rom.8.2,Rom. viii. 2
tertullian,modesty,Rom,new_testament,Bible:Rom.8.3-Rom.8.5,Rom. viii. 3–5
tertullian,modesty,Rom,new_testament,Bible:Rom.8.6,"Ver.
6"
tertullian,modesty,Rom,new_testament,Bible:Rom.8.7,"Ver.
7"
tertullian,modesty,Rom,new_testament,Bible:Rom.8.8,"Ver.
8"
tertullian,modesty,Rom,new_testament,Bible:Rom.8.12,"Ver.
12"
tertullian,modesty,Eph,new_testament,Bible:Eph.5.12,Eph. v. 12
tertullian,modesty,Gal,new_testament,Bible:Gal.5.19-Gal.5.21,"Gal. v.
19–21"
tertullian,modesty,Eph,new_testament,Bible:Eph.2.3,Eph. ii. 3
tertullian,modesty,Eph,new_testament,Bible:Eph.4.17-Eph.4.20,Eph. iv. 17–20
tertullian,modesty,Eph,new_testament,Bible:Eph.4.28,"Ver.
28"
tertullian,modesty,Eph,new_testament,Bible:Eph.4.29,"Ver.
29"
tertullian,modesty,Eph,new_testament,Bible:Eph.5.3,Eph. v. 3
tertullian,modesty,Eph,new_testament,Bible:Eph.5.5-Eph.5.6,"Vers. 5,
6"
tertullian,modesty,Eph,new_testament,Bible:Eph.5.18,Ver. 18
tertullian,modesty,Col,new_testament,Bible:Col.3.5 Bible:Col.3.8,"Col. iii. 5, 8"
tertullian,modesty,Acts,new_testament,Bible:Acts.16.1-Acts.16.3 Bible:Gal.5.2-Gal.5.6,"Acts xvi. 1–3 with Gal. v. 2–6, and
similar passages."
tertullian,modesty,Prov,old_testament_or_other,Bible:Prov.6.32-Prov.6.34,Prov. vi. 32–34
tertullian,modesty,Isa,old_testament_or_other,Bible:Isa.52.11 Bible:2Cor.6.17,"Isa. lii. 11, quoted in 2 Cor. vi. 17"
tertullian,modesty,Ps,old_testament_or_other,Bible:Ps.26.4-Ps.26.5,"Ps. xxvi. 4, 5"
tertullian,modesty,Ps,old_testament_or_other,Bible:Ps.26.6,"Ps. xxvi. (xxv.
in LXX.) 6"
tertullian,modesty,Ps,old_testament_or_other,Bible:Ps.18.25-Ps.18.26,"Ps. xviii. 25, 26"
tertullian,modesty,Ps,old_testament_or_other,Bible:Ps.18.26-Ps.18.27,"Ps. xviii. 26, 27"
tertullian,modesty,Ps,old_testament_or_other,Bible:Ps.50.16 Bible:Ps.50.18,"Ps. l.
(xlix. in LXX.) 16, 18"
tertullian,modesty,1Cor,new_testament,Bible:1Cor.5.9-1Cor.5.11,1 Cor. v. 9–11
tertullian,modesty,1Cor,new_testament,Bible:1Cor.5.6,"Ver.
6"
tertullian,modesty,1Tim,new_testament,Bible:1Tim.5.22,1 Tim. v. 22
tertullian,modesty,Eph,new_testament,Bible:Eph.5.7-Eph.5.8,"Eph. v. 7, 8"
tertullian,modesty,Eph,new_testament,Bible:Eph.5.11-Eph.5.12,"Vers. 11,
12"
tertullian,modesty,2Thess,new_testament,Bible:2Thess.3.6,2 Thess. iii. 6
tertullian,modesty,Eph,new_testament,Bible:Eph.5.26-Eph.5.27,"Eph. v. 26, 27"
tertullian,modesty,Jude,new_testament,Bible:Jude.1.23,Jude 23
tertullian,modesty,Ezek,old_testament_or_other,Bible:Ezek.33.11,Ezek. xxxiii. 11
tertullian,modesty,1Tim,new_testament,Bible:1Tim.1.15,1 Tim. i. 15
tertullian,modesty,1Tim,new_testament,Bible:1Tim.1.13 Bible:1Tim.1.16,"1 Tim. i. 13, 16"
tertullian,modesty,Rev,new_testament,Bible:Rev.2.18 Bible:Rev.2.20-Rev.2.22,"Rev. ii. 18, 20–22"
tertullian,modesty,1Cor,new_testament,Bible:1Cor.15.11,1 Cor. xv. 11
tertullian,modesty,Rev,new_testament,Bible:Rev.21.8,Rev. xxi. 8
tertullian,modesty,Rev,new_testament,Bible:Rev.22.14-Rev.22.15,"Rev. xxii. 14, 15"
tertullian,modesty,1Cor,new_testament,Bible:1Cor.5.12,1 Cor. v. 12
tertullian,modesty,1John,new_testament,Bible:1John.1.7,1 John i. 7
tertullian,modesty,1John,new_testament,Bible:1John.1.5-1John.1.6,"Vers. 5,
6"
tertullian,modesty,1John,new_testament,Bible:1John.1.8,"Ver.
8"
tertullian,modesty,1John,new_testament,Bible:1John.1.8-1John.1.9,"1 John i. 8, 9"
tertullian,modesty,1John,new_testament,Bible:1John.1.9,1 John i. 9
tertullian,modesty,1John,new_testament,Bible:1John.2.1-1John.2.2,"1 John ii. 1, 2"
tertullian,modesty,Col,new_testament,Bible:Col.2.13-Col.2.14,"Col. ii. 13, 14"
tertullian,modesty,1John,new_testament,Bible:1John.3.3-1John.3.10,1 John iii. 3–10
tertullian,modesty,1John,new_testament,Bible:1John.3.10,1 John iii. 10
tertullian,modesty,Eph,new_testament,Bible:Eph.4.26,Eph. iv. 26
tertullian,modesty,1John,new_testament,Bible:1John.5.17-1John.5.18,"Vers. 17,
18"
tertullian,modesty,1Cor,new_testament,Bible:1Cor.9.6,1 Cor. ix. 6
tertullian,modesty,Heb,new_testament,Bible:Heb.6.1 Bible:Heb.6.4-Heb.6.6,"Heb. vi. 1, 4–6"
tertullian,modesty,Heb,new_testament,Bible:Heb.6.7-Heb.6.8,"Vers. 7,
8"
tertullian,modesty,Lev,old_testament_or_other,Bible:Lev.13.12-Lev.13.14,Lev. xiii. 12–14
tertullian,modesty,Lev,old_testament_or_other,Bible:Lev.14.33-Lev.14.42,Lev. xiv. 33–42
tertullian,modesty,Rev,new_testament,Bible:Rev.6.4 Bible:Rev.6.8,"Rev. vi. 4, 8"
tertullian,modesty,Matt,new_testament,Bible:Matt.3.9 Bible:Luke.3.8,Matt. iii. 9; Luke iii. 8
tertullian,modesty,Lev,old_testament_or_other,Bible:Lev.14.43-Lev.14.45,Lev. xiv. 43–45
tertullian,modesty,Lev,old_testament_or_other,Bible:Lev.19.20,Lev. xix. 20
tertullian,modesty,2Cor,new_testament,Bible:2Cor.11.2,2 Cor. xi. 2
tertullian,modesty,Eph,new_testament,Bible:Eph.5.11,Eph. v. 11
tertullian,modesty,Mark,new_testament,Bible:Mark.2.7 Bible:Luke.5.21,Mark ii. 7; Luke v. 21
tertullian,modesty,Ps,old_testament_or_other,Bible:Ps.51.4,Ps. li. 4
tertullian,modesty,Ps,old_testament_or_other,Bible:Ps.50.6,Ps. l. 6
tertullian,modesty,Matt,new_testament,Bible:Matt.18.22,Matt. xviii. 22
tertullian,modesty,Acts,new_testament,Bible:Acts.9.36-Acts.9.43 Bible:Acts.20.9-Acts.20.12,"Acts ix. 36–43; xx.
9–12"
tertullian,modesty,Acts,new_testament,Bible:Acts.3.1-Acts.3.11 Bible:Acts.5.13-Acts.5.16,"Acts iii. 1–11; v.
13–16"
tertullian,modesty,Acts,new_testament,Bible:Acts.5.1-Acts.5.6,Acts v. 1–6
tertullian,modesty,Acts,new_testament,Bible:Acts.13.6-Acts.13.12,Acts xiii. 6–12
tertullian,modesty,2Sam,old_testament_or_other,Bible:2Sam.12.1-2Sam.12.14,2 Sam. xii. 1–14
tertullian,modesty,1Pet,new_testament,Bible:1Pet.5.1-1Pet.5.4,1 Pet. v. 1–4
tertullian,modesty,John,new_testament,Bible:John.15.26,John xv. 26
tertullian,modesty,Matt,new_testament,Bible:Matt.16.18,Matt. xvi. 18
tertullian,modesty,Matt,new_testament,Bible:Matt.16.19,Matt. xvi. 19
tertullian,modesty,Acts,new_testament,Bible:Acts.2.22,Acts ii. 22
tertullian,modesty,Acts,new_testament,Bible:Acts.15.7-Acts.15.11,Acts xv. 7–11
tertullian,modesty,Matt,new_testament,Bible:Matt.18.20,Matt. xviii. 20
tertullian,modesty,1Cor,new_testament,Bible:1Cor.15.32,1 Cor. xv. 32
tertullian,modesty,Acts,new_testament,Bible:Acts.22.28,Acts xxii. 28
tertullian,modesty,Luke,new_testament,Bible:Luke.23.39-Luke.23.43,Luke xxiii. 39–43
tertullian,modesty,1John,new_testament,Bible:1John.3 Bible:1John.4,"1 John iii.
v"
tertullian,modesty,Heb,new_testament,Bible:Heb.7.26-Heb.8.1,Heb. vii. 26–viii. 1
tertullian,modesty,1Pet,new_testament,Bible:1Pet.3.18,1 Pet. iii. 18
tertullian,modesty,Matt,new_testament,Bible:Matt.25.8-Matt.25.9,"Matt. xxv. 8, 9"
tertullian,modesty,Mark,new_testament,Bible:Mark.2.9-Mark.2.11,Mark ii. 9–11
tertullian,modesty,Luke,new_testament,Bible:Luke.12.50,Luke xii. 50
tertullian,modesty,John,new_testament,Bible:John.19.33-John.19.34,"John xix. 33, 34"
tertullian,modesty,John,new_testament,Bible:John.8.1-John.8.11,John viii. 1–11
tertullian,modesty,Matt,new_testament,Bible:Matt.18.17,Matt. xviii. 17
tertullian,modesty,1Cor,new_testament,Bible:1Cor.5.4,1 Cor. v. 4
tertullian,modesty,Jas,new_testament,Bible:Jas.5.16,James v. 16
tertullian,modesty,Job,old_testament_or_other,Bible:Job.2.6,"Job ii.
6"
tertullian,modesty,Luke,new_testament,Bible:Luke.13.16 Bible:2Cor.12.7,Luke xiii. 16; 2 Cor. xii. 7
tertullian,fasting,Lev,old_testament_or_other,Bible:Lev.16.29 Bible:Lev.23.26-Lev.23.29,"Lev. xvi. 29; xxiii.
26–29"
tertullian,fasting,Matt,new_testament,Bible:Matt.9.14-Matt.9.15 Bible:Mark.2.18-Mark.2.20 Bible:Luke.5.33-Luke.5.35,"Matt. ix. 14, 15; Mark ii. 18–20;
Luke v. 33–35"
tertullian,fasting,Luke,new_testament,Bible:Luke.16.16 Bible:Matt.11.13,Luke xvi. 16; Matt. xi. 13
tertullian,fasting,Gal,new_testament,Bible:Gal.5.1,Gal. v. 1
tertullian,fasting,1Cor,new_testament,Bible:1Cor.10.25,1 Cor. x. 25
tertullian,fasting,1Tim,new_testament,Bible:1Tim.4.3,1 Tim. iv. 3
tertullian,fasting,1Tim,new_testament,Bible:1Tim.4.1-1Tim.4.2,"1 Tim. iv. 1, 2"
tertullian,fasting,Gal,new_testament,Bible:Gal.4.10,Gal. iv. 10
tertullian,fasting,Isa,old_testament_or_other,Bible:Isa.58.3-Isa.58.7,Isa. lviii. 3–7
tertullian,fasting,Matt,new_testament,Bible:Matt.15.11 Bible:Mark.7.15,Matt. xv. 11; Mark vii. 15
tertullian,fasting,Matt,new_testament,Bible:Matt.11.19 Bible:Luke.7.34,Matt. xi. 19; Luke vii. 34
tertullian,fasting,1Cor,new_testament,Bible:1Cor.8.8,1 Cor. viii. 8
tertullian,fasting,Rom,new_testament,Bible:Rom.10.10,Rom. x. 10
tertullian,fasting,Matt,new_testament,Bible:Matt.22.37-Matt.22.40,Matt. xxii. 37–40
tertullian,fasting,Gen,old_testament_or_other,Bible:Gen.2.16-Gen.2.17,"Gen. ii. 16, 17"
tertullian,fasting,Eph,new_testament,Bible:Eph.5.32 Bible:Gen.2.23-Gen.2.24,"Eph. v. 32 with Gen. ii. 23, 24"
tertullian,fasting,1Cor,new_testament,Bible:1Cor.2.14,1 Cor. ii. 14
tertullian,fasting,Ps,old_testament_or_other,Bible:Ps.51.17,Ps. li. 17
tertullian,fasting,Ps,old_testament_or_other,Bible:Ps.50.19,Ps. l. 19
tertullian,fasting,Gen,old_testament_or_other,Bible:Gen.1.29,Gen. i. 29
tertullian,fasting,Gen,old_testament_or_other,Bible:Gen.9.2-Gen.9.5,Gen. ix. 2–5
tertullian,fasting,Gen,old_testament_or_other,Bible:Gen.9.5-Gen.9.6,"Gen. ix. 5, 6"
tertullian,fasting,Luke,new_testament,Bible:Luke.12.48,Luke xii. 48
tertullian,fasting,Ps,old_testament_or_other,Bible:Ps.136.12,Ps. cxxxvi. 12
tertullian,fasting,Exod,old_testament_or_other,Bible:Exod.3.8,Ex. iii. 8
tertullian,fasting,Exod,old_testament_or_other,Bible:Exod.16.1-Exod.16.3,Ex. xvi. 1–3
tertullian,fasting,Num,old_testament_or_other,Bible:Num.20.1-Num.20.12 Bible:Ps.106.31-Ps.106.33,"Num. xx. 1–12 with Ps. cvi.
31–33"
tertullian,fasting,Num,old_testament_or_other,Bible:Num.11.1-Num.11.6,Num. xi. 1–6
tertullian,fasting,Ps,old_testament_or_other,Bible:Ps.78.25,Ps. lxxviii. 25
tertullian,fasting,1Cor,new_testament,Bible:1Cor.10.7 Bible:Exod.32.6,"1
Cor. x. 7 with Ex. xxxii. 6"
tertullian,fasting,Deut,old_testament_or_other,Bible:Deut.32.15,Deut. xxxii. 15
tertullian,fasting,Deut,old_testament_or_other,Bible:Deut.8.12-Deut.8.14,Deut. viii. 12–14
tertullian,fasting,Eccl,old_testament_or_other,Bible:Eccl.6.7 Bible:Prov.16.26,Eccles. vi. 7; Prov. xvi. 26
tertullian,fasting,Isa,old_testament_or_other,Bible:Isa.6.10 Bible:John.12.40 Bible:Acts.28.26-Acts.28.27,"Isa. vi. 10; John xii. 40; Acts xxviii.
26, 27"
tertullian,fasting,Lev,old_testament_or_other,Bible:Lev.3.17,Lev. iii. 17
tertullian,fasting,Deut,old_testament_or_other,Bible:Deut.8.3 Bible:Matt.4.4 Bible:Luke.4.4,"Deut. viii. 3; Matt. iv. 4; Luke iv.
4"
tertullian,fasting,Ps,old_testament_or_other,Bible:Ps.86.4 Bible:Lam.3.41,"Ps.
lxxxvi. 4 (in LXX. lxxxv. 4); Lam. iii. 41"
tertullian,fasting,Exod,old_testament_or_other,Bible:Exod.24.18 Bible:Exod.34.28 Bible:Deut.9.11 Bible:Deut.9.25,"Ex. xxiv. 18 and xxxiv. 28; Deut. ix. 11,
25"
tertullian,fasting,Exod,old_testament_or_other,Bible:Exod.33.18-Exod.33.19 Bible:Exod.34.4-Exod.34.9 Bible:Exod.34.29-Exod.34.35,"Ex. xxxiii. 18, 19, with xxxiv.
4–9, 29–35"
tertullian,fasting,Matt,new_testament,Bible:Matt.17.1-Matt.17.13 Bible:Mark.9.1-Mark.9.13 Bible:Luke.9.28-Luke.9.36,"Matt. xvii. 1–13; Mark ix.
1–13; Luke ix. 28–36"
tertullian,fasting,Jas,new_testament,Bible:Jas.5.17,Jas. v. 17
tertullian,fasting,1Kgs,old_testament_or_other,Bible:1Kgs.17.1,1 Kings xvii. 1
tertullian,fasting,1Kgs,old_testament_or_other,Bible:1Kgs.19.1-1Kgs.19.8,1 Kings xix. 1–8
tertullian,fasting,1Kgs,old_testament_or_other,Bible:1Kgs.19.6-1Kgs.19.8,"vers. 6, 7, 8"
tertullian,fasting,1Kgs,old_testament_or_other,Bible:1Kgs.19.9 Bible:1Kgs.19.13,"Vers. 9,
13"
tertullian,fasting,Gen,old_testament_or_other,Bible:Gen.3.9,Gen. iii. 9
tertullian,fasting,Matt,new_testament,Bible:Matt.17.4 Bible:Mark.9.5 Bible:Luke.9.33,"Matt. xvii. 4; Mark ix. 5; Luke ix.
33"
tertullian,fasting,Ps,old_testament_or_other,Bible:Ps.40.28,Ps. xl. 28
tertullian,fasting,Zech,old_testament_or_other,Bible:Zech.7.5,Zech. vii. 5
tertullian,fasting,2Kgs,old_testament_or_other,Bible:2Kgs.18 Bible:2Kgs.19 Bible:2Chr.32 Bible:Isa.36 Bible:Isa.37,"2 Kings xviii.; xix.; 2 Chron. xxxii.;
Isa. xxxvi.; xxxvii"
tertullian,fasting,Jonah,old_testament_or_other,Bible:Jonah.3,Jonah iii
tertullian,fasting,Ezek,old_testament_or_other,Bible:Ezek.16.49 Bible:Matt.11.23-Matt.11.24 Bible:Luke.10.12-Luke.10.14,"Ezek. xvi. 49; Matt. xi. 23, 24; Luke x.
12–14"
tertullian,fasting,1Kgs,old_testament_or_other,Bible:1Kgs.21,1 Kings xxi
tertullian,fasting,1Sam,old_testament_or_other,Bible:1Sam.1.1-1Sam.1.2 Bible:1Sam.1.7-1Sam.1.20 Bible:1Sam.3.20,"1 Sam. i. 1, 2, 7–20; iii.
20"
tertullian,fasting,Dan,old_testament_or_other,Bible:Dan.9.23 Bible:Dan.10.11,Dan. ix. 23; x. 11
tertullian,fasting,Bel,deuterocanonical,Bible:Bel.1.31-Bel.1.39,"Bel and the
Dragon (in LXX.) vers. 31–39"
tertullian,fasting,Luke,new_testament,Bible:Luke.2.36-Luke.2.38,Luke ii. 36–38
tertullian,fasting,Matt,new_testament,Bible:Matt.4.12 Bible:Luke.4.1-Luke.4.2,"Matt. iv. 12; Luke iv. 1, 2"
tertullian,fasting,Matt,new_testament,Bible:Matt.4.3 Bible:Luke.4.3,Matt. iv. 3; Luke iv. 3
tertullian,fasting,Eph,new_testament,Bible:Eph.4.22-Eph.4.23,"Eph. iv. 22, 23"
tertullian,fasting,1Cor,new_testament,Bible:1Cor.9.27,1 Cor. ix. 27
tertullian,fasting,Matt,new_testament,Bible:Matt.6.16-Matt.6.18,Matt. vi. 16–18
tertullian,fasting,Matt,new_testament,Bible:Matt.17.21 Bible:Mark.9.29,Matt. xvii. 21; Mark ix. 29
tertullian,fasting,Acts,new_testament,Bible:Acts.10.44-Acts.10.46 Bible:Acts.10.1-Acts.10.4 Bible:Acts.10.30,"Acts x. 44–46, 1–4,
30"
tertullian,fasting,2Cor,new_testament,Bible:2Cor.11.27,2 Cor. xi. 27
tertullian,fasting,Dan,old_testament_or_other,Bible:Dan.1,Dan. i
tertullian,fasting,Dan,old_testament_or_other,Bible:Dan.10.1-Dan.10.3 Bible:Dan.10.5 Bible:Dan.10.12,"Dan. x. 1–3, 5, 12"
tertullian,fasting,1Kgs,old_testament_or_other,Bible:1Kgs.17.1-1Kgs.17.6,"1 Kings
xvii. (in LXX. 3 Kings xvii.) 1–6"
tertullian,fasting,1Kgs,old_testament_or_other,Bible:1Kgs.19.3-1Kgs.19.7,1 Kings xix. 3–7
tertullian,fasting,Ps,old_testament_or_other,Bible:Ps.102.9,"Ps. cii. (in
LXX. ci.) 9"
tertullian,fasting,1Sam,old_testament_or_other,Bible:1Sam.1.11,"1 Sam. (in
LXX. 1 Kings) i. 11"
tertullian,fasting,1Sam,old_testament_or_other,Bible:1Sam.1.15,1 Sam. i. 15
tertullian,fasting,Lev,old_testament_or_other,Bible:Lev.10.9,Lev. x. 9
tertullian,fasting,Rom,new_testament,Bible:Rom.13.13,Rom. xiii. 13
tertullian,fasting,1Tim,new_testament,Bible:1Tim.5.23,1 Tim. v. 23
tertullian,fasting,Acts,new_testament,Bible:Acts.10.9,Acts x. 9
tertullian,fasting,Acts,new_testament,Bible:Acts.2.1-Acts.2.4 Bible:Acts.2.13 Bible:Acts.2.15,"Acts ii. 1–4, 13, 15"
tertullian,fasting,Eph,new_testament,Bible:Eph.6.18 Bible:Col.4.2 Bible:1Thess.5.17 Bible:Luke.18.1,"Eph. vi. 18; Col. iv. 2; 1
Thess. v. 17; Luke xviii. 1"
tertullian,fasting,Dan,old_testament_or_other,Bible:Dan.6.10,Dan. vi. 10
tertullian,fasting,Phil,new_testament,Bible:Phil.3.15,Phil. iii. 15
tertullian,fasting,John,new_testament,Bible:John.14.26 Bible:John.16.13,John xiv. 26; xvi. 13
tertullian,fasting,Matt,new_testament,Bible:Matt.27.45-Matt.27.54 Bible:Mark.16.33-Mark.16.39 Bible:Luke.23.44-Luke.23.47,"Matt. xxvii. 45–54; Mark xvi.
33–39; Luke xxiii. 44–47"
tertullian,fasting,Exod,old_testament_or_other,Bible:Exod.17.8-Exod.17.12,Ex. xvii. 8–12
tertullian,fasting,Josh,old_testament_or_other,Bible:Josh.10.12-Josh.10.14,Josh. x. 12–14
tertullian,fasting,1Sam,old_testament_or_other,Bible:1Sam.14.24-1Sam.14.25,"1 Sam. (in
LXX. 1 Kings) xiv. 24–25"
tertullian,fasting,Dan,old_testament_or_other,Bible:Dan.9.1 Bible:Dan.9.3 Bible:Dan.9.4 Bible:Dan.9.20 Bible:Dan.9.21,"Dan. ix. 1, 3, 4, 20, 21"
tertullian,fasting,2Pet,new_testament,Bible:2Pet.3.16,2 Pet. iii. 16
tertullian,fasting,1John,new_testament,Bible:1John.2.18 Bible:1John.2.29 Bible:2John.1.7-2John.1.10,"1 John ii. 18, 29; 2 John
7–10"
tertullian,fasting,1Cor,new_testament,Bible:1Cor.4.8,1 Cor. iv. 8
tertullian,fasting,1Tim,new_testament,Bible:1Tim.4.1-1Tim.4.2 Bible:2Tim.3.1,"1 Tim. iv. 1, 2; 2 Tim. iii.
1"
tertullian,fasting,1Cor,new_testament,Bible:1Cor.9.19,1 Cor. ix. 19
tertullian,fasting,Ps,old_testament_or_other,Bible:Ps.133,Ps. cxxxiii
tertullian,fasting,Rom,new_testament,Bible:Rom.12.15,Rom. xii. 15
tertullian,fasting,1Cor,new_testament,Bible:1Cor.5.3 Bible:Col.2.5,1 Cor. v. 3; Col. ii. 5
tertullian,fasting,Luke,new_testament,Bible:Luke.22.20 Bible:2Cor.5.17,Luke xxii. 20; 2 Cor. v. 17
tertullian,fasting,Mark,new_testament,Bible:Mark.15.42,Mark xv. 42
tertullian,fasting,Matt,new_testament,Bible:Matt.13.52,Matt. xiii. 52
tertullian,fasting,Rom,new_testament,Bible:Rom.14.20,Rom. xiv. 20
tertullian,fasting,Rom,new_testament,Bible:Rom.14.21,"Ver.
21"
tertullian,fasting,Rom,new_testament,Bible:Rom.14.17,Rom. xiv. 17
tertullian,fasting,Luke,new_testament,Bible:Luke.6.21 Bible:Luke.6.25 Bible:Matt.5.6,"Luke vi. 21 and 25, and Matt. v. 6"
tertullian,fasting,John,new_testament,Bible:John.4.31-John.4.34,John iv. 31–34
tertullian,fasting,John,new_testament,Bible:John.6.27,John vi. 27
tertullian,fasting,Matt,new_testament,Bible:Matt.6.11 Bible:Luke.11.3,Matt. vi. 11; Luke xi. 3
tertullian,fasting,Isa,old_testament_or_other,Bible:Isa.58.3-Isa.58.5,"Isa. lviii. 3, 4, 5"
tertullian,fasting,Ps,old_testament_or_other,Bible:Ps.51.18-Ps.51.19,"Ps. li. (l.
in LXX. and Vulg.) 18, 19"
tertullian,fasting,1Sam,old_testament_or_other,Bible:1Sam.4.13,"1 Sam. (in LXX. and Vulg. 1 Kings) iv.
13"
tertullian,fasting,1Sam,old_testament_or_other,Bible:1Sam.4.17-1Sam.4.21,1 Sam. iv. 17–21
tertullian,fasting,1Sam,old_testament_or_other,Bible:1Sam.2.12-1Sam.2.17 Bible:1Sam.2.22-1Sam.2.25,"1 Sam. ii. 12–17,
22–25"
tertullian,fasting,1Kgs,old_testament_or_other,Bible:1Kgs.13,"1 Kings (in
LXX. and Vulg. 3 Kings) xiii"
tertullian,fasting,Luke,new_testament,Bible:Luke.16.19-Luke.16.31,Luke xvi. 19–31
tertullian,fasting,Joel,old_testament_or_other,Bible:Joel.2.15,Joel ii. 15
tertullian,fasting,Gen,old_testament_or_other,Bible:Gen.23.2-Gen.23.4 Bible:Gen.23.31 Bible:Gen.25.27-Gen.25.34,"Gen. xxiii. 2, 3, 4, 31, and xxv.
27–34"
tertullian,fasting,1Tim,new_testament,Bible:1Tim.5.17,1 Tim. v. 17
tertullian,fasting,Isa,old_testament_or_other,Bible:Isa.22.13 Bible:1Cor.15.32,Isa. xxii. 13; 1 Cor. xv. 32
tertullian,fasting,Rom,new_testament,Bible:Rom.8.8,Rom. viii. 8
tertullian,fasting,John,new_testament,Bible:John.3.34,John iii. 34
tertullian,fasting,Matt,new_testament,Bible:Matt.7.13-Matt.7.14 Bible:Luke.13.24,"Matt. vii. 13, 14; Luke xiii.
24"
tertullian,fasting,Eph,new_testament,Bible:Eph.6.12,Eph. vi. 12
tertullian,fasting,Matt,new_testament,Bible:Matt.9.15,Matt. ix. 15
tertullian,fasting,Dan,old_testament_or_other,Bible:Dan.10.2,"Dan. x.
2"
tertullian,fasting,Heb,new_testament,Bible:Heb.4.15,"Heb.
iv. 15"
tertullian,persecutione,Matt,new_testament,Bible:Matt.3.12,Matt. iii. 12
tertullian,persecutione,Gen,old_testament_or_other,Bible:Gen.28.12,Gen. xxviii. 12
tertullian,persecutione,2Cor,new_testament,Bible:2Cor.12.9,2 Cor. xii. 9
tertullian,persecutione,1Cor,new_testament,Bible:1Cor.1.27-1Cor.1.28,"1 Cor. i. 27, 28"
tertullian,persecutione,Job,old_testament_or_other,Bible:Job.1.12,Job i. 12
tertullian,persecutione,Luke,new_testament,Bible:Luke.22.31-Luke.22.32,"Luke xxii. 31, 32"
tertullian,persecutione,Matt,new_testament,Bible:Matt.6.13,Matt. vi. 13
tertullian,persecutione,Mark,new_testament,Bible:Mark.5.11,Mark v. 11
tertullian,persecutione,1Sam,old_testament_or_other,Bible:1Sam.16.14,1 Sam. xvi. 14
tertullian,persecutione,2Cor,new_testament,Bible:2Cor.12.7,2 Cor. xii. 7
tertullian,persecutione,2Tim,new_testament,Bible:2Tim.1.15 Bible:1Tim.1.20,"2
Tim. i. 15; see 1 Tim. i. 20"
tertullian,persecutione,Isa,old_testament_or_other,Bible:Isa.45.7,Isa. xlv. 7
tertullian,persecutione,Deut,old_testament_or_other,Bible:Deut.32.39,Deut. xxxii. 39
tertullian,persecutione,Zech,old_testament_or_other,Bible:Zech.13.9,Zech. xiii. 9
tertullian,persecutione,Matt,new_testament,Bible:Matt.10.29,Matt. x. 29
tertullian,persecutione,Matt,new_testament,Bible:Matt.10.23,Matt. x. 23
tertullian,persecutione,Matt,new_testament,Bible:Matt.10.5,Matt. x. 5
tertullian,persecutione,Matt,new_testament,Bible:Matt.10.17,Matt. x. 17
tertullian,persecutione,Acts,new_testament,Bible:Acts.13.46,Acts xiii. 46
tertullian,persecutione,Ps,old_testament_or_other,Bible:Ps.19.4,Ps. xix. 4
tertullian,persecutione,Acts,new_testament,Bible:Acts.21.13,Acts xxi. 13
tertullian,persecutione,Matt,new_testament,Bible:Matt.10.32-Matt.10.33,"Matt. x. 32, 33"
tertullian,persecutione,Mark,new_testament,Bible:Mark.8.38 Bible:Luke.9.26,Mark viii. 38; Luke ix. 26
tertullian,persecutione,Matt,new_testament,Bible:Matt.5.11,Matt. v. 11
tertullian,persecutione,Matt,new_testament,Bible:Matt.10.22,Matt. x. 22
tertullian,persecutione,Matt,new_testament,Bible:Matt.10.28,Matt. x. 28
tertullian,persecutione,Matt,new_testament,Bible:Matt.10.37-Matt.10.38,"Matt. x. 37, 38"
tertullian,persecutione,Rev,new_testament,Bible:Rev.21.8,Rev. xxi. 8
tertullian,persecutione,Matt,new_testament,Bible:Matt.26.38,Matt. xxvi. 38
tertullian,persecutione,Matt,new_testament,Bible:Matt.26.41,Matt. xxvi. 41
tertullian,persecutione,Matt,new_testament,Bible:Matt.26.39,Matt. xxvi. 39
tertullian,persecutione,1Thess,new_testament,Bible:1Thess.5.14,1 Thess. v. 14
tertullian,persecutione,Eph,new_testament,Bible:Eph.4.27,Eph. iv. 27
tertullian,persecutione,Eph,new_testament,Bible:Eph.5.16,Eph. v. 16
tertullian,persecutione,1Thess,new_testament,Bible:1Thess.5.5,1 Thess. v. 5
tertullian,persecutione,1Cor,new_testament,Bible:1Cor.15.58,1 Cor. xv. 58
tertullian,persecutione,Eph,new_testament,Bible:Eph.6.16,Eph. vi. 16
tertullian,persecutione,1John,new_testament,Bible:1John.3.16,1 John iii. 16
tertullian,persecutione,1John,new_testament,Bible:1John.4.18,1 John iv. 18
tertullian,persecutione,Exod,old_testament_or_other,Bible:Exod.32.32,Ex. xxxii. 32
tertullian,persecutione,John,new_testament,Bible:John.10.12,John x. 12
tertullian,persecutione,Luke,new_testament,Bible:Luke.8.18,Luke viii. 18
tertullian,persecutione,Zech,old_testament_or_other,Bible:Zech.13.7,Zech. xiii. 7
tertullian,persecutione,Rom,new_testament,Bible:Rom.8.32 Bible:Gal.3.13,Rom. viii. 32; Gal. iii. 13
tertullian,persecutione,Isa,old_testament_or_other,Bible:Isa.53.7,Isa. liii. 7
tertullian,persecutione,Ps,old_testament_or_other,Bible:Ps.24.7,Ps. xxiv. 7
tertullian,persecutione,Acts,new_testament,Bible:Acts.8.20,Acts viii. 20
tertullian,persecutione,Matt,new_testament,Bible:Matt.5.3,Matt. v. 3
tertullian,persecutione,Acts,new_testament,Bible:Acts.4.34-Acts.4.35,"Acts iv. 34, 35"
tertullian,persecutione,Acts,new_testament,Bible:Acts.24.26,Acts xxiv. 26
tertullian,persecutione,Matt,new_testament,Bible:Matt.22.21,Matt. xxii. 21
tertullian,persecutione,Matt,new_testament,Bible:Matt.5.42,Matt. v. 42
tertullian,persecutione,Luke,new_testament,Bible:Luke.16.9,Luke xvi. 9
tertullian,persecutione,Matt,new_testament,Bible:Matt.19.12,Matt. xix. 12
tertullian,persecutione,Matt,new_testament,Bible:Matt.22.14,Matt. xxii. 14
tertullian,persecutione,Jonah,old_testament_or_other,Bible:Jonah.1.3,Jonah i. 3
tertullian,persecutione,Matt,new_testament,Bible:Matt.12.38-Matt.12.41 Bible:Luke.11.29-Luke.11.30,"Matt. xii. 38–41; Luke xi. 29,
30"
tertullian,persecutione,Gen,old_testament_or_other,Bible:Gen.9.21-Gen.9.22 Bible:Gen.10.8-Gen.10.17,"Gen. ix. 21, 22; x. 8–17"
tertullian,persecutione,2Pet,new_testament,Bible:2Pet.3.5-2Pet.3.14,2 Pet. iii. 5–14
tertullian,persecutione,Num,old_testament_or_other,Bible:Num.16.38,Num. xvi. 38
tertullian,persecutione,Prov,old_testament_or_other,Bible:Prov.8.36,Prov. viii. 36
tertullian,persecutione,Heb,new_testament,Bible:Heb.1.14,Heb. i. 14
tertullian,persecutione,Gen,old_testament_or_other,Bible:Gen.19.4,Gen. xix. 4
tertullian,persecutione,Gen,old_testament_or_other,Bible:Gen.19.31,"ver.
31"
tertullian,persecutione,Gen,old_testament_or_other,Bible:Gen.11.26-Gen.11.28,"Gen. xi. 26, 27,
28"
tertullian,persecutione,Gen,old_testament_or_other,Bible:Gen.3.1,Gen. iii. 1
tertullian,persecutione,Gen,old_testament_or_other,Bible:Gen.13.8,Gen. xiii. 8
tertullian,persecutione,Gen,old_testament_or_other,Bible:Gen.1.10,Gen. i. 10
tertullian,persecutione,Gen,old_testament_or_other,Bible:Gen.3.20,Gen. iii. 20
tertullian,persecutione,Gen,old_testament_or_other,Bible:Gen.2.8,"Gen.
ii. 8"
tertullian,persecutione,Job,old_testament_or_other,Bible:Job.14.19,"Job
(xiv. 19)"
tertullian,persecutione,Ps,old_testament_or_other,Bible:Ps.29.3,Ps. xxix. 3
tertullian,persecutione,Gen,old_testament_or_other,Bible:Gen.3.24,Gen. iii. 24
tertullian,persecutione,Gen,old_testament_or_other,Bible:Gen.4.3,Gen. iv. 3
tertullian,persecutione,Gen,old_testament_or_other,Bible:Gen.4,Gen. iv.
tertullian,persecutione,Gen,old_testament_or_other,Bible:Gen.1.9-Gen.1.10,"Gen.
i. 9, 10"
tertullian,persecutione,Matt,new_testament,Bible:Matt.27.51-Matt.27.54,Matt. xxvii. 51–54
tertullian,persecutione,Ps,old_testament_or_other,Bible:Ps.49.14,Ps. xlix. 14
tertullian,persecutione,Eph,new_testament,Bible:Eph.2.2 Bible:Matt.24.29 Bible:Luke.21.26,"Eph. ii. 2, Matt. xxiv. 29, Luke xxi.
26"
tertullian,persecutione,2Pet,new_testament,Bible:2Pet.3.10,"2
Pet. iii. 10"
tertullian,persecutione,Ezek,old_testament_or_other,Bible:Ezek.9.4 Bible:Ezek.9.6 Bible:Rev.7.3,"Ezek.
ix. 4, 6, Rev. vii. 3"
tertullian,persecutione,Exod,old_testament_or_other,Bible:Exod.28.36 Bible:Exod.39.30,"Ex. xxviii. 36; xxxix.
30"
tertullian,persecutione,Matt,new_testament,Bible:Matt.25.44,Matt. xxv. 44
tertullian,persecutione,Col,new_testament,Bible:Col.2.14-Col.2.15,"Col. ii. 14, 15"
tertullian,persecutione,Acts,new_testament,Bible:Acts.1.4-Acts.1.5,"Acts i. 4, 5"
tertullian,persecutione,Acts,new_testament,Bible:Acts.10 Bible:Acts.19,Acts x. and xix
tertullian,persecutione,Luke,new_testament,Bible:Luke.3.1,Luke iii. 1
tertullian,persecutione,2Tim,new_testament,Bible:2Tim.2.17-2Tim.2.18,"2 Tim.
ii. 17, 18"
tertullian,persecutione,John,new_testament,Bible:John.15.2 Bible:John.15.4 Bible:John.15.5 Bible:John.15.6 Bible:Rom.11.17-Rom.11.20,"John xv. 2, 4, 5, 6; Rom. xi.
17–20"
tertullian,persecutione,Isa,old_testament_or_other,Bible:Isa.64.4 Bible:1Cor.2.9,"Isa.
lxiv. 4, quoted in 1 Cor. ii. 9"
tertullian,persecutione,Isa,old_testament_or_other,Bible:Isa.6.9-Isa.6.10 Bible:Acts.28.17-Acts.28.29,"Isa. vi. 9, 10, with Acts xxviii.
17–29"
tertullian,persecutione,Rom,new_testament,Bible:Rom.1.28 Bible:Titus.1.15-Titus.1.16,"Rom. i. 28; comp., too, Tit. i. 15,
16"
tertullian,persecutione,Gen,old_testament_or_other,Bible:Gen.2.9-Gen.2.14,"Gen. ii.
9–14"
tertullian,persecutione,Eph,new_testament,Bible:Eph.2.1,Eph. ii. 1
tertullian,persecutione,Heb,new_testament,Bible:Heb.6.1 Bible:Heb.9.14,Heb. vi. 1; ix. 14
tertullian,persecutione,1Cor,new_testament,Bible:1Cor.5.6-1Cor.5.9,1 Cor. v. 6–9
tertullian,persecutione,Gen,old_testament_or_other,Bible:Gen.22.1-Gen.22.19,"Gen. xxii.
1–19"
tertullian,persecutione,Matt,new_testament,Bible:Matt.11.7-Matt.11.15 Bible:Luke.7.24-Luke.7.30 Bible:John.5.33-John.5.35,"Matt. xi.
7–15, with the parallel passage, Luke vii. 24–30; comp.
also John v. 33–35"
tertullian,persecutione,Rom,new_testament,Bible:Rom.5,"Rom.
v."
tertullian,persecutione,1Tim,new_testament,Bible:1Tim.2.14,1 Tim. ii. 14
tertullian,persecutione,Heb,new_testament,Bible:Heb.12.2,Heb. xii. 2
tertullian,persecutione,John,new_testament,Bible:John.14.30,John xiv. 30
tertullian,persecutione,Rev,new_testament,Bible:Rev.5.5,Rev. v. 5
tertullian,persecutione,Jer,old_testament_or_other,Bible:Jer.44.19,Jer. xliv. 19
tertullian,persecutione,1Cor,new_testament,Bible:1Cor.15.22 Bible:1Cor.15.45 Bible:1Cor.15.47,"1 Cor.
xv. 22 sqq., especially 45, 47"
tertullian,persecutione,Acts,new_testament,Bible:Acts.1.4,Acts i. 4
tertullian,persecutione,2Cor,new_testament,Bible:2Cor.1.22 Bible:2Cor.5.5,"2 Cor.
i. 22; v. 5"
tertullian,persecutione,Eph,new_testament,Bible:Eph.1.13-Eph.1.14 Bible:Rom.8.23,"Eph. i. 13, 14; Rom.
viii. 23"
tertullian,persecutione,John,new_testament,Bible:John.3.6,John iii. 6
tertullian,persecutione,2Cor,new_testament,Bible:2Cor.5.1,2 Cor. v. 1
tertullian,persecutione,2Pet,new_testament,Bible:2Pet.1.17,"2 Pet. i.
17"
tertullian,persecutione,1Cor,new_testament,Bible:1Cor.15.54 Bible:Isa.25.8,1 Cor. xv. 54; Isa. xxv. 8
tertullian,persecutione,Isa,old_testament_or_other,Bible:Isa.54.1 Bible:Gal.4.27,Isa. liv. 1; Gal. iv. 27
tertullian,persecutione,Gal,new_testament,Bible:Gal.4.19-Gal.4.31,Gal. iv. 19–31
tertullian,persecutione,Jer,old_testament_or_other,Bible:Jer.2.13 Bible:John.7.37-John.7.39,"Jer. ii. 13; John vii.
37–39"
tertullian,persecutione,Gen,old_testament_or_other,Bible:Gen.21.12-Gen.21.20,Gen. xxi. 12–20
tertullian,persecutione,Matt,new_testament,Bible:Matt.19.27 Bible:Mark.10.28 Bible:Luke.18.28,"Matt. xix. 27; Mark x. 28; Luke xviii.
28"
tertullian,persecutione,Matt,new_testament,Bible:Matt.23.35,Matt. xxiii. 35
tertullian,persecutione,Gen,old_testament_or_other,Bible:Gen.6.4,"Gen.
vi. 4"
tertullian,persecutione,Gen,old_testament_or_other,Bible:Gen.7.1,Gen. vii. 1
tertullian,persecutione,Gen,old_testament_or_other,Bible:Gen.6.3,"Gen. vi.
3"
tertullian,persecutione,Num,old_testament_or_other,Bible:Num.12.5-Num.12.8 Bible:Deut.34.9-Deut.34.12 Bible:Deut.18.17-Deut.18.19 Bible:Acts.3.22-Acts.3.23,"Num. xii. 5–8, Deut. xxxiv. 9–12,
with Deut. xviii. 17–19, Acts iii. 22, 23, vii. 37"
tertullian,persecutione,Exod,old_testament_or_other,Bible:Exod.32.15-Exod.32.20,"Ex. xxxii.
15–20"
tertullian,persecutione,Exod,old_testament_or_other,Bible:Exod.23.20-Exod.23.23,Ex. xxiii. 20–23
tertullian,persecutione,Judg,old_testament_or_other,Bible:Judg.8.22-Judg.8.23,"Judg. viii.
22, 23"
tertullian,persecutione,Ps,old_testament_or_other,Bible:Ps.92.12,Ps. xcii. 12
tertullian,persecutione,1Sam,old_testament_or_other,Bible:1Sam.28.11-1Sam.28.19,"1 Sam.
xxviii. (in LXX. 1 Kings) 11–19"
tertullian,persecutione,2Chr,old_testament_or_other,Bible:2Chr.29 Bible:2Chr.30 Bible:2Chr.31,"2 Chron. xxix.; xxx.;
xxxi"
tertullian,persecutione,1Kgs,old_testament_or_other,Bible:1Kgs.19.1-1Kgs.19.8,"1 Kings (in LXX. 3 Kings) xix.
1–8"
tertullian,persecutione,2Kgs,old_testament_or_other,Bible:2Kgs.1.9-2Kgs.1.12,"2 Kings (in
LXX. 4 Kings) i. 9–12"
tertullian,persecutione,2Kgs,old_testament_or_other,Bible:2Kgs.8 Bible:2Kgs.1,"2 Kings (in
LXX. 4 Kings) viii. i"
tertullian,persecutione,Jas,new_testament,Bible:Jas.5.17,Jas. v. 17
tertullian,persecutione,Jer,old_testament_or_other,Bible:Jer.34.8-Jer.34.22,Jer. xxxiv. 8–22
tertullian,persecutione,Luke,new_testament,Bible:Luke.2.30,Luke ii. 30
tertullian,persecutione,1John,new_testament,Bible:1John.1.1-1John.1.2,"1 John i. 1, 2"
tertullian,persecutione,2Cor,new_testament,Bible:2Cor.12.1,2 Cor. xii. 1
tertullian,persecutione,Phil,new_testament,Bible:Phil.4.3,Phil. iv. 3
tertullian,persecutione,Matt,new_testament,Bible:Matt.23.8 Bible:Jas.3.1 Bible:1Pet.5.2-1Pet.5.3,"Matt. xxiii. 8; Jas. iii. 1; 1 Pet. v. 2,
3"
tertullian,persecutione,Deut,old_testament_or_other,Bible:Deut.6.3-Deut.6.4 Bible:Mark.12.29-Mark.12.30,"Deut. vi. 3, 4, quoted in Mark xii. 29,
30"
tertullian,persecutione,1Cor,new_testament,Bible:1Cor.8.5-1Cor.8.6 Bible:Eph.4.4-Eph.4.6,"1
Cor. viii. 5, 6 (but notice the prepositions in the Greek; our author
is not accurate in rendering them); Eph. iv. 4, 5, 6"
tertullian,persecutione,Phil,new_testament,Bible:Phil.2.10,Phil. ii. 10
tertullian,persecutione,Eph,new_testament,Bible:Eph.3.14-Eph.3.15,"Eph. iii. 14, 15"
tertullian,persecutione,Gal,new_testament,Bible:Gal.3.20,Gal. iii. 20
tertullian,persecutione,2Cor,new_testament,Bible:2Cor.11.2,2 Cor. xi. 2
tertullian,persecutione,Exod,old_testament_or_other,Bible:Exod.20.5 Bible:Deut.5.9,Ex. xx. 5; Deut. v. 9
tertullian,persecutione,Isa,old_testament_or_other,Bible:Isa.1.10-Isa.1.15 Bible:Jer.6.20,"Isa. i. 10–15; Jer. vi.
20"
tertullian,persecutione,1Cor,new_testament,Bible:1Cor.13.12 Bible:Heb.10.1,1 Cor. xiii. 12; Heb. x. 1
tertullian,persecutione,Heb,new_testament,Bible:Heb.9.19-Heb.9.22,"Heb. ix.
19–22"
tertullian,persecutione,Heb,new_testament,Bible:Heb.9.13,Heb. ix. 13
tertullian,persecutione,John,new_testament,Bible:John.19.17,John xix. 17
tertullian,persecutione,John,new_testament,Bible:John.2.19-John.2.22 Bible:Col.2.9,"John ii. 19–22; Col. ii.
9"
tertullian,persecutione,Heb,new_testament,Bible:Heb.9.19,Heb. ix. 19
tertullian,persecutione,Deut,old_testament_or_other,Bible:Deut.32.2,Deut. xxxii. 2
tertullian,persecutione,Job,old_testament_or_other,Bible:Job.29.22,"Job xxix.
22"
tertullian,persecutione,Eph,new_testament,Bible:Eph.5.26,Eph. v. 26
tertullian,persecutione,John,new_testament,Bible:John.20.22,John xx. 22
tertullian,persecutione,Luke,new_testament,Bible:Luke.24.48-Luke.24.49 Bible:Acts.1.6-Acts.1.8,"Luke xxiv. 48, 49; Acts i.
6–8"
tertullian,persecutione,Heb,new_testament,Bible:Heb.13.12-Heb.13.13 Bible:John.19.19-John.19.20,"Heb. xiii. 12, 13; John xix. 19,
20"
tertullian,persecutione,Lev,old_testament_or_other,Bible:Lev.16.8,Lev. xvi. 8
tertullian,persecutione,Matt,new_testament,Bible:Matt.25.31-Matt.25.33,Matt. xxv. 31–33
tertullian,persecutione,Luke,new_testament,Bible:Luke.16.19-Luke.16.31,"Luke xvi.
19–31"
tertullian,persecutione,Num,old_testament_or_other,Bible:Num.4.5,Num. iv. 5
tertullian,persecutione,Heb,new_testament,Bible:Heb.9.3,Heb. ix. 3
tertullian,persecutione,Exod,old_testament_or_other,Bible:Exod.25.10-Exod.25.11 Bible:Exod.37.1-Exod.37.2,"Ex. xxv. 10, 11; xxxvii. 1,
2"
tertullian,persecutione,Heb,new_testament,Bible:Heb.9.3-Heb.9.4,"Heb. ix. 3, 4"
tertullian,persecutione,Num,old_testament_or_other,Bible:Num.17.8,Num. xvii. 8
tertullian,persecutione,Heb,new_testament,Bible:Heb.9.7,Heb. ix. 7
tertullian,persecutione,Rev,new_testament,Bible:Rev.6.9-Rev.6.10,"Rev. vi. 9, 10"
tertullian,persecutione,Rev,new_testament,Bible:Rev.6.11,11th verse <i>ib</i>
tertullian,persecutione,Heb,new_testament,Bible:Heb.10.1,Heb. x. 1
tertullian,persecutione,Heb,new_testament,Bible:Heb.7.19 Bible:Heb.10.1 Bible:Heb.11.11-Heb.11.12,"Heb. vii. 19; x. 1; xi. 11, 12"
tertullian,persecutione,Exod,old_testament_or_other,Bible:Exod.27.20 Bible:Lev.24.2,"Ex. xxvii. 20; Lev. xxiv.
2"
tertullian,persecutione,Isa,old_testament_or_other,Bible:Isa.11.1-Isa.11.2,"Isa. xi. 1, 2"
tertullian,persecutione,Matt,new_testament,Bible:Matt.5.23-Matt.5.24,"Matt. v. 23, 24"
tertullian,persecutione,Rev,new_testament,Bible:Rev.8.3-Rev.8.4,"Rev. viii. 3, 4"
tertullian,persecutione,Isa,old_testament_or_other,Bible:Isa.6,Isa. vi.
tertullian,persecutione,John,new_testament,Bible:John.1.11,John i. 11
tertullian,persecutione,1Cor,new_testament,Bible:1Cor.7,1 Cor. vii
tertullian,persecutione,Ps,old_testament_or_other,Bible:Ps.119.144,"Ps.
cxix. 144"
tertullian,persecutione,Ps,old_testament_or_other,Bible:Ps.118.144,"Ps.
cxviii. 144"
tertullian,persecutione,Prov,old_testament_or_other,Bible:Prov.21.1,Prov. xxi. 1
tertullian,persecutione,Rom,new_testament,Bible:Rom.6.13 Bible:Rom.6.19,"Rom. vi. 13, 19"
tertullian,persecutione,Matt,new_testament,Bible:Matt.27.33 Bible:Mark.15.23,Matt. xxvii. 33 with Mark xv. 23.
tertullian,persecutione,Heb,new_testament,Bible:Heb.1.3,Heb. i. 3
tertullian,persecutione,Gen,old_testament_or_other,Bible:Gen.32.30,"Gen. xxxii.
30"
tertullian,persecutione,Judg,old_testament_or_other,Bible:Judg.13.22,Judg. xiii. 22
tertullian,persecutione,John,new_testament,Bible:John.21.25,"Chap. xxi.
verse 25"
felix,octavius,1Tim,new_testament,Bible:1Tim.4.7,1 Tim. iv. 7
felix,octavius,Jer,old_testament_or_other,Bible:Jer.17.5-Jer.17.7,Jer. xvii. 5–7
felix,octavius,1Cor,new_testament,Bible:1Cor.15.36 Bible:Job.14.7-Job.14.15,"1 Cor. xv. 36, Job xiv.
7–15"
commodianus,instructions,Gen,old_testament_or_other,Bible:Gen.4.17-Gen.4.18,"Gen. iv. 17, 18"
commodianus,instructions,Dan,old_testament_or_other,Bible:Dan.3.22,Dan. iii. 22
commodianus,instructions,Rev,new_testament,Bible:Rev.3.14,Rev. iii. 14
commodianus,instructions,Prov,old_testament_or_other,Bible:Prov.23.11,Prov. xxiii. 11
commodianus,instructions,Prov,old_testament_or_other,Bible:Prov.15.1,Prov. xv. 1
commodianus,instructions,Mark,new_testament,Bible:Mark.12.42 Bible:Luke.21.2,Mark xii. 42; Luke xxi. 2
commodianus,instructions,2Cor,new_testament,Bible:2Cor.6.10 Bible:Rev.2.9,"2 Cor. vi. 10; also, Rev. ii. 9"
origen,works,2Sam,old_testament_or_other,Bible:2Sam.24.14,2 Sam. xxiv. 14
origen,works,Matt,new_testament,Bible:Matt.19.12,Matthew xix. 12
origen,works,Deut,old_testament_or_other,Bible:Deut.23.1,"Deuteronomy
xxiii. 1"
origen,works,Song,old_testament_or_other,Bible:Song.1.4,"Cant. i.
4"
origen,works,John,new_testament,Bible:John.14.6,John xiv. 6
origen,works,Heb,new_testament,Bible:Heb.11.24-Heb.11.26,Heb. xi. 24–26
origen,works,2Cor,new_testament,Bible:2Cor.13.3,2 Cor. xiii. 3
origen,works,John,new_testament,Bible:John.1.3,John i. 3
origen,works,1Cor,new_testament,Bible:1Cor.15.42-1Cor.15.43,"1 Cor. xv. 42, 43"
origen,works,Hos,old_testament_or_other,Bible:Hos.10.12,Hos. x. 12
origen,works,Deut,old_testament_or_other,Bible:Deut.4.24,Deut. iv. 24
origen,works,John,new_testament,Bible:John.4.24,John iv. 24
origen,works,1John,new_testament,Bible:1John.1.5,1 John i. 5
origen,works,Ps,old_testament_or_other,Bible:Ps.36,"thirty-sixth
Psalm"
origen,works,Ps,old_testament_or_other,Bible:Ps.36.9,Ps. xxxvi. 9
origen,works,John,new_testament,Bible:John.14.23,John xiv. 23
origen,works,2Cor,new_testament,Bible:2Cor.3.6,2 Cor. iii. 6
origen,works,2Cor,new_testament,Bible:2Cor.3.15-2Cor.3.17,2 Cor. iii. 15–17
origen,works,John,new_testament,Bible:John.4.20,John iv. 20
origen,works,John,new_testament,Bible:John.4.23-John.4.24,"John iv. 23, 24"
origen,works,Col,new_testament,Bible:Col.1.15,Col. i. 15
origen,works,John,new_testament,Bible:John.1.18,John i. 18
origen,works,Matt,new_testament,Bible:Matt.11.27,Matt. xi. 27
origen,works,Matt,new_testament,Bible:Matt.5.8,Matt. v. 8
origen,works,Prov,old_testament_or_other,Bible:Prov.2.5,Prov. ii. 5
origen,works,Prov,old_testament_or_other,Bible:Prov.8.22-Prov.8.25,Prov. viii. 22–25
origen,works,1Cor,new_testament,Bible:1Cor.1.24,1 Cor. i. 24
origen,works,Heb,new_testament,Bible:Heb.4.12,"Heb.
iv. 12"
origen,works,Gen,old_testament_or_other,Bible:Gen.2.7,Gen. ii. 7
origen,works,Heb,new_testament,Bible:Heb.1.3,Heb. i. 3
origen,works,Wis,deuterocanonical,Bible:Wis.7.25,Wisd. vii. 25
origen,works,Gen,old_testament_or_other,Bible:Gen.5.3,Gen. v. 3
origen,works,John,new_testament,Bible:John.14.9,John xiv. 9
origen,works,Luke,new_testament,Bible:Luke.6.42,Luke vi. 42
origen,works,Wis,deuterocanonical,Bible:Wis.7.25-Wis.7.26,"Wisd. vii. 25, 26"
origen,works,Ps,old_testament_or_other,Bible:Ps.104.24,Ps. civ. 24
origen,works,Rev,new_testament,Bible:Rev.1.8,Rev. i. 8
origen,works,John,new_testament,Bible:John.17.10,John xvii. 10
origen,works,Phil,new_testament,Bible:Phil.2.10-Phil.2.11,"Phil. ii. 10, 11"
origen,works,John,new_testament,Bible:John.5.19,John v. 19
origen,works,Luke,new_testament,Bible:Luke.18.19,Luke xviii. 19
origen,works,Ps,old_testament_or_other,Bible:Ps.51,"fifty-first
Psalm"
origen,works,Ps,old_testament_or_other,Bible:Ps.51.11,Ps. li. 11
origen,works,Dan,old_testament_or_other,Bible:Dan.4.8,Dan. iv. 8
origen,works,John,new_testament,Bible:John.20.22,John xx. 22
origen,works,Luke,new_testament,Bible:Luke.1.35,Luke i. 35
origen,works,1Cor,new_testament,Bible:1Cor.12.3,1 Cor. xii. 3
origen,works,Acts,new_testament,Bible:Acts.8.18,Acts viii. 18
origen,works,Matt,new_testament,Bible:Matt.12.32 Bible:Luke.12.10,Matt. xii. 32 and Luke xii. 10
origen,works,Gal,new_testament,Bible:Gal.5.22,Gal. v. 22
origen,works,Gal,new_testament,Bible:Gal.3.3,Gal. iii. 3
origen,works,Isa,old_testament_or_other,Bible:Isa.42.5,Isa. xlii. 5
origen,works,Isa,old_testament_or_other,Bible:Isa.6.3,Isa. vi. 3
origen,works,Hab,old_testament_or_other,Bible:Hab.3.2,Hab. iii. 2
origen,works,Luke,new_testament,Bible:Luke.10.22,Luke x. 22
origen,works,1Cor,new_testament,Bible:1Cor.2.10,1 Cor. ii. 10
origen,works,John,new_testament,Bible:John.16.12-John.16.13 Bible:John.14.26,"John
xvi. 12, 13, and xiv. 26"
origen,works,John,new_testament,Bible:John.3.8,John iii. 8
origen,works,Exod,old_testament_or_other,Bible:Exod.3.14,Ex. iii. 14
origen,works,Rom,new_testament,Bible:Rom.10.6-Rom.10.8,Rom. x. 6–8
origen,works,John,new_testament,Bible:John.15.22,John xv. 22
origen,works,Jas,new_testament,Bible:Jas.4.17,Jas. iv. 17
origen,works,Luke,new_testament,Bible:Luke.17.20-Luke.17.21,"Luke xvii. 20, 21"
origen,works,Gen,old_testament_or_other,Bible:Gen.6.3,Gen. vi. 3
origen,works,Ps,old_testament_or_other,Bible:Ps.104.29-Ps.104.30,"Ps. civ. 29, 30"
origen,works,Acts,new_testament,Bible:Acts.1.8,Acts i. 8
origen,works,Ps,old_testament_or_other,Bible:Ps.33.6,Ps. xxxiii. 6
origen,works,1Cor,new_testament,Bible:1Cor.12.4-1Cor.12.7,1 Cor. xii. 4–7
origen,works,1Cor,new_testament,Bible:1Cor.12.11,1 Cor. xii. 11
origen,works,1Cor,new_testament,Bible:1Cor.12.6,1 Cor. xii. 6
origen,works,Heb,new_testament,Bible:Heb.1.14,Heb. i. 14
origen,works,Eph,new_testament,Bible:Eph.1.21,Eph. i. 21
origen,works,Deut,old_testament_or_other,Bible:Deut.32.9,Deut. xxxii. 9
origen,works,Deut,old_testament_or_other,Bible:Deut.32.8,Deut. xxxii. 8
origen,works,Ezek,old_testament_or_other,Bible:Ezek.28.11-Ezek.28.19,Ezek. xxviii. 11–19
origen,works,Isa,old_testament_or_other,Bible:Isa.14.12-Isa.14.22,Isa. xiv. 12–22
origen,works,Luke,new_testament,Bible:Luke.10.18,Luke x. 18
origen,works,Matt,new_testament,Bible:Matt.24.27,Matt. xxiv. 27
origen,works,1John,new_testament,Bible:1John.5.19,1 John v. 19
origen,works,Job,old_testament_or_other,Bible:Job.40.20,Job xl. 20
origen,works,Ps,old_testament_or_other,Bible:Ps.110.1,Ps. cx. 1
origen,works,1Cor,new_testament,Bible:1Cor.15.25,1 Cor. xv. 25
origen,works,Ps,old_testament_or_other,Bible:Ps.62.1,Ps. lxii. 1
origen,works,John,new_testament,Bible:John.17.20-John.17.21,"John xvii. 20, 21"
origen,works,John,new_testament,Bible:John.17.22-John.17.23,"John xvii. 22, 23"
origen,works,Eph,new_testament,Bible:Eph.4.13,Eph. iv. 13
origen,works,1Cor,new_testament,Bible:1Cor.1.10,1 Cor. i. 10
origen,works,1Cor,new_testament,Bible:1Cor.7.31,1 Cor. vii. 31
origen,works,Ps,old_testament_or_other,Bible:Ps.102.26,Ps. cii. 26
origen,works,John,new_testament,Bible:John.1.1-John.1.3,John i. 1–3
origen,works,Col,new_testament,Bible:Col.1.16-Col.1.18,Col. i. 16–18
origen,works,Job,old_testament_or_other,Bible:Job.25.5,Job xxv. 5
origen,works,Isa,old_testament_or_other,Bible:Isa.45.12,Isa. xlv. 12
origen,works,Jer,old_testament_or_other,Bible:Jer.7.18,Jer. vii. 18
origen,works,Gen,old_testament_or_other,Bible:Gen.1.16,Gen. i. 16
origen,works,Rom,new_testament,Bible:Rom.9.14,Rom. ix. 14
origen,works,Rom,new_testament,Bible:Rom.2.11,Rom. ii. 11
origen,works,Rom,new_testament,Bible:Rom.8.20-Rom.8.21,"Rom. viii. 20, 21"
origen,works,Rom,new_testament,Bible:Rom.8.19,Rom. viii. 19
origen,works,Rom,new_testament,Bible:Rom.8.22-Rom.8.23,"Rom. viii.
22, cf. 23"
origen,works,Eccl,old_testament_or_other,Bible:Eccl.1.1 Bible:Eccl.1.14,"Eccles. i. 1, 14"
origen,works,Phil,new_testament,Bible:Phil.1.23,Phil. i. 23
origen,works,Matt,new_testament,Bible:Matt.18.10,Matt. xviii. 10
origen,works,Ps,old_testament_or_other,Bible:Ps.34.7,Ps. xxxiv. 7
origen,works,1Cor,new_testament,Bible:1Cor.15.9,1 Cor. xv. 9
origen,works,Exod,old_testament_or_other,Bible:Exod.21.28-Exod.21.29,"Exod. xxi. 28, 29"
origen,works,Jer,old_testament_or_other,Bible:Jer.23.24,Jer. xxiii. 24
origen,works,Isa,old_testament_or_other,Bible:Isa.66.1,Isa. lxvi. 1
origen,works,Matt,new_testament,Bible:Matt.5.34,Matt. v. 34
origen,works,Acts,new_testament,Bible:Acts.17.28,Acts xvii. 28
origen,works,2Macc,deuterocanonical,Bible:2Macc.7.28,2 Mac. vii. 28
origen,works,Ps,old_testament_or_other,Bible:Ps.148.5,Ps. cxlviii. 5
origen,works,1Cor,new_testament,Bible:1Cor.15.53-1Cor.15.56 Bible:Hos.13.14 Bible:Isa.25.8,"1 Cor. xv. 53–56; cf. Hos. xiii. 14 and
Isa. xxv. 8"
origen,works,Rom,new_testament,Bible:Rom.13.14,Rom. xiii. 14
origen,works,Heb,new_testament,Bible:Heb.9.26,Heb. ix. 26
origen,works,Eph,new_testament,Bible:Eph.2.7,Eph. ii. 7
origen,works,John,new_testament,Bible:John.17.24 Bible:John.17.21 Bible:John.17.22,"John xvii. 24, 21, 22"
origen,works,Isa,old_testament_or_other,Bible:Isa.3.24,Isa. iii. 24
origen,works,Wis,deuterocanonical,Bible:Wis.18.24,Wisd. xviii. 24
origen,works,John,new_testament,Bible:John.17.16,John xvii. 16
origen,works,2Cor,new_testament,Bible:2Cor.4.18-2Cor.5.1,2 Cor. iv. 18–v. 1
origen,works,Ps,old_testament_or_other,Bible:Ps.8.3,Ps. viii. 3
origen,works,Isa,old_testament_or_other,Bible:Isa.66.2,Isa. lxvi. 2
origen,works,Matt,new_testament,Bible:Matt.5.5,Matt. v. 5
origen,works,Matt,new_testament,Bible:Matt.5.3,Matt. v. 3
origen,works,Ps,old_testament_or_other,Bible:Ps.37.34,Ps. xxxvii. 34
origen,works,Matt,new_testament,Bible:Matt.5.48 Bible:Matt.5.45,"Matt. v. 48, 45"
origen,works,Matt,new_testament,Bible:Matt.6.9,Matt. vi. 9
origen,works,Matt,new_testament,Bible:Matt.5.34-Matt.5.35,"Matt. v. 34, 35"
origen,works,John,new_testament,Bible:John.2.16,John ii. 16
origen,works,Matt,new_testament,Bible:Matt.22.31-Matt.22.32 Bible:Exod.3.6,"Matt. xxii. 31, 32; cf. Ex. iii. 6"
origen,works,Isa,old_testament_or_other,Bible:Isa.45.6,Isa. xlv. 6
origen,works,Acts,new_testament,Bible:Acts.7,Acts vii
origen,works,Matt,new_testament,Bible:Matt.22.37 Bible:Matt.22.39 Bible:Matt.22.40,"Matt. xxii. 37, 39, 40"
origen,works,2Tim,new_testament,Bible:2Tim.1.3,2 Tim. i. 3
origen,works,2Cor,new_testament,Bible:2Cor.11.22,2 Cor. xi. 22
origen,works,Rom,new_testament,Bible:Rom.1.1-Rom.1.4,Rom. i. 1–4
origen,works,1Cor,new_testament,Bible:1Cor.9.9-1Cor.9.10 Bible:Deut.25.4,"1 Cor. ix. 9, 10; cf. Deut. xxv. 4"
origen,works,Eph,new_testament,Bible:Eph.6.2-Eph.6.3 Bible:Exod.20.12,"Eph. vi. 2, 3; cf. Ex. xx. 12"
origen,works,Exod,old_testament_or_other,Bible:Exod.33.20 Bible:Exod.33.23,"Ex. xxxiii.
20, cf. 23"
origen,works,Luke,new_testament,Bible:Luke.19.14,Luke xix. 14
origen,works,Ps,old_testament_or_other,Bible:Ps.2,second Psalm
origen,works,Ps,old_testament_or_other,Bible:Ps.2.5,Ps. ii. 5
origen,works,Ezek,old_testament_or_other,Bible:Ezek.18.3,Ezek. xviii. 3
origen,works,Matt,new_testament,Bible:Matt.22.12-Matt.22.13,"Matt. xxii. 12, 13"
origen,works,Phil,new_testament,Bible:Phil.4.8-Phil.4.9,"Phil. iv. 8, 9"
origen,works,1Pet,new_testament,Bible:1Pet.3.18-1Pet.3.21,1 Pet. iii. 18–21
origen,works,Ezek,old_testament_or_other,Bible:Ezek.16.55 Bible:Ezek.16.53,"Ezek. xvi.
55, cf. 53"
origen,works,Isa,old_testament_or_other,Bible:Isa.47.14-Isa.47.15,"Isa. xlvii. 14, 15"
origen,works,Ps,old_testament_or_other,Bible:Ps.78,"seventy-eighth
Psalm"
origen,works,Ps,old_testament_or_other,Bible:Ps.78.34,Ps. lxxviii. 34
origen,works,Matt,new_testament,Bible:Matt.7.18 Bible:Matt.12.33,"Matt.
vii. 18, cf. xii. 33"
origen,works,Rom,new_testament,Bible:Rom.7.12,Rom. vii. 12
origen,works,Rom,new_testament,Bible:Rom.7.13,Rom. vii. 13
origen,works,Matt,new_testament,Bible:Matt.12.35,Matt. xii. 35
origen,works,Matt,new_testament,Bible:Matt.19.17,Matt. xix. 17
origen,works,Ps,old_testament_or_other,Bible:Ps.73.1,Ps. lxxiii. 1
origen,works,Ps,old_testament_or_other,Bible:Ps.118.2,Ps. cxviii. 2
origen,works,Lam,old_testament_or_other,Bible:Lam.3.25,Lam. iii. 25
origen,works,John,new_testament,Bible:John.17.25,John xvii. 25
origen,works,Col,new_testament,Bible:Col.1.16-Col.1.17,"Col. i. 16, 17"
origen,works,1Cor,new_testament,Bible:1Cor.11.3,1 Cor. xi. 3
origen,works,John,new_testament,Bible:John.21.25,John xxi. 25
origen,works,Matt,new_testament,Bible:Matt.26.38,Matt. xxvi. 38
origen,works,John,new_testament,Bible:John.10.18,John x. 18
origen,works,1Cor,new_testament,Bible:1Cor.6.17,1 Cor. vi. 17
origen,works,Gen,old_testament_or_other,Bible:Gen.2.24 Bible:Mark.10.8,"Gen.
ii. 24; cf. Mark x. 8"
origen,works,Ps,old_testament_or_other,Bible:Ps.45.7,Ps. xlv. 7
origen,works,Col,new_testament,Bible:Col.2.9,Col. ii. 9
origen,works,Isa,old_testament_or_other,Bible:Isa.53.9,Isa. liii. 9
origen,works,Heb,new_testament,Bible:Heb.4.15,Heb. iv. 15
origen,works,John,new_testament,Bible:John.8.46,John viii. 46
origen,works,John,new_testament,Bible:John.14.30,John xiv. 30
origen,works,Isa,old_testament_or_other,Bible:Isa.8.4,chap. viii. 4
origen,works,Isa,old_testament_or_other,Bible:Isa.7.16,"chap. vii.
16"
origen,works,Song,old_testament_or_other,Bible:Song.1.3 Bible:Ps.45.8,Song of Sol. i. 3 or to Ps. xlv. 8
origen,works,Lam,old_testament_or_other,Bible:Lam.4.20,Lam. iv. 20
origen,works,Ps,old_testament_or_other,Bible:Ps.89.50-Ps.89.51,"Ps. lxxxix. 50, 51"
origen,works,Col,new_testament,Bible:Col.3.3,Col. iii. 3
origen,works,Heb,new_testament,Bible:Heb.8.5,Heb. viii. 5
origen,works,Job,old_testament_or_other,Bible:Job.8.9,Job viii. 9
origen,works,2Cor,new_testament,Bible:2Cor.5.16,2 Cor. v. 16
origen,works,Titus,new_testament,Bible:Titus.3.10,Tit. iii. 10
origen,works,Joel,old_testament_or_other,Bible:Joel.2.28,Joel ii. 28
origen,works,Ps,old_testament_or_other,Bible:Ps.72.11,Ps. lxxii. 11
origen,works,1Tim,new_testament,Bible:1Tim.4.1-1Tim.4.3,1 Tim. iv. 1–3
origen,works,2Cor,new_testament,Bible:2Cor.12.4,2 Cor. xii. 4
origen,works,1Cor,new_testament,Bible:1Cor.10.23,1 Cor. x. 23
origen,works,1John,new_testament,Bible:1John.2.1-1John.2.2,"1 John ii. 1, 2"
origen,works,Gen,old_testament_or_other,Bible:Gen.1.21,Gen. i. 21
origen,works,Lev,old_testament_or_other,Bible:Lev.17.14,Lev. xvii. 14
origen,works,Gen,old_testament_or_other,Bible:Gen.1.24,Gen. i. 24
origen,works,Lev,old_testament_or_other,Bible:Lev.17.10,Lev. xvii. 10
origen,works,Isa,old_testament_or_other,Bible:Isa.1.13-Isa.1.14,"Isa. i. 13, 14"
origen,works,Ps,old_testament_or_other,Bible:Ps.22,twenty-second Psalm
origen,works,Ps,old_testament_or_other,Bible:Ps.22.19-Ps.22.20,"Ps. xxii. 19, 20"
origen,works,1Cor,new_testament,Bible:1Cor.14.15,1 Cor. xiv. 15
origen,works,1Pet,new_testament,Bible:1Pet.1.9,1 Pet. i. 9
origen,works,Ps,old_testament_or_other,Bible:Ps.104.4 Bible:Heb.1.7,"Ps.
civ. 4; cf. Heb. i. 7"
origen,works,Exod,old_testament_or_other,Bible:Exod.3.2,Ex. iii. 2
origen,works,Rom,new_testament,Bible:Rom.12.11,Rom. xii. 11
origen,works,Jer,old_testament_or_other,Bible:Jer.1.9,Jer. i. 9
origen,works,Matt,new_testament,Bible:Matt.24.12,Matt. xxiv. 12
origen,works,Ezek,old_testament_or_other,Bible:Ezek.32.2,Ezek. xxxii. 2
origen,works,Isa,old_testament_or_other,Bible:Isa.27.1,Isa. xxvii. 1
origen,works,Amos,old_testament_or_other,Bible:Amos.9.3,Amos ix. 3
origen,works,Job,old_testament_or_other,Bible:Job.41.34,Job xli. 34
origen,works,Jer,old_testament_or_other,Bible:Jer.1.14,Jer. i. 14
origen,works,Sir,deuterocanonical,Bible:Sir.43.20,Ecclus. xliii. 20
origen,works,Sir,deuterocanonical,Bible:Sir.6.4,"Ecclus.
vi. 4"
origen,works,Ezek,old_testament_or_other,Bible:Ezek.18.4 Bible:Ezek.18.20,"Ezek. xviii.
4, cf. 20"
origen,works,Ezek,old_testament_or_other,Bible:Ezek.18.4 Bible:Ezek.18.19,"Ezek. xviii. 4, 19"
origen,works,Ps,old_testament_or_other,Bible:Ps.116.7,Ps. cxvi. 7
origen,works,John,new_testament,Bible:John.12.27,John xii. 27
origen,works,Ps,old_testament_or_other,Bible:Ps.44.19,Ps. xliv. 19
origen,works,Wis,deuterocanonical,Bible:Wis.11.20,Wisdom xi. 20
origen,works,Gen,old_testament_or_other,Bible:Gen.1.1,Gen. i. 1
origen,works,1Cor,new_testament,Bible:1Cor.15.41,1 Cor. xv. 41
origen,works,Col,new_testament,Bible:Col.1.16,Col. i. 16
origen,works,John,new_testament,Bible:John.1.1-John.1.2,"John i. 1, 2"
origen,works,Rom,new_testament,Bible:Rom.9.11-Rom.9.12,"Rom. ix. 11, 12"
origen,works,2Tim,new_testament,Bible:2Tim.2.20,2 Tim. ii. 20
origen,works,2Tim,new_testament,Bible:2Tim.2.21,2 Tim. ii. 21
origen,works,1Cor,new_testament,Bible:1Cor.15.44,1 Cor. xv. 44
origen,works,1Cor,new_testament,Bible:1Cor.15.39-1Cor.15.42,1 Cor. xv. 39–42
origen,works,Isa,old_testament_or_other,Bible:Isa.50.11,Isa. l. 11
origen,works,1Cor,new_testament,Bible:1Cor.3.12,1 Cor. iii. 12
origen,works,Rom,new_testament,Bible:Rom.2.15-Rom.2.16,"Rom. ii. 15, 16"
origen,works,Deut,old_testament_or_other,Bible:Deut.28,"Deut.
xxviii"
origen,works,Jer,old_testament_or_other,Bible:Jer.25.15-Jer.25.16,"Jer. xxv. 15, 16"
origen,works,Jer,old_testament_or_other,Bible:Jer.25.28-Jer.25.29,"Jer. xxv. 28, 29"
origen,works,Isa,old_testament_or_other,Bible:Isa.4.4,Isa. iv. 4
origen,works,Isa,old_testament_or_other,Bible:Isa.10.17 Bible:Isa.66.16,"Isa. x.
17, cf. lxvi. 16"
origen,works,Mal,old_testament_or_other,Bible:Mal.3.3,Mal. iii. 3
origen,works,Matt,new_testament,Bible:Matt.26.29,Matt. xxvi. 29
origen,works,Matt,new_testament,Bible:Matt.5.6,Matt. v. 6
origen,works,Luke,new_testament,Bible:Luke.19.19 Bible:Luke.19.17,"Luke xix. 19
and 17"
origen,works,Prov,old_testament_or_other,Bible:Prov.9.1-Prov.9.5,Prov. ix. 1–5
origen,works,Deut,old_testament_or_other,Bible:Deut.8.3,Deut. viii. 3
origen,works,Luke,new_testament,Bible:Luke.19.26 Bible:Matt.25.29,Luke xix. 26; cf. Matt. xxv. 29
origen,works,Eph,new_testament,Bible:Eph.2.2,Eph. ii. 2
origen,works,1Thess,new_testament,Bible:1Thess.4.17,1 Thess. iv. 17
origen,works,John,new_testament,Bible:John.17.24,John xvii. 24
origen,works,Mic,old_testament_or_other,Bible:Mic.6.8,Mic. vi. 8
origen,works,Deut,old_testament_or_other,Bible:Deut.30.15,Deut. xxx. 15
origen,works,Isa,old_testament_or_other,Bible:Isa.1.19-Isa.1.20,"Isa. i. 19, 20"
origen,works,Ps,old_testament_or_other,Bible:Ps.81.13-Ps.81.14,"Ps. lxxxi. 13, 14"
origen,works,Matt,new_testament,Bible:Matt.5.39,Matt. v. 39
origen,works,Matt,new_testament,Bible:Matt.5.22,Matt. v. 22
origen,works,Matt,new_testament,Bible:Matt.5.28,Matt. v. 28
origen,works,Matt,new_testament,Bible:Matt.7.24,Matt. vii. 24
origen,works,Matt,new_testament,Bible:Matt.7.26,Matt. vii. 26
origen,works,Matt,new_testament,Bible:Matt.25.34,Matt. xxv. 34
origen,works,Rom,new_testament,Bible:Rom.2.4-Rom.2.10,Rom. ii. 4–10
origen,works,Exod,old_testament_or_other,Bible:Exod.4.21,Ex. iv. 21
origen,works,Ezek,old_testament_or_other,Bible:Ezek.11.19-Ezek.11.20,"Ezek. xi. 19, 20"
origen,works,Mark,new_testament,Bible:Mark.4.12,Mark iv. 12
origen,works,Rom,new_testament,Bible:Rom.9.16,Rom. ix. 16
origen,works,Phil,new_testament,Bible:Phil.2.13,Phil. ii. 13
origen,works,Rom,new_testament,Bible:Rom.9.18,Rom. ix. 18
origen,works,Exod,old_testament_or_other,Bible:Exod.9.17 Bible:Exod.11.5 Bible:Exod.12.12,"Ex.
ix. 17, cf. xi. 5 and xii. 12"
origen,works,Heb,new_testament,Bible:Heb.6.7-Heb.6.8,"Heb. vi. 7, 8"
origen,works,Exod,old_testament_or_other,Bible:Exod.8.27-Exod.8.29,Ex. viii. 27–29
origen,works,Rom,new_testament,Bible:Rom.2.4-Rom.2.5,"Rom. ii. 4, 5"
origen,works,Isa,old_testament_or_other,Bible:Isa.63.17-Isa.63.18,"Isa. lxiii. 17, 18"
origen,works,Jer,old_testament_or_other,Bible:Jer.20.7,Jer. xx. 7
origen,works,Heb,new_testament,Bible:Heb.12.6,Heb. xii. 6
origen,works,Rom,new_testament,Bible:Rom.8.35,Rom. viii. 35
origen,works,Luke,new_testament,Bible:Luke.18.14,Luke xviii. 14
origen,works,1Cor,new_testament,Bible:1Cor.1.29,1 Cor. i. 29
origen,works,Matt,new_testament,Bible:Matt.13.5-Matt.13.6,"Matt. xiii. 5, 6"
origen,works,Wis,deuterocanonical,Bible:Wis.7.16,Wisd. vii. 16
origen,works,Ps,old_testament_or_other,Bible:Ps.127.1,Ps. cxxvii. 1
origen,works,1Cor,new_testament,Bible:1Cor.3.6-1Cor.3.7,"1 Cor. iii. 6, 7"
origen,works,Rom,new_testament,Bible:Rom.9.18-Rom.9.21,Rom. ix. 18–21
origen,works,2Tim,new_testament,Bible:2Tim.1.16-2Tim.1.18,2 Tim. i. 16–18
origen,works,2Cor,new_testament,Bible:2Cor.5.10,2 Cor. v. 10
origen,works,2Tim,new_testament,Bible:2Tim.2.20-2Tim.2.21,"2 Tim. ii. 20, 21"
origen,works,Exod,old_testament_or_other,Bible:Exod.19.19,Ex. xix. 19
origen,works,Deut,old_testament_or_other,Bible:Deut.30.15-Deut.30.16 Bible:Deut.30.19,"Deut.
xxx. 15, 16, cf. 19"
origen,works,Matt,new_testament,Bible:Matt.25.41,Matt. xxv. 41
origen,works,Exod,old_testament_or_other,Bible:Exod.4.21 Bible:Exod.7.3,"Ex. iv. 21,
cf. vii. 3"
origen,works,Luke,new_testament,Bible:Luke.8.10,Luke viii.  10
origen,works,Gal,new_testament,Bible:Gal.5.8,Gal. v. 8
origen,works,Rom,new_testament,Bible:Rom.9.20-Rom.9.21,"Rom. ix. 20, 21"
origen,works,Exod,old_testament_or_other,Bible:Exod.4.23 Bible:Exod.9.17,Ex. iv. 23 and ix. 17
origen,works,Exod,old_testament_or_other,Bible:Exod.12.12,Ex. xii. 12
origen,works,Exod,old_testament_or_other,Bible:Exod.8.28-Exod.8.29,"Ex. viii. 28, 29"
origen,works,Luke,new_testament,Bible:Luke.14.11,Luke xiv. 11
origen,works,Gen,old_testament_or_other,Bible:Gen.3,Gen. iii
origen,works,Gen,old_testament_or_other,Bible:Gen.22.12,Gen. xxii. 12
origen,works,Exod,old_testament_or_other,Bible:Exod.4.24-Exod.4.26,Ex. iv. 24–26
origen,works,Exod,old_testament_or_other,Bible:Exod.12.23,Ex. xii. 23
origen,works,Lev,old_testament_or_other,Bible:Lev.16.8,Lev. xvi. 8
origen,works,1Sam,old_testament_or_other,Bible:1Sam.18.10,1 Sam. xviii. 10
origen,works,1Kgs,old_testament_or_other,Bible:1Kgs.22.19-1Kgs.22.23,1 Kings xxii. 19–23
origen,works,1Chr,old_testament_or_other,Bible:1Chr.21.1,1 Chron. xxi. 1
origen,works,Eccl,old_testament_or_other,Bible:Eccl.10.4,Eccles. x. 4
origen,works,Zech,old_testament_or_other,Bible:Zech.3.1,Zech. iii. 1
origen,works,Ezek,old_testament_or_other,Bible:Ezek.28.12,Ezek. xxviii. 12
origen,works,John,new_testament,Bible:John.13.27,John xiii. 27
origen,works,Eph,new_testament,Bible:Eph.6.13,Eph. vi. 13
origen,works,Eph,new_testament,Bible:Eph.6.12,Eph. vi. 12
origen,works,1Cor,new_testament,Bible:1Cor.2.6,1 Cor. ii. 6
origen,works,Gal,new_testament,Bible:Gal.5.17,Gal. v. 17
origen,works,1Cor,new_testament,Bible:1Cor.10.13,1 Cor. x. 13
origen,works,Ps,old_testament_or_other,Bible:Ps.76.10,Ps. lxxvi. 10
origen,works,2Cor,new_testament,Bible:2Cor.10.5,2 Cor. x. 5
origen,works,Ps,old_testament_or_other,Bible:Ps.84.5,Ps. lxxxiv. 5
origen,works,2Cor,new_testament,Bible:2Cor.8.16,2 Cor. viii. 16
origen,works,Zech,old_testament_or_other,Bible:Zech.1.14,Zech. i. 14
origen,works,Matt,new_testament,Bible:Matt.27.63,Matt. xxvii. 63
origen,works,John,new_testament,Bible:John.13.2,John xiii. 2
origen,works,Prov,old_testament_or_other,Bible:Prov.4.23,Prov. iv. 23
origen,works,Heb,new_testament,Bible:Heb.2.1,Heb. ii. 1
origen,works,Eph,new_testament,Bible:Eph.4.27,Eph. iv. 27
origen,works,Acts,new_testament,Bible:Acts.9.15,Acts ix. 15
origen,works,John,new_testament,Bible:John.16.33,John xvi. 33
origen,works,Phil,new_testament,Bible:Phil.4.13,Phil. iv. 13
origen,works,1Cor,new_testament,Bible:1Cor.15.10,1 Cor. xv. 10
origen,works,Rom,new_testament,Bible:Rom.8.38-Rom.8.39,"Rom. viii. 38, 39"
origen,works,Ps,old_testament_or_other,Bible:Ps.27.1-Ps.27.3,Ps. xxvii. 1–3
origen,works,John,new_testament,Bible:John.19.11,John xix. 11
origen,works,Job,old_testament_or_other,Bible:Job.1.10-Job.1.11,"Job i. 10, 11"
origen,works,Matt,new_testament,Bible:Matt.10.29,Matt. x. 29
origen,works,Job,old_testament_or_other,Bible:Job.7.1,Job vii. 1
origen,works,1Cor,new_testament,Bible:1Cor.2.6-1Cor.2.8,1 Cor. ii. 6–8
origen,works,1Cor,new_testament,Bible:1Cor.2.7,1 Cor. ii. 7
origen,works,Matt,new_testament,Bible:Matt.12.42,Matt. xii. 42
origen,works,Dan,old_testament_or_other,Bible:Dan.10,Dan. x
origen,works,Ezek,old_testament_or_other,Bible:Ezek.26,Ezek. xxvi
origen,works,Ps,old_testament_or_other,Bible:Ps.2.2,Ps. ii. 2
origen,works,John,new_testament,Bible:John.19.2,John xix. 2
origen,works,Jer,old_testament_or_other,Bible:Jer.1.5-Jer.1.6,"Jer. i. 5, 6"
origen,works,1Pet,new_testament,Bible:1Pet.5.8,1 Pet. v. 8
origen,works,Rom,new_testament,Bible:Rom.7.23,Rom. vii. 23
origen,works,Gal,new_testament,Bible:Gal.5.19-Gal.5.21,Gal. v. 19–21
origen,works,1Cor,new_testament,Bible:1Cor.1.26,1 Cor. i. 26
origen,works,Rom,new_testament,Bible:Rom.8.9,Rom. viii. 9
origen,works,Rom,new_testament,Bible:Rom.1.3-Rom.1.4,"Rom. i. 3, 4"
origen,works,Rom,new_testament,Bible:Rom.8.2,Rom. viii. 2
origen,works,Gen,old_testament_or_other,Bible:Gen.4.10,Gen. iv. 10
origen,works,Rom,new_testament,Bible:Rom.8.7,Rom. viii. 7
origen,works,Gen,old_testament_or_other,Bible:Gen.49.1,Gen. xlix. 1
origen,works,Ps,old_testament_or_other,Bible:Ps.102.26-Ps.102.27,"Ps. cii. 26, 27"
origen,works,Matt,new_testament,Bible:Matt.19.4,Matt. xix. 4
origen,works,Matt,new_testament,Bible:Matt.24.35,Matt. xxiv. 35
origen,works,Isa,old_testament_or_other,Bible:Isa.66.22,Isa. lxvi. 22
origen,works,Eccl,old_testament_or_other,Bible:Eccl.1.9-Eccl.1.10,"Eccles. i. 9, 10"
origen,works,Matt,new_testament,Bible:Matt.24.21,Matt. xxiv. 21
origen,works,Eph,new_testament,Bible:Eph.1.4,Eph. i. 4
origen,works,1Cor,new_testament,Bible:1Cor.15.28,1 Cor. xv. 28
origen,works,Gen,old_testament_or_other,Bible:Gen.1.26,Gen. i. 26
origen,works,Gen,old_testament_or_other,Bible:Gen.1.27-Gen.1.28,"Gen. i. 27, 28"
origen,works,1John,new_testament,Bible:1John.3.2,1 John iii. 2
origen,works,John,new_testament,Bible:John.17.24 Bible:John.17.21,"John xvii.
24; cf. 21"
origen,works,Rom,new_testament,Bible:Rom.8.21,"Rom. viii.
21"
origen,works,John,new_testament,Bible:John.17.21,John xvii. 21
origen,works,Job,old_testament_or_other,Bible:Job.40.19,Job xl. 19
origen,works,2Cor,new_testament,Bible:2Cor.5.1,2 Cor. v. 1
origen,works,2Cor,new_testament,Bible:2Cor.4.18,2 Cor. iv. 18
origen,works,1Cor,new_testament,Bible:1Cor.2.9 Bible:Isa.64.4,"1
Cor. ii. 9; cf. Isa. lxiv., 4"
origen,works,Gen,old_testament_or_other,Bible:Gen.3.19,Gen. iii. 19
origen,works,Ps,old_testament_or_other,Bible:Ps.102.25-Ps.102.26,"Ps. cii. 25, 26"
origen,works,Exod,old_testament_or_other,Bible:Exod.25.40,Ex. xxv. 40
origen,works,Matt,new_testament,Bible:Matt.10.18,Matt. x. 18
origen,works,Matt,new_testament,Bible:Matt.24.14,Matt. xxiv. 14
origen,works,Matt,new_testament,Bible:Matt.7.22-Matt.7.23,"Matt. vii. 22, 23"
origen,works,Hos,old_testament_or_other,Bible:Hos.3.4,Hos. iii. 4
origen,works,Deut,old_testament_or_other,Bible:Deut.32,Deut. xxxii
origen,works,Deut,old_testament_or_other,Bible:Deut.32.21,Deut. xxxii. 21
origen,works,1Cor,new_testament,Bible:1Cor.1.26-1Cor.1.28,1 Cor. i. 26–28
origen,works,Ps,old_testament_or_other,Bible:Ps.45.1-Ps.45.2,"Ps. xlv. 1, 2"
origen,works,Ps,old_testament_or_other,Bible:Ps.72.7,Ps. lxxii. 7
origen,works,Ps,old_testament_or_other,Bible:Ps.72.8,Ps. lxxii. 8
origen,works,Isa,old_testament_or_other,Bible:Isa.8.8-Isa.8.9,"Isa. viii. 8, 9"
origen,works,Mic,old_testament_or_other,Bible:Mic.5.2 Bible:Matt.2.6,"Mic.
v. 2 with Matt. ii. 6"
origen,works,Dan,old_testament_or_other,Bible:Dan.9.25,Dan. ix. 25
origen,works,Job,old_testament_or_other,Bible:Job.41.1,"Job xli.
1"
origen,works,2Cor,new_testament,Bible:2Cor.4.7,2 Cor. iv. 7
origen,works,Zech,old_testament_or_other,Bible:Zech.9.10,Zech. ix. 10
origen,works,Isa,old_testament_or_other,Bible:Isa.7.15,Isa. vii. 15
origen,works,Jer,old_testament_or_other,Bible:Jer.15.14,Jer. xv. 14
origen,works,Exod,old_testament_or_other,Bible:Exod.20.5,Ex. xx. 5
origen,works,1Sam,old_testament_or_other,Bible:1Sam.15.11,1 Sam. xv. 11
origen,works,Isa,old_testament_or_other,Bible:Isa.45.7,Isa. xlv. 7
origen,works,Amos,old_testament_or_other,Bible:Amos.3.6,Amos iii. 6
origen,works,Mic,old_testament_or_other,Bible:Mic.1.12,Mic. i. 12
origen,works,1Sam,old_testament_or_other,Bible:1Sam.16.14 Bible:1Sam.18.10,1 Sam. xvi. 14; xviii. 10
origen,works,1Cor,new_testament,Bible:1Cor.2.16 Bible:1Cor.2.12 Bible:1Cor.2.13,"1 Cor.
ii. 16 and 12, 13"
origen,works,Luke,new_testament,Bible:Luke.11.52,Luke xi. 52
origen,works,Prov,old_testament_or_other,Bible:Prov.22.20-Prov.22.21,"Prov. xxii. 20, 21"
origen,works,1Cor,new_testament,Bible:1Cor.2.6-1Cor.2.7,"1 Cor. ii. 6, 7"
origen,works,1Cor,new_testament,Bible:1Cor.9.9 Bible:Deut.25.4,1 Cor. ix. 9 and Deut. xxv. 4
origen,works,1Cor,new_testament,Bible:1Cor.9.9-1Cor.9.10,"1 Cor. ix. 9, 10"
origen,works,1Cor,new_testament,Bible:1Cor.10.11,1 Cor. x. 11
origen,works,1Cor,new_testament,Bible:1Cor.10.4,1 Cor. x. 4
origen,works,Exod,old_testament_or_other,Bible:Exod.25.40 Bible:Heb.8.5,Ex. xxv. 40 and Heb. viii. 5
origen,works,Gal,new_testament,Bible:Gal.4.21-Gal.4.24,Gal. iv. 21–24
origen,works,Col,new_testament,Bible:Col.2.16,Col. ii. 16
origen,works,Rom,new_testament,Bible:Rom.11.4 Bible:1Kgs.19.18,Rom. xi. 4; cf. 1 Kings xix. 18
origen,works,Gen,old_testament_or_other,Bible:Gen.17.14,Gen. xvii. 14
origen,works,Deut,old_testament_or_other,Bible:Deut.14.5,Deut. xiv. 5
origen,works,Lev,old_testament_or_other,Bible:Lev.11.13,Lev. xi. 13
origen,works,Exod,old_testament_or_other,Bible:Exod.16.29,Ex. xvi. 29
origen,works,Jer,old_testament_or_other,Bible:Jer.17.21,Jer. xvii. 21
origen,works,Luke,new_testament,Bible:Luke.10.4,Luke x. 4
origen,works,1Cor,new_testament,Bible:1Cor.7.18,1 Cor. vii. 18
origen,works,Gen,old_testament_or_other,Bible:Gen.48.22 Bible:Josh.24.32,"Gen. xlviii. 22 and Josh. xxiv.
32"
origen,works,Exod,old_testament_or_other,Bible:Exod.20.12 Bible:Eph.6.2-Eph.6.3,"Ex. xx. 12 and Eph. vi. 2, 3"
origen,works,Exod,old_testament_or_other,Bible:Exod.20.13-Exod.20.16,Ex. xx. 13–16
origen,works,1Thess,new_testament,Bible:1Thess.5.14,1 Thess. v. 14
origen,works,1Cor,new_testament,Bible:1Cor.10.18,1 Cor. x. 18
origen,works,Rom,new_testament,Bible:Rom.9.6,Rom. ix. 6
origen,works,Matt,new_testament,Bible:Matt.15.24,Matt. xv. 24
origen,works,Gal,new_testament,Bible:Gal.4.26,Gal. iv. 26
origen,works,Heb,new_testament,Bible:Heb.12.22-Heb.12.23,"Heb. xii. 22, 23"
origen,works,Ps,old_testament_or_other,Bible:Ps.30.3,Ps. xxx. 3.
origen,works,Deut,old_testament_or_other,Bible:Deut.32.22,Deut. xxxii.  22
origen,works,Matt,new_testament,Bible:Matt.13.44,Matt. xiii. 44
origen,works,Job,old_testament_or_other,Bible:Job.40 Bible:Job.41,Job xl. and xli
origen,works,Luke,new_testament,Bible:Luke.10.19,Luke x. 19
origen,works,1Cor,new_testament,Bible:1Cor.2.4,1 Cor. ii. 4
origen,works,Isa,old_testament_or_other,Bible:Isa.11.6-Isa.11.7,"Isa. xi. 6, 7"
origen,works,1Cor,new_testament,Bible:1Cor.2.12-1Cor.2.13 Bible:1Cor.2.16,"1 Cor.
ii. 12, 13, and 16"
origen,works,1Cor,new_testament,Bible:1Cor.2.6-1Cor.2.8,"1 Cor. ii. 6, 7, 8"
origen,works,John,new_testament,Bible:John.5.39,John v. 39
origen,works,Rom,new_testament,Bible:Rom.9.6 Bible:Rom.9.8,"Rom. ix. 6, 8"
origen,works,Rom,new_testament,Bible:Rom.2.28-Rom.2.29,"Rom. ii. 28, 29"
origen,works,Rom,new_testament,Bible:Rom.9.8,Rom. ix. 8
origen,works,Isa,old_testament_or_other,Bible:Isa.45.3,Isa. xlv. 3
origen,works,Gen,old_testament_or_other,Bible:Gen.32.28-Gen.32.30,Gen. xxxii. 28–30
origen,works,Rev,new_testament,Bible:Rev.14.6,Rev. xiv. 6
origen,works,Ps,old_testament_or_other,Bible:Ps.45.13,"Ps. xlv.
13"
origen,works,Rom,new_testament,Bible:Rom.11.33,Rom. xi. 33
origen,works,Eccl,old_testament_or_other,Bible:Eccl.7.23-Eccl.7.24,"Eccles. vii. 23, 24"
origen,works,Isa,old_testament_or_other,Bible:Isa.41.22-Isa.41.23,"Isa. xli. 22, 23"
origen,works,Sir,deuterocanonical,Bible:Sir.16.21,Ecclus. xvi. 21
origen,works,Gal,new_testament,Bible:Gal.2.20,Gal. ii. 20
origen,works,Matt,new_testament,Bible:Matt.22.30 Bible:Luke.20.36,Matt. xxii. 30 and Luke xx. 36
origen,works,John,new_testament,Bible:John.1.26-John.1.27,"John i. 26, 27"
origen,works,Job,old_testament_or_other,Bible:Job.15.14,Job xv. 14
origen,works,Col,new_testament,Bible:Col.3.3-Col.3.4,"Col. iii. 3, 4"
origen,works,1John,new_testament,Bible:1John.2.6,1 John ii. 6
origen,works,2Cor,new_testament,Bible:2Cor.13.4,2 Cor. xiii. 4
origen,works,1Cor,new_testament,Bible:1Cor.2.2,1 Cor. ii. 2
origen,works,Phil,new_testament,Bible:Phil.2.6-Phil.2.7,"Phil. ii. 6, 7"
origen,works,Isa,old_testament_or_other,Bible:Isa.10.17,Isa. x. 17
origen,works,Wis,deuterocanonical,Bible:Wis.11.17,Wisd. xi. 17
origen,works,Gen,old_testament_or_other,Bible:Gen.1.2,Gen. i. 2
origen,works,Ps,old_testament_or_other,Bible:Ps.139.16,Ps. cxxxix. 16
origen,works,Ps,old_testament_or_other,Bible:Ps.22.27,Ps. xxii. 27
origen,works,2Cor,new_testament,Bible:2Cor.4.4,2 Cor. iv. 4
origen,works,Luke,new_testament,Bible:Luke.6.36,Luke vi. 36
origen,works,Matt,new_testament,Bible:Matt.5.48,Matt. v. 48
origen,works,Tob,deuterocanonical,Bible:Tob.2.3,Tob. ii. 3
origen,works,1Cor,new_testament,Bible:1Cor.6.20 Bible:Rom.14.15,1 Cor. vi. 20; Rom. xiv. 15
origen,works,Rom,new_testament,Bible:Rom.8.32,Rom. viii. 32
origen,works,Prov,old_testament_or_other,Bible:Prov.22.28,Prov. xxii. 28
origen,works,Jer,old_testament_or_other,Bible:Jer.29.22-Jer.29.23,"Jer. xxix. 22, 23"
origen,works,Luke,new_testament,Bible:Luke.12.45-Luke.12.46,"Luke xii. 45, 46"
origen,works,Sus,deuterocanonical,Bible:Sus.1.52 Bible:Sus.1.53,"Susanna 52, 53"
origen,works,Sus,deuterocanonical,Bible:Sus.1.56,Susanna 56
origen,works,Heb,new_testament,Bible:Heb.11.37,Heb. xi. 37
origen,works,Matt,new_testament,Bible:Matt.23.29-Matt.23.38,Matt. xxiii. 29–38
origen,works,Matt,new_testament,Bible:Matt.23.30,Matt. xxiii. 30
origen,works,Acts,new_testament,Bible:Acts.7.52,Acts vii. 52
origen,works,1Thess,new_testament,Bible:1Thess.2.14-1Thess.2.15,"1 Thess. ii. 14, 15"
origen,works,Isa,old_testament_or_other,Bible:Isa.1.10,Isa. i. 10
origen,works,Heb,new_testament,Bible:Heb.1.1,Heb. i. 1
origen,works,Gen,old_testament_or_other,Bible:Gen.31.10-Gen.31.13,Gen. xxxi. 10–13
origen,works,Gen,old_testament_or_other,Bible:Gen.32.24-Gen.32.31,Gen. xxxii. 24–31
origen,works,Gen,old_testament_or_other,Bible:Gen.49.1-Gen.49.4,Gen. xlix. 1–4
origen,works,1Kgs,old_testament_or_other,Bible:1Kgs.3.16-1Kgs.3.28,1 Kings iii. 16–28
origen,works,1Kgs,old_testament_or_other,Bible:1Kgs.3.28,1 Kings iii. 28
origen,works,Ps,old_testament_or_other,Bible:Ps.116.13,Ps. cxvi. 13
origen,works,Ps,old_testament_or_other,Bible:Ps.1.1,Ps. i. 1
origen,works,Tob,deuterocanonical,Bible:Tob.1.12-Tob.1.14,Tob. i. 12–14
origen,works,Tob,deuterocanonical,Bible:Tob.1.19,Tob. i. 19
origen,works,Tob,deuterocanonical,Bible:Tob.1.22,Tob. i. 22
origen,works,Isa,old_testament_or_other,Bible:Isa.2.2-Isa.2.4,Isa. ii. 2–4
origen,works,Mic,old_testament_or_other,Bible:Mic.4.1-Mic.4.3,Mic. iv. 1–3
origen,works,1Chr,old_testament_or_other,Bible:1Chr.16.8,1 Chron. xvi. 8
origen,works,Ps,old_testament_or_other,Bible:Ps.105,Psalm cv.
origen,works,Ps,old_testament_or_other,Bible:Ps.96,Psalm xcvi
origen,works,Exod,old_testament_or_other,Bible:Exod.35.2 Bible:Num.15.32 Bible:Jer.17.21-Jer.17.24,"Ex. xxxv. 2; Num. xv. 32; Jer. xvii.
21–24"
origen,works,Ezek,old_testament_or_other,Bible:Ezek.43 Bible:Ezek.44 Bible:Ezek.45 Bible:Ezek.46,"Ezek. xliii.;
xliv.; xlv.; xlvi"
origen,works,1Kgs,old_testament_or_other,Bible:1Kgs.11.14,1 Kings xi. 14
origen,works,1Kgs,old_testament_or_other,Bible:1Kgs.12.28,1 Kings xii. 28
origen,works,John,new_testament,Bible:John.10.3,John x. 3
origen,works,Matt,new_testament,Bible:Matt.7.7,Matt. vii. 7
origen,works,Luke,new_testament,Bible:Luke.11.9,Luke xi. 9
origen,works,Heb,new_testament,Bible:Heb.3.14,Heb. iii. 14
origen,against_celsus,Matt,new_testament,Bible:Matt.26.59-Matt.26.63,Matt. xxvi. 59–63
origen,against_celsus,Matt,new_testament,Bible:Matt.27.11-Matt.27.14,Matt. xxvii. 11–14
origen,against_celsus,Matt,new_testament,Bible:Matt.27.17,Matt. xxvii. 17
origen,against_celsus,Matt,new_testament,Bible:Matt.27.18,Matt. xxvii. 18
origen,against_celsus,Rom,new_testament,Bible:Rom.8.35-Rom.8.37,Rom. viii. 35–37
origen,against_celsus,Rom,new_testament,Bible:Rom.8.38-Rom.8.39,"Rom. viii. 38, 39"
origen,against_celsus,Rom,new_testament,Bible:Rom.8.37,Rom. viii. 37
origen,against_celsus,Col,new_testament,Bible:Col.2.8,Col. ii. 8
origen,against_celsus,Jer,old_testament_or_other,Bible:Jer.20.7,Jer. xx. 7
origen,against_celsus,Rom,new_testament,Bible:Rom.14.1,Rom. xiv. 1
origen,against_celsus,Matt,new_testament,Bible:Matt.7.22,Matt. vii. 22
origen,against_celsus,1Cor,new_testament,Bible:1Cor.3.18-1Cor.3.19,"1 Cor. iii. 18, 19"
origen,against_celsus,1Cor,new_testament,Bible:1Cor.1.23-1Cor.1.24,"1 Cor. i. 23, 24"
origen,against_celsus,Ps,old_testament_or_other,Bible:Ps.102.27,Ps. cii. 27
origen,against_celsus,Mal,old_testament_or_other,Bible:Mal.3.6,Mal. iii. 6
origen,against_celsus,Lev,old_testament_or_other,Bible:Lev.19.31,Lev. xix. 31
origen,against_celsus,Isa,old_testament_or_other,Bible:Isa.7.10-Isa.7.14 Bible:Matt.1.23,"Isa. vii. 10–14 with Matt. i.
23"
origen,against_celsus,Deut,old_testament_or_other,Bible:Deut.22.23-Deut.22.24,"Deut. xxii. 23, 24"
origen,against_celsus,Isa,old_testament_or_other,Bible:Isa.7.11,Isa. vii. 11
origen,against_celsus,Isa,old_testament_or_other,Bible:Isa.7.14,Isa. vii. 14
origen,against_celsus,Eph,new_testament,Bible:Eph.4.10,Eph. iv. 10
origen,against_celsus,Deut,old_testament_or_other,Bible:Deut.18.14,Deut. xviii. 14
origen,against_celsus,Deut,old_testament_or_other,Bible:Deut.18.15,Deut. xviii. 15
origen,against_celsus,1Sam,old_testament_or_other,Bible:1Sam.9.10,1 Sam. ix. 10
origen,against_celsus,1Kgs,old_testament_or_other,Bible:1Kgs.14.12,1 Kings xiv. 12
origen,against_celsus,2Kgs,old_testament_or_other,Bible:2Kgs.1.3,2 Kings i. 3
origen,against_celsus,Ezek,old_testament_or_other,Bible:Ezek.1.1,Ezek. i. 1
origen,against_celsus,Ezek,old_testament_or_other,Bible:Ezek.1.28 Bible:Ezek.2.1,Ezek. i. 28 and ii. 1
origen,against_celsus,Isa,old_testament_or_other,Bible:Isa.6.1-Isa.6.2,"Isa. vi. 1, 2"
origen,against_celsus,Isa,old_testament_or_other,Bible:Isa.48.16,Isa. xlviii. 16
origen,against_celsus,Gal,new_testament,Bible:Gal.1.19,Gal. i. 19
origen,against_celsus,Prov,old_testament_or_other,Bible:Prov.2.5,Prov. ii. 5
origen,against_celsus,2Cor,new_testament,Bible:2Cor.2.15,2 Cor. ii. 15
origen,against_celsus,1John,new_testament,Bible:1John.1.1,1 John i. 1
origen,against_celsus,Ezek,old_testament_or_other,Bible:Ezek.3.2-Ezek.3.3,"Ezek. iii. 2, 3"
origen,against_celsus,Gen,old_testament_or_other,Bible:Gen.27.27,Gen. xxvii. 27
origen,against_celsus,Matt,new_testament,Bible:Matt.8.3,Matt. viii. 3
origen,against_celsus,John,new_testament,Bible:John.1.32-John.1.34,John i. 32–34
origen,against_celsus,John,new_testament,Bible:John.1.51,John i. 51
origen,against_celsus,2Cor,new_testament,Bible:2Cor.12.2,2 Cor. xii. 2
origen,against_celsus,Matt,new_testament,Bible:Matt.17.9,Matt. xvii. 9
origen,against_celsus,John,new_testament,Bible:John.5.31,John v. 31
origen,against_celsus,John,new_testament,Bible:John.10.24,John x. 24
origen,against_celsus,Mic,old_testament_or_other,Bible:Mic.5.2,Mic. v. 2.
origen,against_celsus,Matt,new_testament,Bible:Matt.2.6,Matt. ii. 6
origen,against_celsus,John,new_testament,Bible:John.7.42,John vii. 42
origen,against_celsus,Matt,new_testament,Bible:Matt.28.13-Matt.28.14,"Matt. xxviii. 13, 14"
origen,against_celsus,Gen,old_testament_or_other,Bible:Gen.49.10,Gen. xlix. 10
origen,against_celsus,Isa,old_testament_or_other,Bible:Isa.42.4,Isa. xlii. 4
origen,against_celsus,Isa,old_testament_or_other,Bible:Isa.49.8-Isa.49.9,"Isa. xlix. 8, 9"
origen,against_celsus,Isa,old_testament_or_other,Bible:Isa.49.9,Isa. xlix. 9
origen,against_celsus,Isa,old_testament_or_other,Bible:Isa.52.13-Isa.52.15,Isa. lii. 13–15
origen,against_celsus,Isa,old_testament_or_other,Bible:Isa.53.1-Isa.53.8,Isa. liii. 1–8
origen,against_celsus,Col,new_testament,Bible:Col.2.15,Col. ii. 15
origen,against_celsus,Ps,old_testament_or_other,Bible:Ps.45,forty-fifth Psalm
origen,against_celsus,Ps,old_testament_or_other,Bible:Ps.45.2-Ps.45.5,Ps. xlv. 2–5
origen,against_celsus,Ps,old_testament_or_other,Bible:Ps.45.6-Ps.45.7,"Ps. xlv. 6, 7"
origen,against_celsus,Rom,new_testament,Bible:Rom.8.15,Rom. viii. 15
origen,against_celsus,Acts,new_testament,Bible:Acts.5.38-Acts.5.39,"Acts v. 38, 39"
origen,against_celsus,Num,old_testament_or_other,Bible:Num.24.17,Num. xxiv. 17
origen,against_celsus,John,new_testament,Bible:John.18.36,John xviii. 36
origen,against_celsus,Mark,new_testament,Bible:Mark.3.18 Bible:Matt.10.3,"Mark
iii. 18 with Matt. x. 3"
origen,against_celsus,Matt,new_testament,Bible:Matt.4.19,Matt. iv. 19
origen,against_celsus,1Cor,new_testament,Bible:1Cor.2.4-1Cor.2.5,"1 Cor. ii. 4, 5"
origen,against_celsus,Ps,old_testament_or_other,Bible:Ps.68.11,Ps. lxviii. 11
origen,against_celsus,Ps,old_testament_or_other,Bible:Ps.147.15,Ps. cxlvii. 15
origen,against_celsus,Ps,old_testament_or_other,Bible:Ps.19.4,Ps. xix. 4
origen,against_celsus,Matt,new_testament,Bible:Matt.9.37-Matt.9.38,"Matt. ix. 37, 38"
origen,against_celsus,Luke,new_testament,Bible:Luke.5.8,Luke v. 8
origen,against_celsus,1Tim,new_testament,Bible:1Tim.1.15,1 Tim. i. 15
origen,against_celsus,Titus,new_testament,Bible:Titus.3.3-Titus.3.6,Tit. iii. 3–6
origen,against_celsus,Ps,old_testament_or_other,Bible:Ps.107.20,Ps. cvii. 20
origen,against_celsus,Matt,new_testament,Bible:Matt.10.23,Matt. x. 23
origen,against_celsus,John,new_testament,Bible:John.14.6,John xiv. 6
origen,against_celsus,John,new_testament,Bible:John.8.40,John viii. 40
origen,against_celsus,Matt,new_testament,Bible:Matt.1.20,Matt. i. 20
origen,against_celsus,Matt,new_testament,Bible:Matt.2.13,Matt. ii. 13
origen,against_celsus,1Pet,new_testament,Bible:1Pet.2.22 Bible:2Cor.5.21,1 Pet. ii. 22; 2 Cor. v. 21
origen,against_celsus,Ps,old_testament_or_other,Bible:Ps.54.5,Ps. liv. 5
origen,against_celsus,Acts,new_testament,Bible:Acts.10.9-Acts.10.15,Acts x. 9–15
origen,against_celsus,Gal,new_testament,Bible:Gal.2.12,Gal. ii. 12
origen,against_celsus,Acts,new_testament,Bible:Acts.21.26,Acts xxi. 26
origen,against_celsus,John,new_testament,Bible:John.16.12-John.16.13,"John xvi. 12, 13"
origen,against_celsus,Gal,new_testament,Bible:Gal.4.21-Gal.4.22 Bible:Gal.4.24,"Gal. iv. 21, 22, 24"
origen,against_celsus,1Cor,new_testament,Bible:1Cor.9.8-1Cor.9.10,1 Cor. ix. 8–10
origen,against_celsus,Rom,new_testament,Bible:Rom.16.25-Rom.16.26,"Rom. xvi. 25, 26"
origen,against_celsus,John,new_testament,Bible:John.5.46-John.5.47,"John v. 46, 47"
origen,against_celsus,Mark,new_testament,Bible:Mark.1.1-Mark.1.2,"Mark i. 1, 2"
origen,against_celsus,Ps,old_testament_or_other,Bible:Ps.78.2,Ps. lxxviii. 2
origen,against_celsus,Ps,old_testament_or_other,Bible:Ps.119.18,Ps. cxix. 18
origen,against_celsus,Matt,new_testament,Bible:Matt.11.29,Matt. xi. 29
origen,against_celsus,John,new_testament,Bible:John.13.8,John xiii. 8
origen,against_celsus,Luke,new_testament,Bible:Luke.22.27,Luke xxii. 27
origen,against_celsus,Isa,old_testament_or_other,Bible:Isa.6.9,Isa. vi. 9
origen,against_celsus,Matt,new_testament,Bible:Matt.26.38,Matt. xxvi. 38
origen,against_celsus,Ps,old_testament_or_other,Bible:Ps.148.5,Ps. cxlviii. 5
origen,against_celsus,John,new_testament,Bible:John.1.26,John i. 26
origen,against_celsus,Matt,new_testament,Bible:Matt.18.20,Matt. xviii. 20
origen,against_celsus,Matt,new_testament,Bible:Matt.28.20,Matt. xxviii. 20
origen,against_celsus,1Cor,new_testament,Bible:1Cor.6.17,1 Cor. vi. 17
origen,against_celsus,Matt,new_testament,Bible:Matt.12.24,Matt. xii. 24
origen,against_celsus,Matt,new_testament,Bible:Matt.26.61,Matt. xxvi. 61
origen,against_celsus,John,new_testament,Bible:John.18.4,John xviii. 4
origen,against_celsus,Matt,new_testament,Bible:Matt.26.52-Matt.26.54,Matt. xxvi. 52–54
origen,against_celsus,Matt,new_testament,Bible:Matt.27.3-Matt.27.5,Matt. xxvii. 3–5
origen,against_celsus,Ps,old_testament_or_other,Bible:Ps.108,108th
origen,against_celsus,Ps,old_testament_or_other,Bible:Ps.109.1-Ps.109.2,"Ps. cix. 1, 2"
origen,against_celsus,Ps,old_testament_or_other,Bible:Ps.109.8,Ps. cix. 8
origen,against_celsus,Matt,new_testament,Bible:Matt.10.18,Matt. x. 18
origen,against_celsus,Matt,new_testament,Bible:Matt.24.14,Matt. xxiv. 14
origen,against_celsus,Luke,new_testament,Bible:Luke.21.20,Luke xxi. 20
origen,against_celsus,John,new_testament,Bible:John.10.18,John x. 18
origen,against_celsus,John,new_testament,Bible:John.19.32-John.19.33,"John xix. 32, 33"
origen,against_celsus,Rom,new_testament,Bible:Rom.6.9,Rom. vi. 9
origen,against_celsus,Ps,old_testament_or_other,Bible:Ps.108,Ps. cviii
origen,against_celsus,Matt,new_testament,Bible:Matt.26.23,Matt. xxvi. 23
origen,against_celsus,Matt,new_testament,Bible:Matt.26.39,Matt. xxvi. 39
origen,against_celsus,Deut,old_testament_or_other,Bible:Deut.32.39,Deut. xxxii. 39
origen,against_celsus,1Cor,new_testament,Bible:1Cor.2.6,1 Cor. ii. 6
origen,against_celsus,Hag,old_testament_or_other,Bible:Hag.2.7,"Haggai (ii.
7)"
origen,against_celsus,Matt,new_testament,Bible:Matt.27.51-Matt.27.52 Bible:Luke.23.44-Luke.23.45,"Matt. xxvii. 51, 52; cf. Luke xxiii. 44,
45"
origen,against_celsus,Matt,new_testament,Bible:Matt.27.19,Matt. xxvii. 19
origen,against_celsus,John,new_testament,Bible:John.19.34-John.19.35,"John xix. 34, 35"
origen,against_celsus,Matt,new_testament,Bible:Matt.27.54,Matt. xxvii. 54
origen,against_celsus,Ps,old_testament_or_other,Bible:Ps.69,sixty-ninth Psalm
origen,against_celsus,Ps,old_testament_or_other,Bible:Ps.69.21,Ps. lxix. 21
origen,against_celsus,John,new_testament,Bible:John.21.18-John.21.19,"John xxi. 18, 19"
origen,against_celsus,Acts,new_testament,Bible:Acts.5.41,Acts v. 41
origen,against_celsus,Isa,old_testament_or_other,Bible:Isa.35.5-Isa.35.6,"Isa. xxxv. 5, 6"
origen,against_celsus,Matt,new_testament,Bible:Matt.24.23-Matt.24.27,Matt. xxiv. 23–27
origen,against_celsus,Matt,new_testament,Bible:Matt.7.22-Matt.7.23 Bible:Luke.13.26-Luke.13.27,"Matt. vii. 22, 23, with Luke xiii. 26,
27"
origen,against_celsus,2Thess,new_testament,Bible:2Thess.2.3-2Thess.2.4,"2 Thess. ii. 3, 4"
origen,against_celsus,2Thess,new_testament,Bible:2Thess.2.6-2Thess.2.10,2 Thess. ii. 6–10
origen,against_celsus,2Thess,new_testament,Bible:2Thess.2.10-2Thess.2.12,2 Thess. ii. 10–12
origen,against_celsus,Dan,old_testament_or_other,Bible:Dan.7.26,Dan. vii. 26
origen,against_celsus,Deut,old_testament_or_other,Bible:Deut.13.1-Deut.13.3,Deut. xiii. 1–3
origen,against_celsus,Deut,old_testament_or_other,Bible:Deut.34.5-Deut.34.6,"Deut. xxxiv. 5, 6"
origen,against_celsus,Exod,old_testament_or_other,Bible:Exod.24.2,Ex. xxiv. 2
origen,against_celsus,1Kgs,old_testament_or_other,Bible:1Kgs.17.21-1Kgs.17.22,"1 Kings xvii. 21, 22"
origen,against_celsus,2Kgs,old_testament_or_other,Bible:2Kgs.4.34-2Kgs.4.35,"2 Kings iv. 34, 35"
origen,against_celsus,Isa,old_testament_or_other,Bible:Isa.53.7,Isa. liii. 7
origen,against_celsus,John,new_testament,Bible:John.20.27,John xx. 27
origen,against_celsus,Ps,old_testament_or_other,Bible:Ps.16.9-Ps.16.10,"Ps. xvi. 9, 10"
origen,against_celsus,John,new_testament,Bible:John.20.26-John.20.27,"John xx. 26, 27"
origen,against_celsus,Luke,new_testament,Bible:Luke.24.15 Bible:Luke.24.31,"Luke xxiv. 15, 31"
origen,against_celsus,Acts,new_testament,Bible:Acts.1.3,Acts i. 3
origen,against_celsus,John,new_testament,Bible:John.20.26,John xx. 26
origen,against_celsus,1Cor,new_testament,Bible:1Cor.15.3-1Cor.15.8,1 Cor. xv. 3–8
origen,against_celsus,Matt,new_testament,Bible:Matt.26.48,Matt. xxvi. 48
origen,against_celsus,Matt,new_testament,Bible:Matt.26.55,Matt. xxvi. 55
origen,against_celsus,Rom,new_testament,Bible:Rom.14.9,Rom. xiv. 9
origen,against_celsus,1Cor,new_testament,Bible:1Cor.15.52,1 Cor. xv. 52
origen,against_celsus,1Cor,new_testament,Bible:1Cor.15.52 Bible:1Thess.4.16,1 Cor. xv. 52 with 1 Thess. iv. 16
origen,against_celsus,1Thess,new_testament,Bible:1Thess.4.13-1Thess.4.15,1 Thess. iv. 13–15
origen,against_celsus,1Cor,new_testament,Bible:1Cor.2.2,1 Cor. ii. 2
origen,against_celsus,1Cor,new_testament,Bible:1Cor.3.2-1Cor.3.3,"1 Cor. iii. 2, 3"
origen,against_celsus,Gen,old_testament_or_other,Bible:Gen.19.10-Gen.19.11,"Gen. xix. 10, 11"
origen,against_celsus,Jude,new_testament,Bible:Jude.1.7,Jude 7
origen,against_celsus,Luke,new_testament,Bible:Luke.24.30-Luke.24.31,"Luke xxiv. 30, 31"
origen,against_celsus,Gal,new_testament,Bible:Gal.6.14,Gal. vi. 14
origen,against_celsus,Rom,new_testament,Bible:Rom.6.10,Rom. vi. 10
origen,against_celsus,Phil,new_testament,Bible:Phil.3.10,Phil. iii. 10
origen,against_celsus,2Tim,new_testament,Bible:2Tim.2.11,2 Tim. ii. 11
origen,against_celsus,Rom,new_testament,Bible:Rom.6.4,Rom. vi. 4
origen,against_celsus,Luke,new_testament,Bible:Luke.23.53,Luke xxiii. 53
origen,against_celsus,John,new_testament,Bible:John.19.41,John xix. 41
origen,against_celsus,Matt,new_testament,Bible:Matt.27.60 Bible:John.19.41,Matt. xxvii. 60 with John xix. 41
origen,against_celsus,Luke,new_testament,Bible:Luke.23.53 Bible:John.19.41,Luke xxiii. 53 with John xix. 41
origen,against_celsus,Matt,new_testament,Bible:Matt.28.1-Matt.28.2,"Matt. xxviii. 1, 2"
origen,against_celsus,Matt,new_testament,Bible:Matt.28.9,Matt. xxviii. 9
origen,against_celsus,Luke,new_testament,Bible:Luke.10.22,Luke x. 22
origen,against_celsus,John,new_testament,Bible:John.1.18,John i. 18
origen,against_celsus,1John,new_testament,Bible:1John.1.5,1 John i. 5
origen,against_celsus,John,new_testament,Bible:John.4.24,John iv. 24
origen,against_celsus,Matt,new_testament,Bible:Matt.3.17,Matt. iii. 17
origen,against_celsus,Matt,new_testament,Bible:Matt.11.28,Matt. xi. 28
origen,against_celsus,Exod,old_testament_or_other,Bible:Exod.32.4,Ex. xxxii. 4
origen,against_celsus,Luke,new_testament,Bible:Luke.11.48,Luke xi. 48
origen,against_celsus,Deut,old_testament_or_other,Bible:Deut.28.66,Deut. xxviii. 66
origen,against_celsus,Isa,old_testament_or_other,Bible:Isa.5.8,Isa. v. 8
origen,against_celsus,Isa,old_testament_or_other,Bible:Isa.5.11,Isa. v. 11
origen,against_celsus,Isa,old_testament_or_other,Bible:Isa.5.18,Isa. v. 18
origen,against_celsus,Isa,old_testament_or_other,Bible:Isa.5.20,Isa. v. 20
origen,against_celsus,Isa,old_testament_or_other,Bible:Isa.5.22,Isa. v. 22
origen,against_celsus,Isa,old_testament_or_other,Bible:Isa.1.4,Isa. i. 4
origen,against_celsus,Isa,old_testament_or_other,Bible:Isa.1.7,Isa. i. 7
origen,against_celsus,Ezek,old_testament_or_other,Bible:Ezek.2.6,Ezek. ii. 6
origen,against_celsus,2Sam,old_testament_or_other,Bible:2Sam.22.44-2Sam.22.45,"2 Sam. xxii. 44, 45"
origen,against_celsus,Isa,old_testament_or_other,Bible:Isa.65.1,Isa. lxv. 1
origen,against_celsus,Deut,old_testament_or_other,Bible:Deut.32.21,Deut. xxxii. 21
origen,against_celsus,Ps,old_testament_or_other,Bible:Ps.96.5,Ps. xcvi. 5
origen,against_celsus,Gen,old_testament_or_other,Bible:Gen.6.2,Gen. vi. 2
origen,against_celsus,Ps,old_testament_or_other,Bible:Ps.81.5,Ps. lxxxi. 5
origen,against_celsus,1Cor,new_testament,Bible:1Cor.15.12,1 Cor. xv. 12
origen,against_celsus,2Thess,new_testament,Bible:2Thess.2.2,2 Thess. ii. 2
origen,against_celsus,1Tim,new_testament,Bible:1Tim.6.20,1 Tim. vi. 20
origen,against_celsus,1Cor,new_testament,Bible:1Cor.11.19,1 Cor. xi. 19
origen,against_celsus,1Cor,new_testament,Bible:1Cor.2.6-1Cor.2.8,1 Cor. ii. 6–8
origen,against_celsus,Phil,new_testament,Bible:Phil.2.15,Phil. ii. 15
origen,against_celsus,1Tim,new_testament,Bible:1Tim.3.16,1 Tim. iii. 16
origen,against_celsus,Matt,new_testament,Bible:Matt.27.46-Matt.27.50,Matt. xxvii. 46–50
origen,against_celsus,John,new_testament,Bible:John.2.19,John ii. 19
origen,against_celsus,John,new_testament,Bible:John.5.39,John v. 39
origen,against_celsus,Col,new_testament,Bible:Col.4.6,Col. iv. 6
origen,against_celsus,1Pet,new_testament,Bible:1Pet.3.15,1 Pet. iii. 15
origen,against_celsus,Titus,new_testament,Bible:Titus.1.12,Tit. i. 12
origen,against_celsus,Ps,old_testament_or_other,Bible:Ps.50,fiftieth Psalm
origen,against_celsus,1Kgs,old_testament_or_other,Bible:1Kgs.10.1-1Kgs.10.9,1 Kings x. 1–9
origen,against_celsus,1Kgs,old_testament_or_other,Bible:1Kgs.4.29-1Kgs.4.34,1 Kings iv. 29–34
origen,against_celsus,Hos,old_testament_or_other,Bible:Hos.14.9,Hos. xiv. 9
origen,against_celsus,Ezek,old_testament_or_other,Bible:Ezek.28.3,Ezek. xxviii. 3
origen,against_celsus,Matt,new_testament,Bible:Matt.23.34,Matt. xxiii. 34
origen,against_celsus,1Cor,new_testament,Bible:1Cor.12.8,1 Cor. xii. 8
origen,against_celsus,Acts,new_testament,Bible:Acts.7.22,Acts vii. 22
origen,against_celsus,1Cor,new_testament,Bible:1Cor.1.18,1 Cor. i. 18
origen,against_celsus,Rom,new_testament,Bible:Rom.1.21,Rom. i. 21
origen,against_celsus,Rom,new_testament,Bible:Rom.1.19,Rom. i. 19
origen,against_celsus,Rom,new_testament,Bible:Rom.1.20-Rom.1.22,Rom. i. 20–22
origen,against_celsus,1Cor,new_testament,Bible:1Cor.1.26-1Cor.1.28,1 Cor. i. 26–28
origen,against_celsus,Titus,new_testament,Bible:Titus.1.9-Titus.1.10,"Tit. i. 9, 10"
origen,against_celsus,1John,new_testament,Bible:1John.2.2,1 John ii. 2
origen,against_celsus,Heb,new_testament,Bible:Heb.5.12-Heb.5.14,Heb. v. 12–14
origen,against_celsus,Rom,new_testament,Bible:Rom.1.14,Rom. i. 14
origen,against_celsus,Prov,old_testament_or_other,Bible:Prov.8.5,Prov. viii. 5
origen,against_celsus,Prov,old_testament_or_other,Bible:Prov.9.4,Prov. ix. 4
origen,against_celsus,Prov,old_testament_or_other,Bible:Prov.9.5-Prov.9.6,"Prov. ix. 5, 6"
origen,against_celsus,Wis,deuterocanonical,Bible:Wis.1.4,Wisd. Solom. i. 4
origen,against_celsus,Ps,old_testament_or_other,Bible:Ps.141.2,Ps. cxli. 2
origen,against_celsus,1Cor,new_testament,Bible:1Cor.2.7,1 Cor. ii. 7
origen,against_celsus,Matt,new_testament,Bible:Matt.9.12,Matt. ix. 12
origen,against_celsus,2Tim,new_testament,Bible:2Tim.1.10,2 Tim. i. 10
origen,against_celsus,Rom,new_testament,Bible:Rom.7.9,Rom. vii. 9
origen,against_celsus,Matt,new_testament,Bible:Matt.23.12,Matt. xxiii. 12
origen,against_celsus,1Pet,new_testament,Bible:1Pet.5.6,1 Pet. v. 6
origen,against_celsus,Job,old_testament_or_other,Bible:Job.15.14,Job xv. 14
origen,against_celsus,Luke,new_testament,Bible:Luke.18.13,Luke xviii. 13
origen,against_celsus,Luke,new_testament,Bible:Luke.18.11,Luke xviii. 11
origen,against_celsus,Luke,new_testament,Bible:Luke.18.14,Luke xviii. 14
origen,against_celsus,Wis,deuterocanonical,Bible:Wis.7.25-Wis.7.26,"Wisd. of Solom. vii. 25, 26"
origen,against_celsus,1Cor,new_testament,Bible:1Cor.1.27,1 Cor. i. 27
origen,against_celsus,Rom,new_testament,Bible:Rom.1.22-Rom.1.23,"Rom. i. 22, 23"
origen,against_celsus,Jer,old_testament_or_other,Bible:Jer.1.9-Jer.1.10,"Jer. i. 9, 10"
origen,against_celsus,Gen,old_testament_or_other,Bible:Gen.11.4,Gen. xi. 4
origen,against_celsus,2Cor,new_testament,Bible:2Cor.10.5,2 Cor. x. 5
origen,against_celsus,1Cor,new_testament,Bible:1Cor.3.9,1 Cor. iii. 9
origen,against_celsus,Wis,deuterocanonical,Bible:Wis.1.7,Wisd. Solom. i. 7
origen,against_celsus,Jer,old_testament_or_other,Bible:Jer.23.24,Jer. xxiii. 24
origen,against_celsus,Acts,new_testament,Bible:Acts.17.28,Acts xvii. 28
origen,against_celsus,Deut,old_testament_or_other,Bible:Deut.32.8-Deut.32.9,"Deut. xxxii. 8, 9"
origen,against_celsus,Ps,old_testament_or_other,Bible:Ps.2.8,Ps. ii. 8
origen,against_celsus,Eccl,old_testament_or_other,Bible:Eccl.1.9,Eccles. i. 9
origen,against_celsus,Deut,old_testament_or_other,Bible:Deut.4.24 Bible:Deut.9.3,Deut. iv. 24; ix. 3
origen,against_celsus,Dan,old_testament_or_other,Bible:Dan.7.10,Dan. vii. 10
origen,against_celsus,Mal,old_testament_or_other,Bible:Mal.3.2,Mal. iii. 2
origen,against_celsus,1Cor,new_testament,Bible:1Cor.3.12,1 Cor. iii. 12
origen,against_celsus,1Cor,new_testament,Bible:1Cor.3.13-1Cor.3.15,1 Cor. iii. 13–15
origen,against_celsus,Phil,new_testament,Bible:Phil.2.6-Phil.2.7,"Phil. ii. 6, 7"
origen,against_celsus,1Pet,new_testament,Bible:1Pet.2.22,1 Pet. ii. 22
origen,against_celsus,2Cor,new_testament,Bible:2Cor.5.21,2 Cor. v. 21
origen,against_celsus,Phil,new_testament,Bible:Phil.2.5-Phil.2.9,Phil. ii. 5–9
origen,against_celsus,Wis,deuterocanonical,Bible:Wis.11.26 Bible:Wis.12.1-Wis.12.2,"Wisd. of Solom. xi. 26, xii. 1, 2"
origen,against_celsus,Ps,old_testament_or_other,Bible:Ps.33.5,Ps. xxxiii. 5
origen,against_celsus,Sir,deuterocanonical,Bible:Sir.18.13,Ecclus. xviii. 13
origen,against_celsus,Matt,new_testament,Bible:Matt.5.45,Matt. v. 45
origen,against_celsus,1Tim,new_testament,Bible:1Tim.4.10,1 Tim. iv. 10
origen,against_celsus,Rom,new_testament,Bible:Rom.5.8,Rom. v. 8
origen,against_celsus,Rom,new_testament,Bible:Rom.5.7,Rom. v. 7
origen,against_celsus,Ps,old_testament_or_other,Bible:Ps.82.1,Ps. lxxxii. 1
origen,against_celsus,1Cor,new_testament,Bible:1Cor.8.5-1Cor.8.6,"1 Cor. viii. 5, 6"
origen,against_celsus,Matt,new_testament,Bible:Matt.22.30,Matt. xxii. 30
origen,against_celsus,Luke,new_testament,Bible:Luke.20.36,Luke xx. 36
origen,against_celsus,1John,new_testament,Bible:1John.3.2,1 John iii. 2
origen,against_celsus,Matt,new_testament,Bible:Matt.5.48,Matt. v. 48
origen,against_celsus,Gen,old_testament_or_other,Bible:Gen.1.26,Gen. i. 26
origen,against_celsus,Gen,old_testament_or_other,Bible:Gen.1.27,Gen. i. 27
origen,against_celsus,1Cor,new_testament,Bible:1Cor.15.41-1Cor.15.42,"1 Cor. xv. 41, 42"
origen,against_celsus,Dan,old_testament_or_other,Bible:Dan.12.3,Dan. xii. 3
origen,against_celsus,Matt,new_testament,Bible:Matt.20.27,Matt. xx. 27
origen,against_celsus,1Cor,new_testament,Bible:1Cor.2.11,1 Cor. ii. 11
origen,against_celsus,Rom,new_testament,Bible:Rom.1.21-Rom.1.23,Rom. i. 21–23
origen,against_celsus,Deut,old_testament_or_other,Bible:Deut.4.16-Deut.4.18,Deut. iv. 16–18
origen,against_celsus,Deut,old_testament_or_other,Bible:Deut.4.19,Deut. iv. 19
origen,against_celsus,Num,old_testament_or_other,Bible:Num.6.24,"Num. vi.
24"
origen,against_celsus,Job,old_testament_or_other,Bible:Job.10.8 Bible:Ps.119.73,Job x. 8 and Ps. cxix. 73
origen,against_celsus,Gen,old_testament_or_other,Bible:Gen.2.7,Gen. ii. 7
origen,against_celsus,Wis,deuterocanonical,Bible:Wis.12.1,Wisd. of Solom. xii. 1
origen,against_celsus,Gen,old_testament_or_other,Bible:Gen.2.21-Gen.2.22,"Gen. ii. 21, 22"
origen,against_celsus,1Cor,new_testament,Bible:1Cor.15.22 Bible:Rom.5.14,"1
Cor. xv. 22 with Rom. v. 14"
origen,against_celsus,Matt,new_testament,Bible:Matt.21.43,Matt. xxi. 43
origen,against_celsus,Gen,old_testament_or_other,Bible:Gen.4.8,Gen. iv. 8
origen,against_celsus,Gen,old_testament_or_other,Bible:Gen.27.41,Gen. xxvii. 41
origen,against_celsus,Gen,old_testament_or_other,Bible:Gen.30.42,Gen. xxx. 42
origen,against_celsus,Gen,old_testament_or_other,Bible:Gen.30.43,Gen. xxx. 43
origen,against_celsus,1Cor,new_testament,Bible:1Cor.10.11,1 Cor. x. 11
origen,against_celsus,Prov,old_testament_or_other,Bible:Prov.5.15-Prov.5.17,Prov. v. 15–17
origen,against_celsus,Gen,old_testament_or_other,Bible:Gen.26.15,Gen. xxvi. 15
origen,against_celsus,Gal,new_testament,Bible:Gal.4.21-Gal.4.24,Gal. iv. 21–24
origen,against_celsus,Gen,old_testament_or_other,Bible:Gen.19.17,Gen. xix. 17
origen,against_celsus,1Cor,new_testament,Bible:1Cor.9.9-1Cor.9.10 Bible:Deut.25.4,"1 Cor. ix. 9, 10 and Deut. xxv.
4"
origen,against_celsus,Eph,new_testament,Bible:Eph.5.31-Eph.5.32 Bible:Gen.2.24,"Eph. v. 31, 32.  Cf. Gen. ii. 24"
origen,against_celsus,1Cor,new_testament,Bible:1Cor.10.1-1Cor.10.2,"1 Cor. x. 1, 2"
origen,against_celsus,1Cor,new_testament,Bible:1Cor.10.3-1Cor.10.4,"1 Cor. x. 3, 4"
origen,against_celsus,Ps,old_testament_or_other,Bible:Ps.78.1-Ps.78.3,Ps. lxxviii. 1–3
origen,against_celsus,Ezek,old_testament_or_other,Bible:Ezek.29.3,Ezek. xxix. 3
origen,against_celsus,Ezek,old_testament_or_other,Bible:Ezek.32.5-Ezek.32.6,"Ezek. xxxii. 5, 6"
origen,against_celsus,2Tim,new_testament,Bible:2Tim.3.8,2 Tim. iii. 8
origen,against_celsus,Ps,old_testament_or_other,Bible:Ps.102.26-Ps.102.27,"Ps. cii. 26, 27"
origen,against_celsus,1Cor,new_testament,Bible:1Cor.15.41,1 Cor. xv. 41
origen,against_celsus,1Cor,new_testament,Bible:1Cor.15.44,1 Cor. xv. 44
origen,against_celsus,Lam,old_testament_or_other,Bible:Lam.3.38,Lam. iii. 38
origen,against_celsus,2Tim,new_testament,Bible:2Tim.2.20-2Tim.2.21,"2 Tim. ii. 20, 21"
origen,against_celsus,Deut,old_testament_or_other,Bible:Deut.1.31,Deut. i. 31
origen,against_celsus,Ps,old_testament_or_other,Bible:Ps.6,sixth Psalm
origen,against_celsus,Ps,old_testament_or_other,Bible:Ps.6.1,Ps. vi. 1
origen,against_celsus,Jer,old_testament_or_other,Bible:Jer.10.24,Jer. x. 24
origen,against_celsus,Eph,new_testament,Bible:Eph.2.3,Eph. ii. 3
origen,against_celsus,Ps,old_testament_or_other,Bible:Ps.37,"thirty-seventh
Psalm"
origen,against_celsus,Ps,old_testament_or_other,Bible:Ps.37.8,Ps. xxxvii. 8
origen,against_celsus,Col,new_testament,Bible:Col.3.8,Col. iii. 8
origen,against_celsus,Ps,old_testament_or_other,Bible:Ps.44.23,Ps. xliv. 23
origen,against_celsus,Ps,old_testament_or_other,Bible:Ps.78.65,Ps. lxxviii. 65
origen,against_celsus,Ps,old_testament_or_other,Bible:Ps.104.14-Ps.104.15,"Ps. civ. 14, 15"
origen,against_celsus,Sir,deuterocanonical,Bible:Sir.39.21 Bible:Sir.39.16 Bible:Sir.39.17,"Ecclus. xxxix. 21, and 16, 17"
origen,against_celsus,Prov,old_testament_or_other,Bible:Prov.30.24-Prov.30.28,Prov. xxx. 24–28
origen,against_celsus,John,new_testament,Bible:John.16.25,John xvi. 25
origen,against_celsus,Ps,old_testament_or_other,Bible:Ps.49.12,Ps. xlix. 12
origen,against_celsus,Lev,old_testament_or_other,Bible:Lev.19.26,Lev. xix. 26
origen,against_celsus,Deut,old_testament_or_other,Bible:Deut.18.14 Bible:Deut.18.12,"Deut.
xviii. 14, cf. 12"
origen,against_celsus,Num,old_testament_or_other,Bible:Num.23.23,Num. xxiii. 23
origen,against_celsus,Prov,old_testament_or_other,Bible:Prov.4.23,Prov. iv. 23
origen,against_celsus,Rom,new_testament,Bible:Rom.8.14,Rom. viii. 14
origen,against_celsus,Prov,old_testament_or_other,Bible:Prov.10.19,Prov. x. 19
origen,against_celsus,2Tim,new_testament,Bible:2Tim.2.15,2 Tim. ii. 15
origen,against_celsus,Heb,new_testament,Bible:Heb.1.14,Heb. i. 14
origen,against_celsus,Ps,old_testament_or_other,Bible:Ps.86.8 Bible:Ps.96.4 Bible:Ps.136.2,"Ps. lxxxvi. 8; xcvi. 4; cxxxvi.
2"
origen,against_celsus,Col,new_testament,Bible:Col.3.18,Col. iii. 18
origen,against_celsus,Exod,old_testament_or_other,Bible:Exod.20.3-Exod.20.5,"Ex. xx. 3, 4, 5"
origen,against_celsus,Jer,old_testament_or_other,Bible:Jer.7.17-Jer.7.18,"Jer. vii. 17, 18"
origen,against_celsus,Acts,new_testament,Bible:Acts.7.42-Acts.7.43,"Acts vii. 42, 43"
origen,against_celsus,Col,new_testament,Bible:Col.2.18-Col.2.19,"Col. ii. 18, 19"
origen,against_celsus,Deut,old_testament_or_other,Bible:Deut.4.19-Deut.4.20,"Deut. iv. 19, 20"
origen,against_celsus,1Pet,new_testament,Bible:1Pet.2.9,1 Pet. ii. 9
origen,against_celsus,Gen,old_testament_or_other,Bible:Gen.15.5,Gen. xv. 5
origen,against_celsus,Deut,old_testament_or_other,Bible:Deut.1.10,Deut. i. 10
origen,against_celsus,Dan,old_testament_or_other,Bible:Dan.12.1-Dan.12.3,"Dan. xii. 1, 2, 3"
origen,against_celsus,1Cor,new_testament,Bible:1Cor.15.40-1Cor.15.42,1 Cor. xv. 40–42
origen,against_celsus,Matt,new_testament,Bible:Matt.5.14,Matt. v. 14
origen,against_celsus,Matt,new_testament,Bible:Matt.5.16,Matt. v. 16
origen,against_celsus,Matt,new_testament,Bible:Matt.19.17 Bible:Mark.10.18,Matt. xix. 17; cf. Mark x. 18
origen,against_celsus,Matt,new_testament,Bible:Matt.19.17 Bible:Mark.10.18,Ibid
origen,against_celsus,Deut,old_testament_or_other,Bible:Deut.6.13,Deut. vi. 13
origen,against_celsus,John,new_testament,Bible:John.1.26-John.1.27,"John i. 26, 27"
origen,against_celsus,Jer,old_testament_or_other,Bible:Jer.23.23,Jer. xxiii. 23
origen,against_celsus,Rom,new_testament,Bible:Rom.8.19-Rom.8.21,Rom. viii. 19–21
origen,against_celsus,Ps,old_testament_or_other,Bible:Ps.148.3-Ps.148.4,"Ps. cxlviii. 3, 4"
origen,against_celsus,Ezek,old_testament_or_other,Bible:Ezek.22.18 Bible:Ezek.22.20,"Ezek. xxii. 18, 20"
origen,against_celsus,Isa,old_testament_or_other,Bible:Isa.47.14-Isa.47.15,"Isa. xlvii. 14, 15"
origen,against_celsus,Isa,old_testament_or_other,Bible:Isa.48.9,Isa. xlviii. 9
origen,against_celsus,1Cor,new_testament,Bible:1Cor.1.21,1 Cor. i. 21
origen,against_celsus,1Cor,new_testament,Bible:1Cor.15.51-1Cor.15.52,"1 Cor. xv. 51, 52"
origen,against_celsus,1Thess,new_testament,Bible:1Thess.4.15-1Thess.4.16,"1 Thess. iv. 15, 16"
origen,against_celsus,1Thess,new_testament,Bible:1Thess.4.16-1Thess.4.17,"1 Thess. iv. 16, 17"
origen,against_celsus,Eph,new_testament,Bible:Eph.4.14,Eph. iv. 14
origen,against_celsus,1Cor,new_testament,Bible:1Cor.15.35-1Cor.15.38,1 Cor. xv. 35–38
origen,against_celsus,1Cor,new_testament,Bible:1Cor.15.42-1Cor.15.44,1 Cor. xv. 42–44
origen,against_celsus,1Cor,new_testament,Bible:1Cor.15.48-1Cor.15.49,"1 Cor. xv. 48, 49"
origen,against_celsus,1Cor,new_testament,Bible:1Cor.15.50,1 Cor. xv. 50
origen,against_celsus,1Cor,new_testament,Bible:1Cor.15.51,1 Cor. xv. 51
origen,against_celsus,Tob,deuterocanonical,Bible:Tob.12.7,Tobit xii. 7
origen,against_celsus,Ps,old_testament_or_other,Bible:Ps.37.30,Ps. xxxvii. 30
origen,against_celsus,Matt,new_testament,Bible:Matt.24.35 Bible:Mark.13.31,Matt. xxiv. 35; cf. Mark xiii. 31
origen,against_celsus,John,new_testament,Bible:John.1.1,John i. 1
origen,against_celsus,Gen,old_testament_or_other,Bible:Gen.11.1-Gen.11.2,"Gen. xi. 1, 2"
origen,against_celsus,Gen,old_testament_or_other,Bible:Gen.11.5-Gen.11.9,Gen. xi. 5–9
origen,against_celsus,Wis,deuterocanonical,Bible:Wis.10.5,Wisd. of Sol. x. 5
origen,against_celsus,Wis,deuterocanonical,Bible:Wis.1.4,Wisd. of Sol. i. 4
origen,against_celsus,Rom,new_testament,Bible:Rom.1.24 Bible:Rom.1.26 Bible:Rom.1.28,"Rom. i. 24, 26, 28"
origen,against_celsus,1Tim,new_testament,Bible:1Tim.3.15,1 Tim. iii. 15
origen,against_celsus,Isa,old_testament_or_other,Bible:Isa.2.3,Isa. ii. 3
origen,against_celsus,Isa,old_testament_or_other,Bible:Isa.2.4,Isa. ii. 4
origen,against_celsus,Jer,old_testament_or_other,Bible:Jer.16.19 Bible:Jer.14.22,Jer. xvi. 19 and xiv. 22
origen,against_celsus,1Cor,new_testament,Bible:1Cor.1.30,1 Cor. i. 30
origen,against_celsus,Exod,old_testament_or_other,Bible:Exod.21.2 Bible:Jer.34.14,Ex. xxi. 2 and Jer. xxxiv. 14
origen,against_celsus,Ps,old_testament_or_other,Bible:Ps.148.4-Ps.148.5,"Ps. cxlviii. 4, 5"
origen,against_celsus,Exod,old_testament_or_other,Bible:Exod.4.24-Exod.4.25,"Ex. iv. 24, 25"
origen,against_celsus,Exod,old_testament_or_other,Bible:Exod.18.4,"Ex. xviii.
4"
origen,against_celsus,Exod,old_testament_or_other,Bible:Exod.4.25-Exod.4.26,"Ex. iv. 25, 26"
origen,against_celsus,Gal,new_testament,Bible:Gal.5.2,Gal. v. 2
origen,against_celsus,Acts,new_testament,Bible:Acts.10.14,Acts x. 14
origen,against_celsus,1Cor,new_testament,Bible:1Cor.9.27,1 Cor. ix. 27
origen,against_celsus,Col,new_testament,Bible:Col.3.5,Col. iii. 5
origen,against_celsus,Rom,new_testament,Bible:Rom.8.13,Rom. viii. 13
origen,against_celsus,Isa,old_testament_or_other,Bible:Isa.9.6,Isa. ix. 6
origen,against_celsus,2Cor,new_testament,Bible:2Cor.3.15,2 Cor. iii. 15
origen,against_celsus,2Tim,new_testament,Bible:2Tim.1.3,2 Tim. i. 3
origen,against_celsus,1Cor,new_testament,Bible:1Cor.4.12-1Cor.4.13,"1 Cor. iv. 12, 13"
origen,against_celsus,Titus,new_testament,Bible:Titus.3.10-Titus.3.11,"Tit. iii. 10, 11"
origen,against_celsus,1Tim,new_testament,Bible:1Tim.4.1-1Tim.4.3,1 Tim. iv. 1–3
origen,against_celsus,2Cor,new_testament,Bible:2Cor.10.3-2Cor.10.5,2 Cor. x. 3–5
origen,against_celsus,Ps,old_testament_or_other,Bible:Ps.67,"sixty-seventh
Psalm"
origen,against_celsus,Ps,old_testament_or_other,Bible:Ps.68.11,"Ps.
lxviii. 11"
origen,against_celsus,Rom,new_testament,Bible:Rom.1.18-Rom.1.23,Rom. i. 18–23
origen,against_celsus,Rom,new_testament,Bible:Rom.1.25,Rom. i. 25
origen,against_celsus,1Cor,new_testament,Bible:1Cor.1.27-1Cor.1.29,"1 Cor. i. 27, 28, 29"
origen,against_celsus,Matt,new_testament,Bible:Matt.5.8,Matt. v. 8
origen,against_celsus,Hos,old_testament_or_other,Bible:Hos.10.12,Hos. x. 12
origen,against_celsus,John,new_testament,Bible:John.1.3-John.1.4,"John i. 3, 4"
origen,against_celsus,2Cor,new_testament,Bible:2Cor.4.6,2 Cor. iv. 6
origen,against_celsus,Ps,old_testament_or_other,Bible:Ps.27.1,Ps. xxvii. 1
origen,against_celsus,Ps,old_testament_or_other,Bible:Ps.119.105,Ps. cxix. 105
origen,against_celsus,Ps,old_testament_or_other,Bible:Ps.4.6,Ps. iv. 6
origen,against_celsus,Ps,old_testament_or_other,Bible:Ps.36.9,Ps. xxxvi. 9
origen,against_celsus,Isa,old_testament_or_other,Bible:Isa.60.1,Isa. lx. 1
origen,against_celsus,Isa,old_testament_or_other,Bible:Isa.9.2,Isa. ix. 2
origen,against_celsus,Matt,new_testament,Bible:Matt.25.4,Matt. xxv. 4
origen,against_celsus,Ezek,old_testament_or_other,Bible:Ezek.2.9-Ezek.2.10,"Ezek. ii. 9, 10"
origen,against_celsus,Rev,new_testament,Bible:Rev.10.9,Rev. x. 9
origen,against_celsus,2Cor,new_testament,Bible:2Cor.12.4,2 Cor. xii. 4
origen,against_celsus,Rev,new_testament,Bible:Rev.10.4,Rev. x. 4
origen,against_celsus,Prov,old_testament_or_other,Bible:Prov.10.17,Prov. x. 17
origen,against_celsus,Sir,deuterocanonical,Bible:Sir.21.18,Ecclus. xxi. 18
origen,against_celsus,1Cor,new_testament,Bible:1Cor.15.2,1 Cor. xv. 2
origen,against_celsus,Acts,new_testament,Bible:Acts.8.10,Acts viii. 10
origen,against_celsus,Acts,new_testament,Bible:Acts.5.36-Acts.5.37,"Acts v. 36, 37"
origen,against_celsus,1Cor,new_testament,Bible:1Cor.3.19,1 Cor. iii. 19
origen,against_celsus,Wis,deuterocanonical,Bible:Wis.9.6,Wisd. of Sol. ix. 6
origen,against_celsus,Heb,new_testament,Bible:Heb.5.14,Heb. v. 14
origen,against_celsus,Ps,old_testament_or_other,Bible:Ps.49.9-Ps.49.10,"Ps. xlix. 9, 10"
origen,against_celsus,1Cor,new_testament,Bible:1Cor.12.8-1Cor.12.9,"1 Cor. xii. 8, 9"
origen,against_celsus,1Cor,new_testament,Bible:1Cor.1.26,1 Cor. i. 26
origen,against_celsus,Ps,old_testament_or_other,Bible:Ps.131.1-Ps.131.2,"Ps. cxxxi. 1, 2"
origen,against_celsus,Phil,new_testament,Bible:Phil.2.6 Bible:Phil.2.8,"Phil. ii. 6, 8"
origen,against_celsus,Matt,new_testament,Bible:Matt.11.20,Matt. xi. 20
origen,against_celsus,Matt,new_testament,Bible:Matt.19.24,Matt. xix. 24
origen,against_celsus,Matt,new_testament,Bible:Matt.13.54 Bible:Mark.6.2 Bible:John.7.15,"Matt. xiii. 54, Mark vi. 2, and John vii.
15"
origen,against_celsus,Matt,new_testament,Bible:Matt.7.14,Matt. vii. 14
origen,against_celsus,Ps,old_testament_or_other,Bible:Ps.18,eighteenth Psalm
origen,against_celsus,Ps,old_testament_or_other,Bible:Ps.18.11,Ps. xviii. 11
origen,against_celsus,Exod,old_testament_or_other,Bible:Exod.20.21,Ex. xx. 21
origen,against_celsus,Ps,old_testament_or_other,Bible:Ps.104.6,Ps. civ. 6
origen,against_celsus,Matt,new_testament,Bible:Matt.11.27,Matt. xi. 27
origen,against_celsus,Isa,old_testament_or_other,Bible:Isa.6.2,Isa. vi. 2
origen,against_celsus,Ezek,old_testament_or_other,Bible:Ezek.1 Bible:Ezek.10,Ezek. i. and x
origen,against_celsus,Ps,old_testament_or_other,Bible:Ps.148.4,Ps. cxlviii. 4
origen,against_celsus,2Cor,new_testament,Bible:2Cor.4.17-2Cor.4.18,"2 Cor. iv. 17, 18"
origen,against_celsus,John,new_testament,Bible:John.14.3,John xiv. 3
origen,against_celsus,1Cor,new_testament,Bible:1Cor.13.12,1 Cor. xiii. 12
origen,against_celsus,1Cor,new_testament,Bible:1Cor.13.10,1 Cor. xiii. 10
origen,against_celsus,Gen,old_testament_or_other,Bible:Gen.28.12-Gen.28.13,"Gen. xxviii. 12, 13"
origen,against_celsus,Ezek,old_testament_or_other,Bible:Ezek.48,Ezek. xlviii
origen,against_celsus,Rev,new_testament,Bible:Rev.21,Rev. xxi
origen,against_celsus,2Tim,new_testament,Bible:2Tim.3.6-2Tim.3.7,"2 Tim. iii. 6, 7"
origen,against_celsus,Ps,old_testament_or_other,Bible:Ps.104.24-Ps.104.26,Ps. civ. 24–26
origen,against_celsus,Mal,old_testament_or_other,Bible:Mal.3.2-Mal.3.3,"Mal. iii. 2, 3"
origen,against_celsus,Zech,old_testament_or_other,Bible:Zech.5.7,Zech. v. 7
origen,against_celsus,Eccl,old_testament_or_other,Bible:Eccl.1.6,Eccles. i. 6
origen,against_celsus,1Cor,new_testament,Bible:1Cor.15.25-1Cor.15.26,"1 Cor. xv. 25, 26"
origen,against_celsus,1Cor,new_testament,Bible:1Cor.15.54 Bible:Hos.13.14,"1
Cor. xv. 54; cf. Hos. xiii. 14"
origen,against_celsus,Ps,old_testament_or_other,Bible:Ps.118.19-Ps.118.20,"Ps. cxviii. 19, 20"
origen,against_celsus,Ps,old_testament_or_other,Bible:Ps.9.13-Ps.9.14,"Ps. ix. 13, 14"
origen,against_celsus,1Cor,new_testament,Bible:1Cor.15.22,1 Cor. xv. 22
origen,against_celsus,Mark,new_testament,Bible:Mark.6.3,Mark vi. 3
origen,against_celsus,Ps,old_testament_or_other,Bible:Ps.34.7,Ps. xxxiv. 7
origen,against_celsus,Matt,new_testament,Bible:Matt.18.10,Matt. xviii. 10
origen,against_celsus,Gen,old_testament_or_other,Bible:Gen.3,Gen. iii
origen,against_celsus,Exod,old_testament_or_other,Bible:Exod.12.23,Ex. xii. 23
origen,against_celsus,Lev,old_testament_or_other,Bible:Lev.16.8,Lev. xvi. 8
origen,against_celsus,Judg,old_testament_or_other,Bible:Judg.19.22,Judg. xix. 22
origen,against_celsus,Job,old_testament_or_other,Bible:Job.1.11,Job i. 11
origen,against_celsus,Job,old_testament_or_other,Bible:Job.40.20,Job xl. 20
origen,against_celsus,Ezek,old_testament_or_other,Bible:Ezek.32.1-Ezek.32.28,Ezek. xxxii. 1–28
origen,against_celsus,Isa,old_testament_or_other,Bible:Isa.14.4,Isa. xiv. 4
origen,against_celsus,Prov,old_testament_or_other,Bible:Prov.23.5,Prov. xxiii. 5
origen,against_celsus,2Tim,new_testament,Bible:2Tim.2.5,2 Tim. ii. 5
origen,against_celsus,Ezek,old_testament_or_other,Bible:Ezek.28.15,Ezek. xxviii. 15
origen,against_celsus,Ezek,old_testament_or_other,Bible:Ezek.28.19,Ezek. xxviii. 19
origen,against_celsus,Dan,old_testament_or_other,Bible:Dan.8.23,Dan. viii. 23
origen,against_celsus,Matt,new_testament,Bible:Matt.24.4-Matt.24.5,"Matt. xxiv. 4, 5"
origen,against_celsus,Prov,old_testament_or_other,Bible:Prov.27.19,Prov. xxvii. 19
origen,against_celsus,2Thess,new_testament,Bible:2Thess.2.9,2 Thess. ii. 9
origen,against_celsus,2Thess,new_testament,Bible:2Thess.2.1-2Thess.2.12,2 Thess. ii. 1–12
origen,against_celsus,Dan,old_testament_or_other,Bible:Dan.8.23-Dan.8.25,Dan. viii. 23–25
origen,against_celsus,2Thess,new_testament,Bible:2Thess.2.4,2 Thess. ii. 4
origen,against_celsus,Dan,old_testament_or_other,Bible:Dan.9.27,Dan. ix. 27
origen,against_celsus,Gen,old_testament_or_other,Bible:Gen.2.24,Gen. ii. 24
origen,against_celsus,Gen,old_testament_or_other,Bible:Gen.5.1,Gen. v. 1
origen,against_celsus,Gen,old_testament_or_other,Bible:Gen.3.24,Gen. iii. 24
origen,against_celsus,Isa,old_testament_or_other,Bible:Isa.60.19,Isa. lx. 19
origen,against_celsus,Ps,old_testament_or_other,Bible:Ps.34,"thirty-fourth
Psalm"
origen,against_celsus,Ps,old_testament_or_other,Bible:Ps.34.10-Ps.34.14,Ps. xxxiv. 10–14
origen,against_celsus,Gal,new_testament,Bible:Gal.1.4,Gal. i. 4
origen,against_celsus,Eph,new_testament,Bible:Eph.5.16,Eph. v. 16
origen,against_celsus,Job,old_testament_or_other,Bible:Job.2.10,Job ii. 10
origen,against_celsus,Isa,old_testament_or_other,Bible:Isa.45.7,Isa. xlv. 7
origen,against_celsus,Mic,old_testament_or_other,Bible:Mic.1.12-Mic.1.13,"Mic. i. 12, 13"
origen,against_celsus,Mic,old_testament_or_other,Bible:Mic.1.12,Mic. i. 12
origen,against_celsus,Ps,old_testament_or_other,Bible:Ps.89.32,Ps. lxxxix. 32
origen,against_celsus,Gal,new_testament,Bible:Gal.5.8,Gal. v. 8
origen,against_celsus,Isa,old_testament_or_other,Bible:Isa.1.19-Isa.1.20,"Isa. i. 19, 20"
origen,against_celsus,Deut,old_testament_or_other,Bible:Deut.10.12-Deut.10.13,"Deut. x. 12, 13"
origen,against_celsus,Gen,old_testament_or_other,Bible:Gen.6.5-Gen.6.7,Gen. vi. 5–7
origen,against_celsus,John,new_testament,Bible:John.1.9,John i. 9
origen,against_celsus,John,new_testament,Bible:John.16.33,John xvi. 33
origen,against_celsus,2Cor,new_testament,Bible:2Cor.4.18,2 Cor. iv. 18
origen,against_celsus,Rom,new_testament,Bible:Rom.1.20,Rom. i. 20
origen,against_celsus,Ps,old_testament_or_other,Bible:Ps.33.9,Ps. xxxiii. 9
origen,against_celsus,Gen,old_testament_or_other,Bible:Gen.2.4,Gen. ii. 4
origen,against_celsus,Gen,old_testament_or_other,Bible:Gen.2.2-Gen.2.3,"Gen. ii. 2, 3"
origen,against_celsus,Ps,old_testament_or_other,Bible:Ps.19.1,Ps. xix. 1
origen,against_celsus,Ps,old_testament_or_other,Bible:Ps.102.25,Ps. cii. 25
origen,against_celsus,Isa,old_testament_or_other,Bible:Isa.1.20,Isa. i. 20
origen,against_celsus,Exod,old_testament_or_other,Bible:Exod.20.18,Ex. xx. 18
origen,against_celsus,Lev,old_testament_or_other,Bible:Lev.11.44,Lev. xi. 44
origen,against_celsus,Eph,new_testament,Bible:Eph.5.1,Eph. v. 1
origen,against_celsus,Deut,old_testament_or_other,Bible:Deut.5.31,Deut. v. 31
origen,against_celsus,Gen,old_testament_or_other,Bible:Gen.3.8,Gen. iii. 8
origen,against_celsus,Col,new_testament,Bible:Col.1.15,Col. i. 15
origen,against_celsus,Rom,new_testament,Bible:Rom.11.36,Rom. xi. 36
origen,against_celsus,Matt,new_testament,Bible:Matt.4.16,Matt. iv. 16
origen,against_celsus,2Cor,new_testament,Bible:2Cor.5.16,2 Cor. v. 16
origen,against_celsus,John,new_testament,Bible:John.1.14,John i. 14
origen,against_celsus,Heb,new_testament,Bible:Heb.12.29,Heb. xii. 29
origen,against_celsus,2Cor,new_testament,Bible:2Cor.3.5-2Cor.3.6,"2 Cor. iii. 5, 6"
origen,against_celsus,John,new_testament,Bible:John.4.21 Bible:John.4.24,"John iv. 21, 24"
origen,against_celsus,2Cor,new_testament,Bible:2Cor.3.17,2 Cor. iii. 17
origen,against_celsus,1Cor,new_testament,Bible:1Cor.2.14,1 Cor. ii. 14
origen,against_celsus,Isa,old_testament_or_other,Bible:Isa.53.1-Isa.53.3,Isa. liii. 1–3
origen,against_celsus,Ps,old_testament_or_other,Bible:Ps.45.3-Ps.45.4,"Ps. xlv. 3, 4"
origen,against_celsus,Luke,new_testament,Bible:Luke.9.31,Luke ix. 31
origen,against_celsus,1Chr,old_testament_or_other,Bible:1Chr.16.22 Bible:Ps.105.15,"1 Chron. xvi. 22 and Ps. cv.
15"
origen,against_celsus,1Cor,new_testament,Bible:1Cor.5.1,1 Cor. v. 1
origen,against_celsus,Rom,new_testament,Bible:Rom.11.11-Rom.11.12,"Rom. xi. 11, 12"
origen,against_celsus,Ps,old_testament_or_other,Bible:Ps.54.6,Ps. liv. 6
origen,against_celsus,Heb,new_testament,Bible:Heb.11.37-Heb.11.38,"Heb. xi. 37, 38"
origen,against_celsus,Isa,old_testament_or_other,Bible:Isa.20.3,Isa. xx. 3
origen,against_celsus,Dan,old_testament_or_other,Bible:Dan.1.16,Dan. i. 16
origen,against_celsus,Gen,old_testament_or_other,Bible:Gen.9.25-Gen.9.27,Gen. ix. 25–27
origen,against_celsus,Gen,old_testament_or_other,Bible:Gen.49.1,Gen. xlix. 1
origen,against_celsus,Wis,deuterocanonical,Bible:Wis.1.5,Wisd. of Sol. i. 5
origen,against_celsus,2Kgs,old_testament_or_other,Bible:2Kgs.9.11,2 Kings ix. 11
origen,against_celsus,Isa,old_testament_or_other,Bible:Isa.53.2-Isa.53.3,"Isa. liii. 2, 3"
origen,against_celsus,John,new_testament,Bible:John.12.31 Bible:John.16.11,John xii. 31 and xvi. 11
origen,against_celsus,Ps,old_testament_or_other,Bible:Ps.24.19,Ps. xxiv. 19
origen,against_celsus,Deut,old_testament_or_other,Bible:Deut.28.12,Deut. xxviii. 12
origen,against_celsus,Ps,old_testament_or_other,Bible:Ps.101.8,Ps. ci. 8
origen,against_celsus,Deut,old_testament_or_other,Bible:Deut.2.34,Deut. ii. 34
origen,against_celsus,Ezek,old_testament_or_other,Bible:Ezek.20.25,Ezek. xx. 25
origen,against_celsus,2Cor,new_testament,Bible:2Cor.3.6,2 Cor. iii. 6
origen,against_celsus,Ezek,old_testament_or_other,Bible:Ezek.20.21 Bible:Ezek.20.25,"Ezek. xx. 21, 25"
origen,against_celsus,2Cor,new_testament,Bible:2Cor.3.7-2Cor.3.8,"2 Cor. iii. 7, 8"
origen,against_celsus,Rom,new_testament,Bible:Rom.7.12 Bible:Rom.7.14,"Rom. vii. 12, 14"
origen,against_celsus,1Tim,new_testament,Bible:1Tim.6.17-1Tim.6.18,"1 Tim. vi. 17, 18"
origen,against_celsus,Prov,old_testament_or_other,Bible:Prov.13.8,Prov. xiii. 8
origen,against_celsus,Deut,old_testament_or_other,Bible:Deut.32.30,Deut. xxxii. 30
origen,against_celsus,Rom,new_testament,Bible:Rom.15.19,Rom. xv. 19
origen,against_celsus,Gal,new_testament,Bible:Gal.2.5,Gal. ii. 5
origen,against_celsus,Ps,old_testament_or_other,Bible:Ps.137,137th Psalm
origen,against_celsus,Ps,old_testament_or_other,Bible:Ps.137.8-Ps.137.9,"Ps. cxxxvii. 8, 9"
origen,against_celsus,Rom,new_testament,Bible:Rom.2.29,Rom. ii. 29
origen,against_celsus,Matt,new_testament,Bible:Matt.19.23,Matt. xix. 23
origen,against_celsus,Prov,old_testament_or_other,Bible:Prov.28.6,Prov. xxviii. 6
origen,against_celsus,Mark,new_testament,Bible:Mark.10.44,Mark x. 44
origen,against_celsus,Matt,new_testament,Bible:Matt.20.25,Matt. xx. 25
origen,against_celsus,Luke,new_testament,Bible:Luke.22.25,Luke xxii. 25
origen,against_celsus,Ps,old_testament_or_other,Bible:Ps.7.3-Ps.7.5,Ps. vii. 3–5
origen,against_celsus,Matt,new_testament,Bible:Matt.6.25-Matt.6.28,Matt. vi. 25–28
origen,against_celsus,Lev,old_testament_or_other,Bible:Lev.26.5,Lev. xxvi. 5
origen,against_celsus,Prov,old_testament_or_other,Bible:Prov.13.25,Prov. xiii. 25
origen,against_celsus,Exod,old_testament_or_other,Bible:Exod.21.24,Ex. xxi. 24
origen,against_celsus,Matt,new_testament,Bible:Matt.5.39,Matt. v. 39
origen,against_celsus,Lam,old_testament_or_other,Bible:Lam.3.27-Lam.3.28 Bible:Lam.3.30,"Lam. iii. 27, 28, 30"
origen,against_celsus,Exod,old_testament_or_other,Bible:Exod.3.8,Ex. iii. 8
origen,against_celsus,Gen,old_testament_or_other,Bible:Gen.3.17,Gen. iii. 17
origen,against_celsus,Heb,new_testament,Bible:Heb.12.22,Heb. xii. 22
origen,against_celsus,Ps,old_testament_or_other,Bible:Ps.76.2,Ps. lxxvi. 2
origen,against_celsus,Ps,old_testament_or_other,Bible:Ps.48.1-Ps.48.2,"Ps. xlviii. 1, 2"
origen,against_celsus,Ps,old_testament_or_other,Bible:Ps.37.9 Bible:Ps.37.11 Bible:Ps.37.22 Bible:Ps.37.29 Bible:Ps.37.34,"Ps. xxxvii. 9, 11, 22, 29, 34"
origen,against_celsus,Isa,old_testament_or_other,Bible:Isa.54.12 Bible:Isa.54.11,"Isa. liv. 12, 11"
origen,against_celsus,Hag,old_testament_or_other,Bible:Hag.2.6,Hagg. ii. 6
origen,against_celsus,Ps,old_testament_or_other,Bible:Ps.46 Bible:Ps.48,forty-sixth and forty-eighth Psalms
origen,against_celsus,Dan,old_testament_or_other,Bible:Dan.4.37,Dan. iv. 37
origen,against_celsus,Isa,old_testament_or_other,Bible:Isa.5.12,Isa. v. 12
origen,against_celsus,2Cor,new_testament,Bible:2Cor.5.1 Bible:2Cor.5.4,"2 Cor. v. 1, 4"
origen,against_celsus,2Cor,new_testament,Bible:2Cor.5.1,2 Cor. v. 1
origen,against_celsus,1Cor,new_testament,Bible:1Cor.15.53,1 Cor. xv. 53
origen,against_celsus,Matt,new_testament,Bible:Matt.15.19 Bible:Matt.6.23,Matt. xv. 19 and vi. 23
origen,against_celsus,Ps,old_testament_or_other,Bible:Ps.51.10,Ps. li. 10
origen,against_celsus,Deut,old_testament_or_other,Bible:Deut.13.4,Deut. xiii. 4
origen,against_celsus,Ps,old_testament_or_other,Bible:Ps.63.8,Ps. lxiii. 8
origen,against_celsus,Ps,old_testament_or_other,Bible:Ps.19.8,Ps. xix. 8
origen,against_celsus,Ps,old_testament_or_other,Bible:Ps.13.3,Ps. xiii. 3
origen,against_celsus,Matt,new_testament,Bible:Matt.13.9,Matt. xiii. 9
origen,against_celsus,Ps,old_testament_or_other,Bible:Ps.77.2,Ps. lxxvii. 2
origen,against_celsus,2Cor,new_testament,Bible:2Cor.4.10,2 Cor. iv. 10
origen,against_celsus,Gen,old_testament_or_other,Bible:Gen.6.3,Gen. vi. 3
origen,against_celsus,Rom,new_testament,Bible:Rom.8.8,Rom. viii. 8
origen,against_celsus,Gen,old_testament_or_other,Bible:Gen.3.6,Gen. iii. 6
origen,against_celsus,Gen,old_testament_or_other,Bible:Gen.3.5,Gen. iii. 5
origen,against_celsus,Gen,old_testament_or_other,Bible:Gen.3.7,Gen. iii. 7
origen,against_celsus,John,new_testament,Bible:John.9.39,John ix. 39
origen,against_celsus,John,new_testament,Bible:John.14.9,John xiv. 9
origen,against_celsus,Rom,new_testament,Bible:Rom.8.9,Rom. viii. 9
origen,against_celsus,2Cor,new_testament,Bible:2Cor.10.3-2Cor.10.4,"2 Cor. x. 3, 4"
origen,against_celsus,Rom,new_testament,Bible:Rom.1.23,Rom. i. 23
origen,against_celsus,Rom,new_testament,Bible:Rom.1.24-Rom.1.25,"Rom. i. 24, 25"
origen,against_celsus,Rom,new_testament,Bible:Rom.1.28,Rom. i. 28
origen,against_celsus,Ps,old_testament_or_other,Bible:Ps.37.30-Ps.37.31,"Ps. xxxvii. 30, 31"
origen,against_celsus,Rom,new_testament,Bible:Rom.1.27,Rom. i. 27
origen,against_celsus,Ps,old_testament_or_other,Bible:Ps.51.5,Ps. li. 5
origen,against_celsus,Ps,old_testament_or_other,Bible:Ps.58.3,Ps. lviii. 3
origen,against_celsus,Rom,new_testament,Bible:Rom.8.20,Rom. viii. 20
origen,against_celsus,Eccl,old_testament_or_other,Bible:Eccl.1.2,Eccles. i. 2
origen,against_celsus,Ps,old_testament_or_other,Bible:Ps.39.5,Ps. xxxix. 5
origen,against_celsus,Ps,old_testament_or_other,Bible:Ps.44.25,Ps. xliv. 25
origen,against_celsus,Ps,old_testament_or_other,Bible:Ps.22.15,Ps. xxii. 15
origen,against_celsus,Rom,new_testament,Bible:Rom.7.24,Rom. vii. 24
origen,against_celsus,Phil,new_testament,Bible:Phil.3.21,Phil. iii. 21
origen,against_celsus,Ps,old_testament_or_other,Bible:Ps.43.20,Ps. xliii. 20
origen,against_celsus,2Cor,new_testament,Bible:2Cor.5.6 Bible:2Cor.5.8,"2 Cor. v. 6, 8"
origen,against_celsus,Wis,deuterocanonical,Bible:Wis.12.1-Wis.12.2,"Wisd. xii. 1, 2"
origen,against_celsus,John,new_testament,Bible:John.20.22,John xx. 22
origen,against_celsus,Acts,new_testament,Bible:Acts.1.5,Acts i. 5
origen,against_celsus,John,new_testament,Bible:John.1.5,John i. 5
origen,against_celsus,2Tim,new_testament,Bible:2Tim.4.7,2 Tim. iv. 7
origen,against_celsus,1Cor,new_testament,Bible:1Cor.9.26,1 Cor. ix. 26
origen,against_celsus,Eph,new_testament,Bible:Eph.2.2,Eph. ii. 2
origen,against_celsus,Gal,new_testament,Bible:Gal.5.25,Gal. v. 25
origen,against_celsus,Luke,new_testament,Bible:Luke.10.19,Luke x. 19
origen,against_celsus,Matt,new_testament,Bible:Matt.5.39-Matt.5.40,"Matt. v. 39, 40"
origen,against_celsus,Exod,old_testament_or_other,Bible:Exod.20.3-Exod.20.4,"Ex. xx. 3, 4"
origen,against_celsus,Matt,new_testament,Bible:Matt.4.10,Matt. iv. 10
origen,against_celsus,Ps,old_testament_or_other,Bible:Ps.95.5 Bible:Ps.96.5,"Ps. xcv. 5
(LXX.); xcvi. 5"
origen,against_celsus,John,new_testament,Bible:John.10.8-John.10.10,John x. 8–10
origen,against_celsus,Ps,old_testament_or_other,Bible:Ps.91.13,Ps. xci. 13
origen,against_celsus,2Cor,new_testament,Bible:2Cor.5.20,2 Cor. v. 20
origen,against_celsus,Ps,old_testament_or_other,Bible:Ps.24.8,Ps. xxiv. 8
origen,against_celsus,Matt,new_testament,Bible:Matt.6.24,Matt. vi. 24
origen,against_celsus,Ps,old_testament_or_other,Bible:Ps.97.9,Ps. xcvii. 9
origen,against_celsus,Ps,old_testament_or_other,Bible:Ps.50.1,Ps. l. 1
origen,against_celsus,Ps,old_testament_or_other,Bible:Ps.136.2,Ps. cxxxvi. 2
origen,against_celsus,Matt,new_testament,Bible:Matt.22.32,Matt. xxii. 32
origen,against_celsus,1Cor,new_testament,Bible:1Cor.8.5,1 Cor. viii. 5
origen,against_celsus,2Cor,new_testament,Bible:2Cor.11.14,2 Cor. xi. 14
origen,against_celsus,Rom,new_testament,Bible:Rom.8.19-Rom.8.20,"Rom. viii. 19, 20"
origen,against_celsus,Heb,new_testament,Bible:Heb.12.22-Heb.12.23,"Heb. xii. 22, 23"
origen,against_celsus,John,new_testament,Bible:John.5.23,John v. 23
origen,against_celsus,Rom,new_testament,Bible:Rom.2.23,Rom. ii. 23
origen,against_celsus,Heb,new_testament,Bible:Heb.10.29,Heb. x. 29
origen,against_celsus,John,new_testament,Bible:John.10.30,John x. 30
origen,against_celsus,John,new_testament,Bible:John.17.22,John xvii. 22
origen,against_celsus,John,new_testament,Bible:John.14.11 Bible:John.17.21,"John xiv. 11, and xvii. 21"
origen,against_celsus,Acts,new_testament,Bible:Acts.4.32,Acts iv. 32
origen,against_celsus,John,new_testament,Bible:John.8.58,John viii. 58
origen,against_celsus,Heb,new_testament,Bible:Heb.1.3,Heb. i. 3
origen,against_celsus,Wis,deuterocanonical,Bible:Wis.7.25-Wis.7.26,"Wisd. vii. 25, 26"
origen,against_celsus,John,new_testament,Bible:John.14.27,John xiv. 27
origen,against_celsus,John,new_testament,Bible:John.14.28,John xiv. 28
origen,against_celsus,Rev,new_testament,Bible:Rev.5.8,Rev. v. 8
origen,against_celsus,2Cor,new_testament,Bible:2Cor.6.16,2 Cor. vi. 16
origen,against_celsus,John,new_testament,Bible:John.14.23,John xiv. 23
origen,against_celsus,John,new_testament,Bible:John.2.19 Bible:John.2.21,"John ii. 19, 21"
origen,against_celsus,1Pet,new_testament,Bible:1Pet.2.5,1 Pet. ii. 5
origen,against_celsus,Eph,new_testament,Bible:Eph.2.20,Eph. ii. 20
origen,against_celsus,Isa,old_testament_or_other,Bible:Isa.54.11-Isa.54.14,Isa. liv. 11–14
origen,against_celsus,Gal,new_testament,Bible:Gal.4.10-Gal.4.11,"Gal. iv. 10, 11"
origen,against_celsus,Col,new_testament,Bible:Col.2.16,Col. ii. 16
origen,against_celsus,Deut,old_testament_or_other,Bible:Deut.16.3,Deut. xvi. 3
origen,against_celsus,Exod,old_testament_or_other,Bible:Exod.12.8,Ex. xii. 8
origen,against_celsus,Lev,old_testament_or_other,Bible:Lev.16.29,Lev. xvi. 29
origen,against_celsus,Gal,new_testament,Bible:Gal.5.17,Gal. v. 17
origen,against_celsus,1Cor,new_testament,Bible:1Cor.8.4 Bible:1Cor.8.11,"1 Cor. viii. 4, 11"
origen,against_celsus,Ps,old_testament_or_other,Bible:Ps.27.1 Bible:Ps.27.3,"Ps. xxvii. 1, 3"
origen,against_celsus,Rom,new_testament,Bible:Rom.14.21,Rom. xiv. 21
origen,against_celsus,Rom,new_testament,Bible:Rom.14.15,Rom. xiv. 15
origen,against_celsus,1Cor,new_testament,Bible:1Cor.8.13,1 Cor. viii. 13
origen,against_celsus,Matt,new_testament,Bible:Matt.15.11 Bible:Matt.15.17-Matt.15.19,"Matt. xv. 11, 17–19"
origen,against_celsus,1Cor,new_testament,Bible:1Cor.8.8,1 Cor. viii. 8
origen,against_celsus,Acts,new_testament,Bible:Acts.15.28-Acts.15.29,"Acts xv. 28, 29"
origen,against_celsus,1Cor,new_testament,Bible:1Cor.15.35,1 Cor. xv. 35
origen,against_celsus,Ps,old_testament_or_other,Bible:Ps.78.49,Ps. lxxviii. 49
origen,against_celsus,1Cor,new_testament,Bible:1Cor.10.31,1 Cor. x. 31
origen,against_celsus,Col,new_testament,Bible:Col.3.17,Col. iii. 17
origen,against_celsus,1Tim,new_testament,Bible:1Tim.4.4-1Tim.4.5,"1 Tim. iv. 4, 5"
origen,against_celsus,Gen,old_testament_or_other,Bible:Gen.1.11,Gen. i. 11
origen,against_celsus,Heb,new_testament,Bible:Heb.4.14,Heb. iv. 14
origen,against_celsus,Eph,new_testament,Bible:Eph.6.11,Eph. vi. 11
origen,against_celsus,Eph,new_testament,Bible:Eph.6.12,Eph. vi. 12
origen,against_celsus,Matt,new_testament,Bible:Matt.5.44-Matt.5.45,"Matt. v. 44, 45"
origen,against_celsus,John,new_testament,Bible:John.14.30,John xiv. 30
origen,against_celsus,Exod,old_testament_or_other,Bible:Exod.22.28,Ex. xxii. 28
origen,against_celsus,Rom,new_testament,Bible:Rom.12.14,Rom. xii. 14
origen,against_celsus,1Cor,new_testament,Bible:1Cor.6.10,1 Cor. vi. 10
origen,against_celsus,Deut,old_testament_or_other,Bible:Deut.24.16,Deut. xxiv. 16
origen,against_celsus,Jer,old_testament_or_other,Bible:Jer.31.30,Jer. xxxi. 30
origen,against_celsus,Ezek,old_testament_or_other,Bible:Ezek.18.20,Ezek. xviii. 20
origen,against_celsus,Exod,old_testament_or_other,Bible:Exod.20.5,Ex. xx. 5
origen,against_celsus,Ezek,old_testament_or_other,Bible:Ezek.18.2-Ezek.18.4,Ezek. xviii. 2–4
origen,against_celsus,Luke,new_testament,Bible:Luke.23.21 Bible:Luke.23.25,"Luke xxiii. 21, 25"
origen,against_celsus,John,new_testament,Bible:John.12.24,John xii. 24
origen,against_celsus,Rom,new_testament,Bible:Rom.8.32,Rom. viii. 32
origen,against_celsus,Isa,old_testament_or_other,Bible:Isa.38.19,Isa. xxxviii. 19
origen,against_celsus,2Kgs,old_testament_or_other,Bible:2Kgs.4.17,2 Kings iv. 17
origen,against_celsus,Sir,deuterocanonical,Bible:Sir.10.19,Ecclus. x. 19
origen,against_celsus,Eccl,old_testament_or_other,Bible:Eccl.8.11,Eccles. viii. 11
origen,against_celsus,Lam,old_testament_or_other,Bible:Lam.3.34,Lam. iii. 34
origen,against_celsus,Ps,old_testament_or_other,Bible:Ps.2.3,Ps. ii. 3
origen,against_celsus,Luke,new_testament,Bible:Luke.13.11 Bible:Luke.13.16,"Luke xiii. 11, 16"
origen,against_celsus,Ps,old_testament_or_other,Bible:Ps.116.15,Ps. cxvi. 15
origen,against_celsus,Isa,old_testament_or_other,Bible:Isa.53.12,Isa. liii. 12
origen,against_celsus,Ps,old_testament_or_other,Bible:Ps.26.2,Ps. xxvi. 2
origen,against_celsus,Matt,new_testament,Bible:Matt.4.9-Matt.4.10,"Matt. iv. 9, 10"
origen,against_celsus,Phil,new_testament,Bible:Phil.2.10-Phil.2.11,"Phil. ii. 10, 11"
origen,against_celsus,Acts,new_testament,Bible:Acts.10.38,Acts x. 38
origen,against_celsus,Rom,new_testament,Bible:Rom.13.1-Rom.13.2,"Rom. xiii. 1, 2"
origen,against_celsus,Ps,old_testament_or_other,Bible:Ps.148.3,Ps. cxlviii. 3
origen,against_celsus,Ps,old_testament_or_other,Bible:Ps.104.15,Ps. civ. 15
origen,against_celsus,Dan,old_testament_or_other,Bible:Dan.2.21,Dan. ii. 21
origen,against_celsus,Sir,deuterocanonical,Bible:Sir.10.4,Ecclus. x. 4
origen,against_celsus,Matt,new_testament,Bible:Matt.18.19,Matt. xviii. 19
origen,against_celsus,Exod,old_testament_or_other,Bible:Exod.14.14,Ex. xiv. 14
origen,against_celsus,Luke,new_testament,Bible:Luke.14.34-Luke.14.35 Bible:Matt.5.13,"Luke xiv. 34, 35; Matt. v. 13"
origen,against_celsus,Phil,new_testament,Bible:Phil.4.13,Phil. iv. 13
origen,against_celsus,Matt,new_testament,Bible:Matt.10.29-Matt.10.30,"Matt. x. 29, 30"
origen,against_celsus,Zeph,old_testament_or_other,Bible:Zeph.3.7-Zeph.3.13,Zeph. iii. 7–13
origen,against_celsus,1Tim,new_testament,Bible:1Tim.2.1-1Tim.2.2,"1 Tim. ii. 1, 2"
origen,against_celsus,Luke,new_testament,Bible:Luke.19.17,Luke xix. 17
origen,against_celsus,Ps,old_testament_or_other,Bible:Ps.82.1 Bible:Ps.82.7,"Ps. lxxxii. 1, 7"
