author_id,work_id,book,testament_group,osis_ref,passage
clement_rome,first_epistle_to_the_corinthians,3John,new_testament,Bible:3John.1.9,3 John 9
clement_rome,first_epistle_to_the_corinthians,1Pet,new_testament,Bible:1Pet.5.1-1Pet.5.5,1 Pet. v. 1–5
clement_rome,first_epistle_to_the_corinthians,Phil,new_testament,Bible:Phil.4.3,Phil. iv. 3
clement_rome,first_epistle_to_the_corinthians,Eph,new_testament,Bible:Eph.5.21,Eph. v. 21
clement_rome,first_epistle_to_the_corinthians,1Pet,new_testament,Bible:1Pet.5.5,1 Pet. v. 5
clement_rome,first_epistle_to_the_corinthians,Acts,new_testament,Bible:Acts.20.35,Acts xx. 35
clement_rome,first_epistle_to_the_corinthians,1Pet,new_testament,Bible:1Pet.2.17,1 Pet. ii. 17
clement_rome,first_epistle_to_the_corinthians,Titus,new_testament,Bible:Titus.3.1,Tit. iii. 1
clement_rome,first_epistle_to_the_corinthians,Prov,old_testament_or_other,Bible:Prov.7.3,Prov. vii. 3
clement_rome,first_epistle_to_the_corinthians,Deut,old_testament_or_other,Bible:Deut.32.15,Deut. xxxii. 15
clement_rome,first_epistle_to_the_corinthians,2Cor,new_testament,Bible:2Cor.1.21,2 Cor. i. 21
clement_rome,first_epistle_to_the_corinthians,Eph,new_testament,Bible:Eph.4.20,Eph. iv. 20
clement_rome,first_epistle_to_the_corinthians,Wis,deuterocanonical,Bible:Wis.2.24,Wisdom ii. 24
clement_rome,first_epistle_to_the_corinthians,Gen,old_testament_or_other,Bible:Gen.4.3-Gen.4.8,Gen. iv. 3–8
clement_rome,first_epistle_to_the_corinthians,Gen,old_testament_or_other,Bible:Gen.27.41,Gen. xxvii. 41
clement_rome,first_epistle_to_the_corinthians,Gen,old_testament_or_other,Bible:Gen.37,Gen. xxxvii.
clement_rome,first_epistle_to_the_corinthians,Exod,old_testament_or_other,Bible:Exod.2.14,Ex. ii. 14
clement_rome,first_epistle_to_the_corinthians,Num,old_testament_or_other,Bible:Num.12.14-Num.12.15,"Num. xii. 14, 15"
clement_rome,first_epistle_to_the_corinthians,Num,old_testament_or_other,Bible:Num.16.33,Num. xvi. 33
clement_rome,first_epistle_to_the_corinthians,1Kgs,old_testament_or_other,Bible:1Kgs.18.8,1 Kings xviii. 8
clement_rome,first_epistle_to_the_corinthians,Gen,old_testament_or_other,Bible:Gen.2.23,Gen. ii. 23
clement_rome,first_epistle_to_the_corinthians,Gen,old_testament_or_other,Bible:Gen.7,Gen. vii.
clement_rome,first_epistle_to_the_corinthians,1Pet,new_testament,Bible:1Pet.3.20,1 Pet. iii. 20
clement_rome,first_epistle_to_the_corinthians,2Pet,new_testament,Bible:2Pet.2.5,2 Pet. ii. 5
clement_rome,first_epistle_to_the_corinthians,Jonah,old_testament_or_other,Bible:Jonah.3,Jon. iii.
clement_rome,first_epistle_to_the_corinthians,Ezek,old_testament_or_other,Bible:Ezek.33.11,Ezek. xxxiii. 11
clement_rome,first_epistle_to_the_corinthians,Ezek,old_testament_or_other,Bible:Ezek.18.30,Ezek. xviii. 30
clement_rome,first_epistle_to_the_corinthians,Isa,old_testament_or_other,Bible:Isa.1.18,Isa. i. 18
clement_rome,first_epistle_to_the_corinthians,Isa,old_testament_or_other,Bible:Isa.1.16-Isa.1.20,Isa. i. 16–20
clement_rome,first_epistle_to_the_corinthians,Gen,old_testament_or_other,Bible:Gen.5.24,Gen. v. 24
clement_rome,first_epistle_to_the_corinthians,Heb,new_testament,Bible:Heb.11.5,Heb. xi. 5
clement_rome,first_epistle_to_the_corinthians,Isa,old_testament_or_other,Bible:Isa.41.8,Isa. xli. 8
clement_rome,first_epistle_to_the_corinthians,2Chr,old_testament_or_other,Bible:2Chr.20.7,2 Chron. xx. 7
clement_rome,first_epistle_to_the_corinthians,Jdt,deuterocanonical,Bible:Jdt.8.19,Judith viii. 19
clement_rome,first_epistle_to_the_corinthians,Jas,new_testament,Bible:Jas.2.23,Jas. ii. 23
clement_rome,first_epistle_to_the_corinthians,Gen,old_testament_or_other,Bible:Gen.12.1-Gen.12.3,Gen. xii. 1–3
clement_rome,first_epistle_to_the_corinthians,Gen,old_testament_or_other,Bible:Gen.13.14-Gen.13.16,Gen. xiii. 14–16
clement_rome,first_epistle_to_the_corinthians,Gen,old_testament_or_other,Bible:Gen.15.5-Gen.15.6,"Gen. xv. 5, 6"
clement_rome,first_epistle_to_the_corinthians,Rom,new_testament,Bible:Rom.4.3,Rom. iv. 3
clement_rome,first_epistle_to_the_corinthians,Gen,old_testament_or_other,Bible:Gen.21.22,Gen. xxi. 22
clement_rome,first_epistle_to_the_corinthians,Heb,new_testament,Bible:Heb.11.17,Heb. xi. 17
clement_rome,first_epistle_to_the_corinthians,Gen,old_testament_or_other,Bible:Gen.19,Gen. xix.
clement_rome,first_epistle_to_the_corinthians,2Pet,new_testament,Bible:2Pet.2.6-2Pet.2.9,2 Pet. ii. 6–9
clement_rome,first_epistle_to_the_corinthians,Josh,old_testament_or_other,Bible:Josh.2,Josh. ii.
clement_rome,first_epistle_to_the_corinthians,Heb,new_testament,Bible:Heb.11.31,Heb. xi. 31
clement_rome,first_epistle_to_the_corinthians,Jer,old_testament_or_other,Bible:Jer.9.23-Jer.9.24,"Jer. ix. 23, 24"
clement_rome,first_epistle_to_the_corinthians,1Cor,new_testament,Bible:1Cor.1.31,1 Cor. i. 31
clement_rome,first_epistle_to_the_corinthians,2Cor,new_testament,Bible:2Cor.10.17,2 Cor. x. 17
clement_rome,first_epistle_to_the_corinthians,Matt,new_testament,Bible:Matt.6.12-Matt.6.15,Matt. vi. 12–15
clement_rome,first_epistle_to_the_corinthians,Matt,new_testament,Bible:Matt.7.2,Matt. vii. 2
clement_rome,first_epistle_to_the_corinthians,Luke,new_testament,Bible:Luke.6.36-Luke.6.38,Luke vi. 36–38
clement_rome,first_epistle_to_the_corinthians,Isa,old_testament_or_other,Bible:Isa.66.2,Isa. lxvi. 2
clement_rome,first_epistle_to_the_corinthians,Prov,old_testament_or_other,Bible:Prov.2.21-Prov.2.22,"Prov. ii. 21, 22"
clement_rome,first_epistle_to_the_corinthians,Ps,old_testament_or_other,Bible:Ps.37.35-Ps.37.37,Ps. xxxvii. 35–37
clement_rome,first_epistle_to_the_corinthians,Isa,old_testament_or_other,Bible:Isa.29.13,Isa. xxix. 13
clement_rome,first_epistle_to_the_corinthians,Matt,new_testament,Bible:Matt.15.8,Matt. xv. 8
clement_rome,first_epistle_to_the_corinthians,Mark,new_testament,Bible:Mark.7.6,Mark vii. 6
clement_rome,first_epistle_to_the_corinthians,Ps,old_testament_or_other,Bible:Ps.62.4,Ps. lxii. 4
clement_rome,first_epistle_to_the_corinthians,Ps,old_testament_or_other,Bible:Ps.78.36-Ps.78.37,"Ps. lxxviii. 36, 37"
clement_rome,first_epistle_to_the_corinthians,Ps,old_testament_or_other,Bible:Ps.31.18,Ps. xxxi. 18
clement_rome,first_epistle_to_the_corinthians,Ps,old_testament_or_other,Bible:Ps.12.3-Ps.12.5,Ps. xii. 3–5
clement_rome,first_epistle_to_the_corinthians,Isa,old_testament_or_other,Bible:Isa.53,Isa. liii.
clement_rome,first_epistle_to_the_corinthians,Ps,old_testament_or_other,Bible:Ps.22.6-Ps.22.8,Ps. xxii. 6–8
clement_rome,first_epistle_to_the_corinthians,Heb,new_testament,Bible:Heb.11.37,Heb. xi. 37
clement_rome,first_epistle_to_the_corinthians,Gen,old_testament_or_other,Bible:Gen.18.27,Gen. xviii. 27
clement_rome,first_epistle_to_the_corinthians,Job,old_testament_or_other,Bible:Job.1.1,Job i. 1
clement_rome,first_epistle_to_the_corinthians,Job,old_testament_or_other,Bible:Job.14.4-Job.14.5,"Job xiv. 4, 5"
clement_rome,first_epistle_to_the_corinthians,Num,old_testament_or_other,Bible:Num.12.7,Num. xii. 7
clement_rome,first_epistle_to_the_corinthians,Heb,new_testament,Bible:Heb.3.2,Heb. iii. 2
clement_rome,first_epistle_to_the_corinthians,Exod,old_testament_or_other,Bible:Exod.3.11,Ex. iii. 11
clement_rome,first_epistle_to_the_corinthians,Exod,old_testament_or_other,Bible:Exod.4.10,Ex. iv. 10
clement_rome,first_epistle_to_the_corinthians,Ps,old_testament_or_other,Bible:Ps.119.83,Ps. cxix. 83
clement_rome,first_epistle_to_the_corinthians,Ps,old_testament_or_other,Bible:Ps.89.21,Ps. lxxxix. 21
clement_rome,first_epistle_to_the_corinthians,Ps,old_testament_or_other,Bible:Ps.51.1-Ps.51.17,Ps. li. 1–17
clement_rome,first_epistle_to_the_corinthians,Heb,new_testament,Bible:Heb.12.1,Heb. xii. 1
clement_rome,first_epistle_to_the_corinthians,Job,old_testament_or_other,Bible:Job.38.11,Job xxxviii. 11
clement_rome,first_epistle_to_the_corinthians,Prov,old_testament_or_other,Bible:Prov.20.27,Prov. xx. 27
clement_rome,first_epistle_to_the_corinthians,Heb,new_testament,Bible:Heb.13.17,Heb. xiii. 17
clement_rome,first_epistle_to_the_corinthians,1Thess,new_testament,Bible:1Thess.5.12-1Thess.5.13,"1 Thess. v. 12, 13"
clement_rome,first_epistle_to_the_corinthians,1Tim,new_testament,Bible:1Tim.5.21,1 Tim. v. 21
clement_rome,first_epistle_to_the_corinthians,Ps,old_testament_or_other,Bible:Ps.34.11-Ps.34.17,Ps. xxxiv. 11–17
clement_rome,first_epistle_to_the_corinthians,Ps,old_testament_or_other,Bible:Ps.32.10,Ps. xxxii. 10
clement_rome,first_epistle_to_the_corinthians,Jas,new_testament,Bible:Jas.1.8,Jas. i. 8
clement_rome,first_epistle_to_the_corinthians,2Pet,new_testament,Bible:2Pet.3.3-2Pet.3.4,"2 Pet. iii. 3, 4"
clement_rome,first_epistle_to_the_corinthians,Hab,old_testament_or_other,Bible:Hab.2.3,Hab. ii. 3
clement_rome,first_epistle_to_the_corinthians,Heb,new_testament,Bible:Heb.10.37,Heb. x. 37
clement_rome,first_epistle_to_the_corinthians,Mal,old_testament_or_other,Bible:Mal.3.1,Mal. iii. 1
clement_rome,first_epistle_to_the_corinthians,1Cor,new_testament,Bible:1Cor.15.20,1 Cor. xv. 20
clement_rome,first_epistle_to_the_corinthians,Col,new_testament,Bible:Col.1.18,Col. i. 18
clement_rome,first_epistle_to_the_corinthians,Luke,new_testament,Bible:Luke.8.5,Luke viii. 5
clement_rome,first_epistle_to_the_corinthians,Ps,old_testament_or_other,Bible:Ps.28.7,Ps. xxviii. 7
clement_rome,first_epistle_to_the_corinthians,Ps,old_testament_or_other,Bible:Ps.3.6,Ps. iii. 6
clement_rome,first_epistle_to_the_corinthians,Job,old_testament_or_other,Bible:Job.19.25-Job.19.26,"Job xix. 25, 26"
clement_rome,first_epistle_to_the_corinthians,Titus,new_testament,Bible:Titus.1.2,Tit. i. 2
clement_rome,first_epistle_to_the_corinthians,Heb,new_testament,Bible:Heb.6.18,Heb. vi. 18
clement_rome,first_epistle_to_the_corinthians,Wis,deuterocanonical,Bible:Wis.12.12,Wisdom xii. 12
clement_rome,first_epistle_to_the_corinthians,Wis,deuterocanonical,Bible:Wis.11.22,Wisdom xi. 22
clement_rome,first_epistle_to_the_corinthians,Matt,new_testament,Bible:Matt.24.35,Matt. xxiv. 35
clement_rome,first_epistle_to_the_corinthians,Ps,old_testament_or_other,Bible:Ps.19.1-Ps.19.3,Ps. xix. 1–3
clement_rome,first_epistle_to_the_corinthians,Deut,old_testament_or_other,Bible:Deut.32.8-Deut.32.9,"Deut. xxxii. 8, 9"
clement_rome,first_epistle_to_the_corinthians,Num,old_testament_or_other,Bible:Num.18.27,Num. xviii. 27
clement_rome,first_epistle_to_the_corinthians,2Chr,old_testament_or_other,Bible:2Chr.31.14,2 Chron. xxxi. 14
clement_rome,first_epistle_to_the_corinthians,Prov,old_testament_or_other,Bible:Prov.3.34,Prov. iii. 34
clement_rome,first_epistle_to_the_corinthians,Jas,new_testament,Bible:Jas.4.6,Jas. iv. 6
clement_rome,first_epistle_to_the_corinthians,Job,old_testament_or_other,Bible:Job.11.2-Job.11.3,"Job xi. 2, 3"
clement_rome,first_epistle_to_the_corinthians,Jas,new_testament,Bible:Jas.2.21,Jas. ii. 21
clement_rome,first_epistle_to_the_corinthians,Gen,old_testament_or_other,Bible:Gen.22,Gen. xxii.
clement_rome,first_epistle_to_the_corinthians,Rom,new_testament,Bible:Rom.9.5,Rom. ix. 5
clement_rome,first_epistle_to_the_corinthians,Gen,old_testament_or_other,Bible:Gen.22.17,Gen. xxii. 17
clement_rome,first_epistle_to_the_corinthians,Gen,old_testament_or_other,Bible:Gen.28.4,Gen. xxviii. 4
clement_rome,first_epistle_to_the_corinthians,Gen,old_testament_or_other,Bible:Gen.1.26-Gen.1.27,"Gen. i. 26, 27"
clement_rome,first_epistle_to_the_corinthians,Gen,old_testament_or_other,Bible:Gen.1.28,Gen. i. 28
clement_rome,first_epistle_to_the_corinthians,Isa,old_testament_or_other,Bible:Isa.40.10,Isa. xl. 10
clement_rome,first_epistle_to_the_corinthians,Isa,old_testament_or_other,Bible:Isa.62.11,Isa. lxii. 11
clement_rome,first_epistle_to_the_corinthians,Rev,new_testament,Bible:Rev.22.12,Rev. xxii. 12
clement_rome,first_epistle_to_the_corinthians,Dan,old_testament_or_other,Bible:Dan.7.10,Dan. vii. 10
clement_rome,first_epistle_to_the_corinthians,Isa,old_testament_or_other,Bible:Isa.6.3,Isa. vi. 3
clement_rome,first_epistle_to_the_corinthians,1Cor,new_testament,Bible:1Cor.2.9,1 Cor. ii. 9
clement_rome,first_epistle_to_the_corinthians,Rom,new_testament,Bible:Rom.1.32,Rom. i. 32
clement_rome,first_epistle_to_the_corinthians,Ps,old_testament_or_other,Bible:Ps.50.16-Ps.50.23,Ps. l. 16–23
clement_rome,first_epistle_to_the_corinthians,Heb,new_testament,Bible:Heb.1.3-Heb.1.4,"Heb. i. 3, 4"
clement_rome,first_epistle_to_the_corinthians,Ps,old_testament_or_other,Bible:Ps.104.4,Ps. civ. 4
clement_rome,first_epistle_to_the_corinthians,Heb,new_testament,Bible:Heb.1.7,Heb. i. 7
clement_rome,first_epistle_to_the_corinthians,Ps,old_testament_or_other,Bible:Ps.2.7-Ps.2.8,"Ps. ii. 7, 8"
clement_rome,first_epistle_to_the_corinthians,Heb,new_testament,Bible:Heb.1.5,Heb. i. 5
clement_rome,first_epistle_to_the_corinthians,Ps,old_testament_or_other,Bible:Ps.110.1,Ps. cx. 1
clement_rome,first_epistle_to_the_corinthians,Heb,new_testament,Bible:Heb.1.13,Heb. i. 13
clement_rome,first_epistle_to_the_corinthians,1Cor,new_testament,Bible:1Cor.12.12,1 Cor. xii. 12
clement_rome,first_epistle_to_the_corinthians,Prov,old_testament_or_other,Bible:Prov.27.2,Prov. xxvii. 2
clement_rome,first_epistle_to_the_corinthians,Ps,old_testament_or_other,Bible:Ps.139.15,Ps. cxxxix. 15
clement_rome,first_epistle_to_the_corinthians,Job,old_testament_or_other,Bible:Job.4.16-Job.4.18,Job iv. 16–18
clement_rome,first_epistle_to_the_corinthians,Job,old_testament_or_other,Bible:Job.15.15,Job xv. 15
clement_rome,first_epistle_to_the_corinthians,Job,old_testament_or_other,Bible:Job.4.19-Job.4.21,Job iv. 19–21
clement_rome,first_epistle_to_the_corinthians,Job,old_testament_or_other,Bible:Job.5.1-Job.5.5,Job v. 1–5
clement_rome,first_epistle_to_the_corinthians,1Cor,new_testament,Bible:1Cor.16.1-1Cor.16.2,"1 Cor. xvi. 1, 2"
clement_rome,first_epistle_to_the_corinthians,Rom,new_testament,Bible:Rom.15.15-Rom.15.16,"Rom. xv. 15, 16"
clement_rome,first_epistle_to_the_corinthians,Isa,old_testament_or_other,Bible:Isa.60.17,Isa. lx. 17
clement_rome,first_epistle_to_the_corinthians,Heb,new_testament,Bible:Heb.3.5,Heb. iii. 5
clement_rome,first_epistle_to_the_corinthians,Num,old_testament_or_other,Bible:Num.17,Num. xvii.
clement_rome,first_epistle_to_the_corinthians,Dan,old_testament_or_other,Bible:Dan.6.16,Dan. vi. 16
clement_rome,first_epistle_to_the_corinthians,Dan,old_testament_or_other,Bible:Dan.3.20,Dan. iii. 20
clement_rome,first_epistle_to_the_corinthians,Ps,old_testament_or_other,Bible:Ps.18.25-Ps.18.26,"Ps. xviii. 25, 26"
clement_rome,first_epistle_to_the_corinthians,Jas,new_testament,Bible:Jas.4.1,Jas. iv. 1
clement_rome,first_epistle_to_the_corinthians,Eph,new_testament,Bible:Eph.4.4-Eph.4.6,Eph. iv. 4–6
clement_rome,first_epistle_to_the_corinthians,Rom,new_testament,Bible:Rom.12.5,Rom. xii. 5
clement_rome,first_epistle_to_the_corinthians,Matt,new_testament,Bible:Matt.18.6,Matt. xviii. 6
clement_rome,first_epistle_to_the_corinthians,Matt,new_testament,Bible:Matt.26.24,Matt. xxvi. 24
clement_rome,first_epistle_to_the_corinthians,Mark,new_testament,Bible:Mark.9.42,Mark ix. 42
clement_rome,first_epistle_to_the_corinthians,Luke,new_testament,Bible:Luke.17.2,Luke xvii. 2
clement_rome,first_epistle_to_the_corinthians,Phil,new_testament,Bible:Phil.4.15,Phil. iv. 15
clement_rome,first_epistle_to_the_corinthians,1Cor,new_testament,Bible:1Cor.3.13,1 Cor. iii. 13
clement_rome,first_epistle_to_the_corinthians,Ps,old_testament_or_other,Bible:Ps.118.19-Ps.118.20,"Ps. cxviii. 19, 20"
clement_rome,first_epistle_to_the_corinthians,Jas,new_testament,Bible:Jas.5.20,Jas. v. 20
clement_rome,first_epistle_to_the_corinthians,1Pet,new_testament,Bible:1Pet.4.8,1 Pet. iv. 8
clement_rome,first_epistle_to_the_corinthians,1Cor,new_testament,Bible:1Cor.13.4,1 Cor. xiii. 4
clement_rome,first_epistle_to_the_corinthians,Isa,old_testament_or_other,Bible:Isa.26.20,Isa. xxvi. 20
clement_rome,first_epistle_to_the_corinthians,Ps,old_testament_or_other,Bible:Ps.32.1-Ps.32.2,"Ps. xxxii. 1, 2"
clement_rome,first_epistle_to_the_corinthians,Num,old_testament_or_other,Bible:Num.16,Num. xvi.
clement_rome,first_epistle_to_the_corinthians,Exod,old_testament_or_other,Bible:Exod.14,Ex. xiv.
clement_rome,first_epistle_to_the_corinthians,Ps,old_testament_or_other,Bible:Ps.69.31-Ps.69.32,"Ps. lxix. 31, 32"
clement_rome,first_epistle_to_the_corinthians,Ps,old_testament_or_other,Bible:Ps.50.14-Ps.50.15,"Ps. l. 14, 15"
clement_rome,first_epistle_to_the_corinthians,Ps,old_testament_or_other,Bible:Ps.51.17,Ps. li. 17
clement_rome,first_epistle_to_the_corinthians,Exod,old_testament_or_other,Bible:Exod.32.7,Ex. xxxii. 7
clement_rome,first_epistle_to_the_corinthians,Deut,old_testament_or_other,Bible:Deut.9.12,Deut. ix. 12
clement_rome,first_epistle_to_the_corinthians,Exod,old_testament_or_other,Bible:Exod.32.9,Ex. xxxii. 9
clement_rome,first_epistle_to_the_corinthians,Exod,old_testament_or_other,Bible:Exod.32.32,Ex. xxxii. 32
clement_rome,first_epistle_to_the_corinthians,Ps,old_testament_or_other,Bible:Ps.24.1,Ps. xxiv. 1
clement_rome,first_epistle_to_the_corinthians,1Cor,new_testament,Bible:1Cor.10.26 Bible:1Cor.10.28,"1 Cor. x. 26, 28"
clement_rome,first_epistle_to_the_corinthians,Rom,new_testament,Bible:Rom.16.3-Rom.16.4,"Rom. xvi. 3, 4"
clement_rome,first_epistle_to_the_corinthians,Phil,new_testament,Bible:Phil.2.30,Phil. ii. 30
clement_rome,first_epistle_to_the_corinthians,Jdt,deuterocanonical,Bible:Jdt.8.30,Judith viii. 30
clement_rome,first_epistle_to_the_corinthians,Esth,old_testament_or_other,Bible:Esth.7 Bible:Esth.8,"Esth. vii., viii."
clement_rome,first_epistle_to_the_corinthians,Ps,old_testament_or_other,Bible:Ps.118.18,Ps. cxviii. 18
clement_rome,first_epistle_to_the_corinthians,Prov,old_testament_or_other,Bible:Prov.3.12,Prov. iii. 12
clement_rome,first_epistle_to_the_corinthians,Heb,new_testament,Bible:Heb.12.6,Heb. xii. 6
clement_rome,first_epistle_to_the_corinthians,Ps,old_testament_or_other,Bible:Ps.141.5,Ps. cxli. 5
clement_rome,first_epistle_to_the_corinthians,Job,old_testament_or_other,Bible:Job.5.17-Job.5.26,Job v. 17–26
clement_rome,first_epistle_to_the_corinthians,Prov,old_testament_or_other,Bible:Prov.1.23-Prov.1.31,Prov. i. 23–31
clement_rome,first_epistle_to_the_corinthians,Titus,new_testament,Bible:Titus.2.14,Tit. ii. 14
clement_rome,first_epistle_to_the_corinthians,2Tim,new_testament,Bible:2Tim.4.21,2 Tim. iv. 21
mathetes,epistle_of_mathetes_to_diognetus,2Tim,new_testament,Bible:2Tim.2.24,2 Tim. ii. 24
mathetes,epistle_of_mathetes_to_diognetus,Gal,new_testament,Bible:Gal.4.10,Gal. iv. 10
mathetes,epistle_of_mathetes_to_diognetus,2Cor,new_testament,Bible:2Cor.10.3,2 Cor. x. 3
mathetes,epistle_of_mathetes_to_diognetus,Phil,new_testament,Bible:Phil.3.20,Phil. iii. 20
mathetes,epistle_of_mathetes_to_diognetus,2Cor,new_testament,Bible:2Cor.6.9,2 Cor. vi. 9
mathetes,epistle_of_mathetes_to_diognetus,2Cor,new_testament,Bible:2Cor.6.10,2 Cor. vi. 10
mathetes,epistle_of_mathetes_to_diognetus,2Cor,new_testament,Bible:2Cor.4.12,2 Cor. iv. 12
mathetes,epistle_of_mathetes_to_diognetus,John,new_testament,Bible:John.17.11-John.17.16,"John xvii. 11, 14, 16"
mathetes,epistle_of_mathetes_to_diognetus,1Pet,new_testament,Bible:1Pet.2.11,1 Pet. ii. 11
mathetes,epistle_of_mathetes_to_diognetus,Mal,old_testament_or_other,Bible:Mal.3.2,Mal. iii. 2
mathetes,epistle_of_mathetes_to_diognetus,Matt,new_testament,Bible:Matt.19.17,Matt. xix. 17
mathetes,epistle_of_mathetes_to_diognetus,Rom,new_testament,Bible:Rom.3.21-Rom.3.26,Rom. iii. 21–26
mathetes,epistle_of_mathetes_to_diognetus,Rom,new_testament,Bible:Rom.5.20,Rom. v. 20
mathetes,epistle_of_mathetes_to_diognetus,Gal,new_testament,Bible:Gal.4.4,Gal. iv. 4
mathetes,epistle_of_mathetes_to_diognetus,Acts,new_testament,Bible:Acts.17.30,Acts xvii. 30
mathetes,epistle_of_mathetes_to_diognetus,Isa,old_testament_or_other,Bible:Isa.53.11,Isa. liii. 11
mathetes,epistle_of_mathetes_to_diognetus,Matt,new_testament,Bible:Matt.6.25,Matt. vi. 25
mathetes,epistle_of_mathetes_to_diognetus,1Tim,new_testament,Bible:1Tim.3.16,1 Tim. iii. 16
mathetes,epistle_of_mathetes_to_diognetus,1Cor,new_testament,Bible:1Cor.8.1,1 Cor. viii. 1
mathetes,epistle_of_mathetes_to_diognetus,Rev,new_testament,Bible:Rev.5.9,Rev. v. 9
mathetes,epistle_of_mathetes_to_diognetus,Rev,new_testament,Bible:Rev.19.7,Rev. xix. 7
mathetes,epistle_of_mathetes_to_diognetus,Rev,new_testament,Bible:Rev.20.5,Rev. xx. 5
mathetes,epistle_of_mathetes_to_diognetus,1Pet,new_testament,Bible:1Pet.5.3,1 Pet. v. 3
polycarp,epistle_to_the_philippians,Phil,new_testament,Bible:Phil.1.5,Phil. i. 5
polycarp,epistle_to_the_philippians,Acts,new_testament,Bible:Acts.2.24,Acts ii. 24
polycarp,epistle_to_the_philippians,1Pet,new_testament,Bible:1Pet.1.8,1 Pet. i. 8
polycarp,epistle_to_the_philippians,Eph,new_testament,Bible:Eph.2.8-Eph.2.9,"Eph. ii. 8, 9"
polycarp,epistle_to_the_philippians,1Pet,new_testament,Bible:1Pet.1.13,1 Pet. i. 13
polycarp,epistle_to_the_philippians,Eph,new_testament,Bible:Eph.6.14,Eph. vi. 14
polycarp,epistle_to_the_philippians,Ps,old_testament_or_other,Bible:Ps.2.11,Ps. ii. 11
polycarp,epistle_to_the_philippians,1Pet,new_testament,Bible:1Pet.1.21,1 Pet. i. 21
polycarp,epistle_to_the_philippians,1Pet,new_testament,Bible:1Pet.3.22,1 Pet. iii. 22
polycarp,epistle_to_the_philippians,Phil,new_testament,Bible:Phil.2.10,Phil. ii. 10
polycarp,epistle_to_the_philippians,Acts,new_testament,Bible:Acts.17.31,Acts xvii. 31
polycarp,epistle_to_the_philippians,1Cor,new_testament,Bible:1Cor.6.14,1 Cor. vi. 14
polycarp,epistle_to_the_philippians,2Cor,new_testament,Bible:2Cor.4.14,2 Cor. iv. 14
polycarp,epistle_to_the_philippians,Rom,new_testament,Bible:Rom.8.11,Rom. viii. 11
polycarp,epistle_to_the_philippians,1Pet,new_testament,Bible:1Pet.3.9,1 Pet. iii. 9
polycarp,epistle_to_the_philippians,Matt,new_testament,Bible:Matt.7.1,Matt. vii. 1
polycarp,epistle_to_the_philippians,Matt,new_testament,Bible:Matt.6.12 Bible:Matt.6.14,"Matt. vi. 12, 14"
polycarp,epistle_to_the_philippians,Luke,new_testament,Bible:Luke.6.37,Luke vi. 37
polycarp,epistle_to_the_philippians,Luke,new_testament,Bible:Luke.6.36,Luke vi. 36
polycarp,epistle_to_the_philippians,Matt,new_testament,Bible:Matt.7.2,Matt. vii. 2
polycarp,epistle_to_the_philippians,Luke,new_testament,Bible:Luke.6.38,Luke vi. 38
polycarp,epistle_to_the_philippians,Matt,new_testament,Bible:Matt.5.3 Bible:Matt.5.10,"Matt. v. 3, 10"
polycarp,epistle_to_the_philippians,Luke,new_testament,Bible:Luke.6.20,Luke vi. 20
polycarp,epistle_to_the_philippians,2Pet,new_testament,Bible:2Pet.3.15,2 Pet. iii. 15
polycarp,epistle_to_the_philippians,Gal,new_testament,Bible:Gal.4.26,Gal. iv. 26
polycarp,epistle_to_the_philippians,1Tim,new_testament,Bible:1Tim.6.10,1 Tim. vi. 10
polycarp,epistle_to_the_philippians,1Tim,new_testament,Bible:1Tim.6.7,1 Tim. vi. 7
polycarp,epistle_to_the_philippians,Eph,new_testament,Bible:Eph.6.11,Eph. vi. 11
polycarp,epistle_to_the_philippians,1Thess,new_testament,Bible:1Thess.5.17,1 Thess. v. 17
polycarp,epistle_to_the_philippians,Gal,new_testament,Bible:Gal.6.7,Gal. vi. 7
polycarp,epistle_to_the_philippians,1Tim,new_testament,Bible:1Tim.3.8,1 Tim. iii. 8
polycarp,epistle_to_the_philippians,Matt,new_testament,Bible:Matt.20.28,Matt. xx. 28
polycarp,epistle_to_the_philippians,Phil,new_testament,Bible:Phil.1.27,Phil. i. 27
polycarp,epistle_to_the_philippians,2Tim,new_testament,Bible:2Tim.2.12,2 Tim. ii. 12
polycarp,epistle_to_the_philippians,1Pet,new_testament,Bible:1Pet.2.11,1 Pet. ii. 11
polycarp,epistle_to_the_philippians,1Cor,new_testament,Bible:1Cor.6.9-1Cor.6.10,"1 Cor. vi. 9, 10"
polycarp,epistle_to_the_philippians,Rom,new_testament,Bible:Rom.12.17,Rom. xii. 17
polycarp,epistle_to_the_philippians,2Cor,new_testament,Bible:2Cor.8.31,2 Cor. viii. 31
polycarp,epistle_to_the_philippians,Matt,new_testament,Bible:Matt.6.12-Matt.6.14,Matt. vi. 12–14
polycarp,epistle_to_the_philippians,Rom,new_testament,Bible:Rom.14.10-Rom.14.12,Rom. xiv. 10–12
polycarp,epistle_to_the_philippians,2Cor,new_testament,Bible:2Cor.5.10,2 Cor. v. 10
polycarp,epistle_to_the_philippians,1John,new_testament,Bible:1John.4.3,1 John iv. 3
polycarp,epistle_to_the_philippians,Jude,new_testament,Bible:Jude.1.3,Jude 3
polycarp,epistle_to_the_philippians,1Pet,new_testament,Bible:1Pet.4.7,1 Pet. iv. 7
polycarp,epistle_to_the_philippians,Matt,new_testament,Bible:Matt.6.13,Matt. vi. 13
polycarp,epistle_to_the_philippians,Matt,new_testament,Bible:Matt.26.41,Matt. xxvi. 41
polycarp,epistle_to_the_philippians,Mark,new_testament,Bible:Mark.14.38,Mark xiv. 38
polycarp,epistle_to_the_philippians,1Pet,new_testament,Bible:1Pet.2.24,1 Pet. ii. 24
polycarp,epistle_to_the_philippians,1Pet,new_testament,Bible:1Pet.2.22,1 Pet. ii. 22
polycarp,epistle_to_the_philippians,1John,new_testament,Bible:1John.4.9,1 John iv. 9
polycarp,epistle_to_the_philippians,Acts,new_testament,Bible:Acts.5.41,Acts v. 41
polycarp,epistle_to_the_philippians,1Pet,new_testament,Bible:1Pet.4.16,1 Pet. iv. 16
polycarp,epistle_to_the_philippians,1Pet,new_testament,Bible:1Pet.2.21,1 Pet. ii. 21
polycarp,epistle_to_the_philippians,Phil,new_testament,Bible:Phil.2.16,Phil. ii. 16
polycarp,epistle_to_the_philippians,Gal,new_testament,Bible:Gal.2.2,Gal. ii. 2
polycarp,epistle_to_the_philippians,1Pet,new_testament,Bible:1Pet.2.17,1 Pet. ii. 17
polycarp,epistle_to_the_philippians,Tob,deuterocanonical,Bible:Tob.4.10,Tobit iv. 10
polycarp,epistle_to_the_philippians,Tob,deuterocanonical,Bible:Tob.12.9,Tobit xii. 9
polycarp,epistle_to_the_philippians,1Pet,new_testament,Bible:1Pet.5.5,1 Pet. v. 5
polycarp,epistle_to_the_philippians,1Pet,new_testament,Bible:1Pet.2.12,1 Pet. ii. 12
polycarp,epistle_to_the_philippians,Isa,old_testament_or_other,Bible:Isa.52.5,Isa. lii. 5
polycarp,epistle_to_the_philippians,1Thess,new_testament,Bible:1Thess.5.22,1 Thess. v. 22
polycarp,epistle_to_the_philippians,1Cor,new_testament,Bible:1Cor.6.2,1 Cor. vi. 2
polycarp,epistle_to_the_philippians,2Thess,new_testament,Bible:2Thess.3.15,2 Thess. iii. 15
polycarp,epistle_to_the_philippians,1Cor,new_testament,Bible:1Cor.12.26,1 Cor. xii. 26
polycarp,epistle_to_the_philippians,Ps,old_testament_or_other,Bible:Ps.4.5,Ps. iv. 5
polycarp,epistle_to_the_philippians,Eph,new_testament,Bible:Eph.4.26,Eph. iv. 26
polycarp,epistle_to_the_philippians,Gal,new_testament,Bible:Gal.1.1,Gal. i. 1
polycarp,epistle_to_the_philippians,1Tim,new_testament,Bible:1Tim.2.2,1 Tim. ii. 2
polycarp,epistle_to_the_philippians,Matt,new_testament,Bible:Matt.5.44,Matt. v. 44
polycarp,martyrdom_of_polycarp,1Cor,new_testament,Bible:1Cor.2.9,1 Cor. ii. 9
polycarp,martyrdom_of_polycarp,Matt,new_testament,Bible:Matt.10.23,Matt. x. 23
polycarp,martyrdom_of_polycarp,Matt,new_testament,Bible:Matt.26.55,Matt. xxvi. 55
polycarp,martyrdom_of_polycarp,Matt,new_testament,Bible:Matt.6.10,Matt. vi. 10
polycarp,martyrdom_of_polycarp,Acts,new_testament,Bible:Acts.21.14,Acts xxi. 14
polycarp,martyrdom_of_polycarp,Rom,new_testament,Bible:Rom.13.1-Rom.13.7,Rom. xiii. 1–7
polycarp,martyrdom_of_polycarp,Titus,new_testament,Bible:Titus.3.1,Tit. iii. 1
polycarp,martyrdom_of_polycarp,Matt,new_testament,Bible:Matt.20.22,Matt. xx. 22
polycarp,martyrdom_of_polycarp,Matt,new_testament,Bible:Matt.26.39,Matt. xxvi. 39
polycarp,martyrdom_of_polycarp,Mark,new_testament,Bible:Mark.10.38,Mark x. 38
polycarp,martyrdom_of_polycarp,1Pet,new_testament,Bible:1Pet.3.18,1 Pet. iii. 18
ignatius,epistles_of_ignatius,Matt,new_testament,Bible:Matt.18.2,Matt. xviii. 2
ignatius,epistles_of_ignatius,Rev,new_testament,Bible:Rev.2.10,Rev. ii. 10
ignatius,epistles_of_ignatius,2Cor,new_testament,Bible:2Cor.6.16,2 Cor. vi. 16
ignatius,epistles_of_ignatius,Eph,new_testament,Bible:Eph.5.1,Eph. v. 1
ignatius,epistles_of_ignatius,2Tim,new_testament,Bible:2Tim.1.6,2 Tim. i. 6
ignatius,epistles_of_ignatius,Eph,new_testament,Bible:Eph.5.2,Eph. v. 2
ignatius,epistles_of_ignatius,1Cor,new_testament,Bible:1Cor.16.18,1 Cor. xvi. 18
ignatius,epistles_of_ignatius,1Cor,new_testament,Bible:1Cor.1.10,1 Cor. i. 10
ignatius,epistles_of_ignatius,2Tim,new_testament,Bible:2Tim.1.16,2 Tim. i. 16
ignatius,epistles_of_ignatius,Phlm,new_testament,Bible:Phlm.1.8 Bible:Phlm.1.9,"Philem. 8, 9"
ignatius,epistles_of_ignatius,John,new_testament,Bible:John.8.29,John viii. 29
ignatius,epistles_of_ignatius,1Cor,new_testament,Bible:1Cor.11.1,1 Cor. xi. 1
ignatius,epistles_of_ignatius,John,new_testament,Bible:John.17.11-John.17.12,"John xvii. 11, 12"
ignatius,epistles_of_ignatius,Matt,new_testament,Bible:Matt.18.19,Matt. xviii. 19
ignatius,epistles_of_ignatius,Prov,old_testament_or_other,Bible:Prov.3.34,Prov. iii. 34
ignatius,epistles_of_ignatius,Jas,new_testament,Bible:Jas.4.6,Jas. iv. 6
ignatius,epistles_of_ignatius,1Pet,new_testament,Bible:1Pet.5.5,1 Pet. v. 5
ignatius,epistles_of_ignatius,Matt,new_testament,Bible:Matt.7.15,Matt. vii. 15
ignatius,epistles_of_ignatius,John,new_testament,Bible:John.3.36,John iii. 36
ignatius,epistles_of_ignatius,Matt,new_testament,Bible:Matt.24.25,Matt. xxiv. 25
ignatius,epistles_of_ignatius,Prov,old_testament_or_other,Bible:Prov.22.29,Prov. xxii. 29
ignatius,epistles_of_ignatius,Eph,new_testament,Bible:Eph.4.4,Eph. iv. 4
ignatius,epistles_of_ignatius,Eph,new_testament,Bible:Eph.4.5-Eph.4.6,"Eph. iv. 5, 6"
ignatius,epistles_of_ignatius,Prov,old_testament_or_other,Bible:Prov.10.25,Prov. x. 25
ignatius,epistles_of_ignatius,Prov,old_testament_or_other,Bible:Prov.11.3,Prov. xi. 3
ignatius,epistles_of_ignatius,Isa,old_testament_or_other,Bible:Isa.56.10,Isa. lvi. 10
ignatius,epistles_of_ignatius,John,new_testament,Bible:John.1.14,John i. 14
ignatius,epistles_of_ignatius,1Cor,new_testament,Bible:1Cor.4.13,1 Cor. iv. 13
ignatius,epistles_of_ignatius,1Tim,new_testament,Bible:1Tim.4.10,1 Tim. iv. 10
ignatius,epistles_of_ignatius,1Pet,new_testament,Bible:1Pet.2.5,1 Pet. ii. 5
ignatius,epistles_of_ignatius,John,new_testament,Bible:John.12.32,John xii. 32
ignatius,epistles_of_ignatius,John,new_testament,Bible:John.14.24,John xiv. 24
ignatius,epistles_of_ignatius,John,new_testament,Bible:John.16.13,John xvi. 13
ignatius,epistles_of_ignatius,John,new_testament,Bible:John.17.4 Bible:John.17.6,"John xvii. 4, 6"
ignatius,epistles_of_ignatius,John,new_testament,Bible:John.16.14,John xvi. 14
ignatius,epistles_of_ignatius,Ps,old_testament_or_other,Bible:Ps.119.1,Ps. cxix. 1
ignatius,epistles_of_ignatius,John,new_testament,Bible:John.14.6,John xiv. 6
ignatius,epistles_of_ignatius,1Pet,new_testament,Bible:1Pet.2.9,1 Pet. ii. 9
ignatius,epistles_of_ignatius,Eph,new_testament,Bible:Eph.1.1,Eph. i. 1
ignatius,epistles_of_ignatius,Col,new_testament,Bible:Col.1.23,Col. i. 23
ignatius,epistles_of_ignatius,Jer,old_testament_or_other,Bible:Jer.8.4,Jer. viii. 4
ignatius,epistles_of_ignatius,Jer,old_testament_or_other,Bible:Jer.15.19,Jer. xv. 19
ignatius,epistles_of_ignatius,Matt,new_testament,Bible:Matt.5.4,Matt. v. 4
ignatius,epistles_of_ignatius,Num,old_testament_or_other,Bible:Num.12.3,Num. xii. 3
ignatius,epistles_of_ignatius,Ps,old_testament_or_other,Bible:Ps.131.2,Ps. cxxxi. 2
ignatius,epistles_of_ignatius,2Tim,new_testament,Bible:2Tim.2.24-2Tim.2.25,"2 Tim. ii. 24, 25"
ignatius,epistles_of_ignatius,Ps,old_testament_or_other,Bible:Ps.7.4,Ps. vii. 4
ignatius,epistles_of_ignatius,1Pet,new_testament,Bible:1Pet.2.23,1 Pet. ii. 23
ignatius,epistles_of_ignatius,Luke,new_testament,Bible:Luke.23.34,Luke xxiii. 34
ignatius,epistles_of_ignatius,1Pet,new_testament,Bible:1Pet.4.7,1 Pet. iv. 7
ignatius,epistles_of_ignatius,Rom,new_testament,Bible:Rom.2.4,Rom. ii. 4
ignatius,epistles_of_ignatius,Phil,new_testament,Bible:Phil.3.10,Phil. iii. 10
ignatius,epistles_of_ignatius,Matt,new_testament,Bible:Matt.23.35,Matt. xxiii. 35
ignatius,epistles_of_ignatius,Acts,new_testament,Bible:Acts.9.15,Acts ix. 15
ignatius,epistles_of_ignatius,Eph,new_testament,Bible:Eph.6.16,Eph. vi. 16
ignatius,epistles_of_ignatius,Eph,new_testament,Bible:Eph.6.12,Eph. vi. 12
ignatius,epistles_of_ignatius,1Tim,new_testament,Bible:1Tim.1.14,1 Tim. i. 14
ignatius,epistles_of_ignatius,1Tim,new_testament,Bible:1Tim.1.5,1 Tim. i. 5
ignatius,epistles_of_ignatius,1John,new_testament,Bible:1John.3.7,1 John iii. 7
ignatius,epistles_of_ignatius,Matt,new_testament,Bible:Matt.12.33,Matt. xii. 33
ignatius,epistles_of_ignatius,Luke,new_testament,Bible:Luke.10.27,Luke x. 27
ignatius,epistles_of_ignatius,1Cor,new_testament,Bible:1Cor.6.19,1 Cor. vi. 19
ignatius,epistles_of_ignatius,1Cor,new_testament,Bible:1Cor.4.20,1 Cor. iv. 20
ignatius,epistles_of_ignatius,Rom,new_testament,Bible:Rom.10.10,Rom. x. 10
ignatius,epistles_of_ignatius,Matt,new_testament,Bible:Matt.5.19,Matt. v. 19
ignatius,epistles_of_ignatius,2Cor,new_testament,Bible:2Cor.8.18,2 Cor. viii. 18
ignatius,epistles_of_ignatius,Jas,new_testament,Bible:Jas.1.16,Jas. i. 16
ignatius,epistles_of_ignatius,1Cor,new_testament,Bible:1Cor.6.9-1Cor.6.10,"1 Cor. vi. 9, 10"
ignatius,epistles_of_ignatius,Deut,old_testament_or_other,Bible:Deut.32.15,Deut. xxxii. 15
ignatius,epistles_of_ignatius,2Cor,new_testament,Bible:2Cor.6.14-2Cor.6.16,2 Cor. vi. 14–16
ignatius,epistles_of_ignatius,John,new_testament,Bible:John.12.7,John xii. 7
ignatius,epistles_of_ignatius,Song,old_testament_or_other,Bible:Song.1.3-Song.1.4,"Cant. i. 3, 4"
ignatius,epistles_of_ignatius,1Cor,new_testament,Bible:1Cor.1.18,1 Cor. i. 18
ignatius,epistles_of_ignatius,1Cor,new_testament,Bible:1Cor.1.20,1 Cor. i. 20
ignatius,epistles_of_ignatius,Col,new_testament,Bible:Col.1.25,Col. i. 25
ignatius,epistles_of_ignatius,1Tim,new_testament,Bible:1Tim.1.4,1 Tim. i. 4
ignatius,epistles_of_ignatius,Isa,old_testament_or_other,Bible:Isa.7.14,Isa. vii. 14
ignatius,epistles_of_ignatius,Matt,new_testament,Bible:Matt.1.23,Matt. i. 23
ignatius,epistles_of_ignatius,Col,new_testament,Bible:Col.1.15,Col. i. 15
ignatius,epistles_of_ignatius,Gal,new_testament,Bible:Gal.4.9,Gal. iv. 9
ignatius,epistles_of_ignatius,1Cor,new_testament,Bible:1Cor.10.13,1 Cor. x. 13
ignatius,epistles_of_ignatius,Job,old_testament_or_other,Bible:Job.32.8-Job.32.9,"Job xxxii. 8, 9"
ignatius,epistles_of_ignatius,1Sam,old_testament_or_other,Bible:1Sam.3.1,1 Sam. iii. 1
ignatius,epistles_of_ignatius,Jer,old_testament_or_other,Bible:Jer.1.7,Jer. i. 7
ignatius,epistles_of_ignatius,1Kgs,old_testament_or_other,Bible:1Kgs.3.16,1 Kings iii. 16
ignatius,epistles_of_ignatius,2Kgs,old_testament_or_other,Bible:2Kgs.22 Bible:2Kgs.23,"2 Kings xxii., xxiii."
ignatius,epistles_of_ignatius,Sus,deuterocanonical,Bible:Sus.1.52,Susanna 52
ignatius,epistles_of_ignatius,1Tim,new_testament,Bible:1Tim.4.12,1 Tim. iv. 12
ignatius,epistles_of_ignatius,1Sam,old_testament_or_other,Bible:1Sam.8.7,1 Sam. viii. 7
ignatius,epistles_of_ignatius,Exod,old_testament_or_other,Bible:Exod.16.8,Ex. xvi. 8
ignatius,epistles_of_ignatius,Num,old_testament_or_other,Bible:Num.16.1,Num. xvi. 1
ignatius,epistles_of_ignatius,Num,old_testament_or_other,Bible:Num.16.31,Num. xvi. 31
ignatius,epistles_of_ignatius,2Sam,old_testament_or_other,Bible:2Sam.18.14,2 Sam. xviii. 14
ignatius,epistles_of_ignatius,2Sam,old_testament_or_other,Bible:2Sam.20.22,2 Sam. xx. 22
ignatius,epistles_of_ignatius,2Chr,old_testament_or_other,Bible:2Chr.26.20,2 Chron. xxvi. 20
ignatius,epistles_of_ignatius,1Sam,old_testament_or_other,Bible:1Sam.13.11,1 Sam. xiii. 11
ignatius,epistles_of_ignatius,Luke,new_testament,Bible:Luke.6.46,Luke vi. 46
ignatius,epistles_of_ignatius,Dan,old_testament_or_other,Bible:Dan.2.44,Dan. ii. 44
ignatius,epistles_of_ignatius,Dan,old_testament_or_other,Bible:Dan.7.14 Bible:Dan.7.27,"Dan. vii. 14, 27"
ignatius,epistles_of_ignatius,John,new_testament,Bible:John.5.30,John v. 30
ignatius,epistles_of_ignatius,2Cor,new_testament,Bible:2Cor.5.17,2 Cor. v. 17
ignatius,epistles_of_ignatius,Matt,new_testament,Bible:Matt.27.52,Matt. xxvii. 52
ignatius,epistles_of_ignatius,John,new_testament,Bible:John.5.46,John v. 46
ignatius,epistles_of_ignatius,John,new_testament,Bible:John.8.56 Bible:John.8.58,"John viii. 56, 58"
ignatius,epistles_of_ignatius,Isa,old_testament_or_other,Bible:Isa.35.4,Isa. xxxv. 4
ignatius,epistles_of_ignatius,2Thess,new_testament,Bible:2Thess.3.10,2 Thess. iii. 10
ignatius,epistles_of_ignatius,Gen,old_testament_or_other,Bible:Gen.3.19,Gen. iii. 19
ignatius,epistles_of_ignatius,Ps,old_testament_or_other,Bible:Ps.6,Ps. vi.
ignatius,epistles_of_ignatius,Ps,old_testament_or_other,Bible:Ps.12,Ps. xii.
ignatius,epistles_of_ignatius,Phil,new_testament,Bible:Phil.3.18-Phil.3.19,"Phil. iii. 18, 19"
ignatius,epistles_of_ignatius,2Tim,new_testament,Bible:2Tim.3.4,2 Tim. iii. 4
ignatius,epistles_of_ignatius,Ps,old_testament_or_other,Bible:Ps.130.3,Ps. cxxx. 3
ignatius,epistles_of_ignatius,Isa,old_testament_or_other,Bible:Isa.62.2 Bible:Isa.62.12,"Isa. lxii. 2, 12"
ignatius,epistles_of_ignatius,Acts,new_testament,Bible:Acts.11.26,Acts xi. 26
ignatius,epistles_of_ignatius,1Cor,new_testament,Bible:1Cor.5.7,1 Cor. v. 7
ignatius,epistles_of_ignatius,Matt,new_testament,Bible:Matt.3.9,Matt. iii. 9
ignatius,epistles_of_ignatius,Isa,old_testament_or_other,Bible:Isa.41.8,Isa. xli. 8
ignatius,epistles_of_ignatius,Jas,new_testament,Bible:Jas.2.23,Jas. ii. 23
ignatius,epistles_of_ignatius,Gen,old_testament_or_other,Bible:Gen.28.14,Gen. xxviii. 14
ignatius,epistles_of_ignatius,Acts,new_testament,Bible:Acts.13.48,Acts xiii. 48
ignatius,epistles_of_ignatius,1Tim,new_testament,Bible:1Tim.1.1,1 Tim. i. 1
ignatius,epistles_of_ignatius,2Tim,new_testament,Bible:2Tim.4.1,2 Tim. iv. 1
ignatius,epistles_of_ignatius,Rom,new_testament,Bible:Rom.2.6,Rom. ii. 6
ignatius,epistles_of_ignatius,Prov,old_testament_or_other,Bible:Prov.18.17,Prov. xviii. 17
ignatius,epistles_of_ignatius,Isa,old_testament_or_other,Bible:Isa.43.26,Isa. xliii. 26
ignatius,epistles_of_ignatius,Luke,new_testament,Bible:Luke.17.10,Luke xvii. 10
ignatius,epistles_of_ignatius,Luke,new_testament,Bible:Luke.16.15,Luke xvi. 15
ignatius,epistles_of_ignatius,Luke,new_testament,Bible:Luke.18.13,Luke xviii. 13
ignatius,epistles_of_ignatius,Gen,old_testament_or_other,Bible:Gen.18.27,Gen. xviii. 27
ignatius,epistles_of_ignatius,Job,old_testament_or_other,Bible:Job.30.19,Job xxx. 19
ignatius,epistles_of_ignatius,1Chr,old_testament_or_other,Bible:1Chr.17.16,1 Chron. xvii. 16
ignatius,epistles_of_ignatius,Exod,old_testament_or_other,Bible:Exod.4.10,Ex. iv. 10
ignatius,epistles_of_ignatius,Luke,new_testament,Bible:Luke.14.11,Luke xiv. 11
ignatius,epistles_of_ignatius,Heb,new_testament,Bible:Heb.13.17,Heb. xiii. 17
ignatius,epistles_of_ignatius,1Cor,new_testament,Bible:1Cor.1.31,1 Cor. i. 31
ignatius,epistles_of_ignatius,Titus,new_testament,Bible:Titus.1.10,Tit. i. 10
ignatius,epistles_of_ignatius,2Cor,new_testament,Bible:2Cor.2.17,2 Cor. ii. 17
ignatius,epistles_of_ignatius,Hos,old_testament_or_other,Bible:Hos.5.1,Hos. v. 1
ignatius,epistles_of_ignatius,Prov,old_testament_or_other,Bible:Prov.18.9,Prov. xviii. 9
ignatius,epistles_of_ignatius,Ps,old_testament_or_other,Bible:Ps.85.9,Ps. lxxxv. 9
ignatius,epistles_of_ignatius,Isa,old_testament_or_other,Bible:Isa.66.2,Isa. lxvi. 2
ignatius,epistles_of_ignatius,Isa,old_testament_or_other,Bible:Isa.52.5,Isa. lii. 5
ignatius,epistles_of_ignatius,Rom,new_testament,Bible:Rom.8.32,Rom. viii. 32
ignatius,epistles_of_ignatius,Eph,new_testament,Bible:Eph.2.4,Eph. ii. 4
ignatius,epistles_of_ignatius,1Tim,new_testament,Bible:1Tim.2.6,1 Tim. ii. 6
ignatius,epistles_of_ignatius,Matt,new_testament,Bible:Matt.6.14,Matt. vi. 14
ignatius,epistles_of_ignatius,1Tim,new_testament,Bible:1Tim.6.1,1 Tim. vi. 1
ignatius,epistles_of_ignatius,Titus,new_testament,Bible:Titus.2.5,Tit. ii. 5
ignatius,epistles_of_ignatius,John,new_testament,Bible:John.8.46,John viii. 46
ignatius,epistles_of_ignatius,Heb,new_testament,Bible:Heb.10.12-Heb.10.13,"Heb. x. 12, 13"
ignatius,epistles_of_ignatius,Matt,new_testament,Bible:Matt.12.40,Matt. xii. 40
ignatius,epistles_of_ignatius,Zech,old_testament_or_other,Bible:Zech.12.10,Zech. xii. 10
ignatius,epistles_of_ignatius,Ps,old_testament_or_other,Bible:Ps.41.10,Ps. xli. 10
ignatius,epistles_of_ignatius,John,new_testament,Bible:John.11.42,John xi. 42
ignatius,epistles_of_ignatius,Ps,old_testament_or_other,Bible:Ps.82.8,Ps. lxxxii. 8
ignatius,epistles_of_ignatius,John,new_testament,Bible:John.11.25-John.11.26,"John xi. 25, 26"
ignatius,epistles_of_ignatius,Matt,new_testament,Bible:Matt.15.13,Matt. xv. 13
ignatius,epistles_of_ignatius,Phil,new_testament,Bible:Phil.3.18,Phil. iii. 18
ignatius,epistles_of_ignatius,1Cor,new_testament,Bible:1Cor.2.8,1 Cor. ii. 8
ignatius,epistles_of_ignatius,2Cor,new_testament,Bible:2Cor.4.18,2 Cor. iv. 18
ignatius,epistles_of_ignatius,John,new_testament,Bible:John.15.19,John xv. 19
ignatius,epistles_of_ignatius,1Cor,new_testament,Bible:1Cor.15.32,1 Cor. xv. 32
ignatius,epistles_of_ignatius,1Cor,new_testament,Bible:1Cor.4.4,1 Cor. iv. 4
ignatius,epistles_of_ignatius,Matt,new_testament,Bible:Matt.16.26,Matt. xvi. 26
ignatius,epistles_of_ignatius,John,new_testament,Bible:John.7.38,John vii. 38
ignatius,epistles_of_ignatius,John,new_testament,Bible:John.4.14,John iv. 14
ignatius,epistles_of_ignatius,Gal,new_testament,Bible:Gal.2.20,Gal. ii. 20
ignatius,epistles_of_ignatius,Ps,old_testament_or_other,Bible:Ps.116.12,Ps. cxvi. 12
ignatius,epistles_of_ignatius,1Cor,new_testament,Bible:1Cor.15.8-1Cor.15.9,"1 Cor. xv. 8, 9"
ignatius,epistles_of_ignatius,Titus,new_testament,Bible:Titus.3.13,Tit. iii. 13
ignatius,epistles_of_ignatius,Matt,new_testament,Bible:Matt.7.25,Matt. vii. 25
ignatius,epistles_of_ignatius,Gal,new_testament,Bible:Gal.1.1,Gal. i. 1
ignatius,epistles_of_ignatius,Luke,new_testament,Bible:Luke.1.6,Luke i. 6
ignatius,epistles_of_ignatius,2Tim,new_testament,Bible:2Tim.3.6,2 Tim. iii. 6
ignatius,epistles_of_ignatius,Jer,old_testament_or_other,Bible:Jer.23.15,Jer. xxiii. 15
ignatius,epistles_of_ignatius,2Tim,new_testament,Bible:2Tim.2.26,2 Tim. ii. 26
ignatius,epistles_of_ignatius,Song,old_testament_or_other,Bible:Song.2.15,Cant. ii. 15
ignatius,epistles_of_ignatius,1Cor,new_testament,Bible:1Cor.5.11,1 Cor. v. 11
ignatius,epistles_of_ignatius,Deut,old_testament_or_other,Bible:Deut.13.6 Bible:Deut.13.18,"Deut. xiii. 6, 18"
ignatius,epistles_of_ignatius,Ps,old_testament_or_other,Bible:Ps.119.21,Ps. cxix. 21
ignatius,epistles_of_ignatius,1Thess,new_testament,Bible:1Thess.4.5,1 Thess. iv. 5
ignatius,epistles_of_ignatius,1Tim,new_testament,Bible:1Tim.2.4,1 Tim. ii. 4
ignatius,epistles_of_ignatius,Matt,new_testament,Bible:Matt.5.45,Matt. v. 45
ignatius,epistles_of_ignatius,Matt,new_testament,Bible:Matt.5.48,Matt. v. 48
ignatius,epistles_of_ignatius,Eph,new_testament,Bible:Eph.4.5,Eph. iv. 5
ignatius,epistles_of_ignatius,Titus,new_testament,Bible:Titus.2.14,Tit. ii. 14
ignatius,epistles_of_ignatius,Eph,new_testament,Bible:Eph.5.22,Eph. v. 22
ignatius,epistles_of_ignatius,1Cor,new_testament,Bible:1Cor.7.22,1 Cor. vii. 22
ignatius,epistles_of_ignatius,Eph,new_testament,Bible:Eph.6.4,Eph. vi. 4
ignatius,epistles_of_ignatius,Prov,old_testament_or_other,Bible:Prov.23.24,Prov. xxiii. 24
ignatius,epistles_of_ignatius,Job,old_testament_or_other,Bible:Job.31.13 Bible:Job.31.15,"Job xxxi. 13, 15"
ignatius,epistles_of_ignatius,Gal,new_testament,Bible:Gal.3.28,Gal. iii. 28
ignatius,epistles_of_ignatius,1Sam,old_testament_or_other,Bible:1Sam.18.18,1 Sam. xviii. 18
ignatius,epistles_of_ignatius,2Sam,old_testament_or_other,Bible:2Sam.7.18,2 Sam. vii. 18
ignatius,epistles_of_ignatius,Phil,new_testament,Bible:Phil.2.25,Phil. ii. 25
ignatius,epistles_of_ignatius,Ps,old_testament_or_other,Bible:Ps.51.12,Ps. li. 12
ignatius,epistles_of_ignatius,John,new_testament,Bible:John.1.18,John i. 18
ignatius,epistles_of_ignatius,Eph,new_testament,Bible:Eph.2.2,Eph. ii. 2
ignatius,epistles_of_ignatius,Phil,new_testament,Bible:Phil.2.2,Phil. ii. 2
ignatius,epistles_of_ignatius,John,new_testament,Bible:John.3.8,John iii. 8
ignatius,epistles_of_ignatius,1Cor,new_testament,Bible:1Cor.3.16,1 Cor. iii. 16
ignatius,epistles_of_ignatius,Isa,old_testament_or_other,Bible:Isa.58.6,Isa. lviii. 6
ignatius,epistles_of_ignatius,Phil,new_testament,Bible:Phil.2.3,Phil. ii. 3
ignatius,epistles_of_ignatius,Acts,new_testament,Bible:Acts.26.14,Acts xxvi. 14
ignatius,epistles_of_ignatius,2Tim,new_testament,Bible:2Tim.1.10,2 Tim. i. 10
ignatius,epistles_of_ignatius,1Cor,new_testament,Bible:1Cor.10.4,1 Cor. x. 4
ignatius,epistles_of_ignatius,John,new_testament,Bible:John.10.11,John x. 11
ignatius,epistles_of_ignatius,John,new_testament,Bible:John.10.9,John x. 9
ignatius,epistles_of_ignatius,Gen,old_testament_or_other,Bible:Gen.49.10,Gen. xlix. 10
ignatius,epistles_of_ignatius,Matt,new_testament,Bible:Matt.28.19,Matt. xxviii. 19
ignatius,epistles_of_ignatius,Ezek,old_testament_or_other,Bible:Ezek.18.23 Bible:Ezek.18.32,"Ezek. xviii. 23, 32"
ignatius,epistles_of_ignatius,Ezek,old_testament_or_other,Bible:Ezek.33.11,Ezek. xxxiii. 11
ignatius,epistles_of_ignatius,2Pet,new_testament,Bible:2Pet.3.9,2 Pet. iii. 9
ignatius,epistles_of_ignatius,Rom,new_testament,Bible:Rom.1.3,Rom. i. 3
ignatius,epistles_of_ignatius,Matt,new_testament,Bible:Matt.3.15,Matt. iii. 15
ignatius,epistles_of_ignatius,Isa,old_testament_or_other,Bible:Isa.5.26,Isa. v. 26
ignatius,epistles_of_ignatius,Isa,old_testament_or_other,Bible:Isa.49.22,Isa. xlix. 22
ignatius,epistles_of_ignatius,John,new_testament,Bible:John.2.19,John ii. 19
ignatius,epistles_of_ignatius,Prov,old_testament_or_other,Bible:Prov.9.1,Prov. ix. 1
ignatius,epistles_of_ignatius,Num,old_testament_or_other,Bible:Num.21.9,Num. xxi. 9
ignatius,epistles_of_ignatius,John,new_testament,Bible:John.3.14,John iii. 14
ignatius,epistles_of_ignatius,Luke,new_testament,Bible:Luke.24.39,Luke xxiv. 39
ignatius,epistles_of_ignatius,John,new_testament,Bible:John.20.27,John xx. 27
ignatius,epistles_of_ignatius,John,new_testament,Bible:John.20.28,John xx. 28
ignatius,epistles_of_ignatius,Acts,new_testament,Bible:Acts.1.11,Acts i. 11
ignatius,epistles_of_ignatius,Rev,new_testament,Bible:Rev.1.7,Rev. i. 7
ignatius,epistles_of_ignatius,Rom,new_testament,Bible:Rom.8.17,Rom. viii. 17
ignatius,epistles_of_ignatius,Phil,new_testament,Bible:Phil.4.13,Phil. iv. 13
ignatius,epistles_of_ignatius,Matt,new_testament,Bible:Matt.19.12,Matt. xix. 12
ignatius,epistles_of_ignatius,Deut,old_testament_or_other,Bible:Deut.6.5,Deut. vi. 5
ignatius,epistles_of_ignatius,John,new_testament,Bible:John.17.31,John xvii. 31
ignatius,epistles_of_ignatius,John,new_testament,Bible:John.13.34,John xiii. 34
ignatius,epistles_of_ignatius,Matt,new_testament,Bible:Matt.22.40,Matt. xxii. 40
ignatius,epistles_of_ignatius,Zech,old_testament_or_other,Bible:Zech.3.1,Zech. iii. 1
ignatius,epistles_of_ignatius,Luke,new_testament,Bible:Luke.22.31,Luke xxii. 31
ignatius,epistles_of_ignatius,Luke,new_testament,Bible:Luke.22.32,Luke xxii. 32
ignatius,epistles_of_ignatius,Ps,old_testament_or_other,Bible:Ps.6.5,Ps. vi. 5
ignatius,epistles_of_ignatius,Isa,old_testament_or_other,Bible:Isa.62.11,Isa. lxii. 11
ignatius,epistles_of_ignatius,Prov,old_testament_or_other,Bible:Prov.24.21,Prov. xxiv. 21
ignatius,epistles_of_ignatius,Heb,new_testament,Bible:Heb.10.29,Heb. x. 29
ignatius,epistles_of_ignatius,Matt,new_testament,Bible:Matt.10.41,Matt. x. 41
ignatius,epistles_of_ignatius,2Tim,new_testament,Bible:2Tim.1.18,2 Tim. i. 18
ignatius,epistles_of_ignatius,1Thess,new_testament,Bible:1Thess.5.17,1 Thess. v. 17
ignatius,epistles_of_ignatius,Matt,new_testament,Bible:Matt.8.17,Matt. viii. 17
ignatius,epistles_of_ignatius,Matt,new_testament,Bible:Matt.10.16,Matt. x. 16
ignatius,epistles_of_ignatius,1Tim,new_testament,Bible:1Tim.1.3,1 Tim. i. 3
ignatius,epistles_of_ignatius,1Tim,new_testament,Bible:1Tim.6.3,1 Tim. vi. 3
ignatius,epistles_of_ignatius,Eph,new_testament,Bible:Eph.5.25,Eph. v. 25
ignatius,epistles_of_ignatius,1Cor,new_testament,Bible:1Cor.10.31,1 Cor. x. 31
ignatius,epistles_of_ignatius,Phil,new_testament,Bible:Phil.1.4,Phil. i. 4
ignatius,epistles_of_ignatius,Mark,new_testament,Bible:Mark.1.24,Mark i. 24
ignatius,epistles_of_ignatius,Luke,new_testament,Bible:Luke.4.34,Luke iv. 34
ignatius,epistles_of_ignatius,Acts,new_testament,Bible:Acts.20.24,Acts xx. 24
ignatius,epistles_of_ignatius,1Cor,new_testament,Bible:1Cor.16.13,1 Cor. xvi. 13
ignatius,epistles_of_ignatius,Hab,old_testament_or_other,Bible:Hab.2.4,Hab. ii. 4
ignatius,epistles_of_ignatius,Gal,new_testament,Bible:Gal.3.11,Gal. iii. 11
ignatius,epistles_of_ignatius,Ps,old_testament_or_other,Bible:Ps.68.7,Ps. lxviii. 7
ignatius,epistles_of_ignatius,Gal,new_testament,Bible:Gal.2.5,Gal. ii. 5
ignatius,epistles_of_ignatius,Rom,new_testament,Bible:Rom.15.19,Rom. xv. 19
ignatius,epistles_of_ignatius,Gal,new_testament,Bible:Gal.6.17,Gal. vi. 17
ignatius,epistles_of_ignatius,Gal,new_testament,Bible:Gal.6.14,Gal. vi. 14
ignatius,epistles_of_ignatius,Acts,new_testament,Bible:Acts.26.23,Acts xxvi. 23
ignatius,epistles_of_ignatius,Rom,new_testament,Bible:Rom.6.10,Rom. vi. 10
ignatius,epistles_of_ignatius,1Cor,new_testament,Bible:1Cor.8.6,1 Cor. viii. 6
ignatius,epistles_of_ignatius,1Tim,new_testament,Bible:1Tim.2.5,1 Tim. ii. 5
ignatius,epistles_of_ignatius,Col,new_testament,Bible:Col.1.16-Col.1.17,"Col. i. 16, 17"
ignatius,epistles_of_ignatius,John,new_testament,Bible:John.20.17,John xx. 17
ignatius,epistles_of_ignatius,1Cor,new_testament,Bible:1Cor.15.28,1 Cor. xv. 28
ignatius,epistles_of_ignatius,John,new_testament,Bible:John.1.3,John i. 3
ignatius,epistles_of_ignatius,Prov,old_testament_or_other,Bible:Prov.8.27 Bible:Prov.8.30,"Prov. viii. 27, 30"
ignatius,epistles_of_ignatius,Ps,old_testament_or_other,Bible:Ps.110.1,Ps. cx. 1
ignatius,epistles_of_ignatius,John,new_testament,Bible:John.8.58,John viii. 58
ignatius,epistles_of_ignatius,John,new_testament,Bible:John.17.5,John xvii. 5
ignatius,epistles_of_ignatius,John,new_testament,Bible:John.6.38,John vi. 38
ignatius,epistles_of_ignatius,John,new_testament,Bible:John.1.9-John.1.11,"John i. 9, 10, 11"
ignatius,epistles_of_ignatius,John,new_testament,Bible:John.1.1,John i. 1
ignatius,epistles_of_ignatius,Prov,old_testament_or_other,Bible:Prov.8.22-Prov.8.23 Bible:Prov.8.25,"Prov. viii. 22, 23, 25"
ignatius,epistles_of_ignatius,John,new_testament,Bible:John.5.25 Bible:John.5.28,"John v. 25, 28"
ignatius,epistles_of_ignatius,1Cor,new_testament,Bible:1Cor.15.53,1 Cor. xv. 53
ignatius,epistles_of_ignatius,1Cor,new_testament,Bible:1Cor.6.9,1 Cor. vi. 9
ignatius,epistles_of_ignatius,1Cor,new_testament,Bible:1Cor.15.13-1Cor.15.14 Bible:1Cor.15.17 Bible:1Cor.15.18 Bible:1Cor.15.19 Bible:1Cor.15.32,"1 Cor. xv. 13, 14, 17, 18, 19, 32"
ignatius,epistles_of_ignatius,Rom,new_testament,Bible:Rom.13.14,Rom. xiii. 14
ignatius,epistles_of_ignatius,1Pet,new_testament,Bible:1Pet.5.14,1 Pet. v. 14
ignatius,epistles_of_ignatius,Eph,new_testament,Bible:Eph.4.1,Eph. iv. 1
ignatius,epistles_of_ignatius,Deut,old_testament_or_other,Bible:Deut.6.4,Deut. vi. 4
ignatius,epistles_of_ignatius,Mark,new_testament,Bible:Mark.12.29,Mark xii. 29
ignatius,epistles_of_ignatius,Gen,old_testament_or_other,Bible:Gen.19.24,Gen. xix. 24
ignatius,epistles_of_ignatius,Gen,old_testament_or_other,Bible:Gen.1.26-Gen.1.27,"Gen. i. 26, 27"
ignatius,epistles_of_ignatius,Gen,old_testament_or_other,Bible:Gen.5.1,Gen. v. 1
ignatius,epistles_of_ignatius,Gen,old_testament_or_other,Bible:Gen.9.6,Gen. ix. 6
ignatius,epistles_of_ignatius,Deut,old_testament_or_other,Bible:Deut.18.15,Deut. xviii. 15
ignatius,epistles_of_ignatius,Acts,new_testament,Bible:Acts.3.22,Acts iii. 22
ignatius,epistles_of_ignatius,Acts,new_testament,Bible:Acts.7.37,Acts vii. 37
ignatius,epistles_of_ignatius,Isa,old_testament_or_other,Bible:Isa.44.6,Isa. xliv. 6
ignatius,epistles_of_ignatius,Isa,old_testament_or_other,Bible:Isa.9.6,Isa. ix. 6
ignatius,epistles_of_ignatius,Isa,old_testament_or_other,Bible:Isa.53.7,Isa. liii. 7
ignatius,epistles_of_ignatius,Jer,old_testament_or_other,Bible:Jer.11.19,Jer. xi. 19
ignatius,epistles_of_ignatius,John,new_testament,Bible:John.17.3,John xvii. 3
ignatius,epistles_of_ignatius,Matt,new_testament,Bible:Matt.1.1,Matt. i. 1
ignatius,epistles_of_ignatius,1Cor,new_testament,Bible:1Cor.8.4 Bible:1Cor.8.6,"1 Cor. viii. 4, 6"
ignatius,epistles_of_ignatius,Gal,new_testament,Bible:Gal.3.20,Gal. iii. 20
ignatius,epistles_of_ignatius,John,new_testament,Bible:John.6.70,John vi. 70
ignatius,epistles_of_ignatius,1John,new_testament,Bible:1John.2.22,1 John ii. 22
ignatius,epistles_of_ignatius,1John,new_testament,Bible:1John.4.3,1 John iv. 3
ignatius,epistles_of_ignatius,2John,new_testament,Bible:2John.1.7,2 John 7
ignatius,epistles_of_ignatius,Jer,old_testament_or_other,Bible:Jer.17.5,Jer. xvii. 5
ignatius,epistles_of_ignatius,Phil,new_testament,Bible:Phil.4.2,Phil. iv. 2
ignatius,epistles_of_ignatius,1Cor,new_testament,Bible:1Cor.16.22,1 Cor. xvi. 22
ignatius,epistles_of_ignatius,1Cor,new_testament,Bible:1Cor.4.16,1 Cor. iv. 16
ignatius,epistles_of_ignatius,Col,new_testament,Bible:Col.4.18,Col. iv. 18
ignatius,epistles_of_ignatius,1Pet,new_testament,Bible:1Pet.5.2,1 Pet. v. 2
ignatius,epistles_of_ignatius,2Tim,new_testament,Bible:2Tim.4.6,2 Tim. iv. 6
ignatius,epistles_of_ignatius,Phil,new_testament,Bible:Phil.3.8,Phil. iii. 8
ignatius,epistles_of_ignatius,1Pet,new_testament,Bible:1Pet.3.6,1 Pet. iii. 6
ignatius,epistles_of_ignatius,Eph,new_testament,Bible:Eph.6.1 Bible:Eph.6.3,"Eph. vi. 1, 3"
ignatius,epistles_of_ignatius,Job,old_testament_or_other,Bible:Job.31.13-Job.31.14,"Job xxxi. 13, 14"
ignatius,epistles_of_ignatius,Eph,new_testament,Bible:Eph.5.3,Eph. v. 3
ignatius,epistles_of_ignatius,1Tim,new_testament,Bible:1Tim.5.6 Bible:1Tim.5.11,"1 Tim. v. 6, 11"
ignatius,epistles_of_ignatius,2Cor,new_testament,Bible:2Cor.13.12,2 Cor. xiii. 12
ignatius,epistles_of_ignatius,Gal,new_testament,Bible:Gal.1.4,Gal. i. 4
ignatius,epistles_of_ignatius,Gal,new_testament,Bible:Gal.6.2,Gal. vi. 2
ignatius,epistles_of_ignatius,Isa,old_testament_or_other,Bible:Isa.1.19,Isa. i. 19
ignatius,epistles_of_ignatius,Gen,old_testament_or_other,Bible:Gen.9.3,Gen. ix. 3
ignatius,epistles_of_ignatius,Ps,old_testament_or_other,Bible:Ps.104.15,Ps. civ. 15
ignatius,epistles_of_ignatius,Eccl,old_testament_or_other,Bible:Eccl.2.25,Eccl. ii. 25
ignatius,epistles_of_ignatius,Zech,old_testament_or_other,Bible:Zech.9.17,Zech. ix. 17
ignatius,epistles_of_ignatius,1Tim,new_testament,Bible:1Tim.4.13,1 Tim. iv. 13
ignatius,epistles_of_ignatius,2Tim,new_testament,Bible:2Tim.2.4,2 Tim. ii. 4
ignatius,epistles_of_ignatius,1Cor,new_testament,Bible:1Cor.13.2,1 Cor. xiii. 2
ignatius,epistles_of_ignatius,1Tim,new_testament,Bible:1Tim.5.3,1 Tim. v. 3
ignatius,epistles_of_ignatius,Ps,old_testament_or_other,Bible:Ps.68.5,Ps. lxviii. 5
ignatius,epistles_of_ignatius,Rom,new_testament,Bible:Rom.15.16,Rom. xv. 16
ignatius,epistles_of_ignatius,Mal,old_testament_or_other,Bible:Mal.1.11,Mal. i. 11
ignatius,epistles_of_ignatius,Heb,new_testament,Bible:Heb.5.1,Heb. v. 1
ignatius,epistles_of_ignatius,1Cor,new_testament,Bible:1Cor.11.11,1 Cor. xi. 11
ignatius,epistles_of_ignatius,Ps,old_testament_or_other,Bible:Ps.5.6,Ps. v. 6
ignatius,epistles_of_ignatius,Prov,old_testament_or_other,Bible:Prov.14.29,Prov. xiv. 29
ignatius,epistles_of_ignatius,Prov,old_testament_or_other,Bible:Prov.15.27,Prov. xv. 27
ignatius,epistles_of_ignatius,Prov,old_testament_or_other,Bible:Prov.16.6,Prov. xvi. 6
ignatius,epistles_of_ignatius,2Cor,new_testament,Bible:2Cor.10.17,2 Cor. x. 17
ignatius,epistles_of_ignatius,Sir,deuterocanonical,Bible:Sir.19.4,Sirach xix. 4
ignatius,epistles_of_ignatius,Jas,new_testament,Bible:Jas.1.6 Bible:Jas.1.8,"Jas. i. 6, 8"
ignatius,epistles_of_ignatius,Deut,old_testament_or_other,Bible:Deut.31.7 Bible:Deut.31.23,"Deut. xxxi. 7, 23"
ignatius,epistles_of_ignatius,Num,old_testament_or_other,Bible:Num.27.17,Num. xxvii. 17
ignatius,epistles_of_ignatius,Col,new_testament,Bible:Col.4.15,Col. iv. 15
ignatius,epistles_of_ignatius,Phil,new_testament,Bible:Phil.3.16,Phil. iii. 16
ignatius,epistles_of_ignatius,1Cor,new_testament,Bible:1Cor.12.11,1 Cor. xii. 11
ignatius,epistles_of_ignatius,Mal,old_testament_or_other,Bible:Mal.2.10,Mal. ii. 10
ignatius,epistles_of_ignatius,Prov,old_testament_or_other,Bible:Prov.30.4,Prov. xxx. 4
ignatius,epistles_of_ignatius,John,new_testament,Bible:John.14.16,John xiv. 16
ignatius,epistles_of_ignatius,1Cor,new_testament,Bible:1Cor.12.13,1 Cor. xii. 13
ignatius,epistles_of_ignatius,Matt,new_testament,Bible:Matt.4.23,Matt. iv. 23
ignatius,epistles_of_ignatius,Matt,new_testament,Bible:Matt.9.35,Matt. ix. 35
ignatius,epistles_of_ignatius,Matt,new_testament,Bible:Matt.4.3,Matt. iv. 3
ignatius,epistles_of_ignatius,Luke,new_testament,Bible:Luke.10.18,Luke x. 18
ignatius,epistles_of_ignatius,Matt,new_testament,Bible:Matt.4.6,Matt. iv. 6
ignatius,epistles_of_ignatius,Rom,new_testament,Bible:Rom.4.17,Rom. iv. 17
ignatius,epistles_of_ignatius,Ps,old_testament_or_other,Bible:Ps.91.13,Ps. xci. 13
ignatius,epistles_of_ignatius,Deut,old_testament_or_other,Bible:Deut.6.16,Deut. vi. 16
ignatius,epistles_of_ignatius,Luke,new_testament,Bible:Luke.4.6,Luke iv. 6
ignatius,epistles_of_ignatius,Matt,new_testament,Bible:Matt.4.9,Matt. iv. 9
ignatius,epistles_of_ignatius,Matt,new_testament,Bible:Matt.4.10,Matt. iv. 10
ignatius,epistles_of_ignatius,Deut,old_testament_or_other,Bible:Deut.6.13,Deut. vi. 13
ignatius,epistles_of_ignatius,Num,old_testament_or_other,Bible:Num.27.16-Num.27.17,"Num. xxvii. 16, 17"
ignatius,epistles_of_ignatius,1Sam,old_testament_or_other,Bible:1Sam.16,1 Sam. xvi.
ignatius,epistles_of_ignatius,Ps,old_testament_or_other,Bible:Ps.150.1,Ps. cl. 1
ignatius,epistles_of_ignatius,Rom,new_testament,Bible:Rom.8.18,Rom. viii. 18
ignatius,epistles_of_ignatius,Prov,old_testament_or_other,Bible:Prov.8.17,Prov. viii. 17
ignatius,epistles_of_ignatius,Jer,old_testament_or_other,Bible:Jer.10.23,Jer. x. 23
ignatius,epistles_of_ignatius,Luke,new_testament,Bible:Luke.1.47,Luke i. 47
ignatius,martyrdom_of_ignatius,2Cor,new_testament,Bible:2Cor.6.16,2 Cor. vi. 16
ignatius,martyrdom_of_ignatius,1Cor,new_testament,Bible:1Cor.4.4,1 Cor. iv. 4
ignatius,martyrdom_of_ignatius,1Cor,new_testament,Bible:1Cor.13.3,1 Cor. xiii. 3
ignatius,martyrdom_of_ignatius,Prov,old_testament_or_other,Bible:Prov.18.17,Prov. xviii. 17
ignatius,martyrdom_of_ignatius,Acts,new_testament,Bible:Acts.28.13-Acts.28.14,"Acts xxviii. 13, 14"
ignatius,martyrdom_of_ignatius,Prov,old_testament_or_other,Bible:Prov.10.24,Prov. x. 24
ignatius,epistle_of_barnabas,Gal,new_testament,Bible:Gal.4.24,Galatians iv. 24
ignatius,epistle_of_barnabas,2Cor,new_testament,Bible:2Cor.12.16,2 Cor. xii. 16
ignatius,epistle_of_barnabas,Rom,new_testament,Bible:Rom.4.1,Romans iv. 1
ignatius,epistle_of_barnabas,Rom,new_testament,Bible:Rom.11.13,Rom. xi. 13
ignatius,epistle_of_barnabas,Rom,new_testament,Bible:Rom.5.18,Rom. v. 18
ignatius,epistle_of_barnabas,Isa,old_testament_or_other,Bible:Isa.1.11-Isa.1.14,Isa. i. 11–14
ignatius,epistle_of_barnabas,Jer,old_testament_or_other,Bible:Jer.7.22,Jer. vii. 22
ignatius,epistle_of_barnabas,Zech,old_testament_or_other,Bible:Zech.8.17,Zech. viii. 17
ignatius,epistle_of_barnabas,Ps,old_testament_or_other,Bible:Ps.51.19,Ps. li. 19
ignatius,epistle_of_barnabas,Isa,old_testament_or_other,Bible:Isa.58.4-Isa.58.5,"Isa. lviii. 4, 5"
ignatius,epistle_of_barnabas,Isa,old_testament_or_other,Bible:Isa.58.6-Isa.58.10,Isa. lviii. 6–10
ignatius,epistle_of_barnabas,Dan,old_testament_or_other,Bible:Dan.9.24-Dan.9.27,Dan. ix. 24–27
ignatius,epistle_of_barnabas,Dan,old_testament_or_other,Bible:Dan.7.24,Dan. vii. 24
ignatius,epistle_of_barnabas,Dan,old_testament_or_other,Bible:Dan.7.7-Dan.7.8,"Dan. vii. 7, 8"
ignatius,epistle_of_barnabas,Exod,old_testament_or_other,Bible:Exod.31.18,Ex. xxxi. 18
ignatius,epistle_of_barnabas,Exod,old_testament_or_other,Bible:Exod.34.28,Ex. xxxiv. 28
ignatius,epistle_of_barnabas,Exod,old_testament_or_other,Bible:Exod.32.7,Ex. xxxii. 7
ignatius,epistle_of_barnabas,Deut,old_testament_or_other,Bible:Deut.9.12,Deut. ix. 12
ignatius,epistle_of_barnabas,Isa,old_testament_or_other,Bible:Isa.5.21,Isa. v. 21
ignatius,epistle_of_barnabas,Matt,new_testament,Bible:Matt.20.16,Matt. xx. 16
ignatius,epistle_of_barnabas,Matt,new_testament,Bible:Matt.22.14,Matt. xxii. 14
ignatius,epistle_of_barnabas,Isa,old_testament_or_other,Bible:Isa.53.5 Bible:Isa.53.7,"Isa. liii. 5, 7"
ignatius,epistle_of_barnabas,Prov,old_testament_or_other,Bible:Prov.1.17,Prov. i. 17
ignatius,epistle_of_barnabas,Gen,old_testament_or_other,Bible:Gen.1.26,Gen. i. 26
ignatius,epistle_of_barnabas,Matt,new_testament,Bible:Matt.9.13,Matt. ix. 13
ignatius,epistle_of_barnabas,Mark,new_testament,Bible:Mark.2.17,Mark ii. 17
ignatius,epistle_of_barnabas,Luke,new_testament,Bible:Luke.5.32,Luke v. 32
ignatius,epistle_of_barnabas,Isa,old_testament_or_other,Bible:Isa.53.8,Isa. liii. 8
ignatius,epistle_of_barnabas,Zech,old_testament_or_other,Bible:Zech.13.7,Zech. xiii. 7
ignatius,epistle_of_barnabas,Ps,old_testament_or_other,Bible:Ps.22.16 Bible:Ps.22.20,"Ps. xxii. 16, 20"
ignatius,epistle_of_barnabas,Ps,old_testament_or_other,Bible:Ps.119.120,Ps. cxix. 120
ignatius,epistle_of_barnabas,Isa,old_testament_or_other,Bible:Isa.50.6-Isa.50.7,"Isa. l. 6, 7"
ignatius,epistle_of_barnabas,Isa,old_testament_or_other,Bible:Isa.50.8,Isa. l. 8
ignatius,epistle_of_barnabas,Isa,old_testament_or_other,Bible:Isa.50.9,Isa. l. 9
ignatius,epistle_of_barnabas,Isa,old_testament_or_other,Bible:Isa.8.14,Isa. viii. 14
ignatius,epistle_of_barnabas,Isa,old_testament_or_other,Bible:Isa.28.16,Isa. xxviii. 16
ignatius,epistle_of_barnabas,Isa,old_testament_or_other,Bible:Isa.50.7,Isa. l. 7
ignatius,epistle_of_barnabas,Ps,old_testament_or_other,Bible:Ps.118.22,Ps. cxviii. 22
ignatius,epistle_of_barnabas,Ps,old_testament_or_other,Bible:Ps.118.24,Ps. cxviii. 24
ignatius,epistle_of_barnabas,1Cor,new_testament,Bible:1Cor.4.13,1 Cor. iv. 13
ignatius,epistle_of_barnabas,Ps,old_testament_or_other,Bible:Ps.22.17,Ps. xxii. 17
ignatius,epistle_of_barnabas,Ps,old_testament_or_other,Bible:Ps.118.12,Ps. cxviii. 12
ignatius,epistle_of_barnabas,Ps,old_testament_or_other,Bible:Ps.22.19,Ps. xxii. 19
ignatius,epistle_of_barnabas,Isa,old_testament_or_other,Bible:Isa.3.9,Isa. iii. 9
ignatius,epistle_of_barnabas,Wis,deuterocanonical,Bible:Wis.2.12,Wisdom ii. 12
ignatius,epistle_of_barnabas,Exod,old_testament_or_other,Bible:Exod.33.1,Ex. xxxiii. 1
ignatius,epistle_of_barnabas,Lev,old_testament_or_other,Bible:Lev.20.24,Lev. xx. 24
ignatius,epistle_of_barnabas,Isa,old_testament_or_other,Bible:Isa.40.13,Isa. xl. 13
ignatius,epistle_of_barnabas,Prov,old_testament_or_other,Bible:Prov.1.6,Prov. i. 6
ignatius,epistle_of_barnabas,Gen,old_testament_or_other,Bible:Gen.1.28,Gen. i. 28
ignatius,epistle_of_barnabas,2Cor,new_testament,Bible:2Cor.5.17,2 Cor. v. 17
ignatius,epistle_of_barnabas,Exod,old_testament_or_other,Bible:Exod.33.3,Ex. xxxiii. 3
ignatius,epistle_of_barnabas,Ezek,old_testament_or_other,Bible:Ezek.11.19,Ezek. xi. 19
ignatius,epistle_of_barnabas,Ezek,old_testament_or_other,Bible:Ezek.36.26,Ezek. xxxvi. 26
ignatius,epistle_of_barnabas,John,new_testament,Bible:John.1.14,John i. 14
ignatius,epistle_of_barnabas,Eph,new_testament,Bible:Eph.2.21,Eph. ii. 21
ignatius,epistle_of_barnabas,Ps,old_testament_or_other,Bible:Ps.42.2,Ps. xlii. 2
ignatius,epistle_of_barnabas,Ps,old_testament_or_other,Bible:Ps.22.23,Ps. xxii. 23
ignatius,epistle_of_barnabas,Heb,new_testament,Bible:Heb.2.12,Heb. ii. 12
ignatius,epistle_of_barnabas,Acts,new_testament,Bible:Acts.14.22,Acts xiv. 22
ignatius,epistle_of_barnabas,Ps,old_testament_or_other,Bible:Ps.18.44,Ps. xviii. 44
ignatius,epistle_of_barnabas,Isa,old_testament_or_other,Bible:Isa.33.13,Isa. xxxiii. 13
ignatius,epistle_of_barnabas,Jer,old_testament_or_other,Bible:Jer.4.4,Jer. iv. 4
ignatius,epistle_of_barnabas,Jer,old_testament_or_other,Bible:Jer.7.2,Jer. vii. 2
ignatius,epistle_of_barnabas,Ps,old_testament_or_other,Bible:Ps.34.11-Ps.34.13,Ps. xxxiv. 11–13
ignatius,epistle_of_barnabas,Isa,old_testament_or_other,Bible:Isa.1.2,Isa. i. 2
ignatius,epistle_of_barnabas,Isa,old_testament_or_other,Bible:Isa.1.10,Isa. i. 10
ignatius,epistle_of_barnabas,Jer,old_testament_or_other,Bible:Jer.4.3,Jer. iv. 3
ignatius,epistle_of_barnabas,Deut,old_testament_or_other,Bible:Deut.10.16,Deut. x. 16
ignatius,epistle_of_barnabas,Jer,old_testament_or_other,Bible:Jer.9.25-Jer.9.26,"Jer. ix. 25, 26"
ignatius,epistle_of_barnabas,Gen,old_testament_or_other,Bible:Gen.17.26-Gen.17.27,"Gen. xvii. 26, 27"
ignatius,epistle_of_barnabas,Gen,old_testament_or_other,Bible:Gen.14.14,Gen. xiv. 14
ignatius,epistle_of_barnabas,Lev,old_testament_or_other,Bible:Lev.11,Lev. xi.
ignatius,epistle_of_barnabas,Deut,old_testament_or_other,Bible:Deut.14,Deut. xiv.
ignatius,epistle_of_barnabas,Deut,old_testament_or_other,Bible:Deut.4.1,Deut. iv. 1
ignatius,epistle_of_barnabas,Ps,old_testament_or_other,Bible:Ps.1.1,Ps. i. 1
ignatius,epistle_of_barnabas,Jer,old_testament_or_other,Bible:Jer.2.12-Jer.2.13,"Jer. ii. 12, 13"
ignatius,epistle_of_barnabas,Isa,old_testament_or_other,Bible:Isa.16.1-Isa.16.2,"Isa. xvi. 1, 2"
ignatius,epistle_of_barnabas,Isa,old_testament_or_other,Bible:Isa.45.2-Isa.45.3,"Isa. xlv. 2, 3"
ignatius,epistle_of_barnabas,Isa,old_testament_or_other,Bible:Isa.33.16,Isa. xxxiii. 16
ignatius,epistle_of_barnabas,Isa,old_testament_or_other,Bible:Isa.33.16-Isa.33.18,Isa. xxxiii. 16–18
ignatius,epistle_of_barnabas,Ps,old_testament_or_other,Bible:Ps.1.3-Ps.1.6,Ps. i. 3–6
ignatius,epistle_of_barnabas,Zeph,old_testament_or_other,Bible:Zeph.3.19,Zeph. iii. 19
ignatius,epistle_of_barnabas,Ezek,old_testament_or_other,Bible:Ezek.47.12,Ezek. xlvii. 12
ignatius,epistle_of_barnabas,Hab,old_testament_or_other,Bible:Hab.2.11,Hab. ii. 11
ignatius,epistle_of_barnabas,Isa,old_testament_or_other,Bible:Isa.65.2,Isa. lxv. 2
ignatius,epistle_of_barnabas,Num,old_testament_or_other,Bible:Num.21.6-Num.21.9,Num. xxi. 6–9
ignatius,epistle_of_barnabas,John,new_testament,Bible:John.3.14-John.3.18,John iii. 14–18
ignatius,epistle_of_barnabas,Deut,old_testament_or_other,Bible:Deut.27.15,Deut. xxvii. 15
ignatius,epistle_of_barnabas,Num,old_testament_or_other,Bible:Num.21.9,Num. xxi. 9
ignatius,epistle_of_barnabas,Col,new_testament,Bible:Col.1.16,Col. i. 16
ignatius,epistle_of_barnabas,Exod,old_testament_or_other,Bible:Exod.17.14,Ex. xvii. 14
ignatius,epistle_of_barnabas,1Tim,new_testament,Bible:1Tim.3.16,1 Tim. iii. 16
ignatius,epistle_of_barnabas,Ps,old_testament_or_other,Bible:Ps.110.1,Ps. cx. 1
ignatius,epistle_of_barnabas,Matt,new_testament,Bible:Matt.22.43-Matt.22.45,Matt. xxii. 43–45
ignatius,epistle_of_barnabas,Isa,old_testament_or_other,Bible:Isa.45.1,Isa. xlv. 1
ignatius,epistle_of_barnabas,Gen,old_testament_or_other,Bible:Gen.25.21,Gen. xxv. 21
ignatius,epistle_of_barnabas,Gen,old_testament_or_other,Bible:Gen.25.23,Gen. xxv. 23
ignatius,epistle_of_barnabas,Gen,old_testament_or_other,Bible:Gen.48.11 Bible:Gen.48.9,"Gen. xlviii. 11, 9"
ignatius,epistle_of_barnabas,Gen,old_testament_or_other,Bible:Gen.48.18,Gen. xlviii. 18
ignatius,epistle_of_barnabas,Gen,old_testament_or_other,Bible:Gen.48.19,Gen. xlviii. 19
ignatius,epistle_of_barnabas,Gen,old_testament_or_other,Bible:Gen.15.6,Gen. xv. 6
ignatius,epistle_of_barnabas,Gen,old_testament_or_other,Bible:Gen.17.5,Gen. xvii. 5
ignatius,epistle_of_barnabas,Rom,new_testament,Bible:Rom.4.3,Rom. iv. 3
ignatius,epistle_of_barnabas,Exod,old_testament_or_other,Bible:Exod.24.18,Ex. xxiv. 18
ignatius,epistle_of_barnabas,Heb,new_testament,Bible:Heb.3.5,Heb. iii. 5
ignatius,epistle_of_barnabas,Isa,old_testament_or_other,Bible:Isa.42.6-Isa.42.7,"Isa. xlii. 6, 7"
ignatius,epistle_of_barnabas,Isa,old_testament_or_other,Bible:Isa.49.6,Isa. xlix. 6
ignatius,epistle_of_barnabas,Isa,old_testament_or_other,Bible:Isa.61.1-Isa.61.2,"Isa. lxi. 1, 2"
ignatius,epistle_of_barnabas,Exod,old_testament_or_other,Bible:Exod.20.8,Ex. xx. 8
ignatius,epistle_of_barnabas,Deut,old_testament_or_other,Bible:Deut.5.12,Deut. v. 12
ignatius,epistle_of_barnabas,Jer,old_testament_or_other,Bible:Jer.17.24-Jer.17.25,"Jer. xvii. 24, 25"
ignatius,epistle_of_barnabas,Gen,old_testament_or_other,Bible:Gen.2.2,Gen. ii. 2
ignatius,epistle_of_barnabas,Ps,old_testament_or_other,Bible:Ps.90.4,Ps. xc. 4
ignatius,epistle_of_barnabas,2Pet,new_testament,Bible:2Pet.3.8,2 Pet. iii. 8
ignatius,epistle_of_barnabas,Isa,old_testament_or_other,Bible:Isa.1.13,Isa. i. 13
ignatius,epistle_of_barnabas,Isa,old_testament_or_other,Bible:Isa.40.12,Isa. xl. 12
ignatius,epistle_of_barnabas,Isa,old_testament_or_other,Bible:Isa.66.1,Isa. lxvi. 1
ignatius,epistle_of_barnabas,Isa,old_testament_or_other,Bible:Isa.49.17,Isa. xlix. 17
ignatius,epistle_of_barnabas,Isa,old_testament_or_other,Bible:Isa.5,Isa. v.
ignatius,epistle_of_barnabas,Jer,old_testament_or_other,Bible:Jer.25,Jer. xxv.
ignatius,epistle_of_barnabas,Hag,old_testament_or_other,Bible:Hag.2.10,Hag. ii. 10
ignatius,epistle_of_barnabas,2Cor,new_testament,Bible:2Cor.12.7,2 Cor. xii. 7
ignatius,epistle_of_barnabas,Isa,old_testament_or_other,Bible:Isa.66.2,Isa. lxvi. 2
ignatius,epistle_of_barnabas,Jas,new_testament,Bible:Jas.1.8,Jas. i. 8
ignatius,epistle_of_barnabas,Eph,new_testament,Bible:Eph.6.9,Eph. vi. 9
ignatius,epistle_of_barnabas,Rom,new_testament,Bible:Rom.8.29-Rom.8.30,"Rom. viii. 29, 30"
ignatius,epistle_of_barnabas,Matt,new_testament,Bible:Matt.5.42,Matt. v. 42
ignatius,epistle_of_barnabas,Luke,new_testament,Bible:Luke.6.30,Luke vi. 30
ignatius,fragments_of_papias,Isa,old_testament_or_other,Bible:Isa.11.6,Isa. xi. 6
ignatius,fragments_of_papias,John,new_testament,Bible:John.14.2,John xiv. 2
ignatius,fragments_of_papias,Matt,new_testament,Bible:Matt.20.23,Matt. xx. 23
ignatius,fragments_of_papias,Matt,new_testament,Bible:Matt.22.10,Matt. xxii. 10
ignatius,fragments_of_papias,1Cor,new_testament,Bible:1Cor.15.25-1Cor.15.26,"1 Cor. xv. 25, 26"
ignatius,fragments_of_papias,1Cor,new_testament,Bible:1Cor.15.27-1Cor.15.28,"1 Cor. xv. 27, 28"
ignatius,fragments_of_papias,John,new_testament,Bible:John.8.1-John.8.11,John viii. 1–11
ignatius,fragments_of_papias,Gen,old_testament_or_other,Bible:Gen.1.4,Gen. i. 4
justin_martyr,first_apology,1Cor,new_testament,Bible:1Cor.10.20,1 Cor. x. 20
justin_martyr,first_apology,Isa,old_testament_or_other,Bible:Isa.44.9-Isa.44.20,Isa. xliv. 9–20
justin_martyr,first_apology,Jer,old_testament_or_other,Bible:Jer.10.3,Jer. x. 3
justin_martyr,first_apology,Matt,new_testament,Bible:Matt.5.28-Matt.5.29 Bible:Matt.5.32,"Matt. v. 28, 29, 32"
justin_martyr,first_apology,Matt,new_testament,Bible:Matt.19.12,Matt. xix. 12
justin_martyr,first_apology,Matt,new_testament,Bible:Matt.9.13,Matt. ix. 13
justin_martyr,first_apology,Matt,new_testament,Bible:Matt.5.46 Bible:Matt.5.44,"Matt. v. 46, 44"
justin_martyr,first_apology,Luke,new_testament,Bible:Luke.6.28,Luke vi. 28
justin_martyr,first_apology,Luke,new_testament,Bible:Luke.6.30 Bible:Luke.6.34,"Luke vi. 30, 34"
justin_martyr,first_apology,Matt,new_testament,Bible:Matt.6.19,Matt. vi. 19
justin_martyr,first_apology,Matt,new_testament,Bible:Matt.16.26,Matt. xvi. 26
justin_martyr,first_apology,Matt,new_testament,Bible:Matt.6.20,Matt. vi. 20
justin_martyr,first_apology,Luke,new_testament,Bible:Luke.6.36,Luke vi. 36
justin_martyr,first_apology,Matt,new_testament,Bible:Matt.5.45,Matt. v. 45
justin_martyr,first_apology,Matt,new_testament,Bible:Matt.6.25-Matt.6.26 Bible:Matt.6.33 Bible:Matt.6.21,"Matt. vi. 25, 26, 33, 21"
justin_martyr,first_apology,Matt,new_testament,Bible:Matt.6.1,Matt. vi. 1
justin_martyr,first_apology,Luke,new_testament,Bible:Luke.6.29,Luke vi. 29
justin_martyr,first_apology,Matt,new_testament,Bible:Matt.6.22 Bible:Matt.6.41 Bible:Matt.6.16,"Matt. vi. 22, 41, 16"
justin_martyr,first_apology,Matt,new_testament,Bible:Matt.5.34 Bible:Matt.5.27,"Matt. v. 34, 27"
justin_martyr,first_apology,Mark,new_testament,Bible:Mark.12.30,Mark xii. 30
justin_martyr,first_apology,Matt,new_testament,Bible:Matt.19.6 Bible:Matt.19.17,"Matt. xix. 6, 17"
justin_martyr,first_apology,Matt,new_testament,Bible:Matt.7.21,Matt. vii. 21
justin_martyr,first_apology,Luke,new_testament,Bible:Luke.13.26,Luke xiii. 26
justin_martyr,first_apology,Matt,new_testament,Bible:Matt.13.42,Matt. xiii. 42
justin_martyr,first_apology,Matt,new_testament,Bible:Matt.7.15-Matt.7.16 Bible:Matt.7.19,"Matt. vii. 15, 16, 19"
justin_martyr,first_apology,Matt,new_testament,Bible:Matt.22.17 Bible:Matt.22.19 Bible:Matt.22.20 Bible:Matt.22.21,"Matt. xxii. 17, 19, 20, 21"
justin_martyr,first_apology,Luke,new_testament,Bible:Luke.12.48,Luke xii. 48
justin_martyr,first_apology,Matt,new_testament,Bible:Matt.19.26,Matt. xix. 26
justin_martyr,first_apology,Matt,new_testament,Bible:Matt.10.28,Matt. x. 28
justin_martyr,first_apology,Gen,old_testament_or_other,Bible:Gen.49.10,Gen. xlix. 10
justin_martyr,first_apology,Isa,old_testament_or_other,Bible:Isa.11.1,Isa. xi. 1
justin_martyr,first_apology,Isa,old_testament_or_other,Bible:Isa.7.14,Isa. vii. 14
justin_martyr,first_apology,Luke,new_testament,Bible:Luke.1.32,Luke i. 32
justin_martyr,first_apology,Matt,new_testament,Bible:Matt.1.21,Matt. i. 21
justin_martyr,first_apology,Mic,old_testament_or_other,Bible:Mic.5.2,Mic. v. 2
justin_martyr,first_apology,Isa,old_testament_or_other,Bible:Isa.9.6,Isa. ix. 6
justin_martyr,first_apology,Isa,old_testament_or_other,Bible:Isa.65.2,Isa. lxv. 2
justin_martyr,first_apology,Isa,old_testament_or_other,Bible:Isa.58.2,Isa. lviii. 2
justin_martyr,first_apology,Ps,old_testament_or_other,Bible:Ps.22.16,Ps. xxii. 16
justin_martyr,first_apology,Zech,old_testament_or_other,Bible:Zech.9.9,Zech. ix. 9
justin_martyr,first_apology,Isa,old_testament_or_other,Bible:Isa.1.3,Isa. i. 3
justin_martyr,first_apology,Isa,old_testament_or_other,Bible:Isa.66.1,Isa. lxvi. 1
justin_martyr,first_apology,Isa,old_testament_or_other,Bible:Isa.1.14,Isa. i. 14
justin_martyr,first_apology,Isa,old_testament_or_other,Bible:Isa.58.6,Isa. lviii. 6
justin_martyr,first_apology,Isa,old_testament_or_other,Bible:Isa.50.6,Isa. l. 6
justin_martyr,first_apology,Ps,old_testament_or_other,Bible:Ps.22.18,Ps. xxii. 18
justin_martyr,first_apology,Ps,old_testament_or_other,Bible:Ps.3.5,Ps. iii. 5
justin_martyr,first_apology,Ps,old_testament_or_other,Bible:Ps.22.7,Ps. xxii. 7
justin_martyr,first_apology,Matt,new_testament,Bible:Matt.27.39,Matt. xxvii. 39
justin_martyr,first_apology,Isa,old_testament_or_other,Bible:Isa.2.3,Isa. ii. 3
justin_martyr,first_apology,Ps,old_testament_or_other,Bible:Ps.19.2,Ps. xix. 2
justin_martyr,first_apology,Ps,old_testament_or_other,Bible:Ps.1,Ps. i.
justin_martyr,first_apology,Ps,old_testament_or_other,Bible:Ps.2,Ps. ii.
justin_martyr,first_apology,Ps,old_testament_or_other,Bible:Ps.96.1,Ps. xcvi. 1
justin_martyr,first_apology,Deut,old_testament_or_other,Bible:Deut.30.15 Bible:Deut.30.19,"Deut. xxx. 15, 19"
justin_martyr,first_apology,Isa,old_testament_or_other,Bible:Isa.1.16,Isa. i. 16
justin_martyr,first_apology,2Thess,new_testament,Bible:2Thess.2.6-2Thess.2.7,"2 Thess. ii. 6, 7"
justin_martyr,first_apology,Ps,old_testament_or_other,Bible:Ps.110.1,Ps. cx. 1
justin_martyr,first_apology,Matt,new_testament,Bible:Matt.25.32,Matt. xxv. 32
justin_martyr,first_apology,Isa,old_testament_or_other,Bible:Isa.64.10-Isa.64.12,Isa. lxiv. 10–12
justin_martyr,first_apology,Isa,old_testament_or_other,Bible:Isa.1.7,Isa. i. 7
justin_martyr,first_apology,Isa,old_testament_or_other,Bible:Isa.35.6,Isa. xxxv. 6
justin_martyr,first_apology,Isa,old_testament_or_other,Bible:Isa.57.1,Isa. lvii. 1
justin_martyr,first_apology,Isa,old_testament_or_other,Bible:Isa.65.1-Isa.65.3,Isa. lxv. 1–3
justin_martyr,first_apology,Isa,old_testament_or_other,Bible:Isa.5.20,Isa. v. 20
justin_martyr,first_apology,Isa,old_testament_or_other,Bible:Isa.52.13-Isa.52.15,Isa. lii. 13–15
justin_martyr,first_apology,Isa,old_testament_or_other,Bible:Isa.53.1-Isa.53.8,Isa. liii. 1–8
justin_martyr,first_apology,Isa,old_testament_or_other,Bible:Isa.53.8-Isa.53.12,Isa. liii. 8–12
justin_martyr,first_apology,Ps,old_testament_or_other,Bible:Ps.24.7,Ps. xxiv. 7
justin_martyr,first_apology,Dan,old_testament_or_other,Bible:Dan.7.13,Dan. vii. 13
justin_martyr,first_apology,Ezek,old_testament_or_other,Bible:Ezek.37.7-Ezek.37.8,"Ezek. xxxvii. 7, 8"
justin_martyr,first_apology,Isa,old_testament_or_other,Bible:Isa.45.24,Isa. xlv. 24
justin_martyr,first_apology,Isa,old_testament_or_other,Bible:Isa.66.24,Isa. lxvi. 24
justin_martyr,first_apology,Zech,old_testament_or_other,Bible:Zech.12.3-Zech.12.14,Zech. xii. 3–14
justin_martyr,first_apology,Isa,old_testament_or_other,Bible:Isa.63.17,Isa. lxiii. 17
justin_martyr,first_apology,Isa,old_testament_or_other,Bible:Isa.64.11,Isa. lxiv. 11
justin_martyr,first_apology,Isa,old_testament_or_other,Bible:Isa.54.1,Isa. liv. 1
justin_martyr,first_apology,Isa,old_testament_or_other,Bible:Isa.1.9,Isa. i. 9
justin_martyr,first_apology,Jer,old_testament_or_other,Bible:Jer.9.26,Jer. ix. 26
justin_martyr,first_apology,Ps,old_testament_or_other,Bible:Ps.19.5,Ps. xix. 5
justin_martyr,first_apology,Lam,old_testament_or_other,Bible:Lam.4.20,Lam. iv. 20
justin_martyr,first_apology,Deut,old_testament_or_other,Bible:Deut.32.22,Deut. xxxii. 22
justin_martyr,first_apology,Num,old_testament_or_other,Bible:Num.21.8,Num. xxi. 8
justin_martyr,first_apology,John,new_testament,Bible:John.3.5,John iii. 5
justin_martyr,first_apology,Isa,old_testament_or_other,Bible:Isa.1.16-Isa.1.20,Isa. i. 16–20
justin_martyr,first_apology,Matt,new_testament,Bible:Matt.11.27,Matt. xi. 27
justin_martyr,first_apology,Luke,new_testament,Bible:Luke.10.16,Luke x. 16
justin_martyr,first_apology,Exod,old_testament_or_other,Bible:Exod.3.6,Ex. iii. 6
justin_martyr,first_apology,Matt,new_testament,Bible:Matt.26.27,Matt. xxvi. 27
justin_martyr,first_apology,Luke,new_testament,Bible:Luke.22.19,Luke xxii. 19
justin_martyr,first_apology,Acts,new_testament,Bible:Acts.14.12,Acts xiv. 12
justin_martyr,first_apology,Acts,new_testament,Bible:Acts.8.10,Acts viii. 10
justin_martyr,second_apology,Jas,new_testament,Bible:Jas.1.21,Jas. i. 21
justin_martyr,dialog_with_trypho,Phil,new_testament,Bible:Phil.3.5,Phil. iii. 5
justin_martyr,dialog_with_trypho,Isa,old_testament_or_other,Bible:Isa.51.4-Isa.51.5,"Isa. li. 4, 5"
justin_martyr,dialog_with_trypho,Jer,old_testament_or_other,Bible:Jer.31.31-Jer.31.32,"Jer. xxxi. 31, 32"
justin_martyr,dialog_with_trypho,Isa,old_testament_or_other,Bible:Isa.55.3,Isa. lv. 3
justin_martyr,dialog_with_trypho,John,new_testament,Bible:John.12.40,John xii. 40
justin_martyr,dialog_with_trypho,Isa,old_testament_or_other,Bible:Isa.6.10,Isa. vi. 10
justin_martyr,dialog_with_trypho,Jer,old_testament_or_other,Bible:Jer.7.24 Bible:Jer.7.26,"Jer. vii. 24, 26"
justin_martyr,dialog_with_trypho,Jer,old_testament_or_other,Bible:Jer.11.8,Jer. xi. 8
justin_martyr,dialog_with_trypho,Jer,old_testament_or_other,Bible:Jer.17.23,Jer. xvii. 23
justin_martyr,dialog_with_trypho,1Cor,new_testament,Bible:1Cor.10.4,1 Cor. x. 4
justin_martyr,dialog_with_trypho,Isa,old_testament_or_other,Bible:Isa.52.10,Isa. lii. 10
justin_martyr,dialog_with_trypho,Isa,old_testament_or_other,Bible:Isa.58.1-Isa.58.12,Isa. lviii. 1–12
justin_martyr,dialog_with_trypho,Deut,old_testament_or_other,Bible:Deut.10.16,Deut. x. 16
justin_martyr,dialog_with_trypho,Lev,old_testament_or_other,Bible:Lev.26.40-Lev.26.41,"Lev. xxvi. 40, 41"
justin_martyr,dialog_with_trypho,Isa,old_testament_or_other,Bible:Isa.57.1-Isa.57.4,Isa. lvii. 1–4
justin_martyr,dialog_with_trypho,Isa,old_testament_or_other,Bible:Isa.52.5,Isa. lii. 5
justin_martyr,dialog_with_trypho,Isa,old_testament_or_other,Bible:Isa.3.9,Isa. iii. 9
justin_martyr,dialog_with_trypho,Isa,old_testament_or_other,Bible:Isa.5.18 Bible:Isa.5.20,"Isa. v. 18, 20"
justin_martyr,dialog_with_trypho,Matt,new_testament,Bible:Matt.21.13,Matt. xxi. 13
justin_martyr,dialog_with_trypho,Matt,new_testament,Bible:Matt.23,Matt. xxiii.
justin_martyr,dialog_with_trypho,Luke,new_testament,Bible:Luke.11,Luke xi.
justin_martyr,dialog_with_trypho,Hos,old_testament_or_other,Bible:Hos.1,Hos. i.
justin_martyr,dialog_with_trypho,Hos,old_testament_or_other,Bible:Hos.2,Hos. ii.
justin_martyr,dialog_with_trypho,Gen,old_testament_or_other,Bible:Gen.2.3,Gen. ii. 3
justin_martyr,dialog_with_trypho,Gen,old_testament_or_other,Bible:Gen.8.10 Bible:Gen.8.12,"Gen. viii. 10, 12"
justin_martyr,dialog_with_trypho,Ezek,old_testament_or_other,Bible:Ezek.20.12,Ezek. xx. 12
justin_martyr,dialog_with_trypho,Exod,old_testament_or_other,Bible:Exod.32.6,Ex. xxxii. 6
justin_martyr,dialog_with_trypho,Deut,old_testament_or_other,Bible:Deut.32.15,Deut. xxxii. 15
justin_martyr,dialog_with_trypho,Deut,old_testament_or_other,Bible:Deut.32.6 Bible:Deut.32.20,"Deut. xxxii. 6, 20"
justin_martyr,dialog_with_trypho,Ezek,old_testament_or_other,Bible:Ezek.20.19-Ezek.20.26,Ezek. xx. 19–26
justin_martyr,dialog_with_trypho,Amos,old_testament_or_other,Bible:Amos.5.18,Amos v. 18
justin_martyr,dialog_with_trypho,Amos,old_testament_or_other,Bible:Amos.6.1-Amos.6.7,Amos vi. 1–7
justin_martyr,dialog_with_trypho,Jer,old_testament_or_other,Bible:Jer.7.21,Jer. vii. 21
justin_martyr,dialog_with_trypho,Ps,old_testament_or_other,Bible:Ps.50,Ps. l.
justin_martyr,dialog_with_trypho,Isa,old_testament_or_other,Bible:Isa.66.1,Isa. lxvi. 1
justin_martyr,dialog_with_trypho,Josh,old_testament_or_other,Bible:Josh.5.2,Josh. v. 2
justin_martyr,dialog_with_trypho,Isa,old_testament_or_other,Bible:Isa.26.2-Isa.26.3,"Isa. xxvi. 2, 3"
justin_martyr,dialog_with_trypho,Isa,old_testament_or_other,Bible:Isa.65.1-Isa.65.3,Isa. lxv. 1–3
justin_martyr,dialog_with_trypho,Isa,old_testament_or_other,Bible:Isa.63.15,Isa. lxiii. 15
justin_martyr,dialog_with_trypho,Isa,old_testament_or_other,Bible:Isa.64,Isa. lxiv.
justin_martyr,dialog_with_trypho,Isa,old_testament_or_other,Bible:Isa.42.6-Isa.42.7,"Isa. xlii. 6, 7"
justin_martyr,dialog_with_trypho,Isa,old_testament_or_other,Bible:Isa.62.10,Isa. lxii. 10
justin_martyr,dialog_with_trypho,Isa,old_testament_or_other,Bible:Isa.63.1-Isa.63.6,Isa. lxiii. 1–6
justin_martyr,dialog_with_trypho,Isa,old_testament_or_other,Bible:Isa.58.13-Isa.58.14,"Isa. lviii. 13, 14"
justin_martyr,dialog_with_trypho,Isa,old_testament_or_other,Bible:Isa.3.16,Isa. iii. 16
justin_martyr,dialog_with_trypho,Rom,new_testament,Bible:Rom.3.10,Rom. iii. 10
justin_martyr,dialog_with_trypho,Jer,old_testament_or_other,Bible:Jer.4.3,Jer. iv. 3
justin_martyr,dialog_with_trypho,Jer,old_testament_or_other,Bible:Jer.9.25,Jer. ix. 25
justin_martyr,dialog_with_trypho,Mal,old_testament_or_other,Bible:Mal.1.10,Mal. i. 10
justin_martyr,dialog_with_trypho,Ps,old_testament_or_other,Bible:Ps.18.43,Ps. xviii. 43
justin_martyr,dialog_with_trypho,Ps,old_testament_or_other,Bible:Ps.19,Ps. xix.
justin_martyr,dialog_with_trypho,Dan,old_testament_or_other,Bible:Dan.7.9-Dan.7.28,Dan. vii. 9–28
justin_martyr,dialog_with_trypho,Isa,old_testament_or_other,Bible:Isa.29.14,Isa. xxix. 14
justin_martyr,dialog_with_trypho,Ps,old_testament_or_other,Bible:Ps.110,Ps. cx.
justin_martyr,dialog_with_trypho,Ps,old_testament_or_other,Bible:Ps.72,Ps. lxxii.
justin_martyr,dialog_with_trypho,Matt,new_testament,Bible:Matt.7.15,Matt. vii. 15
justin_martyr,dialog_with_trypho,1Cor,new_testament,Bible:1Cor.11.19,1 Cor. xi. 19
justin_martyr,dialog_with_trypho,Matt,new_testament,Bible:Matt.24.11,Matt. xxiv. 11
justin_martyr,dialog_with_trypho,Ps,old_testament_or_other,Bible:Ps.24,Ps. xxiv.
justin_martyr,dialog_with_trypho,Ps,old_testament_or_other,Bible:Ps.47.5-Ps.47.9,Ps. xlvii. 5–9
justin_martyr,dialog_with_trypho,Ps,old_testament_or_other,Bible:Ps.99,Ps. xcix.
justin_martyr,dialog_with_trypho,Ps,old_testament_or_other,Bible:Ps.45,Ps. xlv.
justin_martyr,dialog_with_trypho,1Kgs,old_testament_or_other,Bible:1Kgs.19.14 Bible:1Kgs.19.18,"1 Kings xix. 14, 18"
justin_martyr,dialog_with_trypho,Ps,old_testament_or_other,Bible:Ps.68.19,Ps. lxviii. 19
justin_martyr,dialog_with_trypho,Isa,old_testament_or_other,Bible:Isa.5.21,Isa. v. 21
justin_martyr,dialog_with_trypho,Mal,old_testament_or_other,Bible:Mal.1.10-Mal.1.12,Mal. i. 10–12
justin_martyr,dialog_with_trypho,Exod,old_testament_or_other,Bible:Exod.28.33,Ex. xxviii. 33
justin_martyr,dialog_with_trypho,Ps,old_testament_or_other,Bible:Ps.19.4,Ps. xix. 4
justin_martyr,dialog_with_trypho,Isa,old_testament_or_other,Bible:Isa.53.1-Isa.53.2,"Isa. liii. 1, 2"
justin_martyr,dialog_with_trypho,Isa,old_testament_or_other,Bible:Isa.53.8,Isa. liii. 8
justin_martyr,dialog_with_trypho,Isa,old_testament_or_other,Bible:Isa.7.10-Isa.7.17,Isa. vii. 10–17
justin_martyr,dialog_with_trypho,Isa,old_testament_or_other,Bible:Isa.8.4,Isa. viii. 4
justin_martyr,dialog_with_trypho,Ezek,old_testament_or_other,Bible:Ezek.14.20,Ezek. xiv. 20
justin_martyr,dialog_with_trypho,Isa,old_testament_or_other,Bible:Isa.66.24,Isa. lxvi. 24
justin_martyr,dialog_with_trypho,Num,old_testament_or_other,Bible:Num.15.38,Num. xv. 38
justin_martyr,dialog_with_trypho,Deut,old_testament_or_other,Bible:Deut.6.6,Deut. vi. 6
justin_martyr,dialog_with_trypho,Ezek,old_testament_or_other,Bible:Ezek.33.11-Ezek.33.20,Ezek. xxxiii. 11–20
justin_martyr,dialog_with_trypho,John,new_testament,Bible:John.12.47-John.12.48,"John xii. 47, 48"
justin_martyr,dialog_with_trypho,Isa,old_testament_or_other,Bible:Isa.29.13,Isa. xxix. 13
justin_martyr,dialog_with_trypho,Mal,old_testament_or_other,Bible:Mal.4.5,Mal. iv. 5
justin_martyr,dialog_with_trypho,Matt,new_testament,Bible:Matt.3.11-Matt.3.12,"Matt. iii. 11, 12"
justin_martyr,dialog_with_trypho,Matt,new_testament,Bible:Matt.17.12,Matt. xvii. 12
justin_martyr,dialog_with_trypho,Num,old_testament_or_other,Bible:Num.11.17,Num. xi. 17
justin_martyr,dialog_with_trypho,Num,old_testament_or_other,Bible:Num.27.18,Num. xxvii. 18
justin_martyr,dialog_with_trypho,Deut,old_testament_or_other,Bible:Deut.34.9,Deut. xxxiv. 9
justin_martyr,dialog_with_trypho,Isa,old_testament_or_other,Bible:Isa.39.8,Isa. xxxix. 8
justin_martyr,dialog_with_trypho,Isa,old_testament_or_other,Bible:Isa.40.1-Isa.40.17,Isa. xl. 1–17
justin_martyr,dialog_with_trypho,Matt,new_testament,Bible:Matt.11.12-Matt.11.15,Matt. xi. 12–15
justin_martyr,dialog_with_trypho,Gen,old_testament_or_other,Bible:Gen.49.5 Bible:Gen.49.8 Bible:Gen.49.9 Bible:Gen.49.10 Bible:Gen.49.11 Bible:Gen.49.18 Bible:Gen.49.24,"Gen. xlix. 5, 8, 9, 10, 11, 18, 24"
justin_martyr,dialog_with_trypho,Gen,old_testament_or_other,Bible:Gen.49.8-Gen.49.12,Gen. xlix. 8–12
justin_martyr,dialog_with_trypho,Zech,old_testament_or_other,Bible:Zech.9.9,Zech. ix. 9
justin_martyr,dialog_with_trypho,Zech,old_testament_or_other,Bible:Zech.13.7,Zech. xiii. 7
justin_martyr,dialog_with_trypho,Deut,old_testament_or_other,Bible:Deut.4.19,Deut. iv. 19
justin_martyr,dialog_with_trypho,John,new_testament,Bible:John.10.33-John.10.36,John x. 33–36
justin_martyr,dialog_with_trypho,Ps,old_testament_or_other,Bible:Ps.96.5,Ps. xcvi. 5
justin_martyr,dialog_with_trypho,Gen,old_testament_or_other,Bible:Gen.18.1-Gen.18.2,"Gen. xviii. 1, 2"
justin_martyr,dialog_with_trypho,Gen,old_testament_or_other,Bible:Gen.19.27-Gen.19.28,"Gen. xix. 27, 28"
justin_martyr,dialog_with_trypho,Gen,old_testament_or_other,Bible:Gen.18.10,Gen. xviii. 10
justin_martyr,dialog_with_trypho,Gen,old_testament_or_other,Bible:Gen.21.9-Gen.21.12,Gen. xxi. 9–12
justin_martyr,dialog_with_trypho,Gen,old_testament_or_other,Bible:Gen.19.23,Gen. xix. 23
justin_martyr,dialog_with_trypho,Ps,old_testament_or_other,Bible:Ps.110.1,Ps. cx. 1
justin_martyr,dialog_with_trypho,Ps,old_testament_or_other,Bible:Ps.45.6-Ps.45.7,"Ps. xlv. 6, 7"
justin_martyr,dialog_with_trypho,Acts,new_testament,Bible:Acts.17.11,Acts xvii. 11
justin_martyr,dialog_with_trypho,Gen,old_testament_or_other,Bible:Gen.18.13-Gen.18.14,"Gen. xviii. 13, 14"
justin_martyr,dialog_with_trypho,Gen,old_testament_or_other,Bible:Gen.18.16-Gen.18.17,"Gen. xviii. 16, 17"
justin_martyr,dialog_with_trypho,Gen,old_testament_or_other,Bible:Gen.18.20-Gen.18.23,Gen. xviii. 20–23
justin_martyr,dialog_with_trypho,Gen,old_testament_or_other,Bible:Gen.18.33,Gen. xviii. 33
justin_martyr,dialog_with_trypho,Gen,old_testament_or_other,Bible:Gen.19.1,Gen. xix. 1
justin_martyr,dialog_with_trypho,Gen,old_testament_or_other,Bible:Gen.19.10,Gen. xix. 10
justin_martyr,dialog_with_trypho,Gen,old_testament_or_other,Bible:Gen.19.16-Gen.19.25,Gen. xix. 16–25
justin_martyr,dialog_with_trypho,Gen,old_testament_or_other,Bible:Gen.31.10-Gen.31.13,Gen. xxxi. 10–13
justin_martyr,dialog_with_trypho,Gen,old_testament_or_other,Bible:Gen.32.22-Gen.32.30,Gen. xxxii. 22–30
justin_martyr,dialog_with_trypho,Gen,old_testament_or_other,Bible:Gen.35.6-Gen.35.10,Gen. xxxv. 6–10
justin_martyr,dialog_with_trypho,Gen,old_testament_or_other,Bible:Gen.28.10-Gen.28.19,Gen. xxviii. 10–19
justin_martyr,dialog_with_trypho,Gen,old_testament_or_other,Bible:Gen.22,Gen. xxii.
justin_martyr,dialog_with_trypho,Exod,old_testament_or_other,Bible:Exod.2.23,Ex. ii. 23
justin_martyr,dialog_with_trypho,Exod,old_testament_or_other,Bible:Exod.3.16,Ex. iii. 16
justin_martyr,dialog_with_trypho,Exod,old_testament_or_other,Bible:Exod.3.2-Exod.3.4,Ex. iii. 2–4
justin_martyr,dialog_with_trypho,Gen,old_testament_or_other,Bible:Gen.35.7,Gen. xxxv. 7
justin_martyr,dialog_with_trypho,Josh,old_testament_or_other,Bible:Josh.1.13-Josh.1.15,Josh. i. 13–15
justin_martyr,dialog_with_trypho,Heb,new_testament,Bible:Heb.4.8,Heb. iv. 8
justin_martyr,dialog_with_trypho,Prov,old_testament_or_other,Bible:Prov.8.21,Prov. viii. 21
justin_martyr,dialog_with_trypho,Rev,new_testament,Bible:Rev.1.23,Ap. i. 23
justin_martyr,dialog_with_trypho,Gen,old_testament_or_other,Bible:Gen.1.26 Bible:Gen.1.28,"Gen. i. 26, 28"
justin_martyr,dialog_with_trypho,Gen,old_testament_or_other,Bible:Gen.3.22,Gen. iii. 22
justin_martyr,dialog_with_trypho,Josh,old_testament_or_other,Bible:Josh.5.13,Josh. v. 13
justin_martyr,dialog_with_trypho,Josh,old_testament_or_other,Bible:Josh.6.1-Josh.6.2,"Josh.vi. 1, 2"
justin_martyr,dialog_with_trypho,Ps,old_testament_or_other,Bible:Ps.110.3,Ps. cx. 3
justin_martyr,dialog_with_trypho,Ps,old_testament_or_other,Bible:Ps.110.4,Ps. cx. 4
justin_martyr,dialog_with_trypho,Ps,old_testament_or_other,Bible:Ps.45.6-Ps.45.11,Ps. xlv. 6–11
justin_martyr,dialog_with_trypho,Ps,old_testament_or_other,Bible:Ps.99.1-Ps.99.7,Ps. xcix. 1–7
justin_martyr,dialog_with_trypho,Ps,old_testament_or_other,Bible:Ps.72.1,Ps. lxxii. 1
justin_martyr,dialog_with_trypho,Ps,old_testament_or_other,Bible:Ps.19.1-Ps.19.6,Ps. xix. 1–6
justin_martyr,dialog_with_trypho,Isa,old_testament_or_other,Bible:Isa.42.8,Isa. xlii. 8
justin_martyr,dialog_with_trypho,Isa,old_testament_or_other,Bible:Isa.42.5-Isa.42.13,Isa. xlii. 5–13
justin_martyr,dialog_with_trypho,Ps,old_testament_or_other,Bible:Ps.19.5,Ps. xix. 5
justin_martyr,dialog_with_trypho,Isa,old_testament_or_other,Bible:Isa.35.1-Isa.35.7,Isa. xxxv. 1–7
justin_martyr,dialog_with_trypho,Isa,old_testament_or_other,Bible:Isa.33.13-Isa.33.19,Isa. xxxiii. 13–19
justin_martyr,dialog_with_trypho,Jer,old_testament_or_other,Bible:Jer.11.19,Jer. xi. 19
justin_martyr,dialog_with_trypho,Ps,old_testament_or_other,Bible:Ps.96,Ps. xcvi.
justin_martyr,dialog_with_trypho,Deut,old_testament_or_other,Bible:Deut.31.16-Deut.31.18,Deut. xxxi. 16–18
justin_martyr,dialog_with_trypho,Exod,old_testament_or_other,Bible:Exod.23.20-Exod.23.21,"Ex. xxiii. 20, 21"
justin_martyr,dialog_with_trypho,Num,old_testament_or_other,Bible:Num.13.16,Num. xiii. 16
justin_martyr,dialog_with_trypho,Isa,old_testament_or_other,Bible:Isa.6.8,Isa. vi. 8
justin_martyr,dialog_with_trypho,Isa,old_testament_or_other,Bible:Isa.9.6,Isa. ix. 6
justin_martyr,dialog_with_trypho,Matt,new_testament,Bible:Matt.8.11,Matt. viii. 11
justin_martyr,dialog_with_trypho,Matt,new_testament,Bible:Matt.7.22,Matt. vii. 22
justin_martyr,dialog_with_trypho,Matt,new_testament,Bible:Matt.25.41,Matt. xxv. 41
justin_martyr,dialog_with_trypho,Luke,new_testament,Bible:Luke.10.19,Luke x. 19
justin_martyr,dialog_with_trypho,Luke,new_testament,Bible:Luke.9.22,Luke ix. 22
justin_martyr,dialog_with_trypho,Prov,old_testament_or_other,Bible:Prov.8.27,Prov. viii. 27
justin_martyr,dialog_with_trypho,Ezek,old_testament_or_other,Bible:Ezek.16.3,Ezek. xvi. 3
justin_martyr,dialog_with_trypho,Mic,old_testament_or_other,Bible:Mic.5.2,Mic. v. 2
justin_martyr,dialog_with_trypho,Jer,old_testament_or_other,Bible:Jer.31.15,Jer. xxxi. 15
justin_martyr,dialog_with_trypho,Isa,old_testament_or_other,Bible:Isa.29.13-Isa.29.14,"Isa. xxix. 13, 14"
justin_martyr,dialog_with_trypho,Isa,old_testament_or_other,Bible:Isa.30.1-Isa.30.5,Isa. xxx. 1–5
justin_martyr,dialog_with_trypho,Zech,old_testament_or_other,Bible:Zech.3.1,Zech. iii. 1
justin_martyr,dialog_with_trypho,Job,old_testament_or_other,Bible:Job.1.6,Job i. 6
justin_martyr,dialog_with_trypho,Isa,old_testament_or_other,Bible:Isa.65.17,Isa. lxv. 17
justin_martyr,dialog_with_trypho,Ps,old_testament_or_other,Bible:Ps.90.4,Ps. xc. 4
justin_martyr,dialog_with_trypho,2Pet,new_testament,Bible:2Pet.3.8,2 Pet. iii. 8
justin_martyr,dialog_with_trypho,Rev,new_testament,Bible:Rev.20.4-Rev.20.5,Rev. xx. 4–5
justin_martyr,dialog_with_trypho,Luke,new_testament,Bible:Luke.20.35,Luke xx. 35
justin_martyr,dialog_with_trypho,Ezek,old_testament_or_other,Bible:Ezek.3.17-Ezek.3.19,"Ezek. iii. 17, 18, 19"
justin_martyr,dialog_with_trypho,Isa,old_testament_or_other,Bible:Isa.1.23,Isa. i. 23
justin_martyr,dialog_with_trypho,Ps,old_testament_or_other,Bible:Ps.24.7,Ps. xxiv. 7
justin_martyr,dialog_with_trypho,Ps,old_testament_or_other,Bible:Ps.148.1-Ps.148.2,"Ps. cxlviii. 1, 2"
justin_martyr,dialog_with_trypho,Isa,old_testament_or_other,Bible:Isa.66.5-Isa.66.11,Isa. lxvi. 5–11
justin_martyr,dialog_with_trypho,Gen,old_testament_or_other,Bible:Gen.49.24,Gen. xlix. 24
justin_martyr,dialog_with_trypho,Ps,old_testament_or_other,Bible:Ps.45.7,Ps. xlv. 7
justin_martyr,dialog_with_trypho,Ps,old_testament_or_other,Bible:Ps.1.3,Ps. i. 3
justin_martyr,dialog_with_trypho,Exod,old_testament_or_other,Bible:Exod.15.27,Ex. xv. 27
justin_martyr,dialog_with_trypho,Isa,old_testament_or_other,Bible:Isa.11.1,Isa. xi. 1
justin_martyr,dialog_with_trypho,Ps,old_testament_or_other,Bible:Ps.68.18,Ps. lxviii. 18
justin_martyr,dialog_with_trypho,Joel,old_testament_or_other,Bible:Joel.2.28,Joel ii. 28
justin_martyr,dialog_with_trypho,Isa,old_testament_or_other,Bible:Isa.1.27,Isa. i. 27
justin_martyr,dialog_with_trypho,Ps,old_testament_or_other,Bible:Ps.2.7,Ps. ii. 7
justin_martyr,dialog_with_trypho,Deut,old_testament_or_other,Bible:Deut.33.13-Deut.33.17,Deut. xxxiii. 13–17
justin_martyr,dialog_with_trypho,John,new_testament,Bible:John.3.14,John iii. 14
justin_martyr,dialog_with_trypho,Gen,old_testament_or_other,Bible:Gen.15.6,Gen. xv. 6
justin_martyr,dialog_with_trypho,Matt,new_testament,Bible:Matt.22.37,Matt. xxii. 37
justin_martyr,dialog_with_trypho,Gal,new_testament,Bible:Gal.3.13,Gal. iii. 13
justin_martyr,dialog_with_trypho,Deut,old_testament_or_other,Bible:Deut.27.26,Deut. xxvii. 26
justin_martyr,dialog_with_trypho,Deut,old_testament_or_other,Bible:Deut.21.23,Deut. xxi. 23
justin_martyr,dialog_with_trypho,Luke,new_testament,Bible:Luke.6.35,Luke vi. 35
justin_martyr,dialog_with_trypho,Ps,old_testament_or_other,Bible:Ps.3.4-Ps.3.5,"Ps. iii. 4, 5"
justin_martyr,dialog_with_trypho,Isa,old_testament_or_other,Bible:Isa.65.2,Isa. lxv. 2
justin_martyr,dialog_with_trypho,Rom,new_testament,Bible:Rom.10.21,Rom. x. 21
justin_martyr,dialog_with_trypho,Isa,old_testament_or_other,Bible:Isa.53.9,Isa. liii. 9
justin_martyr,dialog_with_trypho,Ps,old_testament_or_other,Bible:Ps.22.16-Ps.22.18,Ps. xxii. 16–18
justin_martyr,dialog_with_trypho,Ps,old_testament_or_other,Bible:Ps.22,Ps. xxii.
justin_martyr,dialog_with_trypho,Matt,new_testament,Bible:Matt.26.39,Matt. xxvi. 39
justin_martyr,dialog_with_trypho,Matt,new_testament,Bible:Matt.11.27,Matt. xi. 27
justin_martyr,dialog_with_trypho,Matt,new_testament,Bible:Matt.16.21,Matt. xvi. 21
justin_martyr,dialog_with_trypho,Luke,new_testament,Bible:Luke.1.78,Luke i. 78
justin_martyr,dialog_with_trypho,Zech,old_testament_or_other,Bible:Zech.3.8,Zech. iii. 8
justin_martyr,dialog_with_trypho,Ps,old_testament_or_other,Bible:Ps.118.24,Ps. cxviii. 24
justin_martyr,dialog_with_trypho,Luke,new_testament,Bible:Luke.1.35,Luke i. 35
justin_martyr,dialog_with_trypho,Luke,new_testament,Bible:Luke.1.38,Luke i. 38
justin_martyr,dialog_with_trypho,Luke,new_testament,Bible:Luke.18.18,Luke xviii. 18
justin_martyr,dialog_with_trypho,Gen,old_testament_or_other,Bible:Gen.3.15,Gen. iii. 15
justin_martyr,dialog_with_trypho,Gen,old_testament_or_other,Bible:Gen.11.6,Gen. xi. 6
justin_martyr,dialog_with_trypho,Isa,old_testament_or_other,Bible:Isa.50.4,Isa. l. 4
justin_martyr,dialog_with_trypho,Hos,old_testament_or_other,Bible:Hos.10.6,Hos. x. 6
justin_martyr,dialog_with_trypho,Matt,new_testament,Bible:Matt.3.17,Matt. iii. 17
justin_martyr,dialog_with_trypho,Matt,new_testament,Bible:Matt.4.9-Matt.4.10,"Matt. iv. 9, 10"
justin_martyr,dialog_with_trypho,Luke,new_testament,Bible:Luke.22.44 Bible:Luke.22.42,"Luke xxii. 44, 42"
justin_martyr,dialog_with_trypho,1Sam,old_testament_or_other,Bible:1Sam.28.12-1Sam.28.13,"1 Sam. xxviii. 12, 13"
justin_martyr,dialog_with_trypho,Luke,new_testament,Bible:Luke.23.46,Luke xxiii. 46
justin_martyr,dialog_with_trypho,Matt,new_testament,Bible:Matt.5.20,Matt. v. 20
justin_martyr,dialog_with_trypho,Num,old_testament_or_other,Bible:Num.24.17,Num. xxiv. 17
justin_martyr,dialog_with_trypho,Zech,old_testament_or_other,Bible:Zech.6.12,Zech. vi. 12
justin_martyr,dialog_with_trypho,Matt,new_testament,Bible:Matt.12.38,Matt. xii. 38
justin_martyr,dialog_with_trypho,Jonah,old_testament_or_other,Bible:Jonah.4.10,Jon. iv. 10
justin_martyr,dialog_with_trypho,Mic,old_testament_or_other,Bible:Mic.4.1,Mic. iv. 1
justin_martyr,dialog_with_trypho,2Thess,new_testament,Bible:2Thess.2.3,2 Thess. ii. 3
justin_martyr,dialog_with_trypho,Ps,old_testament_or_other,Bible:Ps.128.3,Ps. cxxviii. 3
justin_martyr,dialog_with_trypho,Isa,old_testament_or_other,Bible:Isa.57.1,Isa. lvii. 1
justin_martyr,dialog_with_trypho,Isa,old_testament_or_other,Bible:Isa.53.7,Isa. liii. 7
justin_martyr,dialog_with_trypho,Isa,old_testament_or_other,Bible:Isa.27.1,Isa. xxvii. 1
justin_martyr,dialog_with_trypho,Matt,new_testament,Bible:Matt.23.27 Bible:Matt.23.23 Bible:Matt.23.24,"Matt. xxiii. 27, 23, 24"
justin_martyr,dialog_with_trypho,Matt,new_testament,Bible:Matt.19.28,Matt. xix. 28
justin_martyr,dialog_with_trypho,Isa,old_testament_or_other,Bible:Isa.53.1,Isa. liii. 1
justin_martyr,dialog_with_trypho,Ps,old_testament_or_other,Bible:Ps.8.3,Ps. viii. 3
justin_martyr,dialog_with_trypho,Jer,old_testament_or_other,Bible:Jer.2.13,Jer. ii. 13
justin_martyr,dialog_with_trypho,Zech,old_testament_or_other,Bible:Zech.2.10-Zech.2.13,Zech. ii. 10–13
justin_martyr,dialog_with_trypho,Zech,old_testament_or_other,Bible:Zech.3.1-Zech.3.2,"Zech. iii. 1, 2"
justin_martyr,dialog_with_trypho,Isa,old_testament_or_other,Bible:Isa.66.21,Isa. lxvi. 21
justin_martyr,dialog_with_trypho,Rom,new_testament,Bible:Rom.15.15-Rom.15.17,"Rom. xv. 15, 16, 17"
justin_martyr,dialog_with_trypho,1Pet,new_testament,Bible:1Pet.2.9,1 Pet. ii. 9
justin_martyr,dialog_with_trypho,2Sam,old_testament_or_other,Bible:2Sam.7.14,2 Sam. vii. 14
justin_martyr,dialog_with_trypho,Ezek,old_testament_or_other,Bible:Ezek.44.3,Ezek. xliv. 3
justin_martyr,dialog_with_trypho,Isa,old_testament_or_other,Bible:Isa.52.15,Isa. lii. 15
justin_martyr,dialog_with_trypho,Deut,old_testament_or_other,Bible:Deut.32.16-Deut.32.23,Deut. xxxii. 16–23
justin_martyr,dialog_with_trypho,Zech,old_testament_or_other,Bible:Zech.2.11,Zech. ii. 11
justin_martyr,dialog_with_trypho,Isa,old_testament_or_other,Bible:Isa.62.12,Isa. lxii. 12
justin_martyr,dialog_with_trypho,Isa,old_testament_or_other,Bible:Isa.65.1,Isa. lxv. 1
justin_martyr,dialog_with_trypho,Gen,old_testament_or_other,Bible:Gen.26.4,Gen. xxvi. 4
justin_martyr,dialog_with_trypho,Gen,old_testament_or_other,Bible:Gen.28.14,Gen. xxviii. 14
justin_martyr,dialog_with_trypho,Gen,old_testament_or_other,Bible:Gen.49.10,Gen. xlix. 10
justin_martyr,dialog_with_trypho,Ps,old_testament_or_other,Bible:Ps.72.17,Ps. lxxii. 17
justin_martyr,dialog_with_trypho,Rom,new_testament,Bible:Rom.1.28,Rom. i. 28
justin_martyr,dialog_with_trypho,Zech,old_testament_or_other,Bible:Zech.12.12,Zech. xii. 12
justin_martyr,dialog_with_trypho,Isa,old_testament_or_other,Bible:Isa.49.6,Isa. xlix. 6
justin_martyr,dialog_with_trypho,Exod,old_testament_or_other,Bible:Exod.12.19,Ex. xii. 19
justin_martyr,dialog_with_trypho,Isa,old_testament_or_other,Bible:Isa.14.1,Isa. xiv. 1
justin_martyr,dialog_with_trypho,Matt,new_testament,Bible:Matt.23.15,Matt. xxiii. 15
justin_martyr,dialog_with_trypho,Isa,old_testament_or_other,Bible:Isa.42.16,Isa. xlii. 16
justin_martyr,dialog_with_trypho,Isa,old_testament_or_other,Bible:Isa.43.10,Isa. xliii. 10
justin_martyr,dialog_with_trypho,Isa,old_testament_or_other,Bible:Isa.42.6,Isa. xlii. 6
justin_martyr,dialog_with_trypho,Isa,old_testament_or_other,Bible:Isa.49.8,Isa. xlix. 8
justin_martyr,dialog_with_trypho,Deut,old_testament_or_other,Bible:Deut.32.20,Deut. xxxii. 20
justin_martyr,dialog_with_trypho,Isa,old_testament_or_other,Bible:Isa.42.19,Isa. xlii. 19
justin_martyr,dialog_with_trypho,Jer,old_testament_or_other,Bible:Jer.31.27,Jer. xxxi. 27
justin_martyr,dialog_with_trypho,Isa,old_testament_or_other,Bible:Isa.19.24,Isa. xix. 24
justin_martyr,dialog_with_trypho,Ezek,old_testament_or_other,Bible:Ezek.36.12,Ezek. xxxvi. 12
justin_martyr,dialog_with_trypho,Isa,old_testament_or_other,Bible:Isa.42.1-Isa.42.4,Isa. xlii. 1–4
justin_martyr,dialog_with_trypho,Ps,old_testament_or_other,Bible:Ps.82,Ps. lxxxii.
justin_martyr,dialog_with_trypho,Matt,new_testament,Bible:Matt.13.3,Matt. xiii. 3
justin_martyr,dialog_with_trypho,Matt,new_testament,Bible:Matt.4.10,Matt. iv. 10
justin_martyr,dialog_with_trypho,Exod,old_testament_or_other,Bible:Exod.6.2,Ex. vi. 2
justin_martyr,dialog_with_trypho,Gen,old_testament_or_other,Bible:Gen.32.24 Bible:Gen.32.30,"Gen. xxxii. 24, 30"
justin_martyr,dialog_with_trypho,Gen,old_testament_or_other,Bible:Gen.18.2,Gen. xviii. 2
justin_martyr,dialog_with_trypho,Gen,old_testament_or_other,Bible:Gen.18.13,Gen. xviii. 13
justin_martyr,dialog_with_trypho,Gen,old_testament_or_other,Bible:Gen.18.16,Gen. xviii. 16
justin_martyr,dialog_with_trypho,Gen,old_testament_or_other,Bible:Gen.18.17,Gen. xviii. 17
justin_martyr,dialog_with_trypho,Num,old_testament_or_other,Bible:Num.11.23,Num. xi. 23
justin_martyr,dialog_with_trypho,Deut,old_testament_or_other,Bible:Deut.31.2,Deut. xxxi. 2
justin_martyr,dialog_with_trypho,Gen,old_testament_or_other,Bible:Gen.18.22,Gen. xviii. 22
justin_martyr,dialog_with_trypho,Exod,old_testament_or_other,Bible:Exod.6.29,Ex. vi. 29
justin_martyr,dialog_with_trypho,Gen,old_testament_or_other,Bible:Gen.11.5,Gen. xi. 5
justin_martyr,dialog_with_trypho,Gen,old_testament_or_other,Bible:Gen.7.16,Gen. vii. 16
justin_martyr,dialog_with_trypho,Gen,old_testament_or_other,Bible:Gen.19.24,Gen. xix. 24
justin_martyr,dialog_with_trypho,Prov,old_testament_or_other,Bible:Prov.8.22,Prov. viii. 22
justin_martyr,dialog_with_trypho,Deut,old_testament_or_other,Bible:Deut.32.43,Deut. xxxii. 43
justin_martyr,dialog_with_trypho,Deut,old_testament_or_other,Bible:Deut.32.7,Deut. xxxii. 7
justin_martyr,dialog_with_trypho,1Sam,old_testament_or_other,Bible:1Sam.5,1 Sam. v.
justin_martyr,dialog_with_trypho,1Sam,old_testament_or_other,Bible:1Sam.6.14,1 Sam. vi. 14
justin_martyr,dialog_with_trypho,Isa,old_testament_or_other,Bible:Isa.3.9-Isa.3.15,Isa. iii. 9–15
justin_martyr,dialog_with_trypho,Isa,old_testament_or_other,Bible:Isa.5.18-Isa.5.25,Isa. v. 18–25
justin_martyr,dialog_with_trypho,Isa,old_testament_or_other,Bible:Isa.43.15,Isa. xliii. 15
justin_martyr,dialog_with_trypho,Isa,old_testament_or_other,Bible:Isa.65.9-Isa.65.12,Isa. lxv. 9–12
justin_martyr,dialog_with_trypho,Isa,old_testament_or_other,Bible:Isa.2.5,Isa. ii. 5
justin_martyr,dialog_with_trypho,Isa,old_testament_or_other,Bible:Isa.65.8,Isa. lxv. 8
justin_martyr,dialog_with_trypho,Zech,old_testament_or_other,Bible:Zech.2.8,Zech. ii. 8
justin_martyr,dialog_with_trypho,Isa,old_testament_or_other,Bible:Isa.54.9,Isa. liv. 9
justin_martyr,dialog_with_trypho,Matt,new_testament,Bible:Matt.15.22-Matt.15.28,Matt. xv. 22–28
justin_martyr,dialog_with_trypho,Gen,old_testament_or_other,Bible:Gen.9.24-Gen.9.27,Gen. ix. 24–27
justin_martyr,dialog_with_trypho,Isa,old_testament_or_other,Bible:Isa.1.9,Isa. i. 9
justin_martyr,dialog_with_trypho,Ezek,old_testament_or_other,Bible:Ezek.14.18 Bible:Ezek.14.20,"Ezek. xiv. 18, 20"
justin_martyr,dialog_with_trypho,Ezek,old_testament_or_other,Bible:Ezek.18.20,Ezek. xviii. 20
justin_martyr,dialog_with_trypho,Ps,old_testament_or_other,Bible:Ps.32.2,Ps. xxxii. 2
justin_martyr,discourse_to_the_greeks,Gal,new_testament,Bible:Gal.4.12,Gal. iv. 12
justin_martyr,hortatory_address_to_the_greeks,Isa,old_testament_or_other,Bible:Isa.44.6,Isa. xliv. 6
justin_martyr,hortatory_address_to_the_greeks,Gen,old_testament_or_other,Bible:Gen.1.1,Gen. i. 1
justin_martyr,hortatory_address_to_the_greeks,Exod,old_testament_or_other,Bible:Exod.25,Ex. xxv.
justin_martyr,hortatory_address_to_the_greeks,Exod,old_testament_or_other,Bible:Exod.25.9,Ex. xxv. 9
justin_martyr,hortatory_address_to_the_greeks,Exod,old_testament_or_other,Bible:Exod.25.40,Ex. xxv. 40
justin_martyr,hortatory_address_to_the_greeks,Ps,old_testament_or_other,Bible:Ps.115.16,Ps. cxv. 16
justin_martyr,hortatory_address_to_the_greeks,Gen,old_testament_or_other,Bible:Gen.2.7,Gen. ii. 7
justin_martyr,hortatory_address_to_the_greeks,Gen,old_testament_or_other,Bible:Gen.3.19,Gen. iii. 19
justin_martyr,hortatory_address_to_the_greeks,Ezek,old_testament_or_other,Bible:Ezek.11.22,Ezek. xi. 22
justin_martyr,hortatory_address_to_the_greeks,1Kgs,old_testament_or_other,Bible:1Kgs.19.11-1Kgs.19.12,"1 Kings xix. 11, 12"
justin_martyr,on_the_sole_government_of_god,2Pet,new_testament,Bible:2Pet.3.7,2 Pet. iii. 7
justin_martyr,on_the_resurrection_fragments,Mark,new_testament,Bible:Mark.12.25,Mark xii. 25
justin_martyr,on_the_resurrection_fragments,John,new_testament,Bible:John.12.31,John xii. 31
justin_martyr,on_the_resurrection_fragments,John,new_testament,Bible:John.14.30,John xiv. 30
justin_martyr,on_the_resurrection_fragments,John,new_testament,Bible:John.16.11,John xvi. 11
justin_martyr,on_the_resurrection_fragments,Luke,new_testament,Bible:Luke.20.34-Luke.20.35,"Luke xx. 34, 35"
justin_martyr,on_the_resurrection_fragments,Isa,old_testament_or_other,Bible:Isa.35.5,Isa. xxxv. 5
justin_martyr,on_the_resurrection_fragments,Ps,old_testament_or_other,Bible:Ps.115.5,Ps. cxv. 5
justin_martyr,on_the_resurrection_fragments,Ps,old_testament_or_other,Bible:Ps.96.5,Ps. xcvi. 5
justin_martyr,on_the_resurrection_fragments,Gen,old_testament_or_other,Bible:Gen.1.26,Gen. i. 26
justin_martyr,on_the_resurrection_fragments,Gen,old_testament_or_other,Bible:Gen.2.7,Gen. ii. 7
justin_martyr,on_the_resurrection_fragments,Mark,new_testament,Bible:Mark.2.17,Mark ii. 17
justin_martyr,on_the_resurrection_fragments,Luke,new_testament,Bible:Luke.24.32,Luke xxiv. 32
justin_martyr,on_the_resurrection_fragments,Acts,new_testament,Bible:Acts.1.9,Acts i. 9
justin_martyr,other_fragments,Lev,old_testament_or_other,Bible:Lev.14.49-Lev.14.53,Lev. xiv. 49–53
justin_martyr,other_fragments,Jer,old_testament_or_other,Bible:Jer.2.19,Jer. ii. 19
justin_martyr,martyrdom_of_justin_martyr,Acts,new_testament,Bible:Acts.22.25-Acts.22.29,Acts xxii. 25–29
justin_martyr,martyrdom_of_justin_martyr,1Cor,new_testament,Bible:1Cor.11.19,1 Cor. xi. 19
justin_martyr,martyrdom_of_justin_martyr,2Tim,new_testament,Bible:2Tim.2.24-2Tim.2.26,"2 Tim. ii. 24, 25, 26"
irenaeus,against_heresies_i,1Tim,new_testament,Bible:1Tim.1.4,1 Tim. i. 4
irenaeus,against_heresies_i,Matt,new_testament,Bible:Matt.7.15,Matt. vii. 15
irenaeus,against_heresies_i,Matt,new_testament,Bible:Matt.10.26,Matt. x. 26
irenaeus,against_heresies_i,Luke,new_testament,Bible:Luke.3.23,Luke iii. 23
irenaeus,against_heresies_i,Matt,new_testament,Bible:Matt.20.1-Matt.20.16,Matt. xx. 1–16
irenaeus,against_heresies_i,Eph,new_testament,Bible:Eph.3.21,Eph. iii. 21
irenaeus,against_heresies_i,Luke,new_testament,Bible:Luke.2.42,Luke ii. 42
irenaeus,against_heresies_i,Luke,new_testament,Bible:Luke.6.13,Luke vi. 13
irenaeus,against_heresies_i,Acts,new_testament,Bible:Acts.1.3,Acts i. 3
irenaeus,against_heresies_i,Matt,new_testament,Bible:Matt.5.18,Matt. v. 18
irenaeus,against_heresies_i,Mark,new_testament,Bible:Mark.5.31,Mark v. 31
irenaeus,against_heresies_i,Exod,old_testament_or_other,Bible:Exod.13.2,Ex. xiii. 2
irenaeus,against_heresies_i,Luke,new_testament,Bible:Luke.2.23,Luke ii. 23
irenaeus,against_heresies_i,Col,new_testament,Bible:Col.3.11,Col. iii. 11
irenaeus,against_heresies_i,Rom,new_testament,Bible:Rom.11.36,Rom. xi. 36
irenaeus,against_heresies_i,Col,new_testament,Bible:Col.2.9,Col. ii. 9
irenaeus,against_heresies_i,Eph,new_testament,Bible:Eph.1.10,Eph. i. 10
irenaeus,against_heresies_i,Luke,new_testament,Bible:Luke.14.27,Luke xiv. 27
irenaeus,against_heresies_i,Matt,new_testament,Bible:Matt.10.21,Matt. x. 21
irenaeus,against_heresies_i,Matt,new_testament,Bible:Matt.10.34,Matt. x. 34
irenaeus,against_heresies_i,Luke,new_testament,Bible:Luke.3.17,Luke iii. 17
irenaeus,against_heresies_i,1Cor,new_testament,Bible:1Cor.1.18,1 Cor. i. 18
irenaeus,against_heresies_i,Gal,new_testament,Bible:Gal.6.14,Gal. vi. 14
irenaeus,against_heresies_i,Matt,new_testament,Bible:Matt.10.8,Matt. x. 8
irenaeus,against_heresies_i,Col,new_testament,Bible:Col.1.16,Col. i. 16
irenaeus,against_heresies_i,Isa,old_testament_or_other,Bible:Isa.45.5-Isa.45.6,"Isa. xlv. 5, 6"
irenaeus,against_heresies_i,Isa,old_testament_or_other,Bible:Isa.46.9,Isa. xlvi. 9
irenaeus,against_heresies_i,Matt,new_testament,Bible:Matt.5.13-Matt.5.14,"Matt. v. 13, 14"
irenaeus,against_heresies_i,Rom,new_testament,Bible:Rom.8.6,Rom. viii. 6
irenaeus,against_heresies_i,Gal,new_testament,Bible:Gal.5.21,Gal. v. 21
irenaeus,against_heresies_i,Luke,new_testament,Bible:Luke.19.26,Luke xix. 26
irenaeus,against_heresies_i,John,new_testament,Bible:John.17.16,John xvii. 16
irenaeus,against_heresies_i,Matt,new_testament,Bible:Matt.8.9,Matt. viii. 9
irenaeus,against_heresies_i,Luke,new_testament,Bible:Luke.7.8,Luke vii. 8
irenaeus,against_heresies_i,Luke,new_testament,Bible:Luke.8.41,Luke viii. 41
irenaeus,against_heresies_i,1Cor,new_testament,Bible:1Cor.15.8,1 Cor. xv. 8
irenaeus,against_heresies_i,1Cor,new_testament,Bible:1Cor.11.10,1 Cor. xi. 10
irenaeus,against_heresies_i,Matt,new_testament,Bible:Matt.27.46,Matt. xxvii. 46
irenaeus,against_heresies_i,Matt,new_testament,Bible:Matt.26.38,Matt. xxvi. 38
irenaeus,against_heresies_i,Matt,new_testament,Bible:Matt.26.39,Matt. xxvi. 39
irenaeus,against_heresies_i,John,new_testament,Bible:John.12.27,John xii. 27
irenaeus,against_heresies_i,Luke,new_testament,Bible:Luke.9.57-Luke.9.58,"Luke ix. 57, 58"
irenaeus,against_heresies_i,Luke,new_testament,Bible:Luke.9.61-Luke.9.62,"Luke ix. 61, 62"
irenaeus,against_heresies_i,Luke,new_testament,Bible:Luke.9.60,Luke ix. 60
irenaeus,against_heresies_i,Luke,new_testament,Bible:Luke.19.5,Luke xix. 5
irenaeus,against_heresies_i,1Cor,new_testament,Bible:1Cor.15.48,1 Cor. xv. 48
irenaeus,against_heresies_i,1Cor,new_testament,Bible:1Cor.2.14,1 Cor. ii. 14
irenaeus,against_heresies_i,1Cor,new_testament,Bible:1Cor.2.15,1 Cor. ii. 15
irenaeus,against_heresies_i,Rom,new_testament,Bible:Rom.11.16,Rom. xi. 16
irenaeus,against_heresies_i,Luke,new_testament,Bible:Luke.15.4 Bible:Luke.15.8,"Luke xv. 4, 8"
irenaeus,against_heresies_i,Luke,new_testament,Bible:Luke.2.28,Luke ii. 28
irenaeus,against_heresies_i,Luke,new_testament,Bible:Luke.2.36,Luke ii. 36
irenaeus,against_heresies_i,Luke,new_testament,Bible:Luke.7.35,Luke vii. 35
irenaeus,against_heresies_i,1Cor,new_testament,Bible:1Cor.2.6,1 Cor. ii. 6
irenaeus,against_heresies_i,Eph,new_testament,Bible:Eph.5.32,Eph. v. 32
irenaeus,against_heresies_i,John,new_testament,Bible:John.1.1-John.1.2,"John i. 1, 2"
irenaeus,against_heresies_i,John,new_testament,Bible:John.1.3,John i. 3
irenaeus,against_heresies_i,John,new_testament,Bible:John.1.3-John.1.4,"John i. 3, 4"
irenaeus,against_heresies_i,Eph,new_testament,Bible:Eph.5.13,Eph. v. 13
irenaeus,against_heresies_i,John,new_testament,Bible:John.1.5,John i. 5
irenaeus,against_heresies_i,John,new_testament,Bible:John.1.14,John i. 14
irenaeus,against_heresies_i,Phil,new_testament,Bible:Phil.2.10-Phil.2.11,"Phil. ii. 10, 11"
irenaeus,against_heresies_i,Eph,new_testament,Bible:Eph.6.12,Eph. vi. 12
irenaeus,against_heresies_i,Rom,new_testament,Bible:Rom.11.32,Rom. xi. 32
irenaeus,against_heresies_i,1Cor,new_testament,Bible:1Cor.15.54,1 Cor. xv. 54
irenaeus,against_heresies_i,Hos,old_testament_or_other,Bible:Hos.2.23,Hos. ii. 23
irenaeus,against_heresies_i,Rom,new_testament,Bible:Rom.9.25,Rom. ix. 25
irenaeus,against_heresies_i,Isa,old_testament_or_other,Bible:Isa.54.1,Isa. liv. 1
irenaeus,against_heresies_i,Gal,new_testament,Bible:Gal.4.27,Gal. iv. 27
irenaeus,against_heresies_i,Rom,new_testament,Bible:Rom.11.33,Rom. xi. 33
irenaeus,against_heresies_i,1Kgs,old_testament_or_other,Bible:1Kgs.18.27,1 Kings xviii. 27
irenaeus,against_heresies_i,Acts,new_testament,Bible:Acts.16.16,Acts xvi. 16
irenaeus,against_heresies_i,2Tim,new_testament,Bible:2Tim.3.6,2 Tim. iii. 6
irenaeus,against_heresies_i,1Cor,new_testament,Bible:1Cor.14.16,1 Cor. xiv. 16
irenaeus,against_heresies_i,Matt,new_testament,Bible:Matt.18.10,Matt. xviii. 10
irenaeus,against_heresies_i,Matt,new_testament,Bible:Matt.17.7,Matt. xvii. 7
irenaeus,against_heresies_i,Mark,new_testament,Bible:Mark.9.2,Mark ix. 2
irenaeus,against_heresies_i,Ps,old_testament_or_other,Bible:Ps.8.2,Ps. viii. 2
irenaeus,against_heresies_i,Ps,old_testament_or_other,Bible:Ps.19.1,Ps. xix. 1
irenaeus,against_heresies_i,John,new_testament,Bible:John.14.6,John xiv. 6
irenaeus,against_heresies_i,Gen,old_testament_or_other,Bible:Gen.31.2,Gen. xxxi. 2
irenaeus,against_heresies_i,Luke,new_testament,Bible:Luke.15.4,Luke xv. 4
irenaeus,against_heresies_i,Luke,new_testament,Bible:Luke.15.8,Luke xv. 8
irenaeus,against_heresies_i,Titus,new_testament,Bible:Titus.3.10,Tit. iii. 10
irenaeus,against_heresies_i,2John,new_testament,Bible:2John.1.10 Bible:2John.1.11,"2 John 10, 11"
irenaeus,against_heresies_i,Isa,old_testament_or_other,Bible:Isa.48.22,Isa. xlviii. 22
irenaeus,against_heresies_i,Matt,new_testament,Bible:Matt.12.43,Matt. xii. 43
irenaeus,against_heresies_i,Gen,old_testament_or_other,Bible:Gen.1.1,Gen. i. 1
irenaeus,against_heresies_i,Gen,old_testament_or_other,Bible:Gen.1.2,Gen. i. 2
irenaeus,against_heresies_i,Exod,old_testament_or_other,Bible:Exod.26.1,Ex. xxvi. 1
irenaeus,against_heresies_i,Exod,old_testament_or_other,Bible:Exod.28.17,Ex. xxviii. 17
irenaeus,against_heresies_i,Gen,old_testament_or_other,Bible:Gen.6.18,Gen. vi. 18
irenaeus,against_heresies_i,1Pet,new_testament,Bible:1Pet.3.20,1 Pet. iii. 20
irenaeus,against_heresies_i,1Sam,old_testament_or_other,Bible:1Sam.16.10,1 Sam. xvi. 10
irenaeus,against_heresies_i,Gen,old_testament_or_other,Bible:Gen.17.12,Gen. xvii. 12
irenaeus,against_heresies_i,Gen,old_testament_or_other,Bible:Gen.15.19,Gen. xv. 19
irenaeus,against_heresies_i,Gen,old_testament_or_other,Bible:Gen.16.2,Gen. xvi. 2
irenaeus,against_heresies_i,Gen,old_testament_or_other,Bible:Gen.24.22 Bible:Gen.24.25,"Gen. xxiv. 22, 25"
irenaeus,against_heresies_i,1Kgs,old_testament_or_other,Bible:1Kgs.11.31,1 Kings xi. 31
irenaeus,against_heresies_i,Exod,old_testament_or_other,Bible:Exod.36.8,Ex. xxxvi. 8
irenaeus,against_heresies_i,Exod,old_testament_or_other,Bible:Exod.36.21,Ex. xxxvi. 21
irenaeus,against_heresies_i,Gen,old_testament_or_other,Bible:Gen.42.3,Gen. xlii. 3
irenaeus,against_heresies_i,John,new_testament,Bible:John.20.24,John xx. 24
irenaeus,against_heresies_i,Gen,old_testament_or_other,Bible:Gen.35.22,Gen. xxxv. 22
irenaeus,against_heresies_i,Gen,old_testament_or_other,Bible:Gen.49.28,Gen. xlix. 28
irenaeus,against_heresies_i,Exod,old_testament_or_other,Bible:Exod.28.2,Ex. xxviii. 2
irenaeus,against_heresies_i,Exod,old_testament_or_other,Bible:Exod.24.4,Ex. xxiv. 4
irenaeus,against_heresies_i,Josh,old_testament_or_other,Bible:Josh.4.3,Josh. iv. 3
irenaeus,against_heresies_i,Josh,old_testament_or_other,Bible:Josh.3.12,Josh. iii. 12
irenaeus,against_heresies_i,1Kgs,old_testament_or_other,Bible:1Kgs.18.31,1 Kings xviii. 31
irenaeus,against_heresies_i,Gen,old_testament_or_other,Bible:Gen.6.15,Gen. vi. 15
irenaeus,against_heresies_i,1Sam,old_testament_or_other,Bible:1Sam.9.22,1 Sam. ix. 22
irenaeus,against_heresies_i,1Sam,old_testament_or_other,Bible:1Sam.20.5,1 Sam. xx. 5
irenaeus,against_heresies_i,Exod,old_testament_or_other,Bible:Exod.26.8,Ex. xxvi. 8
irenaeus,against_heresies_i,Isa,old_testament_or_other,Bible:Isa.1.3,Isa. i. 3
irenaeus,against_heresies_i,Hos,old_testament_or_other,Bible:Hos.4.1,Hos. iv. 1
irenaeus,against_heresies_i,Rom,new_testament,Bible:Rom.3.11,Rom. iii. 11
irenaeus,against_heresies_i,Ps,old_testament_or_other,Bible:Ps.14.3,Ps. xiv. 3
irenaeus,against_heresies_i,Exod,old_testament_or_other,Bible:Exod.33.20,Ex. xxxiii. 20
irenaeus,against_heresies_i,Dan,old_testament_or_other,Bible:Dan.12.9-Dan.12.10,"Dan. xii. 9, 10"
irenaeus,against_heresies_i,Luke,new_testament,Bible:Luke.2.49,Luke ii. 49
irenaeus,against_heresies_i,Mark,new_testament,Bible:Mark.10.17,Mark x. 17
irenaeus,against_heresies_i,Luke,new_testament,Bible:Luke.18.18,Luke xviii. 18
irenaeus,against_heresies_i,Matt,new_testament,Bible:Matt.21.23,Matt. xxi. 23
irenaeus,against_heresies_i,Luke,new_testament,Bible:Luke.19.42,Luke xix. 42
irenaeus,against_heresies_i,Matt,new_testament,Bible:Matt.11.28,Matt. xi. 28
irenaeus,against_heresies_i,Matt,new_testament,Bible:Matt.11.25-Matt.11.27,Matt. xi. 25–27
irenaeus,against_heresies_i,Luke,new_testament,Bible:Luke.12.50,Luke xii. 50
irenaeus,against_heresies_i,Mark,new_testament,Bible:Mark.10.38,Mark x. 38
irenaeus,against_heresies_i,Ps,old_testament_or_other,Bible:Ps.33.6,Ps. xxxiii. 6
irenaeus,against_heresies_i,Acts,new_testament,Bible:Acts.8.9-Acts.8.11,Acts viii. 9–11
irenaeus,against_heresies_i,Acts,new_testament,Bible:Acts.8.20-Acts.8.21 Bible:Acts.8.23,"Acts viii. 20, 21, 23"
irenaeus,against_heresies_i,Matt,new_testament,Bible:Matt.18.12,Matt. xviii. 12
irenaeus,against_heresies_i,1Tim,new_testament,Bible:1Tim.6.20,1 Tim. vi. 20
irenaeus,against_heresies_i,Gen,old_testament_or_other,Bible:Gen.1.26,Gen. i. 26
irenaeus,against_heresies_i,1Tim,new_testament,Bible:1Tim.4.3,1 Tim. iv. 3
irenaeus,against_heresies_i,Isa,old_testament_or_other,Bible:Isa.28.10-Isa.28.13,Isa. xxviii. 10–13
irenaeus,against_heresies_i,Rom,new_testament,Bible:Rom.3.8,Rom. iii. 8
irenaeus,against_heresies_i,Isa,old_testament_or_other,Bible:Isa.5.20,Isa. v. 20
irenaeus,against_heresies_i,Matt,new_testament,Bible:Matt.5.25-Matt.5.26,"Matt. v. 25, 26"
irenaeus,against_heresies_i,Luke,new_testament,Bible:Luke.12.58-Luke.12.59,"Luke xii. 58, 59"
irenaeus,against_heresies_i,Rev,new_testament,Bible:Rev.2.6,Rev. ii. 6
irenaeus,against_heresies_i,Rev,new_testament,Bible:Rev.12.9,Rev. xii. 9
irenaeus,against_heresies_i,Exod,old_testament_or_other,Bible:Exod.20.5,Ex. xx. 5
irenaeus,against_heresies_i,1Cor,new_testament,Bible:1Cor.15.50,1 Cor. xv. 50
irenaeus,against_heresies_i,Song,old_testament_or_other,Bible:Song.2.15,Cant. ii. 15
irenaeus,against_heresies_i,Luke,new_testament,Bible:Luke.13.32,Luke xiii. 32
irenaeus,against_heresies_ii,1Tim,new_testament,Bible:1Tim.6.20,1 Tim. vi. 20
irenaeus,against_heresies_ii,Heb,new_testament,Bible:Heb.1,Heb. i.
irenaeus,against_heresies_ii,John,new_testament,Bible:John.1.3,John i. 3
irenaeus,against_heresies_ii,Ps,old_testament_or_other,Bible:Ps.33.9,Ps. xxxiii. 9
irenaeus,against_heresies_ii,Ps,old_testament_or_other,Bible:Ps.148.5,Ps. cxlviii. 5
irenaeus,against_heresies_ii,Gen,old_testament_or_other,Bible:Gen.1.1,Gen. i. 1
irenaeus,against_heresies_ii,Eph,new_testament,Bible:Eph.4.6,Eph. iv. 6
irenaeus,against_heresies_ii,Matt,new_testament,Bible:Matt.11.27,Matt. xi. 27
irenaeus,against_heresies_ii,Matt,new_testament,Bible:Matt.25.41,Matt. xxv. 41
irenaeus,against_heresies_ii,Dan,old_testament_or_other,Bible:Dan.7.10,Dan. vii. 10
irenaeus,against_heresies_ii,Matt,new_testament,Bible:Matt.5.16,Matt. v. 16
irenaeus,against_heresies_ii,Matt,new_testament,Bible:Matt.5.45,Matt. v. 45
irenaeus,against_heresies_ii,Matt,new_testament,Bible:Matt.6.9,Matt. vi. 9
irenaeus,against_heresies_ii,Rom,new_testament,Bible:Rom.1.25,Rom. i. 25
irenaeus,against_heresies_ii,Gal,new_testament,Bible:Gal.4.8,Gal. iv. 8
irenaeus,against_heresies_ii,Isa,old_testament_or_other,Bible:Isa.46.9,Isa. xlvi. 9
irenaeus,against_heresies_ii,Luke,new_testament,Bible:Luke.18.27,Luke xviii. 27
irenaeus,against_heresies_ii,Isa,old_testament_or_other,Bible:Isa.55.8,Isa. lv. 8
irenaeus,against_heresies_ii,Matt,new_testament,Bible:Matt.7.7,Matt. vii. 7
irenaeus,against_heresies_ii,1Cor,new_testament,Bible:1Cor.15.41,1 Cor. xv. 41
irenaeus,against_heresies_ii,John,new_testament,Bible:John.9.1,John ix. 1
irenaeus,against_heresies_ii,1Pet,new_testament,Bible:1Pet.1.12,1 Pet. i. 12
irenaeus,against_heresies_ii,Matt,new_testament,Bible:Matt.12.36,Matt. xii. 36
irenaeus,against_heresies_ii,1Thess,new_testament,Bible:1Thess.5.23,1 Thess. v. 23
irenaeus,against_heresies_ii,1Cor,new_testament,Bible:1Cor.15.44,1 Cor. xv. 44
irenaeus,against_heresies_ii,2Cor,new_testament,Bible:2Cor.5.4,2 Cor. v. 4
irenaeus,against_heresies_ii,1Cor,new_testament,Bible:1Cor.1.26 Bible:1Cor.1.28,"1 Cor. i. 26, 28"
irenaeus,against_heresies_ii,Acts,new_testament,Bible:Acts.1.20,Acts i. 20
irenaeus,against_heresies_ii,Ps,old_testament_or_other,Bible:Ps.109.8,Ps. cix. 8
irenaeus,against_heresies_ii,Ps,old_testament_or_other,Bible:Ps.68.18,Ps. lxviii. 18
irenaeus,against_heresies_ii,Eph,new_testament,Bible:Eph.4.8,Eph. iv. 8
irenaeus,against_heresies_ii,Luke,new_testament,Bible:Luke.10.19,Luke x. 19
irenaeus,against_heresies_ii,Mark,new_testament,Bible:Mark.16.17-Mark.16.18,"Mark xvi. 17, 18"
irenaeus,against_heresies_ii,Matt,new_testament,Bible:Matt.26.24,Matt. xxvi. 24
irenaeus,against_heresies_ii,Mark,new_testament,Bible:Mark.14.21,Mark xiv. 21
irenaeus,against_heresies_ii,John,new_testament,Bible:John.17.12,John xvii. 12
irenaeus,against_heresies_ii,Luke,new_testament,Bible:Luke.10.1,Luke x. 1
irenaeus,against_heresies_ii,2Tim,new_testament,Bible:2Tim.4.3,2 Tim. iv. 3
irenaeus,against_heresies_ii,1Tim,new_testament,Bible:1Tim.4.2,1 Tim. iv. 2
irenaeus,against_heresies_ii,Isa,old_testament_or_other,Bible:Isa.61.2,Isa. lxi. 2
irenaeus,against_heresies_ii,Isa,old_testament_or_other,Bible:Isa.5.12,Isa. v. 12
irenaeus,against_heresies_ii,Rom,new_testament,Bible:Rom.8.36,Rom. viii. 36
irenaeus,against_heresies_ii,John,new_testament,Bible:John.2.23,John ii. 23
irenaeus,against_heresies_ii,John,new_testament,Bible:John.4.50,John iv. 50
irenaeus,against_heresies_ii,John,new_testament,Bible:John.5.1,John v. 1
irenaeus,against_heresies_ii,John,new_testament,Bible:John.2.13,John ii. 13
irenaeus,against_heresies_ii,John,new_testament,Bible:John.6.4,John vi. 4
irenaeus,against_heresies_ii,John,new_testament,Bible:John.13.1,John xiii. 1
irenaeus,against_heresies_ii,John,new_testament,Bible:John.6.1,John vi. 1
irenaeus,against_heresies_ii,John,new_testament,Bible:John.11.54,John xi. 54
irenaeus,against_heresies_ii,John,new_testament,Bible:John.12.1,John xii. 1
irenaeus,against_heresies_ii,Col,new_testament,Bible:Col.1.18,Col. i. 18
irenaeus,against_heresies_ii,Acts,new_testament,Bible:Acts.3.15,Acts iii. 15
irenaeus,against_heresies_ii,John,new_testament,Bible:John.8.56-John.8.57,"John viii. 56, 57"
irenaeus,against_heresies_ii,Isa,old_testament_or_other,Bible:Isa.53.2,Isa. liii. 2
irenaeus,against_heresies_ii,Luke,new_testament,Bible:Luke.3.23,Luke iii. 23
irenaeus,against_heresies_ii,Luke,new_testament,Bible:Luke.13.16,Luke xiii. 16
irenaeus,against_heresies_ii,John,new_testament,Bible:John.5.5,John v. 5
irenaeus,against_heresies_ii,Exod,old_testament_or_other,Bible:Exod.25.10,Ex. xxv. 10
irenaeus,against_heresies_ii,Exod,old_testament_or_other,Bible:Exod.25.17,Ex. xxv. 17
irenaeus,against_heresies_ii,Exod,old_testament_or_other,Bible:Exod.25.23,Ex. xxv. 23
irenaeus,against_heresies_ii,Exod,old_testament_or_other,Bible:Exod.25.31,Ex. xxv. 31
irenaeus,against_heresies_ii,Exod,old_testament_or_other,Bible:Exod.25.32,Ex. xxv. 32
irenaeus,against_heresies_ii,Exod,old_testament_or_other,Bible:Exod.26.1,Ex. xxvi. 1
irenaeus,against_heresies_ii,Exod,old_testament_or_other,Bible:Exod.26.7,Ex. xxvi. 7
irenaeus,against_heresies_ii,Exod,old_testament_or_other,Bible:Exod.26.2,Ex. xxvi. 2
irenaeus,against_heresies_ii,Exod,old_testament_or_other,Bible:Exod.26.16,Ex. xxvi. 16
irenaeus,against_heresies_ii,Exod,old_testament_or_other,Bible:Exod.26.26,Ex. xxvi. 26
irenaeus,against_heresies_ii,Exod,old_testament_or_other,Bible:Exod.30.23,Ex. xxx. 23
irenaeus,against_heresies_ii,Exod,old_testament_or_other,Bible:Exod.30.34,Ex. xxx. 34
irenaeus,against_heresies_ii,Matt,new_testament,Bible:Matt.14.19 Bible:Matt.14.21,"Matt. xiv. 19, 21"
irenaeus,against_heresies_ii,Mark,new_testament,Bible:Mark.6.41 Bible:Mark.6.44,"Mark vi. 41, 44"
irenaeus,against_heresies_ii,Luke,new_testament,Bible:Luke.9.13-Luke.9.14,"Luke ix. 13, 14"
irenaeus,against_heresies_ii,John,new_testament,Bible:John.6.9-John.6.11,"John vi. 9, 10, 11"
irenaeus,against_heresies_ii,Matt,new_testament,Bible:Matt.25.2,Matt. xxv. 2
irenaeus,against_heresies_ii,Matt,new_testament,Bible:Matt.17.1,Matt. xvii. 1
irenaeus,against_heresies_ii,Luke,new_testament,Bible:Luke.8.51,Luke viii. 51
irenaeus,against_heresies_ii,Luke,new_testament,Bible:Luke.16.28,Luke xvi. 28
irenaeus,against_heresies_ii,Exod,old_testament_or_other,Bible:Exod.26.37,Ex. xxvi. 37
irenaeus,against_heresies_ii,Exod,old_testament_or_other,Bible:Exod.27.1,Ex. xxvii. 1
irenaeus,against_heresies_ii,Exod,old_testament_or_other,Bible:Exod.28.1,Ex. xxviii. 1
irenaeus,against_heresies_ii,Exod,old_testament_or_other,Bible:Exod.28.5,Ex. xxviii. 5
irenaeus,against_heresies_ii,Josh,old_testament_or_other,Bible:Josh.10.17,Josh. x. 17
irenaeus,against_heresies_ii,1Cor,new_testament,Bible:1Cor.8.1,1 Cor. viii. 1
irenaeus,against_heresies_ii,Matt,new_testament,Bible:Matt.10.30,Matt. x. 30
irenaeus,against_heresies_ii,Matt,new_testament,Bible:Matt.10.29,Matt. x. 29
irenaeus,against_heresies_ii,Matt,new_testament,Bible:Matt.25.5,Matt. xxv. 5
irenaeus,against_heresies_ii,Matt,new_testament,Bible:Matt.7.25,Matt. vii. 25
irenaeus,against_heresies_ii,1Cor,new_testament,Bible:1Cor.13.13,1 Cor. xiii. 13
irenaeus,against_heresies_ii,Isa,old_testament_or_other,Bible:Isa.53.8,Isa. liii. 8
irenaeus,against_heresies_ii,Mark,new_testament,Bible:Mark.13.32,Mark xiii. 32
irenaeus,against_heresies_ii,Matt,new_testament,Bible:Matt.10.24,Matt. x. 24
irenaeus,against_heresies_ii,Luke,new_testament,Bible:Luke.11.40,Luke xi. 40
irenaeus,against_heresies_ii,Ps,old_testament_or_other,Bible:Ps.110.1,Ps. cx. 1
irenaeus,against_heresies_ii,1Cor,new_testament,Bible:1Cor.2.10,1 Cor. ii. 10
irenaeus,against_heresies_ii,1Cor,new_testament,Bible:1Cor.12.4-1Cor.12.6,"1 Cor. xii. 4, 5, 6"
irenaeus,against_heresies_ii,1Cor,new_testament,Bible:1Cor.13.9,1 Cor. xiii. 9
irenaeus,against_heresies_ii,Gen,old_testament_or_other,Bible:Gen.40.8,Gen. xl. 8
irenaeus,against_heresies_ii,Deut,old_testament_or_other,Bible:Deut.29.29,Deut. xxix. 29
irenaeus,against_heresies_ii,Ps,old_testament_or_other,Bible:Ps.131,Ps. cxxxi.
irenaeus,against_heresies_ii,John,new_testament,Bible:John.14.28,John xiv. 28
irenaeus,against_heresies_ii,Wis,deuterocanonical,Bible:Wis.9.13 Bible:Wis.9.17,"Wisdom ix. 13, 17"
irenaeus,against_heresies_ii,Ps,old_testament_or_other,Bible:Ps.104.2 Bible:Ps.104.4,"Ps. civ. 2, 4"
irenaeus,against_heresies_ii,Isa,old_testament_or_other,Bible:Isa.40.12 Bible:Isa.40.22,"Isa. xl. 12, 22"
irenaeus,against_heresies_ii,2Cor,new_testament,Bible:2Cor.12.2-2Cor.12.4,"2 Cor. xii. 2, 3, 4"
irenaeus,against_heresies_ii,2Cor,new_testament,Bible:2Cor.12.3,2 Cor. xii. 3
irenaeus,against_heresies_ii,Heb,new_testament,Bible:Heb.1.3,Heb. i. 3
irenaeus,against_heresies_ii,2Tim,new_testament,Bible:2Tim.2.17-2Tim.2.18,"2 Tim. ii. 17, 18"
irenaeus,against_heresies_ii,Rev,new_testament,Bible:Rev.12.14,Rev. xii. 14
irenaeus,against_heresies_ii,Matt,new_testament,Bible:Matt.5.21,Matt. v. 21
irenaeus,against_heresies_ii,Matt,new_testament,Bible:Matt.13.43,Matt. xiii. 43
irenaeus,against_heresies_ii,Mark,new_testament,Bible:Mark.9.44,Mark ix. 44
irenaeus,against_heresies_ii,Acts,new_testament,Bible:Acts.8.9 Bible:Acts.8.18,"Acts viii. 9, 18"
irenaeus,against_heresies_ii,Matt,new_testament,Bible:Matt.10.8,Matt. x. 8
irenaeus,against_heresies_ii,Luke,new_testament,Bible:Luke.16.19,Luke xvi. 19
irenaeus,against_heresies_ii,Ps,old_testament_or_other,Bible:Ps.148.5-Ps.148.6,"Ps. cxlviii. 5, 6"
irenaeus,against_heresies_ii,Ps,old_testament_or_other,Bible:Ps.21.4,Ps. xxi. 4
irenaeus,against_heresies_ii,Luke,new_testament,Bible:Luke.16.11,Luke xvi. 11
irenaeus,against_heresies_ii,Gen,old_testament_or_other,Bible:Gen.2.7,Gen. ii. 7
irenaeus,against_heresies_iii,Luke,new_testament,Bible:Luke.10.16,Luke x. 16
irenaeus,against_heresies_iii,1Tim,new_testament,Bible:1Tim.3.15,1 Tim. iii. 15
irenaeus,against_heresies_iii,1Cor,new_testament,Bible:1Cor.2.6,1 Cor. ii. 6
irenaeus,against_heresies_iii,Titus,new_testament,Bible:Titus.3.10,Tit. iii. 10
irenaeus,against_heresies_iii,Rev,new_testament,Bible:Rev.22.17,Rev. xxii. 17
irenaeus,against_heresies_iii,2Thess,new_testament,Bible:2Thess.2.15,2 Thess. ii. 15
irenaeus,against_heresies_iii,2Thess,new_testament,Bible:2Thess.3.6,2 Thess. iii. 6
irenaeus,against_heresies_iii,John,new_testament,Bible:John.14.6,John xiv. 6
irenaeus,against_heresies_iii,Ps,old_testament_or_other,Bible:Ps.85.11,Ps. lxxxv. 11
irenaeus,against_heresies_iii,Luke,new_testament,Bible:Luke.5.31-Luke.5.32,"Luke v. 31, 32"
irenaeus,against_heresies_iii,Eph,new_testament,Bible:Eph.2.17,Eph. ii. 17
irenaeus,against_heresies_iii,Gen,old_testament_or_other,Bible:Gen.9.27,Gen. ix. 27
irenaeus,against_heresies_iii,Ps,old_testament_or_other,Bible:Ps.110.1,Ps. cx. 1
irenaeus,against_heresies_iii,Gen,old_testament_or_other,Bible:Gen.19.24,Gen. xix. 24
irenaeus,against_heresies_iii,Ps,old_testament_or_other,Bible:Ps.45.6,Ps. xlv. 6
irenaeus,against_heresies_iii,Ps,old_testament_or_other,Bible:Ps.82.1,Ps. lxxxii. 1
irenaeus,against_heresies_iii,Ps,old_testament_or_other,Bible:Ps.50.1,Ps. l. 1
irenaeus,against_heresies_iii,Ps,old_testament_or_other,Bible:Ps.50.3,Ps. l. 3
irenaeus,against_heresies_iii,Isa,old_testament_or_other,Bible:Isa.65.1,Isa. lxv. 1
irenaeus,against_heresies_iii,Ps,old_testament_or_other,Bible:Ps.82.6,Ps. lxxxii. 6
irenaeus,against_heresies_iii,Rom,new_testament,Bible:Rom.8.15,Rom. viii. 15
irenaeus,against_heresies_iii,Exod,old_testament_or_other,Bible:Exod.3.14,Ex. iii. 14
irenaeus,against_heresies_iii,Exod,old_testament_or_other,Bible:Exod.3.8,Ex. iii. 8
irenaeus,against_heresies_iii,Isa,old_testament_or_other,Bible:Isa.43.10,Isa. xliii. 10
irenaeus,against_heresies_iii,Ps,old_testament_or_other,Bible:Ps.96.5,Ps. xcvi. 5
irenaeus,against_heresies_iii,Ps,old_testament_or_other,Bible:Ps.81.9,Ps. lxxxi. 9
irenaeus,against_heresies_iii,Isa,old_testament_or_other,Bible:Isa.44.9,Isa. xliv. 9
irenaeus,against_heresies_iii,Jer,old_testament_or_other,Bible:Jer.10.11,Jer. x. 11
irenaeus,against_heresies_iii,1Kgs,old_testament_or_other,Bible:1Kgs.18.21,1 Kings xviii. 21
irenaeus,against_heresies_iii,1Kgs,old_testament_or_other,Bible:1Kgs.18.36,1 Kings xviii. 36
irenaeus,against_heresies_iii,Gal,new_testament,Bible:Gal.4.8-Gal.4.9,"Gal. iv. 8, 9"
irenaeus,against_heresies_iii,2Thess,new_testament,Bible:2Thess.2.4,2 Thess. ii. 4
irenaeus,against_heresies_iii,1Cor,new_testament,Bible:1Cor.8.4,1 Cor. viii. 4
irenaeus,against_heresies_iii,Deut,old_testament_or_other,Bible:Deut.5.8,Deut. v. 8
irenaeus,against_heresies_iii,Deut,old_testament_or_other,Bible:Deut.4.19,Deut. iv. 19
irenaeus,against_heresies_iii,Exod,old_testament_or_other,Bible:Exod.7.1,Ex. vii. 1
irenaeus,against_heresies_iii,Heb,new_testament,Bible:Heb.3.5,Heb. iii. 5
irenaeus,against_heresies_iii,Num,old_testament_or_other,Bible:Num.12.7,Num. xii. 7
irenaeus,against_heresies_iii,2Cor,new_testament,Bible:2Cor.4.4,2 Cor. iv. 4
irenaeus,against_heresies_iii,Gal,new_testament,Bible:Gal.3.19,Gal. iii. 19
irenaeus,against_heresies_iii,2Thess,new_testament,Bible:2Thess.2.8,2 Thess. ii. 8
irenaeus,against_heresies_iii,Matt,new_testament,Bible:Matt.6.24,Matt. vi. 24
irenaeus,against_heresies_iii,Matt,new_testament,Bible:Matt.22.21,Matt. xxii. 21
irenaeus,against_heresies_iii,John,new_testament,Bible:John.8.34,John viii. 34
irenaeus,against_heresies_iii,Matt,new_testament,Bible:Matt.12.29,Matt. xii. 29
irenaeus,against_heresies_iii,Jer,old_testament_or_other,Bible:Jer.31.11,Jer. xxxi. 11
irenaeus,against_heresies_iii,John,new_testament,Bible:John.1.3,John i. 3
irenaeus,against_heresies_iii,Ps,old_testament_or_other,Bible:Ps.33.6,Ps. xxxiii. 6
irenaeus,against_heresies_iii,Ps,old_testament_or_other,Bible:Ps.115.3,Ps. cxv. 3
irenaeus,against_heresies_iii,Gen,old_testament_or_other,Bible:Gen.15.5,Gen. xv. 5
irenaeus,against_heresies_iii,Rom,new_testament,Bible:Rom.9.25,Rom. ix. 25
irenaeus,against_heresies_iii,Matt,new_testament,Bible:Matt.3.7,Matt. iii. 7
irenaeus,against_heresies_iii,Matt,new_testament,Bible:Matt.3.3,Matt. iii. 3
irenaeus,against_heresies_iii,Matt,new_testament,Bible:Matt.1.20,Matt. i. 20
irenaeus,against_heresies_iii,Matt,new_testament,Bible:Matt.2.15,Matt. ii. 15
irenaeus,against_heresies_iii,Matt,new_testament,Bible:Matt.1.23,Matt. i. 23
irenaeus,against_heresies_iii,Ps,old_testament_or_other,Bible:Ps.132.11,Ps. cxxxii. 11
irenaeus,against_heresies_iii,Ps,old_testament_or_other,Bible:Ps.76.1,Ps. lxxvi. 1
irenaeus,against_heresies_iii,Num,old_testament_or_other,Bible:Num.24.17,Num. xxiv. 17
irenaeus,against_heresies_iii,Matt,new_testament,Bible:Matt.2.2,Matt. ii. 2
irenaeus,against_heresies_iii,Luke,new_testament,Bible:Luke.1.33,Luke i. 33
irenaeus,against_heresies_iii,Matt,new_testament,Bible:Matt.3.16,Matt. iii. 16
irenaeus,against_heresies_iii,Isa,old_testament_or_other,Bible:Isa.11.1,Isa. xi. 1
irenaeus,against_heresies_iii,Isa,old_testament_or_other,Bible:Isa.61.1,Isa. lxi. 1
irenaeus,against_heresies_iii,John,new_testament,Bible:John.2.25,John ii. 25
irenaeus,against_heresies_iii,Prov,old_testament_or_other,Bible:Prov.5.22,Prov. v. 22
irenaeus,against_heresies_iii,Luke,new_testament,Bible:Luke.1.6,Luke i. 6
irenaeus,against_heresies_iii,Luke,new_testament,Bible:Luke.1.8,Luke i. 8
irenaeus,against_heresies_iii,Luke,new_testament,Bible:Luke.1.15,Luke i. 15
irenaeus,against_heresies_iii,Matt,new_testament,Bible:Matt.11.9 Bible:Matt.11.11,"Matt. xi. 9, 11"
irenaeus,against_heresies_iii,Ps,old_testament_or_other,Bible:Ps.58.3,Ps. lviii. 3
irenaeus,against_heresies_iii,Luke,new_testament,Bible:Luke.1.26,Luke i. 26
irenaeus,against_heresies_iii,Luke,new_testament,Bible:Luke.1.32-Luke.1.33,"Luke i. 32, 33"
irenaeus,against_heresies_iii,Luke,new_testament,Bible:Luke.1.46-Luke.1.47,"Luke i. 46, 47"
irenaeus,against_heresies_iii,Luke,new_testament,Bible:Luke.1.78,Luke i. 78
irenaeus,against_heresies_iii,Rom,new_testament,Bible:Rom.3.30,Rom. iii. 30
irenaeus,against_heresies_iii,Luke,new_testament,Bible:Luke.1.68,Luke i. 68
irenaeus,against_heresies_iii,Luke,new_testament,Bible:Luke.1.76,Luke i. 76
irenaeus,against_heresies_iii,John,new_testament,Bible:John.1.29,John i. 29
irenaeus,against_heresies_iii,John,new_testament,Bible:John.1.15-John.1.16,"John i. 15, 16"
irenaeus,against_heresies_iii,Gen,old_testament_or_other,Bible:Gen.49.18,Gen. xlix. 18
irenaeus,against_heresies_iii,Isa,old_testament_or_other,Bible:Isa.12.2,Isa. xii. 2
irenaeus,against_heresies_iii,Ps,old_testament_or_other,Bible:Ps.98.2,Ps. xcviii. 2
irenaeus,against_heresies_iii,Lam,old_testament_or_other,Bible:Lam.4.20,Lam. iv. 20
irenaeus,against_heresies_iii,John,new_testament,Bible:John.1.14,John i. 14
irenaeus,against_heresies_iii,Luke,new_testament,Bible:Luke.2.11,Luke ii. 11
irenaeus,against_heresies_iii,Ps,old_testament_or_other,Bible:Ps.124.8,Ps. cxxiv. 8
irenaeus,against_heresies_iii,Ps,old_testament_or_other,Bible:Ps.95.4,Ps. xcv. 4
irenaeus,against_heresies_iii,Luke,new_testament,Bible:Luke.2.20,Luke ii. 20
irenaeus,against_heresies_iii,Luke,new_testament,Bible:Luke.2.22,Luke ii. 22
irenaeus,against_heresies_iii,Luke,new_testament,Bible:Luke.2.29,Luke ii. 29
irenaeus,against_heresies_iii,Luke,new_testament,Bible:Luke.2.38,Luke ii. 38
irenaeus,against_heresies_iii,Mark,new_testament,Bible:Mark.1.2,Mark i. 2
irenaeus,against_heresies_iii,Luke,new_testament,Bible:Luke.1.17,Luke i. 17
irenaeus,against_heresies_iii,Mark,new_testament,Bible:Mark.16.19,Mark xvi. 19
irenaeus,against_heresies_iii,John,new_testament,Bible:John.1.1,John i. 1
irenaeus,against_heresies_iii,John,new_testament,Bible:John.1.10-John.1.11,"John i. 10, 11"
irenaeus,against_heresies_iii,John,new_testament,Bible:John.1.6,John i. 6
irenaeus,against_heresies_iii,Mal,old_testament_or_other,Bible:Mal.3.1,Mal. iii. 1
irenaeus,against_heresies_iii,Matt,new_testament,Bible:Matt.11.9,Matt. xi. 9
irenaeus,against_heresies_iii,Luke,new_testament,Bible:Luke.7.26,Luke vii. 26
irenaeus,against_heresies_iii,1Cor,new_testament,Bible:1Cor.12.28,1 Cor. xii. 28
irenaeus,against_heresies_iii,John,new_testament,Bible:John.2.3,John ii. 3
irenaeus,against_heresies_iii,John,new_testament,Bible:John.6.11,John vi. 11
irenaeus,against_heresies_iii,John,new_testament,Bible:John.1.18,John i. 18
irenaeus,against_heresies_iii,John,new_testament,Bible:John.1.47,John i. 47
irenaeus,against_heresies_iii,John,new_testament,Bible:John.1.49,John i. 49
irenaeus,against_heresies_iii,John,new_testament,Bible:John.6.69,John vi. 69
irenaeus,against_heresies_iii,Matt,new_testament,Bible:Matt.12.18,Matt. xii. 18
irenaeus,against_heresies_iii,Ps,old_testament_or_other,Bible:Ps.80.1,Ps. lxxx. 1
irenaeus,against_heresies_iii,Rev,new_testament,Bible:Rev.4.7,Rev. iv. 7
irenaeus,against_heresies_iii,Matt,new_testament,Bible:Matt.1.1 Bible:Matt.1.18,"Matt. i. 1, 18"
irenaeus,against_heresies_iii,Gen,old_testament_or_other,Bible:Gen.3.24,Gen. iii. 24
irenaeus,against_heresies_iii,Gen,old_testament_or_other,Bible:Gen.4.16,Gen. iv. 16
irenaeus,against_heresies_iii,John,new_testament,Bible:John.14.16,John xiv. 16
irenaeus,against_heresies_iii,1Cor,new_testament,Bible:1Cor.11.4-1Cor.11.5,"1 Cor. xi. 4, 5"
irenaeus,against_heresies_iii,Matt,new_testament,Bible:Matt.12.31,Matt. xii. 31
irenaeus,against_heresies_iii,Acts,new_testament,Bible:Acts.1.16,Acts i. 16
irenaeus,against_heresies_iii,Ps,old_testament_or_other,Bible:Ps.69.25,Ps. lxix. 25
irenaeus,against_heresies_iii,Ps,old_testament_or_other,Bible:Ps.109.8,Ps. cix. 8
irenaeus,against_heresies_iii,Joel,old_testament_or_other,Bible:Joel.2.28,Joel ii. 28
irenaeus,against_heresies_iii,Ps,old_testament_or_other,Bible:Ps.15.8,Ps. xv. 8
irenaeus,against_heresies_iii,Acts,new_testament,Bible:Acts.2.22-Acts.2.27,Acts ii. 22–27
irenaeus,against_heresies_iii,Acts,new_testament,Bible:Acts.2.30-Acts.2.37,Acts ii. 30–37
irenaeus,against_heresies_iii,Acts,new_testament,Bible:Acts.2.37-Acts.2.38,"Acts ii. 37, 38"
irenaeus,against_heresies_iii,Acts,new_testament,Bible:Acts.3.6,Acts iii. 6
irenaeus,against_heresies_iii,Acts,new_testament,Bible:Acts.3.12,Acts iii. 12
irenaeus,against_heresies_iii,Acts,new_testament,Bible:Acts.4.2,Acts iv. 2
irenaeus,against_heresies_iii,Acts,new_testament,Bible:Acts.4.8,Acts iv. 8
irenaeus,against_heresies_iii,Acts,new_testament,Bible:Acts.4.22,Acts iv. 22
irenaeus,against_heresies_iii,Acts,new_testament,Bible:Acts.4.24,Acts iv. 24
irenaeus,against_heresies_iii,Acts,new_testament,Bible:Acts.4.31,Acts iv. 31
irenaeus,against_heresies_iii,Acts,new_testament,Bible:Acts.4.33,Acts iv. 33
irenaeus,against_heresies_iii,Acts,new_testament,Bible:Acts.5.30,Acts v. 30
irenaeus,against_heresies_iii,Acts,new_testament,Bible:Acts.5.42,Acts v. 42
irenaeus,against_heresies_iii,Acts,new_testament,Bible:Acts.10.1-Acts.10.5,Acts x. 1–5
irenaeus,against_heresies_iii,Acts,new_testament,Bible:Acts.10.15,Acts x. 15
irenaeus,against_heresies_iii,Acts,new_testament,Bible:Acts.10.34-Acts.10.35,"Acts x. 34, 35"
irenaeus,against_heresies_iii,Acts,new_testament,Bible:Acts.10.37-Acts.10.44,Acts x. 37–44
irenaeus,against_heresies_iii,Acts,new_testament,Bible:Acts.8.32,Acts viii. 32
irenaeus,against_heresies_iii,Isa,old_testament_or_other,Bible:Isa.53.7-Isa.53.8,"Isa. liii. 7, 8"
irenaeus,against_heresies_iii,Acts,new_testament,Bible:Acts.8.37,Acts viii. 37
irenaeus,against_heresies_iii,Acts,new_testament,Bible:Acts.9.20,Acts ix. 20
irenaeus,against_heresies_iii,Phil,new_testament,Bible:Phil.2.8,Phil. ii. 8
irenaeus,against_heresies_iii,Acts,new_testament,Bible:Acts.17.24,Acts xvii. 24
irenaeus,against_heresies_iii,Deut,old_testament_or_other,Bible:Deut.32.8,Deut. xxxii. 8
irenaeus,against_heresies_iii,Deut,old_testament_or_other,Bible:Deut.32.9,Deut. xxxii. 9
irenaeus,against_heresies_iii,Acts,new_testament,Bible:Acts.14.15-Acts.14.17,Acts xiv. 15–17
irenaeus,against_heresies_iii,Acts,new_testament,Bible:Acts.7.2-Acts.7.8,Acts vii. 2–8
irenaeus,against_heresies_iii,1Tim,new_testament,Bible:1Tim.6.4,1 Tim. vi. 4
irenaeus,against_heresies_iii,Acts,new_testament,Bible:Acts.7.56,Acts vii. 56
irenaeus,against_heresies_iii,Hos,old_testament_or_other,Bible:Hos.12.10,Hos. xii. 10
irenaeus,against_heresies_iii,Acts,new_testament,Bible:Acts.15.15,Acts xv. 15
irenaeus,against_heresies_iii,Amos,old_testament_or_other,Bible:Amos.9.11-Amos.9.12,"Amos ix. 11, 12"
irenaeus,against_heresies_iii,Acts,new_testament,Bible:Acts.15.14,Acts xv. 14
irenaeus,against_heresies_iii,Acts,new_testament,Bible:Acts.10.28-Acts.10.29,"Acts x. 28, 29"
irenaeus,against_heresies_iii,Acts,new_testament,Bible:Acts.10.47,Acts x. 47
irenaeus,against_heresies_iii,Gal,new_testament,Bible:Gal.2.12-Gal.2.13,"Gal. ii. 12, 13"
irenaeus,against_heresies_iii,Gal,new_testament,Bible:Gal.2.8,Gal. ii. 8
irenaeus,against_heresies_iii,Rom,new_testament,Bible:Rom.10.15,Rom. x. 15
irenaeus,against_heresies_iii,Isa,old_testament_or_other,Bible:Isa.52.7,Isa. lii. 7
irenaeus,against_heresies_iii,1Cor,new_testament,Bible:1Cor.15.11,1 Cor. xv. 11
irenaeus,against_heresies_iii,John,new_testament,Bible:John.14.7 Bible:John.14.9 Bible:John.14.10,"John xiv. 7, 9, 10"
irenaeus,against_heresies_iii,Matt,new_testament,Bible:Matt.10.6,Matt. x. 6
irenaeus,against_heresies_iii,Matt,new_testament,Bible:Matt.16.17,Matt. xvi. 17
irenaeus,against_heresies_iii,Gal,new_testament,Bible:Gal.1.1,Gal. i. 1
irenaeus,against_heresies_iii,Gal,new_testament,Bible:Gal.2.1-Gal.2.2,"Gal. ii. 1, 2"
irenaeus,against_heresies_iii,Gal,new_testament,Bible:Gal.2.5,Gal. ii. 5
irenaeus,against_heresies_iii,Acts,new_testament,Bible:Acts.16.8,Acts xvi. 8
irenaeus,against_heresies_iii,Acts,new_testament,Bible:Acts.16.13,Acts xvi. 13
irenaeus,against_heresies_iii,Acts,new_testament,Bible:Acts.20.5-Acts.20.6,"Acts xx. 5, 6"
irenaeus,against_heresies_iii,Acts,new_testament,Bible:Acts.21,Acts xxi.
irenaeus,against_heresies_iii,Acts,new_testament,Bible:Acts.27,Acts xxvii.
irenaeus,against_heresies_iii,Acts,new_testament,Bible:Acts.28.11,Acts xxviii. 11
irenaeus,against_heresies_iii,2Tim,new_testament,Bible:2Tim.4.10-2Tim.4.11,"2 Tim. iv. 10, 11"
irenaeus,against_heresies_iii,Col,new_testament,Bible:Col.4.14,Col. iv. 14
irenaeus,against_heresies_iii,Acts,new_testament,Bible:Acts.20.25,Acts xx. 25
irenaeus,against_heresies_iii,Luke,new_testament,Bible:Luke.1.2,Luke i. 2
irenaeus,against_heresies_iii,Luke,new_testament,Bible:Luke.6.24,Luke vi. 24
irenaeus,against_heresies_iii,Luke,new_testament,Bible:Luke.5,Luke v.
irenaeus,against_heresies_iii,Luke,new_testament,Bible:Luke.13,Luke xiii.
irenaeus,against_heresies_iii,Luke,new_testament,Bible:Luke.11,Luke xi.
irenaeus,against_heresies_iii,Luke,new_testament,Bible:Luke.7,Luke vii.
irenaeus,against_heresies_iii,Luke,new_testament,Bible:Luke.12.20,Luke xii. 20
irenaeus,against_heresies_iii,Luke,new_testament,Bible:Luke.16,Luke xvi.
irenaeus,against_heresies_iii,Luke,new_testament,Bible:Luke.17.5,Luke xvii. 5
irenaeus,against_heresies_iii,Luke,new_testament,Bible:Luke.19,Luke xix.
irenaeus,against_heresies_iii,Luke,new_testament,Bible:Luke.18,Luke xviii.
irenaeus,against_heresies_iii,Luke,new_testament,Bible:Luke.17,Luke xvii.
irenaeus,against_heresies_iii,Luke,new_testament,Bible:Luke.24,Luke xxiv.
irenaeus,against_heresies_iii,Acts,new_testament,Bible:Acts.22.8,Acts xxii. 8
irenaeus,against_heresies_iii,Acts,new_testament,Bible:Acts.26.15,Acts xxvi. 15
irenaeus,against_heresies_iii,Acts,new_testament,Bible:Acts.9.15-Acts.9.16,"Acts ix. 15, 16"
irenaeus,against_heresies_iii,Matt,new_testament,Bible:Matt.1.1,Matt. i. 1
irenaeus,against_heresies_iii,Matt,new_testament,Bible:Matt.1.18,Matt. i. 18
irenaeus,against_heresies_iii,John,new_testament,Bible:John.1.13-John.1.14,"John i. 13, 14"
irenaeus,against_heresies_iii,Rom,new_testament,Bible:Rom.1.1-Rom.1.4,Rom. i. 1–4
irenaeus,against_heresies_iii,Rom,new_testament,Bible:Rom.9.5,Rom. ix. 5
irenaeus,against_heresies_iii,Gal,new_testament,Bible:Gal.4.4-Gal.4.5,"Gal. iv. 4, 5"
irenaeus,against_heresies_iii,Col,new_testament,Bible:Col.1.14-Col.1.15,"Col. i. 14, 15"
irenaeus,against_heresies_iii,Mark,new_testament,Bible:Mark.1.1,Mark i. 1
irenaeus,against_heresies_iii,Isa,old_testament_or_other,Bible:Isa.9.6,Isa. ix. 6
irenaeus,against_heresies_iii,Luke,new_testament,Bible:Luke.1.69,Luke i. 69
irenaeus,against_heresies_iii,Ps,old_testament_or_other,Bible:Ps.78.5,Ps. lxxviii. 5
irenaeus,against_heresies_iii,Luke,new_testament,Bible:Luke.1.32,Luke i. 32
irenaeus,against_heresies_iii,Isa,old_testament_or_other,Bible:Isa.8.3,Isa. viii. 3
irenaeus,against_heresies_iii,Isa,old_testament_or_other,Bible:Isa.8.4,Isa. viii. 4
irenaeus,against_heresies_iii,Exod,old_testament_or_other,Bible:Exod.17.16,Ex. xvii. 16
irenaeus,against_heresies_iii,Matt,new_testament,Bible:Matt.2.16,Matt. ii. 16
irenaeus,against_heresies_iii,Luke,new_testament,Bible:Luke.24.25,Luke xxiv. 25
irenaeus,against_heresies_iii,Luke,new_testament,Bible:Luke.24.44,Luke xxiv. 44
irenaeus,against_heresies_iii,Mark,new_testament,Bible:Mark.8.31,Mark viii. 31
irenaeus,against_heresies_iii,Luke,new_testament,Bible:Luke.9.22,Luke ix. 22
irenaeus,against_heresies_iii,John,new_testament,Bible:John.20.31,John xx. 31
irenaeus,against_heresies_iii,1John,new_testament,Bible:1John.2.18,1 John ii. 18
irenaeus,against_heresies_iii,Eph,new_testament,Bible:Eph.1.10,Eph. i. 10
irenaeus,against_heresies_iii,John,new_testament,Bible:John.2.4,John ii. 4
irenaeus,against_heresies_iii,John,new_testament,Bible:John.7.30,John vii. 30
irenaeus,against_heresies_iii,Hab,old_testament_or_other,Bible:Hab.3.2,Hab. iii. 2
irenaeus,against_heresies_iii,Gal,new_testament,Bible:Gal.4.4,Gal. iv. 4
irenaeus,against_heresies_iii,2John,new_testament,Bible:2John.1.7 Bible:2John.1.8,"2 John 7, 8"
irenaeus,against_heresies_iii,1John,new_testament,Bible:1John.4.1-1John.4.2,"1 John iv. 1, 2"
irenaeus,against_heresies_iii,1John,new_testament,Bible:1John.5.1,1 John v. 1
irenaeus,against_heresies_iii,Rom,new_testament,Bible:Rom.5.17,Rom. v. 17
irenaeus,against_heresies_iii,Rom,new_testament,Bible:Rom.6.3-Rom.6.4,"Rom. vi. 3, 4"
irenaeus,against_heresies_iii,Rom,new_testament,Bible:Rom.5.6-Rom.5.10,Rom. v. 6–10
irenaeus,against_heresies_iii,Rom,new_testament,Bible:Rom.8.34,Rom. viii. 34
irenaeus,against_heresies_iii,Rom,new_testament,Bible:Rom.6.9,Rom. vi. 9
irenaeus,against_heresies_iii,Rom,new_testament,Bible:Rom.8.11,Rom. viii. 11
irenaeus,against_heresies_iii,1Pet,new_testament,Bible:1Pet.2.23,1 Pet. ii. 23
irenaeus,against_heresies_iii,Isa,old_testament_or_other,Bible:Isa.11.2,Isa. xi. 2
irenaeus,against_heresies_iii,Matt,new_testament,Bible:Matt.10.20,Matt. x. 20
irenaeus,against_heresies_iii,Matt,new_testament,Bible:Matt.28.19,Matt. xxviii. 19
irenaeus,against_heresies_iii,Ps,old_testament_or_other,Bible:Ps.51.12,Ps. li. 12
irenaeus,against_heresies_iii,John,new_testament,Bible:John.16.7,John xvi. 7
irenaeus,against_heresies_iii,Judg,old_testament_or_other,Bible:Judg.6.37,Judg. vi. 37
irenaeus,against_heresies_iii,Isa,old_testament_or_other,Bible:Isa.5.6,Isa. v. 6
irenaeus,against_heresies_iii,Luke,new_testament,Bible:Luke.10.18,Luke x. 18
irenaeus,against_heresies_iii,1John,new_testament,Bible:1John.2.1,1 John ii. 1
irenaeus,against_heresies_iii,Luke,new_testament,Bible:Luke.10.35,Luke x. 35
irenaeus,against_heresies_iii,Matt,new_testament,Bible:Matt.25.14,Matt. xxv. 14
irenaeus,against_heresies_iii,1Cor,new_testament,Bible:1Cor.15.47,1 Cor. xv. 47
irenaeus,against_heresies_iii,Rom,new_testament,Bible:Rom.10.6-Rom.10.7,"Rom. x. 6, 7"
irenaeus,against_heresies_iii,Rom,new_testament,Bible:Rom.10.9,Rom. x. 9
irenaeus,against_heresies_iii,Rom,new_testament,Bible:Rom.14.9,Rom. xiv. 9
irenaeus,against_heresies_iii,1Cor,new_testament,Bible:1Cor.1.23,1 Cor. i. 23
irenaeus,against_heresies_iii,1Cor,new_testament,Bible:1Cor.10.16,1 Cor. x. 16
irenaeus,against_heresies_iii,Isa,old_testament_or_other,Bible:Isa.8.14,Isa. viii. 14
irenaeus,against_heresies_iii,Jer,old_testament_or_other,Bible:Jer.17.9,Jer. xvii. 9
irenaeus,against_heresies_iii,1Cor,new_testament,Bible:1Cor.15.3-1Cor.15.4,"1 Cor. xv. 3, 4"
irenaeus,against_heresies_iii,1Cor,new_testament,Bible:1Cor.15.12,1 Cor. xv. 12
irenaeus,against_heresies_iii,Rom,new_testament,Bible:Rom.14.15,Rom. xiv. 15
irenaeus,against_heresies_iii,Eph,new_testament,Bible:Eph.2.13,Eph. ii. 13
irenaeus,against_heresies_iii,Gal,new_testament,Bible:Gal.3.13,Gal. iii. 13
irenaeus,against_heresies_iii,Deut,old_testament_or_other,Bible:Deut.21.23,Deut. xxi. 23
irenaeus,against_heresies_iii,1Cor,new_testament,Bible:1Cor.8.11,1 Cor. viii. 11
irenaeus,against_heresies_iii,Matt,new_testament,Bible:Matt.16.13,Matt. xvi. 13
irenaeus,against_heresies_iii,Matt,new_testament,Bible:Matt.16.21,Matt. xvi. 21
irenaeus,against_heresies_iii,Matt,new_testament,Bible:Matt.16.24-Matt.16.25,"Matt. xvi. 24, 25"
irenaeus,against_heresies_iii,Matt,new_testament,Bible:Matt.23.24,Matt. xxiii. 24
irenaeus,against_heresies_iii,Matt,new_testament,Bible:Matt.10.17-Matt.10.18,"Matt. x. 17, 18"
irenaeus,against_heresies_iii,Matt,new_testament,Bible:Matt.10.28,Matt. x. 28
irenaeus,against_heresies_iii,Ps,old_testament_or_other,Bible:Ps.9.12,Ps. ix. 12
irenaeus,against_heresies_iii,Luke,new_testament,Bible:Luke.23.34,Luke xxiii. 34
irenaeus,against_heresies_iii,Matt,new_testament,Bible:Matt.5.44,Matt. v. 44
irenaeus,against_heresies_iii,Matt,new_testament,Bible:Matt.5.39,Matt. v. 39
irenaeus,against_heresies_iii,Rom,new_testament,Bible:Rom.5.14,Rom. v. 14
irenaeus,against_heresies_iii,Rom,new_testament,Bible:Rom.5.19,Rom. v. 19
irenaeus,against_heresies_iii,Deut,old_testament_or_other,Bible:Deut.32.4,Deut. xxxii. 4
irenaeus,against_heresies_iii,John,new_testament,Bible:John.8.36,John viii. 36
irenaeus,against_heresies_iii,Rom,new_testament,Bible:Rom.6.23,Rom. vi. 23
irenaeus,against_heresies_iii,Ps,old_testament_or_other,Bible:Ps.82.6-Ps.82.7,"Ps. lxxxii. 6, 7"
irenaeus,against_heresies_iii,Isa,old_testament_or_other,Bible:Isa.53.8,Isa. liii. 8
irenaeus,against_heresies_iii,Matt,new_testament,Bible:Matt.16.16,Matt. xvi. 16
irenaeus,against_heresies_iii,John,new_testament,Bible:John.1.13,John i. 13
irenaeus,against_heresies_iii,Isa,old_testament_or_other,Bible:Isa.7.14,Isa. vii. 14
irenaeus,against_heresies_iii,Isa,old_testament_or_other,Bible:Isa.53.2,Isa. liii. 2
irenaeus,against_heresies_iii,Zech,old_testament_or_other,Bible:Zech.9.9,Zech. ix. 9
irenaeus,against_heresies_iii,Ps,old_testament_or_other,Bible:Ps.69.21,Ps. lxix. 21
irenaeus,against_heresies_iii,Dan,old_testament_or_other,Bible:Dan.7.13,Dan. vii. 13
irenaeus,against_heresies_iii,Isa,old_testament_or_other,Bible:Isa.7.13,Isa. vii. 13
irenaeus,against_heresies_iii,Eph,new_testament,Bible:Eph.4.16,Eph. iv. 16
irenaeus,against_heresies_iii,John,new_testament,Bible:John.14.2,John xiv. 2
irenaeus,against_heresies_iii,2Cor,new_testament,Bible:2Cor.12.9,2 Cor. xii. 9
irenaeus,against_heresies_iii,Jonah,old_testament_or_other,Bible:Jonah.3.8-Jonah.3.9,"Jon. iii. 8, 9"
irenaeus,against_heresies_iii,Jonah,old_testament_or_other,Bible:Jonah.1.9,Jon. i. 9
irenaeus,against_heresies_iii,Jonah,old_testament_or_other,Bible:Jonah.2.2,Jon. ii. 2
irenaeus,against_heresies_iii,1Cor,new_testament,Bible:1Cor.1.29,1 Cor. i. 29
irenaeus,against_heresies_iii,Luke,new_testament,Bible:Luke.7.43,Luke vii. 43
irenaeus,against_heresies_iii,Rom,new_testament,Bible:Rom.11.32,Rom. xi. 32
irenaeus,against_heresies_iii,John,new_testament,Bible:John.15.9,John xv. 9
irenaeus,against_heresies_iii,Rom,new_testament,Bible:Rom.8.3,Rom. viii. 3
irenaeus,against_heresies_iii,Isa,old_testament_or_other,Bible:Isa.7.4,Isa. vii. 4
irenaeus,against_heresies_iii,Rom,new_testament,Bible:Rom.7.18,Rom. vii. 18
irenaeus,against_heresies_iii,Rom,new_testament,Bible:Rom.7.24,Rom. vii. 24
irenaeus,against_heresies_iii,Isa,old_testament_or_other,Bible:Isa.25.3,Isa. xxv. 3
irenaeus,against_heresies_iii,Isa,old_testament_or_other,Bible:Isa.63.9,Isa. lxiii. 9
irenaeus,against_heresies_iii,Isa,old_testament_or_other,Bible:Isa.33.20,Isa. xxxiii. 20
irenaeus,against_heresies_iii,Mic,old_testament_or_other,Bible:Mic.7.9,Mic. vii. 9
irenaeus,against_heresies_iii,Joel,old_testament_or_other,Bible:Joel.3.16,Joel iii. 16
irenaeus,against_heresies_iii,Amos,old_testament_or_other,Bible:Amos.1.2,Amos i. 2
irenaeus,against_heresies_iii,Hab,old_testament_or_other,Bible:Hab.3.3 Bible:Hab.3.5,"Hab. iii. 3, 5"
irenaeus,against_heresies_iii,Luke,new_testament,Bible:Luke.1.35,Luke i. 35
irenaeus,against_heresies_iii,Isa,old_testament_or_other,Bible:Isa.7.10-Isa.7.17,Isa. vii. 10–17
irenaeus,against_heresies_iii,Luke,new_testament,Bible:Luke.1.42,Luke i. 42
irenaeus,against_heresies_iii,Isa,old_testament_or_other,Bible:Isa.7.11,Isa. vii. 11
irenaeus,against_heresies_iii,Eph,new_testament,Bible:Eph.4.10,Eph. iv. 10
irenaeus,against_heresies_iii,Dan,old_testament_or_other,Bible:Dan.2.34,Dan. ii. 34
irenaeus,against_heresies_iii,Isa,old_testament_or_other,Bible:Isa.28.16,Isa. xxviii. 16
irenaeus,against_heresies_iii,Exod,old_testament_or_other,Bible:Exod.7.9,Ex. vii. 9
irenaeus,against_heresies_iii,Exod,old_testament_or_other,Bible:Exod.8.19,Ex. viii. 19
irenaeus,against_heresies_iii,Matt,new_testament,Bible:Matt.12.41-Matt.12.42,"Matt. xii. 41, 42"
irenaeus,against_heresies_iii,Matt,new_testament,Bible:Matt.22.43,Matt. xxii. 43
irenaeus,against_heresies_iii,Matt,new_testament,Bible:Matt.1.12-Matt.1.16,Matt. i. 12–16
irenaeus,against_heresies_iii,Jer,old_testament_or_other,Bible:Jer.22.24-Jer.22.25,"Jer. xxii. 24, 25"
irenaeus,against_heresies_iii,Jer,old_testament_or_other,Bible:Jer.22.28,Jer. xxii. 28
irenaeus,against_heresies_iii,Jer,old_testament_or_other,Bible:Jer.36.30-Jer.36.31,"Jer. xxxvi. 30, 31"
irenaeus,against_heresies_iii,Gen,old_testament_or_other,Bible:Gen.2.5,Gen. ii. 5
irenaeus,against_heresies_iii,Matt,new_testament,Bible:Matt.5.5,Matt. v. 5
irenaeus,against_heresies_iii,Rom,new_testament,Bible:Rom.1.3-Rom.1.4,"Rom. i. 3, 4"
irenaeus,against_heresies_iii,John,new_testament,Bible:John.4.6,John iv. 6
irenaeus,against_heresies_iii,Ps,old_testament_or_other,Bible:Ps.69.27,Ps. lxix. 27
irenaeus,against_heresies_iii,Matt,new_testament,Bible:Matt.26.38,Matt. xxvi. 38
irenaeus,against_heresies_iii,Luke,new_testament,Bible:Luke.1.38,Luke i. 38
irenaeus,against_heresies_iii,Gen,old_testament_or_other,Bible:Gen.2.25,Gen. ii. 25
irenaeus,against_heresies_iii,Matt,new_testament,Bible:Matt.19.30,Matt. xix. 30
irenaeus,against_heresies_iii,Matt,new_testament,Bible:Matt.20.16,Matt. xx. 16
irenaeus,against_heresies_iii,Ps,old_testament_or_other,Bible:Ps.45.17,Ps. xlv. 17
irenaeus,against_heresies_iii,Rev,new_testament,Bible:Rev.1.5,Rev. i. 5
irenaeus,against_heresies_iii,1Cor,new_testament,Bible:1Cor.15.20-1Cor.15.22,1 Cor. xv. 20–22
irenaeus,against_heresies_iii,Acts,new_testament,Bible:Acts.1.7,Acts i. 7
irenaeus,against_heresies_iii,Gen,old_testament_or_other,Bible:Gen.1.26,Gen. i. 26
irenaeus,against_heresies_iii,Gen,old_testament_or_other,Bible:Gen.3.16,Gen. iii. 16
irenaeus,against_heresies_iii,Gen,old_testament_or_other,Bible:Gen.3.14,Gen. iii. 14
irenaeus,against_heresies_iii,Matt,new_testament,Bible:Matt.25.41,Matt. xxv. 41
irenaeus,against_heresies_iii,Gen,old_testament_or_other,Bible:Gen.4.7,Gen. iv. 7
irenaeus,against_heresies_iii,Prov,old_testament_or_other,Bible:Prov.1.7,Prov. i. 7
irenaeus,against_heresies_iii,Prov,old_testament_or_other,Bible:Prov.9.10,Prov. ix. 10
irenaeus,against_heresies_iii,Gen,old_testament_or_other,Bible:Gen.3.13,Gen. iii. 13
irenaeus,against_heresies_iii,Rom,new_testament,Bible:Rom.6.7,Rom. vi. 7
irenaeus,against_heresies_iii,Ps,old_testament_or_other,Bible:Ps.91.13,Ps. xci. 13
irenaeus,against_heresies_iii,Rev,new_testament,Bible:Rev.20.2,Rev. xx. 2
irenaeus,against_heresies_iii,Luke,new_testament,Bible:Luke.10.19,Luke x. 19
irenaeus,against_heresies_iii,1Cor,new_testament,Bible:1Cor.15.26,1 Cor. xv. 26
irenaeus,against_heresies_iii,1Cor,new_testament,Bible:1Cor.15.54-1Cor.15.55,"1 Cor. xv. 54, 55"
irenaeus,against_heresies_iii,Luke,new_testament,Bible:Luke.15.4,Luke xv. 4
irenaeus,against_heresies_iii,1Cor,new_testament,Bible:1Cor.15.22,1 Cor. xv. 22
irenaeus,against_heresies_iii,Rom,new_testament,Bible:Rom.5.20,Rom. v. 20
irenaeus,against_heresies_iii,Jer,old_testament_or_other,Bible:Jer.2.13,Jer. ii. 13
irenaeus,against_heresies_iii,Prov,old_testament_or_other,Bible:Prov.22.3,Prov. xxii. 3
irenaeus,against_heresies_iii,Prov,old_testament_or_other,Bible:Prov.27.12,Prov. xxvii. 12
irenaeus,against_heresies_iii,Matt,new_testament,Bible:Matt.5.45,Matt. v. 45
irenaeus,against_heresies_iv,Luke,new_testament,Bible:Luke.1.2,Luke i. 2
irenaeus,against_heresies_iv,2Tim,new_testament,Bible:2Tim.2.23,2 Tim. ii. 23
irenaeus,against_heresies_iv,1John,new_testament,Bible:1John.2.18,1 John ii. 18
irenaeus,against_heresies_iv,2Pet,new_testament,Bible:2Pet.2.19,2 Pet. ii. 19
irenaeus,against_heresies_iv,Rev,new_testament,Bible:Rev.12.9,Rev. xii. 9
irenaeus,against_heresies_iv,Gen,old_testament_or_other,Bible:Gen.1.26,Gen. i. 26
irenaeus,against_heresies_iv,John,new_testament,Bible:John.17.3,John xvii. 3
irenaeus,against_heresies_iv,Matt,new_testament,Bible:Matt.23.9,Matt. xxiii. 9
irenaeus,against_heresies_iv,Deut,old_testament_or_other,Bible:Deut.32.1,Deut. xxxii. 1
irenaeus,against_heresies_iv,Ps,old_testament_or_other,Bible:Ps.124.8,Ps. cxxiv. 8
irenaeus,against_heresies_iv,Isa,old_testament_or_other,Bible:Isa.1.2,Isa. i. 2
irenaeus,against_heresies_iv,Isa,old_testament_or_other,Bible:Isa.42.5,Isa. xlii. 5
irenaeus,against_heresies_iv,Matt,new_testament,Bible:Matt.11.25,Matt. xi. 25
irenaeus,against_heresies_iv,Luke,new_testament,Bible:Luke.10.21,Luke x. 21
irenaeus,against_heresies_iv,Deut,old_testament_or_other,Bible:Deut.6.4,Deut. vi. 4
irenaeus,against_heresies_iv,John,new_testament,Bible:John.5.46-John.5.47,"John v. 46, 47"
irenaeus,against_heresies_iv,Luke,new_testament,Bible:Luke.16.31,Luke xvi. 31
irenaeus,against_heresies_iv,Luke,new_testament,Bible:Luke.16.19,Luke xvi. 19
irenaeus,against_heresies_iv,Isa,old_testament_or_other,Bible:Isa.5.12,Isa. v. 12
irenaeus,against_heresies_iv,Matt,new_testament,Bible:Matt.5.34,Matt. v. 34
irenaeus,against_heresies_iv,Isa,old_testament_or_other,Bible:Isa.66.1,Isa. lxvi. 1
irenaeus,against_heresies_iv,Matt,new_testament,Bible:Matt.21.13,Matt. xxi. 13
irenaeus,against_heresies_iv,Isa,old_testament_or_other,Bible:Isa.1.23,Isa. i. 23
irenaeus,against_heresies_iv,Jer,old_testament_or_other,Bible:Jer.4.22,Jer. iv. 22
irenaeus,against_heresies_iv,Matt,new_testament,Bible:Matt.10.6,Matt. x. 6
irenaeus,against_heresies_iv,John,new_testament,Bible:John.4.41,John iv. 41
irenaeus,against_heresies_iv,Rom,new_testament,Bible:Rom.11.26,Rom. xi. 26
irenaeus,against_heresies_iv,Gal,new_testament,Bible:Gal.3.24,Gal. iii. 24
irenaeus,against_heresies_iv,Num,old_testament_or_other,Bible:Num.21.8,Num. xxi. 8
irenaeus,against_heresies_iv,John,new_testament,Bible:John.12.32,John xii. 32
irenaeus,against_heresies_iv,John,new_testament,Bible:John.3.14,John iii. 14
irenaeus,against_heresies_iv,1Cor,new_testament,Bible:1Cor.7.31,1 Cor. vii. 31
irenaeus,against_heresies_iv,Ps,old_testament_or_other,Bible:Ps.102.25-Ps.102.28,Ps. cii. 25–28
irenaeus,against_heresies_iv,Isa,old_testament_or_other,Bible:Isa.51.6,Isa. li. 6
irenaeus,against_heresies_iv,Matt,new_testament,Bible:Matt.5.35,Matt. v. 35
irenaeus,against_heresies_iv,Jer,old_testament_or_other,Bible:Jer.7.4,Jer. vii. 4
irenaeus,against_heresies_iv,Rev,new_testament,Bible:Rev.2.5,Rev. ii. 5
irenaeus,against_heresies_iv,Rom,new_testament,Bible:Rom.11.21,Rom. xi. 21
irenaeus,against_heresies_iv,Isa,old_testament_or_other,Bible:Isa.27.6,Isa. xxvii. 6
irenaeus,against_heresies_iv,Luke,new_testament,Bible:Luke.16.16,Luke xvi. 16
irenaeus,against_heresies_iv,2Sam,old_testament_or_other,Bible:2Sam.5.7,2 Sam. v. 7
irenaeus,against_heresies_iv,Isa,old_testament_or_other,Bible:Isa.1.8,Isa. i. 8
irenaeus,against_heresies_iv,Mal,old_testament_or_other,Bible:Mal.4.1,Mal. iv. 1
irenaeus,against_heresies_iv,Matt,new_testament,Bible:Matt.3.11,Matt. iii. 11
irenaeus,against_heresies_iv,Ps,old_testament_or_other,Bible:Ps.49.12,Ps. xlix. 12
irenaeus,against_heresies_iv,Eph,new_testament,Bible:Eph.2.7,Eph. ii. 7
irenaeus,against_heresies_iv,Isa,old_testament_or_other,Bible:Isa.43.10,Isa. xliii. 10
irenaeus,against_heresies_iv,Isa,old_testament_or_other,Bible:Isa.12.4,Isa. xii. 4
irenaeus,against_heresies_iv,Matt,new_testament,Bible:Matt.22.29,Matt. xxii. 29
irenaeus,against_heresies_iv,Exod,old_testament_or_other,Bible:Exod.3.6,Ex. iii. 6
irenaeus,against_heresies_iv,John,new_testament,Bible:John.11.25,John xi. 25
irenaeus,against_heresies_iv,Ps,old_testament_or_other,Bible:Ps.45.16,Ps. xlv. 16
irenaeus,against_heresies_iv,John,new_testament,Bible:John.8.56,John viii. 56
irenaeus,against_heresies_iv,Rom,new_testament,Bible:Rom.4.3,Rom. iv. 3
irenaeus,against_heresies_iv,Phil,new_testament,Bible:Phil.2.15,Phil. ii. 15
irenaeus,against_heresies_iv,Gen,old_testament_or_other,Bible:Gen.22.6,Gen. xxii. 6
irenaeus,against_heresies_iv,Gen,old_testament_or_other,Bible:Gen.14.22,Gen. xiv. 22
irenaeus,against_heresies_iv,Matt,new_testament,Bible:Matt.11.27,Matt. xi. 27
irenaeus,against_heresies_iv,Luke,new_testament,Bible:Luke.10.22,Luke x. 22
irenaeus,against_heresies_iv,John,new_testament,Bible:John.5.30-John.5.39,John v. 30–39
irenaeus,against_heresies_iv,Mark,new_testament,Bible:Mark.1.24,Mark i. 24
irenaeus,against_heresies_iv,Matt,new_testament,Bible:Matt.4.3,Matt. iv. 3
irenaeus,against_heresies_iv,Luke,new_testament,Bible:Luke.4.3,Luke iv. 3
irenaeus,against_heresies_iv,Gen,old_testament_or_other,Bible:Gen.17.17,Gen. xvii. 17
irenaeus,against_heresies_iv,Luke,new_testament,Bible:Luke.2.29,Luke ii. 29
irenaeus,against_heresies_iv,Luke,new_testament,Bible:Luke.2.8,Luke ii. 8
irenaeus,against_heresies_iv,Luke,new_testament,Bible:Luke.1.46,Luke i. 46
irenaeus,against_heresies_iv,Gen,old_testament_or_other,Bible:Gen.15.5,Gen. xv. 5
irenaeus,against_heresies_iv,Matt,new_testament,Bible:Matt.3.9,Matt. iii. 9
irenaeus,against_heresies_iv,Rom,new_testament,Bible:Rom.4.12,Rom. iv. 12
irenaeus,against_heresies_iv,Gal,new_testament,Bible:Gal.4.28,Gal. iv. 28
irenaeus,against_heresies_iv,Matt,new_testament,Bible:Matt.5.14,Matt. v. 14
irenaeus,against_heresies_iv,John,new_testament,Bible:John.14.6-John.14.7,"John xiv. 6, 7"
irenaeus,against_heresies_iv,Gen,old_testament_or_other,Bible:Gen.18.1,Gen. xviii. 1
irenaeus,against_heresies_iv,Exod,old_testament_or_other,Bible:Exod.3.7-Exod.3.8,"Ex. iii. 7, 8"
irenaeus,against_heresies_iv,Matt,new_testament,Bible:Matt.8.11,Matt. viii. 11
irenaeus,against_heresies_iv,Luke,new_testament,Bible:Luke.13.28,Luke xiii. 28
irenaeus,against_heresies_iv,Luke,new_testament,Bible:Luke.13.15-Luke.13.16,"Luke xiii. 15, 16"
irenaeus,against_heresies_iv,Luke,new_testament,Bible:Luke.6.3-Luke.6.4,"Luke vi. 3, 4"
irenaeus,against_heresies_iv,1Pet,new_testament,Bible:1Pet.2.5 Bible:1Pet.2.9,"1 Pet. ii. 5, 9"
irenaeus,against_heresies_iv,Exod,old_testament_or_other,Bible:Exod.19.6,Ex. xix. 6
irenaeus,against_heresies_iv,Deut,old_testament_or_other,Bible:Deut.33.9,Deut. xxxiii. 9
irenaeus,against_heresies_iv,Num,old_testament_or_other,Bible:Num.18.20,Num. xviii. 20
irenaeus,against_heresies_iv,Deut,old_testament_or_other,Bible:Deut.18.1,Deut. xviii. 1
irenaeus,against_heresies_iv,Phil,new_testament,Bible:Phil.4.17,Phil. iv. 17
irenaeus,against_heresies_iv,Matt,new_testament,Bible:Matt.10.10,Matt. x. 10
irenaeus,against_heresies_iv,Num,old_testament_or_other,Bible:Num.15.32,Num. xv. 32
irenaeus,against_heresies_iv,Matt,new_testament,Bible:Matt.3.10,Matt. iii. 10
irenaeus,against_heresies_iv,1Cor,new_testament,Bible:1Cor.3.17,1 Cor. iii. 17
irenaeus,against_heresies_iv,Matt,new_testament,Bible:Matt.13.52,Matt. xiii. 52
irenaeus,against_heresies_iv,Matt,new_testament,Bible:Matt.23.34,Matt. xxiii. 34
irenaeus,against_heresies_iv,Ps,old_testament_or_other,Bible:Ps.96.1,Ps. xcvi. 1
irenaeus,against_heresies_iv,Isa,old_testament_or_other,Bible:Isa.42.10,Isa. xlii. 10
irenaeus,against_heresies_iv,Jer,old_testament_or_other,Bible:Jer.31.31,Jer. xxxi. 31
irenaeus,against_heresies_iv,Matt,new_testament,Bible:Matt.12.6,Matt. xii. 6
irenaeus,against_heresies_iv,John,new_testament,Bible:John.1.50,John i. 50
irenaeus,against_heresies_iv,Phil,new_testament,Bible:Phil.3.12,Phil. iii. 12
irenaeus,against_heresies_iv,1Cor,new_testament,Bible:1Cor.4.4,1 Cor. iv. 4
irenaeus,against_heresies_iv,1Cor,new_testament,Bible:1Cor.13.9-1Cor.13.10,"1 Cor. xiii. 9, 10"
irenaeus,against_heresies_iv,Matt,new_testament,Bible:Matt.5.8,Matt. v. 8
irenaeus,against_heresies_iv,Isa,old_testament_or_other,Bible:Isa.25.9,Isa. xxv. 9
irenaeus,against_heresies_iv,1Pet,new_testament,Bible:1Pet.1.8,1 Pet. i. 8
irenaeus,against_heresies_iv,Rom,new_testament,Bible:Rom.8.15,Rom. viii. 15
irenaeus,against_heresies_iv,2Tim,new_testament,Bible:2Tim.3.7,2 Tim. iii. 7
irenaeus,against_heresies_iv,Matt,new_testament,Bible:Matt.15.3-Matt.15.4,"Matt. xv. 3, 4"
irenaeus,against_heresies_iv,Exod,old_testament_or_other,Bible:Exod.20.12,Ex. xx. 12
irenaeus,against_heresies_iv,John,new_testament,Bible:John.5.39-John.5.40,"John v. 39, 40"
irenaeus,against_heresies_iv,John,new_testament,Bible:John.5.46,John v. 46
irenaeus,against_heresies_iv,Gen,old_testament_or_other,Bible:Gen.18.13,Gen. xviii. 13
irenaeus,against_heresies_iv,Gen,old_testament_or_other,Bible:Gen.31.11,Gen. xxxi. 11
irenaeus,against_heresies_iv,Exod,old_testament_or_other,Bible:Exod.3.4,Ex. iii. 4
irenaeus,against_heresies_iv,Deut,old_testament_or_other,Bible:Deut.16.5-Deut.16.6,"Deut. xvi. 5, 6"
irenaeus,against_heresies_iv,Gen,old_testament_or_other,Bible:Gen.49.10-Gen.49.12,Gen. xlix. 10–12
irenaeus,against_heresies_iv,Deut,old_testament_or_other,Bible:Deut.32.6,Deut. xxxii. 6
irenaeus,against_heresies_iv,Deut,old_testament_or_other,Bible:Deut.28.66,Deut. xxviii. 66
irenaeus,against_heresies_iv,Matt,new_testament,Bible:Matt.13.17,Matt. xiii. 17
irenaeus,against_heresies_iv,Gen,old_testament_or_other,Bible:Gen.1.28,Gen. i. 28
irenaeus,against_heresies_iv,Matt,new_testament,Bible:Matt.25.21,Matt. xxv. 21
irenaeus,against_heresies_iv,Ps,old_testament_or_other,Bible:Ps.35.9,Ps. xxxv. 9
irenaeus,against_heresies_iv,Matt,new_testament,Bible:Matt.21.8,Matt. xxi. 8
irenaeus,against_heresies_iv,Matt,new_testament,Bible:Matt.21.16,Matt. xxi. 16
irenaeus,against_heresies_iv,Ps,old_testament_or_other,Bible:Ps.8.3,Ps. viii. 3
irenaeus,against_heresies_iv,Isa,old_testament_or_other,Bible:Isa.1.22,Isa. i. 22
irenaeus,against_heresies_iv,Matt,new_testament,Bible:Matt.15.3,Matt. xv. 3
irenaeus,against_heresies_iv,Rom,new_testament,Bible:Rom.13.10,Rom. xiii. 10
irenaeus,against_heresies_iv,1Cor,new_testament,Bible:1Cor.13.13,1 Cor. xiii. 13
irenaeus,against_heresies_iv,1Cor,new_testament,Bible:1Cor.13.2,1 Cor. xiii. 2
irenaeus,against_heresies_iv,Matt,new_testament,Bible:Matt.23.2-Matt.23.4,Matt. xxiii. 2–4
irenaeus,against_heresies_iv,Isa,old_testament_or_other,Bible:Isa.29.13,Isa. xxix. 13
irenaeus,against_heresies_iv,Rom,new_testament,Bible:Rom.10.3-Rom.10.4,"Rom. x. 3, 4"
irenaeus,against_heresies_iv,Matt,new_testament,Bible:Matt.19.17-Matt.19.18,"Matt. xix. 17, 18"
irenaeus,against_heresies_iv,Luke,new_testament,Bible:Luke.19.8,Luke xix. 8
irenaeus,against_heresies_iv,Rom,new_testament,Bible:Rom.2.27,Rom. ii. 27
irenaeus,against_heresies_iv,Matt,new_testament,Bible:Matt.5.27-Matt.5.28,"Matt. v. 27, 28"
irenaeus,against_heresies_iv,Matt,new_testament,Bible:Matt.5.21-Matt.5.22,"Matt. v. 21, 22"
irenaeus,against_heresies_iv,Matt,new_testament,Bible:Matt.5.33,Matt. v. 33
irenaeus,against_heresies_iv,Matt,new_testament,Bible:Matt.5.20,Matt. v. 20
irenaeus,against_heresies_iv,Matt,new_testament,Bible:Matt.19.21,Matt. xix. 21
irenaeus,against_heresies_iv,Luke,new_testament,Bible:Luke.6.29-Luke.6.31,Luke vi. 29–31
irenaeus,against_heresies_iv,Matt,new_testament,Bible:Matt.5.41,Matt. v. 41
irenaeus,against_heresies_iv,Matt,new_testament,Bible:Matt.5.45,Matt. v. 45
irenaeus,against_heresies_iv,John,new_testament,Bible:John.15.15,John xv. 15
irenaeus,against_heresies_iv,Jas,new_testament,Bible:Jas.2.23,Jas. ii. 23
irenaeus,against_heresies_iv,John,new_testament,Bible:John.8.58,John viii. 58
irenaeus,against_heresies_iv,John,new_testament,Bible:John.17.5,John xvii. 5
irenaeus,against_heresies_iv,John,new_testament,Bible:John.15.16,John xv. 16
irenaeus,against_heresies_iv,John,new_testament,Bible:John.17.24,John xvii. 24
irenaeus,against_heresies_iv,Isa,old_testament_or_other,Bible:Isa.43.5,Isa. xliii. 5
irenaeus,against_heresies_iv,Matt,new_testament,Bible:Matt.24.28,Matt. xxiv. 28
irenaeus,against_heresies_iv,Luke,new_testament,Bible:Luke.15.22-Luke.15.23,"Luke xv. 22, 23"
irenaeus,against_heresies_iv,Rev,new_testament,Bible:Rev.1.15,Rev. i. 15
irenaeus,against_heresies_iv,Exod,old_testament_or_other,Bible:Exod.25.40,Ex. xxv. 40
irenaeus,against_heresies_iv,1Cor,new_testament,Bible:1Cor.10.11,1 Cor. x. 11
irenaeus,against_heresies_iv,Deut,old_testament_or_other,Bible:Deut.5.22,Deut. v. 22
irenaeus,against_heresies_iv,Ezek,old_testament_or_other,Bible:Ezek.20.24,Ezek. xx. 24
irenaeus,against_heresies_iv,Acts,new_testament,Bible:Acts.6.3-Acts.6.7,Acts vi. 3–7
irenaeus,against_heresies_iv,Amos,old_testament_or_other,Bible:Amos.5.25-Amos.5.26,"Amos v. 25, 26"
irenaeus,against_heresies_iv,Acts,new_testament,Bible:Acts.7.38,Acts vii. 38
irenaeus,against_heresies_iv,Exod,old_testament_or_other,Bible:Exod.33.2-Exod.33.3,"Ex. xxxiii. 2, 3"
irenaeus,against_heresies_iv,Matt,new_testament,Bible:Matt.19.7-Matt.19.8,"Matt. xix. 7, 8"
irenaeus,against_heresies_iv,1Cor,new_testament,Bible:1Cor.7.12,1 Cor. vii. 12
irenaeus,against_heresies_iv,1Cor,new_testament,Bible:1Cor.7.6,1 Cor. vii. 6
irenaeus,against_heresies_iv,1Cor,new_testament,Bible:1Cor.7.25,1 Cor. vii. 25
irenaeus,against_heresies_iv,1Cor,new_testament,Bible:1Cor.7.5,1 Cor. vii. 5
irenaeus,against_heresies_iv,Matt,new_testament,Bible:Matt.20.16,Matt. xx. 16
irenaeus,against_heresies_iv,Gen,old_testament_or_other,Bible:Gen.17.9-Gen.17.11,Gen. xvii. 9–11
irenaeus,against_heresies_iv,Ezek,old_testament_or_other,Bible:Ezek.20.12,Ezek. xx. 12
irenaeus,against_heresies_iv,Exod,old_testament_or_other,Bible:Exod.21.13,Ex. xxi. 13
irenaeus,against_heresies_iv,Col,new_testament,Bible:Col.2.11,Col. ii. 11
irenaeus,against_heresies_iv,Deut,old_testament_or_other,Bible:Deut.10.16,Deut. x. 16
irenaeus,against_heresies_iv,Rom,new_testament,Bible:Rom.8.36,Rom. viii. 36
irenaeus,against_heresies_iv,Matt,new_testament,Bible:Matt.6.19,Matt. vi. 19
irenaeus,against_heresies_iv,Gen,old_testament_or_other,Bible:Gen.6.2,Gen. vi. 2
irenaeus,against_heresies_iv,Deut,old_testament_or_other,Bible:Deut.5.2,Deut. v. 2
irenaeus,against_heresies_iv,1Tim,new_testament,Bible:1Tim.1.9,1 Tim. i. 9
irenaeus,against_heresies_iv,Deut,old_testament_or_other,Bible:Deut.8.3,Deut. viii. 3
irenaeus,against_heresies_iv,Deut,old_testament_or_other,Bible:Deut.10.12,Deut. x. 12
irenaeus,against_heresies_iv,Deut,old_testament_or_other,Bible:Deut.30.19-Deut.30.20,"Deut. xxx. 19, 20"
irenaeus,against_heresies_iv,Deut,old_testament_or_other,Bible:Deut.4.14,Deut. iv. 14
irenaeus,against_heresies_iv,Matt,new_testament,Bible:Matt.12.36,Matt. xii. 36
irenaeus,against_heresies_iv,Matt,new_testament,Bible:Matt.5.28,Matt. v. 28
irenaeus,against_heresies_iv,Matt,new_testament,Bible:Matt.5.22,Matt. v. 22
irenaeus,against_heresies_iv,1Pet,new_testament,Bible:1Pet.2.16,1 Pet. ii. 16
irenaeus,against_heresies_iv,1Sam,old_testament_or_other,Bible:1Sam.15.22,1 Sam. xv. 22
irenaeus,against_heresies_iv,Heb,new_testament,Bible:Heb.10.9,Heb. x. 9
irenaeus,against_heresies_iv,Exod,old_testament_or_other,Bible:Exod.21.6,Ex. xxi. 6
irenaeus,against_heresies_iv,Heb,new_testament,Bible:Heb.5.7-Heb.5.9,Heb. v. 7–9
irenaeus,against_heresies_iv,Ps,old_testament_or_other,Bible:Ps.40.6,Ps. xl. 6
irenaeus,against_heresies_iv,Ps,old_testament_or_other,Bible:Ps.51.17,Ps. li. 17
irenaeus,against_heresies_iv,Ps,old_testament_or_other,Bible:Ps.50.9,Ps. l. 9
irenaeus,against_heresies_iv,Ps,old_testament_or_other,Bible:Ps.50.14-Ps.50.15,"Ps. l. 14, 15"
irenaeus,against_heresies_iv,Isa,old_testament_or_other,Bible:Isa.1.11,Isa. i. 11
irenaeus,against_heresies_iv,Ps,old_testament_or_other,Bible:Ps.51.19,Ps. li. 19
irenaeus,against_heresies_iv,Jer,old_testament_or_other,Bible:Jer.6.20,Jer. vi. 20
irenaeus,against_heresies_iv,Jer,old_testament_or_other,Bible:Jer.7.2-Jer.7.3,"Jer. vii. 2, 3"
irenaeus,against_heresies_iv,Jer,old_testament_or_other,Bible:Jer.7.21,Jer. vii. 21
irenaeus,against_heresies_iv,Jer,old_testament_or_other,Bible:Jer.9.24,Jer. ix. 24
irenaeus,against_heresies_iv,Isa,old_testament_or_other,Bible:Isa.43.23-Isa.43.24,"Isa. xliii. 23, 24"
irenaeus,against_heresies_iv,Isa,old_testament_or_other,Bible:Isa.46.2,Isa. xlvi. 2
irenaeus,against_heresies_iv,Jer,old_testament_or_other,Bible:Jer.11.15,Jer. xi. 15
irenaeus,against_heresies_iv,Isa,old_testament_or_other,Bible:Isa.58.6,Isa. lviii. 6
irenaeus,against_heresies_iv,Zech,old_testament_or_other,Bible:Zech.7.9-Zech.7.10,"Zech. vii. 9, 10"
irenaeus,against_heresies_iv,Zech,old_testament_or_other,Bible:Zech.8.16-Zech.8.17,"Zech. viii. 16, 17"
irenaeus,against_heresies_iv,Ps,old_testament_or_other,Bible:Ps.34.13-Ps.34.14,"Ps. xxxiv. 13, 14"
irenaeus,against_heresies_iv,Hos,old_testament_or_other,Bible:Hos.6.6,Hos. vi. 6
irenaeus,against_heresies_iv,Matt,new_testament,Bible:Matt.12.7,Matt. xii. 7
irenaeus,against_heresies_iv,Matt,new_testament,Bible:Matt.26.26,Matt. xxvi. 26
irenaeus,against_heresies_iv,Mal,old_testament_or_other,Bible:Mal.1.10-Mal.1.11,"Mal. i. 10, 11"
irenaeus,against_heresies_iv,Rev,new_testament,Bible:Rev.5.8,Rev. v. 8
irenaeus,against_heresies_iv,Matt,new_testament,Bible:Matt.5.23-Matt.5.24,"Matt. v. 23, 24"
irenaeus,against_heresies_iv,Deut,old_testament_or_other,Bible:Deut.16.16,Deut. xvi. 16
irenaeus,against_heresies_iv,Luke,new_testament,Bible:Luke.21.4,Luke xxi. 4
irenaeus,against_heresies_iv,Acts,new_testament,Bible:Acts.2.44-Acts.2.45,"Acts ii. 44, 45"
irenaeus,against_heresies_iv,Gen,old_testament_or_other,Bible:Gen.4.7,Gen. iv. 7
irenaeus,against_heresies_iv,Matt,new_testament,Bible:Matt.23.27-Matt.23.28,"Matt. xxiii. 27, 28"
irenaeus,against_heresies_iv,Matt,new_testament,Bible:Matt.23.26,Matt. xxiii. 26
irenaeus,against_heresies_iv,Jer,old_testament_or_other,Bible:Jer.22.17,Jer. xxii. 17
irenaeus,against_heresies_iv,Isa,old_testament_or_other,Bible:Isa.30.1,Isa. xxx. 1
irenaeus,against_heresies_iv,John,new_testament,Bible:John.19.11,John xix. 11
irenaeus,against_heresies_iv,Isa,old_testament_or_other,Bible:Isa.66.3,Isa. lxvi. 3
irenaeus,against_heresies_iv,Phil,new_testament,Bible:Phil.4.18,Phil. iv. 18
irenaeus,against_heresies_iv,Mark,new_testament,Bible:Mark.4.28,Mark iv. 28
irenaeus,against_heresies_iv,Prov,old_testament_or_other,Bible:Prov.19.17,Prov. xix. 17
irenaeus,against_heresies_iv,Matt,new_testament,Bible:Matt.25.34,Matt. xxv. 34
irenaeus,against_heresies_iv,Rev,new_testament,Bible:Rev.11.19,Rev. xi. 19
irenaeus,against_heresies_iv,Isa,old_testament_or_other,Bible:Isa.40.12,Isa. xl. 12
irenaeus,against_heresies_iv,Eph,new_testament,Bible:Eph.1.21,Eph. i. 21
irenaeus,against_heresies_iv,Jer,old_testament_or_other,Bible:Jer.23.23,Jer. xxiii. 23
irenaeus,against_heresies_iv,Gen,old_testament_or_other,Bible:Gen.2.7,Gen. ii. 7
irenaeus,against_heresies_iv,Mal,old_testament_or_other,Bible:Mal.2.10,Mal. ii. 10
irenaeus,against_heresies_iv,Eph,new_testament,Bible:Eph.4.6,Eph. iv. 6
irenaeus,against_heresies_iv,Rev,new_testament,Bible:Rev.3.7,Rev. iii. 7
irenaeus,against_heresies_iv,1Pet,new_testament,Bible:1Pet.2.23,1 Pet. ii. 23
irenaeus,against_heresies_iv,Col,new_testament,Bible:Col.1.18,Col. i. 18
irenaeus,against_heresies_iv,Prov,old_testament_or_other,Bible:Prov.3.19-Prov.3.20,"Prov. iii. 19, 20"
irenaeus,against_heresies_iv,Prov,old_testament_or_other,Bible:Prov.8.22-Prov.8.25,Prov. viii. 22–25
irenaeus,against_heresies_iv,Prov,old_testament_or_other,Bible:Prov.8.27-Prov.8.31,Prov. viii. 27–31
irenaeus,against_heresies_iv,Luke,new_testament,Bible:Luke.1.71 Bible:Luke.1.75,"Luke i. 71, 75"
irenaeus,against_heresies_iv,Exod,old_testament_or_other,Bible:Exod.33.20,Ex. xxxiii. 20
irenaeus,against_heresies_iv,Luke,new_testament,Bible:Luke.18.27,Luke xviii. 27
irenaeus,against_heresies_iv,Deut,old_testament_or_other,Bible:Deut.5.24,Deut. v. 24
irenaeus,against_heresies_iv,Hos,old_testament_or_other,Bible:Hos.12.10,Hos. xii. 10
irenaeus,against_heresies_iv,1Cor,new_testament,Bible:1Cor.12.4-1Cor.12.7,1 Cor. xii. 4–7
irenaeus,against_heresies_iv,John,new_testament,Bible:John.1.18,John i. 18
irenaeus,against_heresies_iv,Isa,old_testament_or_other,Bible:Isa.6.5,Isa. vi. 5
irenaeus,against_heresies_iv,Ps,old_testament_or_other,Bible:Ps.22.15,Ps. xxii. 15
irenaeus,against_heresies_iv,Deut,old_testament_or_other,Bible:Deut.4.24,Deut. iv. 24
irenaeus,against_heresies_iv,Exod,old_testament_or_other,Bible:Exod.34.6-Exod.34.7,"Ex. xxxiv. 6, 7"
irenaeus,against_heresies_iv,Num,old_testament_or_other,Bible:Num.12.8,Num. xii. 8
irenaeus,against_heresies_iv,Exod,old_testament_or_other,Bible:Exod.33.20-Exod.33.22,Ex. xxxiii. 20–22
irenaeus,against_heresies_iv,Matt,new_testament,Bible:Matt.17.3,Matt. xvii. 3
irenaeus,against_heresies_iv,1Kgs,old_testament_or_other,Bible:1Kgs.19.11-1Kgs.19.12,"1 Kings xix. 11, 12"
irenaeus,against_heresies_iv,Isa,old_testament_or_other,Bible:Isa.42.3,Isa. xlii. 3
irenaeus,against_heresies_iv,Ezek,old_testament_or_other,Bible:Ezek.1.1,Ezek. i. 1
irenaeus,against_heresies_iv,Ezek,old_testament_or_other,Bible:Ezek.2.1,Ezek. ii. 1
irenaeus,against_heresies_iv,Dan,old_testament_or_other,Bible:Dan.3.26,Dan. iii. 26
irenaeus,against_heresies_iv,Dan,old_testament_or_other,Bible:Dan.7.13-Dan.7.14,"Dan. vii. 13, 14"
irenaeus,against_heresies_iv,Dan,old_testament_or_other,Bible:Dan.7.4,Dan. vii. 4
irenaeus,against_heresies_iv,Rev,new_testament,Bible:Rev.1.12,Rev. i. 12
irenaeus,against_heresies_iv,Rev,new_testament,Bible:Rev.1.17,Rev. i. 17
irenaeus,against_heresies_iv,Rev,new_testament,Bible:Rev.5.6,Rev. v. 6
irenaeus,against_heresies_iv,Rev,new_testament,Bible:Rev.19.11-Rev.19.17,Rev. xix. 11–17
irenaeus,against_heresies_iv,Hos,old_testament_or_other,Bible:Hos.1.2-Hos.1.3,"Hos. i. 2, 3"
irenaeus,against_heresies_iv,Acts,new_testament,Bible:Acts.15.14,Acts xv. 14
irenaeus,against_heresies_iv,1Cor,new_testament,Bible:1Cor.7.14,1 Cor. vii. 14
irenaeus,against_heresies_iv,Hos,old_testament_or_other,Bible:Hos.1.6-Hos.1.9,Hos. i. 6–9
irenaeus,against_heresies_iv,Rom,new_testament,Bible:Rom.9.25-Rom.9.26,"Rom. ix. 25, 26"
irenaeus,against_heresies_iv,Matt,new_testament,Bible:Matt.21.31,Matt. xxi. 31
irenaeus,against_heresies_iv,Gal,new_testament,Bible:Gal.3.5-Gal.3.9,Gal. iii. 5–9
irenaeus,against_heresies_iv,Gen,old_testament_or_other,Bible:Gen.12.3,Gen. xii. 3
irenaeus,against_heresies_iv,Rom,new_testament,Bible:Rom.9.10-Rom.9.13,Rom. ix. 10–13
irenaeus,against_heresies_iv,Gen,old_testament_or_other,Bible:Gen.25.23,Gen. xxv. 23
irenaeus,against_heresies_iv,Rom,new_testament,Bible:Rom.9.13,Rom. ix. 13
irenaeus,against_heresies_iv,Mal,old_testament_or_other,Bible:Mal.1.2,Mal. i. 2
irenaeus,against_heresies_iv,Gen,old_testament_or_other,Bible:Gen.25.26,Gen. xxv. 26
irenaeus,against_heresies_iv,Rev,new_testament,Bible:Rev.6.2,Rev. vi. 2
irenaeus,against_heresies_iv,John,new_testament,Bible:John.19.15,John xix. 15
irenaeus,against_heresies_iv,Ps,old_testament_or_other,Bible:Ps.2.8,Ps. ii. 8
irenaeus,against_heresies_iv,Isa,old_testament_or_other,Bible:Isa.4.4,Isa. iv. 4
irenaeus,against_heresies_iv,John,new_testament,Bible:John.13.5,John xiii. 5
irenaeus,against_heresies_iv,Eph,new_testament,Bible:Eph.4.9,Eph. iv. 9
irenaeus,against_heresies_iv,Rom,new_testament,Bible:Rom.3.30,Rom. iii. 30
irenaeus,against_heresies_iv,John,new_testament,Bible:John.4.35,John iv. 35
irenaeus,against_heresies_iv,Matt,new_testament,Bible:Matt.1.20,Matt. i. 20
irenaeus,against_heresies_iv,Luke,new_testament,Bible:Luke.4.18,Luke iv. 18
irenaeus,against_heresies_iv,Isa,old_testament_or_other,Bible:Isa.61.1,Isa. lxi. 1
irenaeus,against_heresies_iv,Acts,new_testament,Bible:Acts.8.27,Acts viii. 27
irenaeus,against_heresies_iv,Isa,old_testament_or_other,Bible:Isa.53.7,Isa. liii. 7
irenaeus,against_heresies_iv,Acts,new_testament,Bible:Acts.2.41,Acts ii. 41
irenaeus,against_heresies_iv,Acts,new_testament,Bible:Acts.4.4,Acts iv. 4
irenaeus,against_heresies_iv,1Cor,new_testament,Bible:1Cor.15.10,1 Cor. xv. 10
irenaeus,against_heresies_iv,Phil,new_testament,Bible:Phil.2.8,Phil. ii. 8
irenaeus,against_heresies_iv,Eph,new_testament,Bible:Eph.2.20,Eph. ii. 20
irenaeus,against_heresies_iv,Gal,new_testament,Bible:Gal.3.14-Gal.3.20,Gal. iii. 14–20
irenaeus,against_heresies_iv,Gen,old_testament_or_other,Bible:Gen.38.28,Gen. xxxviii. 28
irenaeus,against_heresies_iv,John,new_testament,Bible:John.4.37,John iv. 37
irenaeus,against_heresies_iv,1Cor,new_testament,Bible:1Cor.3.7,1 Cor. iii. 7
irenaeus,against_heresies_iv,Jer,old_testament_or_other,Bible:Jer.9.2,Jer. ix. 2
irenaeus,against_heresies_iv,Matt,new_testament,Bible:Matt.13.44,Matt. xiii. 44
irenaeus,against_heresies_iv,Matt,new_testament,Bible:Matt.13.38,Matt. xiii. 38
irenaeus,against_heresies_iv,Dan,old_testament_or_other,Bible:Dan.12.4 Bible:Dan.12.7,"Dan. xii. 4, 7"
irenaeus,against_heresies_iv,Jer,old_testament_or_other,Bible:Jer.23.20,Jer. xxiii. 20
irenaeus,against_heresies_iv,Dan,old_testament_or_other,Bible:Dan.12.3,Dan. xii. 3
irenaeus,against_heresies_iv,Luke,new_testament,Bible:Luke.24.26 Bible:Luke.24.47,"Luke xxiv. 26, 47"
irenaeus,against_heresies_iv,Acts,new_testament,Bible:Acts.1.3,Acts i. 3
irenaeus,against_heresies_iv,Sir,deuterocanonical,Bible:Sir.4.31,Sirach iv. 31
irenaeus,against_heresies_iv,Lev,old_testament_or_other,Bible:Lev.10.1-Lev.10.2,"Lev. x. 1, 2"
irenaeus,against_heresies_iv,Num,old_testament_or_other,Bible:Num.16.33,Num. xvi. 33
irenaeus,against_heresies_iv,1Kgs,old_testament_or_other,Bible:1Kgs.14.10,1 Kings xiv. 10
irenaeus,against_heresies_iv,Sus,deuterocanonical,Bible:Sus.1.56,Susanna 56
irenaeus,against_heresies_iv,Exod,old_testament_or_other,Bible:Exod.23.7,Ex. xxiii. 7
irenaeus,against_heresies_iv,Matt,new_testament,Bible:Matt.24.48,Matt. xxiv. 48
irenaeus,against_heresies_iv,Luke,new_testament,Bible:Luke.12.45,Luke xii. 45
irenaeus,against_heresies_iv,Num,old_testament_or_other,Bible:Num.16.15,Num. xvi. 15
irenaeus,against_heresies_iv,1Sam,old_testament_or_other,Bible:1Sam.12.3,1 Sam. xii. 3
irenaeus,against_heresies_iv,2Cor,new_testament,Bible:2Cor.2.17,2 Cor. ii. 17
irenaeus,against_heresies_iv,2Cor,new_testament,Bible:2Cor.7.2,2 Cor. vii. 2
irenaeus,against_heresies_iv,Isa,old_testament_or_other,Bible:Isa.60.17,Isa. lx. 17
irenaeus,against_heresies_iv,Matt,new_testament,Bible:Matt.24.45-Matt.24.46,"Matt. xxiv. 45, 46"
irenaeus,against_heresies_iv,1Cor,new_testament,Bible:1Cor.12.28,1 Cor. xii. 28
irenaeus,against_heresies_iv,Rom,new_testament,Bible:Rom.2.12-Rom.2.16,Rom. ii. 12–16
irenaeus,against_heresies_iv,1Sam,old_testament_or_other,Bible:1Sam.18,1 Sam. xviii.
irenaeus,against_heresies_iv,2Sam,old_testament_or_other,Bible:2Sam.11.27,2 Sam. xi. 27
irenaeus,against_heresies_iv,2Sam,old_testament_or_other,Bible:2Sam.12.1,2 Sam. xii. 1
irenaeus,against_heresies_iv,1Kgs,old_testament_or_other,Bible:1Kgs.8.27,1 Kings viii. 27
irenaeus,against_heresies_iv,1Kgs,old_testament_or_other,Bible:1Kgs.4.34,1 Kings iv. 34
irenaeus,against_heresies_iv,1Kgs,old_testament_or_other,Bible:1Kgs.10.1,1 Kings x. 1
irenaeus,against_heresies_iv,1Kgs,old_testament_or_other,Bible:1Kgs.11.1,1 Kings xi. 1
irenaeus,against_heresies_iv,1Pet,new_testament,Bible:1Pet.3.19-1Pet.3.20,"1 Pet. iii. 19, 20"
irenaeus,against_heresies_iv,Rom,new_testament,Bible:Rom.3.23,Rom. iii. 23
irenaeus,against_heresies_iv,Rom,new_testament,Bible:Rom.11.17 Bible:Rom.11.21,"Rom. xi. 17, 21"
irenaeus,against_heresies_iv,Exod,old_testament_or_other,Bible:Exod.32.6,Ex. xxxii. 6
irenaeus,against_heresies_iv,1Cor,new_testament,Bible:1Cor.10.1,1 Cor. x. 1
irenaeus,against_heresies_iv,Matt,new_testament,Bible:Matt.25.41,Matt. xxv. 41
irenaeus,against_heresies_iv,1Cor,new_testament,Bible:1Cor.6.9-1Cor.6.10,"1 Cor. vi. 9, 10"
irenaeus,against_heresies_iv,Matt,new_testament,Bible:Matt.18.8-Matt.18.9,"Matt. xviii. 8, 9"
irenaeus,against_heresies_iv,1Cor,new_testament,Bible:1Cor.5.11,1 Cor. v. 11
irenaeus,against_heresies_iv,Eph,new_testament,Bible:Eph.5.6-Eph.5.7,"Eph. v. 6, 7"
irenaeus,against_heresies_iv,1Cor,new_testament,Bible:1Cor.5.6,1 Cor. v. 6
irenaeus,against_heresies_iv,Rom,new_testament,Bible:Rom.1.18,Rom. i. 18
irenaeus,against_heresies_iv,Luke,new_testament,Bible:Luke.18.7-Luke.18.8,"Luke xviii. 7, 8"
irenaeus,against_heresies_iv,2Thess,new_testament,Bible:2Thess.1.6-2Thess.1.10,2 Thess. i. 6–10
irenaeus,against_heresies_iv,Ps,old_testament_or_other,Bible:Ps.34.16,Ps. xxxiv. 16
irenaeus,against_heresies_iv,Matt,new_testament,Bible:Matt.26.24,Matt. xxvi. 24
irenaeus,against_heresies_iv,Matt,new_testament,Bible:Matt.10.15,Matt. x. 15
irenaeus,against_heresies_iv,Eph,new_testament,Bible:Eph.5.4,Eph. v. 4
irenaeus,against_heresies_iv,2Cor,new_testament,Bible:2Cor.2.15-2Cor.2.16,"2 Cor. ii. 15, 16"
irenaeus,against_heresies_iv,Num,old_testament_or_other,Bible:Num.14.30,Num. xiv. 30
irenaeus,against_heresies_iv,Jonah,old_testament_or_other,Bible:Jonah.4.11,Jon. iv. 11
irenaeus,against_heresies_iv,1Cor,new_testament,Bible:1Cor.14.20,1 Cor. xiv. 20
irenaeus,against_heresies_iv,Exod,old_testament_or_other,Bible:Exod.9.35,Ex. ix. 35
irenaeus,against_heresies_iv,Matt,new_testament,Bible:Matt.13.11-Matt.13.16,Matt. xiii. 11–16
irenaeus,against_heresies_iv,Isa,old_testament_or_other,Bible:Isa.6.10,Isa. vi. 10
irenaeus,against_heresies_iv,2Cor,new_testament,Bible:2Cor.4.4,2 Cor. iv. 4
irenaeus,against_heresies_iv,Rom,new_testament,Bible:Rom.1.28,Rom. i. 28
irenaeus,against_heresies_iv,2Thess,new_testament,Bible:2Thess.2.11,2 Thess. ii. 11
irenaeus,against_heresies_iv,Exod,old_testament_or_other,Bible:Exod.3.19,Ex. iii. 19
irenaeus,against_heresies_iv,Exod,old_testament_or_other,Bible:Exod.3.22,Ex. iii. 22
irenaeus,against_heresies_iv,Exod,old_testament_or_other,Bible:Exod.11.2,Ex. xi. 2
irenaeus,against_heresies_iv,Exod,old_testament_or_other,Bible:Exod.1.13-Exod.1.14,"Ex. i. 13, 14"
irenaeus,against_heresies_iv,Luke,new_testament,Bible:Luke.6.29,Luke vi. 29
irenaeus,against_heresies_iv,Matt,new_testament,Bible:Matt.7.5,Matt. vii. 5
irenaeus,against_heresies_iv,Matt,new_testament,Bible:Matt.7.1-Matt.7.2,"Matt. vii. 1, 2"
irenaeus,against_heresies_iv,Luke,new_testament,Bible:Luke.3.11,Luke iii. 11
irenaeus,against_heresies_iv,Matt,new_testament,Bible:Matt.25.35-Matt.25.36,"Matt. xxv. 35, 36"
irenaeus,against_heresies_iv,Matt,new_testament,Bible:Matt.6.3,Matt. vi. 3
irenaeus,against_heresies_iv,Luke,new_testament,Bible:Luke.16.9,Luke xvi. 9
irenaeus,against_heresies_iv,Rev,new_testament,Bible:Rev.15,Rev. xv.
irenaeus,against_heresies_iv,Rev,new_testament,Bible:Rev.16,Rev. xvi.
irenaeus,against_heresies_iv,Titus,new_testament,Bible:Titus.1.15,Tit. i. 15
irenaeus,against_heresies_iv,Gen,old_testament_or_other,Bible:Gen.19.33,Gen. xix. 33
irenaeus,against_heresies_iv,Gen,old_testament_or_other,Bible:Gen.19.35,Gen. xix. 35
irenaeus,against_heresies_iv,Gen,old_testament_or_other,Bible:Gen.19.31-Gen.19.32,"Gen. xix. 31, 32"
irenaeus,against_heresies_iv,Gal,new_testament,Bible:Gal.4.24,Gal. iv. 24
irenaeus,against_heresies_iv,Matt,new_testament,Bible:Matt.11.19,Matt. xi. 19
irenaeus,against_heresies_iv,Ps,old_testament_or_other,Bible:Ps.3.6,Ps. iii. 6
irenaeus,against_heresies_iv,Jer,old_testament_or_other,Bible:Jer.31.26,Jer. xxxi. 26
irenaeus,against_heresies_iv,Matt,new_testament,Bible:Matt.5.13,Matt. v. 13
irenaeus,against_heresies_iv,Gen,old_testament_or_other,Bible:Gen.1.3,Gen. i. 3
irenaeus,against_heresies_iv,John,new_testament,Bible:John.1.3,John i. 3
irenaeus,against_heresies_iv,Eph,new_testament,Bible:Eph.4.5-Eph.4.6,"Eph. iv. 5, 6"
irenaeus,against_heresies_iv,Eph,new_testament,Bible:Eph.4.16,Eph. iv. 16
irenaeus,against_heresies_iv,Col,new_testament,Bible:Col.2.19,Col. ii. 19
irenaeus,against_heresies_iv,1Cor,new_testament,Bible:1Cor.2.15,1 Cor. ii. 15
irenaeus,against_heresies_iv,Ps,old_testament_or_other,Bible:Ps.25.14,Ps. xxv. 14
irenaeus,against_heresies_iv,Rom,new_testament,Bible:Rom.1.21,Rom. i. 21
irenaeus,against_heresies_iv,Isa,old_testament_or_other,Bible:Isa.53.3,Isa. liii. 3
irenaeus,against_heresies_iv,Zech,old_testament_or_other,Bible:Zech.9.9,Zech. ix. 9
irenaeus,against_heresies_iv,Ps,old_testament_or_other,Bible:Ps.118.22,Ps. cxviii. 22
irenaeus,against_heresies_iv,Exod,old_testament_or_other,Bible:Exod.17.11,Ex. xvii. 11
irenaeus,against_heresies_iv,Isa,old_testament_or_other,Bible:Isa.11.12,Isa. xi. 12
irenaeus,against_heresies_iv,Dan,old_testament_or_other,Bible:Dan.7.13,Dan. vii. 13
irenaeus,against_heresies_iv,Isa,old_testament_or_other,Bible:Isa.11.4,Isa. xi. 4
irenaeus,against_heresies_iv,Matt,new_testament,Bible:Matt.3.12,Matt. iii. 12
irenaeus,against_heresies_iv,Luke,new_testament,Bible:Luke.3.17,Luke iii. 17
irenaeus,against_heresies_iv,1John,new_testament,Bible:1John.5.6,1 John v. 6
irenaeus,against_heresies_iv,John,new_testament,Bible:John.19.34-John.19.35,"John xix. 34, 35"
irenaeus,against_heresies_iv,John,new_testament,Bible:John.19.34,John xix. 34
irenaeus,against_heresies_iv,Matt,new_testament,Bible:Matt.12.41-Matt.12.42,"Matt. xii. 41, 42"
irenaeus,against_heresies_iv,Matt,new_testament,Bible:Matt.22.43,Matt. xxii. 43
irenaeus,against_heresies_iv,Luke,new_testament,Bible:Luke.11.21-Luke.11.22,"Luke xi. 21, 22"
irenaeus,against_heresies_iv,Matt,new_testament,Bible:Matt.23.24,Matt. xxiii. 24
irenaeus,against_heresies_iv,John,new_testament,Bible:John.1.14,John i. 14
irenaeus,against_heresies_iv,2Cor,new_testament,Bible:2Cor.8.1,2 Cor. viii. 1
irenaeus,against_heresies_iv,1Cor,new_testament,Bible:1Cor.13,1 Cor. xiii.
irenaeus,against_heresies_iv,Matt,new_testament,Bible:Matt.5.12,Matt. v. 12
irenaeus,against_heresies_iv,1Pet,new_testament,Bible:1Pet.4.14,1 Pet. iv. 14
irenaeus,against_heresies_iv,Isa,old_testament_or_other,Bible:Isa.6.1,Isa. vi. 1
irenaeus,against_heresies_iv,Ps,old_testament_or_other,Bible:Ps.110.1,Ps. cx. 1
irenaeus,against_heresies_iv,Zech,old_testament_or_other,Bible:Zech.12.10,Zech. xii. 10
irenaeus,against_heresies_iv,Luke,new_testament,Bible:Luke.18.8,Luke xviii. 8
irenaeus,against_heresies_iv,2Thess,new_testament,Bible:2Thess.1.6-2Thess.1.8,2 Thess. i. 6–8
irenaeus,against_heresies_iv,2Thess,new_testament,Bible:2Thess.1.9-2Thess.1.10,"2 Thess. i. 9, 10"
irenaeus,against_heresies_iv,Ps,old_testament_or_other,Bible:Ps.45.2,Ps. xlv. 2
irenaeus,against_heresies_iv,Ps,old_testament_or_other,Bible:Ps.45.7,Ps. xlv. 7
irenaeus,against_heresies_iv,Ps,old_testament_or_other,Bible:Ps.45.3-Ps.45.4,"Ps. xlv. 3, 4"
irenaeus,against_heresies_iv,Jer,old_testament_or_other,Bible:Jer.17.9,Jer. xvii. 9
irenaeus,against_heresies_iv,Isa,old_testament_or_other,Bible:Isa.8.3,Isa. viii. 3
irenaeus,against_heresies_iv,Isa,old_testament_or_other,Bible:Isa.9.6,Isa. ix. 6
irenaeus,against_heresies_iv,Isa,old_testament_or_other,Bible:Isa.7.14,Isa. vii. 14
irenaeus,against_heresies_iv,Joel,old_testament_or_other,Bible:Joel.3.16,Joel iii. 16
irenaeus,against_heresies_iv,Ps,old_testament_or_other,Bible:Ps.76.1,Ps. lxxvi. 1
irenaeus,against_heresies_iv,Hab,old_testament_or_other,Bible:Hab.3.3,Hab. iii. 3
irenaeus,against_heresies_iv,Isa,old_testament_or_other,Bible:Isa.35.5-Isa.35.6,"Isa. xxxv. 5, 6"
irenaeus,against_heresies_iv,Isa,old_testament_or_other,Bible:Isa.35.3,Isa. xxxv. 3
irenaeus,against_heresies_iv,Isa,old_testament_or_other,Bible:Isa.26.19,Isa. xxvi. 19
irenaeus,against_heresies_iv,Isa,old_testament_or_other,Bible:Isa.53.4,Isa. liii. 4
irenaeus,against_heresies_iv,Isa,old_testament_or_other,Bible:Isa.50.6,Isa. l. 6
irenaeus,against_heresies_iv,Ps,old_testament_or_other,Bible:Ps.69.21,Ps. lxix. 21
irenaeus,against_heresies_iv,Ps,old_testament_or_other,Bible:Ps.38.11,Ps. xxxviii. 11
irenaeus,against_heresies_iv,Isa,old_testament_or_other,Bible:Isa.65.2,Isa. lxv. 2
irenaeus,against_heresies_iv,Ps,old_testament_or_other,Bible:Ps.22.7,Ps. xxii. 7
irenaeus,against_heresies_iv,Ps,old_testament_or_other,Bible:Ps.22.18,Ps. xxii. 18
irenaeus,against_heresies_iv,Amos,old_testament_or_other,Bible:Amos.8.9-Amos.8.10,"Amos viii. 9, 10"
irenaeus,against_heresies_iv,Jer,old_testament_or_other,Bible:Jer.15.9,Jer. xv. 9
irenaeus,against_heresies_iv,Ps,old_testament_or_other,Bible:Ps.3.5,Ps. iii. 5
irenaeus,against_heresies_iv,Ps,old_testament_or_other,Bible:Ps.24.7,Ps. xxiv. 7
irenaeus,against_heresies_iv,Ps,old_testament_or_other,Bible:Ps.19.6,Ps. xix. 6
irenaeus,against_heresies_iv,Ps,old_testament_or_other,Bible:Ps.99.1,Ps. xcix. 1
irenaeus,against_heresies_iv,Matt,new_testament,Bible:Matt.24.21,Matt. xxiv. 21
irenaeus,against_heresies_iv,Isa,old_testament_or_other,Bible:Isa.50.8-Isa.50.9,"Isa. l. 8, 9"
irenaeus,against_heresies_iv,Isa,old_testament_or_other,Bible:Isa.2.17,Isa. ii. 17
irenaeus,against_heresies_iv,Jer,old_testament_or_other,Bible:Jer.31.31-Jer.31.32,"Jer. xxxi. 31, 32"
irenaeus,against_heresies_iv,Ezek,old_testament_or_other,Bible:Ezek.36.26,Ezek. xxxvi. 26
irenaeus,against_heresies_iv,Isa,old_testament_or_other,Bible:Isa.43.19-Isa.43.21,Isa. xliii. 19–21
irenaeus,against_heresies_iv,Matt,new_testament,Bible:Matt.9.17,Matt. ix. 17
irenaeus,against_heresies_iv,Rom,new_testament,Bible:Rom.2.5,Rom. ii. 5
irenaeus,against_heresies_iv,1Pet,new_testament,Bible:1Pet.1.12,1 Pet. i. 12
irenaeus,against_heresies_iv,Rom,new_testament,Bible:Rom.3.21,Rom. iii. 21
irenaeus,against_heresies_iv,Matt,new_testament,Bible:Matt.5.17-Matt.5.18,"Matt. v. 17, 18"
irenaeus,against_heresies_iv,Rom,new_testament,Bible:Rom.1.17,Rom. i. 17
irenaeus,against_heresies_iv,Hab,old_testament_or_other,Bible:Hab.2.4,Hab. ii. 4
irenaeus,against_heresies_iv,Isa,old_testament_or_other,Bible:Isa.2.3-Isa.2.4,"Isa. ii. 3, 4"
irenaeus,against_heresies_iv,Mic,old_testament_or_other,Bible:Mic.4.2-Mic.4.3,"Mic. iv. 2, 3"
irenaeus,against_heresies_iv,Matt,new_testament,Bible:Matt.5.39,Matt. v. 39
irenaeus,against_heresies_iv,Isa,old_testament_or_other,Bible:Isa.57.1,Isa. lvii. 1
irenaeus,against_heresies_iv,Luke,new_testament,Bible:Luke.5.36-Luke.5.37,"Luke v. 36, 37"
irenaeus,against_heresies_iv,Matt,new_testament,Bible:Matt.21.33-Matt.21.41,Matt. xxi. 33–41
irenaeus,against_heresies_iv,Matt,new_testament,Bible:Matt.21.42-Matt.21.44,Matt. xxi. 42–44
irenaeus,against_heresies_iv,Jer,old_testament_or_other,Bible:Jer.7.3,Jer. vii. 3
irenaeus,against_heresies_iv,Zech,old_testament_or_other,Bible:Zech.8.17,Zech. viii. 17
irenaeus,against_heresies_iv,Isa,old_testament_or_other,Bible:Isa.1.17-Isa.1.19,Isa. i. 17–19
irenaeus,against_heresies_iv,Jer,old_testament_or_other,Bible:Jer.7.29-Jer.7.30,"Jer. vii. 29, 30"
irenaeus,against_heresies_iv,Jer,old_testament_or_other,Bible:Jer.6.17-Jer.6.18,"Jer. vi. 17, 18"
irenaeus,against_heresies_iv,Luke,new_testament,Bible:Luke.21.34-Luke.21.35,"Luke xxi. 34, 35"
irenaeus,against_heresies_iv,Luke,new_testament,Bible:Luke.12.35-Luke.12.36,"Luke xii. 35, 36"
irenaeus,against_heresies_iv,Luke,new_testament,Bible:Luke.17.26,Luke xvii. 26
irenaeus,against_heresies_iv,Matt,new_testament,Bible:Matt.24.42,Matt. xxiv. 42
irenaeus,against_heresies_iv,Matt,new_testament,Bible:Matt.11.23-Matt.11.24,"Matt. xi. 23, 24"
irenaeus,against_heresies_iv,John,new_testament,Bible:John.4.14,John iv. 14
irenaeus,against_heresies_iv,1Pet,new_testament,Bible:1Pet.3.20,1 Pet. iii. 20
irenaeus,against_heresies_iv,Gen,old_testament_or_other,Bible:Gen.6.1-Gen.6.3,"Gen. vi. 1, 2, 3"
irenaeus,against_heresies_iv,Jude,new_testament,Bible:Jude.1.7,Jude 7
irenaeus,against_heresies_iv,Gen,old_testament_or_other,Bible:Gen.19.4-Gen.19.5,"Gen. xix. 4, 5"
irenaeus,against_heresies_iv,Matt,new_testament,Bible:Matt.11.24,Matt. xi. 24
irenaeus,against_heresies_iv,Luke,new_testament,Bible:Luke.10.12,Luke x. 12
irenaeus,against_heresies_iv,Matt,new_testament,Bible:Matt.22.1,Matt. xxii. 1
irenaeus,against_heresies_iv,Jer,old_testament_or_other,Bible:Jer.35.15,Jer. xxxv. 15
irenaeus,against_heresies_iv,Jer,old_testament_or_other,Bible:Jer.7.25,Jer. vii. 25
irenaeus,against_heresies_iv,2Cor,new_testament,Bible:2Cor.5.4,2 Cor. v. 4
irenaeus,against_heresies_iv,Matt,new_testament,Bible:Matt.22.13,Matt. xxii. 13
irenaeus,against_heresies_iv,1Cor,new_testament,Bible:1Cor.10.5,1 Cor. x. 5
irenaeus,against_heresies_iv,Matt,new_testament,Bible:Matt.22.14,Matt. xxii. 14
irenaeus,against_heresies_iv,John,new_testament,Bible:John.5.14,John v. 14
irenaeus,against_heresies_iv,Matt,new_testament,Bible:Matt.22.7,Matt. xxii. 7
irenaeus,against_heresies_iv,Ps,old_testament_or_other,Bible:Ps.24.1,Ps. xxiv. 1
irenaeus,against_heresies_iv,Rom,new_testament,Bible:Rom.13.1-Rom.13.7,Rom. xiii. 1–7
irenaeus,against_heresies_iv,Luke,new_testament,Bible:Luke.15.11,Luke xv. 11
irenaeus,against_heresies_iv,Matt,new_testament,Bible:Matt.20.1,Matt. xx. 1
irenaeus,against_heresies_iv,Luke,new_testament,Bible:Luke.18.10,Luke xviii. 10
irenaeus,against_heresies_iv,Ps,old_testament_or_other,Bible:Ps.116.2,Ps. cxvi. 2
irenaeus,against_heresies_iv,Rom,new_testament,Bible:Rom.7.18,Rom. vii. 18
irenaeus,against_heresies_iv,Luke,new_testament,Bible:Luke.13.6,Luke xiii. 6
irenaeus,against_heresies_iv,Luke,new_testament,Bible:Luke.13.34,Luke xiii. 34
irenaeus,against_heresies_iv,Matt,new_testament,Bible:Matt.23.37,Matt. xxiii. 37
irenaeus,against_heresies_iv,Matt,new_testament,Bible:Matt.8.11-Matt.8.12,"Matt. viii. 11, 12"
irenaeus,against_heresies_iv,Rom,new_testament,Bible:Rom.2.4-Rom.2.5 Bible:Rom.2.7,"Rom. ii. 4, 5, 7"
irenaeus,against_heresies_iv,Matt,new_testament,Bible:Matt.5.16,Matt. v. 16
irenaeus,against_heresies_iv,Luke,new_testament,Bible:Luke.21.34,Luke xxi. 34
irenaeus,against_heresies_iv,Luke,new_testament,Bible:Luke.12.47,Luke xii. 47
irenaeus,against_heresies_iv,Luke,new_testament,Bible:Luke.6.46,Luke vi. 46
irenaeus,against_heresies_iv,Luke,new_testament,Bible:Luke.12.45-Luke.12.46,"Luke xii. 45, 46"
irenaeus,against_heresies_iv,Matt,new_testament,Bible:Matt.24.48-Matt.24.51,Matt. xxiv. 48–51
irenaeus,against_heresies_iv,1Cor,new_testament,Bible:1Cor.6.12,1 Cor. vi. 12
irenaeus,against_heresies_iv,Eph,new_testament,Bible:Eph.4.25,Eph. iv. 25
irenaeus,against_heresies_iv,Eph,new_testament,Bible:Eph.4.29,Eph. iv. 29
irenaeus,against_heresies_iv,1Cor,new_testament,Bible:1Cor.6.11,1 Cor. vi. 11
irenaeus,against_heresies_iv,Matt,new_testament,Bible:Matt.9.29,Matt. ix. 29
irenaeus,against_heresies_iv,Mark,new_testament,Bible:Mark.9.23,Mark ix. 23
irenaeus,against_heresies_iv,Matt,new_testament,Bible:Matt.8.13,Matt. viii. 13
irenaeus,against_heresies_iv,John,new_testament,Bible:John.3.36,John iii. 36
irenaeus,against_heresies_iv,Matt,new_testament,Bible:Matt.23.37-Matt.23.38,"Matt. xxiii. 37, 38"
irenaeus,against_heresies_iv,Matt,new_testament,Bible:Matt.11.12,Matt. xi. 12
irenaeus,against_heresies_iv,1Cor,new_testament,Bible:1Cor.9.24-1Cor.9.27,1 Cor. ix. 24–27
irenaeus,against_heresies_iv,Jer,old_testament_or_other,Bible:Jer.2.19,Jer. ii. 19
irenaeus,against_heresies_iv,1Cor,new_testament,Bible:1Cor.3.2,1 Cor. iii. 2
irenaeus,against_heresies_iv,1Cor,new_testament,Bible:1Cor.3.3,1 Cor. iii. 3
irenaeus,against_heresies_iv,Ps,old_testament_or_other,Bible:Ps.82.6-Ps.82.7,"Ps. lxxxii. 6, 7"
irenaeus,against_heresies_iv,Ps,old_testament_or_other,Bible:Ps.45.11,Ps. xlv. 11
irenaeus,against_heresies_iv,Matt,new_testament,Bible:Matt.22.3,Matt. xxii. 3
irenaeus,against_heresies_iv,Isa,old_testament_or_other,Bible:Isa.45.7,Isa. xlv. 7
irenaeus,against_heresies_iv,Matt,new_testament,Bible:Matt.25.32,Matt. xxv. 32
irenaeus,against_heresies_iv,Matt,new_testament,Bible:Matt.13.40-Matt.13.43,Matt. xiii. 40–43
irenaeus,against_heresies_iv,Matt,new_testament,Bible:Matt.13.34,Matt. xiii. 34
irenaeus,against_heresies_iv,Matt,new_testament,Bible:Matt.13.28,Matt. xiii. 28
irenaeus,against_heresies_iv,Gen,old_testament_or_other,Bible:Gen.3.15,Gen. iii. 15
irenaeus,against_heresies_iv,Ps,old_testament_or_other,Bible:Ps.149.5,Ps. cxlix. 5
irenaeus,against_heresies_iv,Ps,old_testament_or_other,Bible:Ps.18.45,Ps. xviii. 45
irenaeus,against_heresies_iv,Ps,old_testament_or_other,Bible:Ps.58.3-Ps.58.4,"Ps. lviii. 3, 4"
irenaeus,against_heresies_iv,Matt,new_testament,Bible:Matt.23.33,Matt. xxiii. 33
irenaeus,against_heresies_iv,Matt,new_testament,Bible:Matt.16.6,Matt. xvi. 6
irenaeus,against_heresies_iv,Luke,new_testament,Bible:Luke.13.32,Luke xiii. 32
irenaeus,against_heresies_iv,Ps,old_testament_or_other,Bible:Ps.49.21,Ps. xlix. 21
irenaeus,against_heresies_iv,Jer,old_testament_or_other,Bible:Jer.5.8,Jer. v. 8
irenaeus,against_heresies_iv,Isa,old_testament_or_other,Bible:Isa.1.10,Isa. i. 10
irenaeus,against_heresies_iv,Isa,old_testament_or_other,Bible:Isa.1.16,Isa. i. 16
irenaeus,against_heresies_v,Rom,new_testament,Bible:Rom.11.34,Rom. xi. 34
irenaeus,against_heresies_v,Jas,new_testament,Bible:Jas.1.18,Jas. i. 18
irenaeus,against_heresies_v,Luke,new_testament,Bible:Luke.1.35,Luke i. 35
irenaeus,against_heresies_v,1Cor,new_testament,Bible:1Cor.15.22,1 Cor. xv. 22
irenaeus,against_heresies_v,John,new_testament,Bible:John.1.13,John i. 13
irenaeus,against_heresies_v,1Cor,new_testament,Bible:1Cor.10.16,1 Cor. x. 16
irenaeus,against_heresies_v,Col,new_testament,Bible:Col.1.14,Col. i. 14
irenaeus,against_heresies_v,Matt,new_testament,Bible:Matt.5.45,Matt. v. 45
irenaeus,against_heresies_v,Eph,new_testament,Bible:Eph.5.30,Eph. v. 30
irenaeus,against_heresies_v,Luke,new_testament,Bible:Luke.24.39,Luke xxiv. 39
irenaeus,against_heresies_v,1Cor,new_testament,Bible:1Cor.15.53,1 Cor. xv. 53
irenaeus,against_heresies_v,2Cor,new_testament,Bible:2Cor.12.3,2 Cor. xii. 3
irenaeus,against_heresies_v,2Cor,new_testament,Bible:2Cor.12.7-2Cor.12.9,2 Cor. xii. 7–9
irenaeus,against_heresies_v,Gen,old_testament_or_other,Bible:Gen.2.8,Gen. ii. 8
irenaeus,against_heresies_v,2Cor,new_testament,Bible:2Cor.12.4,2 Cor. xii. 4
irenaeus,against_heresies_v,Jonah,old_testament_or_other,Bible:Jonah.2.11,Jon. ii. 11
irenaeus,against_heresies_v,Dan,old_testament_or_other,Bible:Dan.3.19-Dan.3.25,Dan. iii. 19–25
irenaeus,against_heresies_v,Luke,new_testament,Bible:Luke.18.27,Luke xviii. 27
irenaeus,against_heresies_v,1Cor,new_testament,Bible:1Cor.2.6,1 Cor. ii. 6
irenaeus,against_heresies_v,1Thess,new_testament,Bible:1Thess.5.23,1 Thess. v. 23
irenaeus,against_heresies_v,1Cor,new_testament,Bible:1Cor.3.16,1 Cor. iii. 16
irenaeus,against_heresies_v,John,new_testament,Bible:John.2.19-John.2.21,John ii. 19–21
irenaeus,against_heresies_v,1Cor,new_testament,Bible:1Cor.3.17,1 Cor. iii. 17
irenaeus,against_heresies_v,1Cor,new_testament,Bible:1Cor.6.13-1Cor.6.14,"1 Cor. vi. 13, 14"
irenaeus,against_heresies_v,John,new_testament,Bible:John.20.20 Bible:John.20.25-John.20.27,"John xx. 20, 25–27"
irenaeus,against_heresies_v,1Cor,new_testament,Bible:1Cor.6.14,1 Cor. vi. 14
irenaeus,against_heresies_v,Rom,new_testament,Bible:Rom.8.11,Rom. viii. 11
irenaeus,against_heresies_v,Ps,old_testament_or_other,Bible:Ps.22.31,Ps. xxii. 31
irenaeus,against_heresies_v,1Cor,new_testament,Bible:1Cor.15.42,1 Cor. xv. 42
irenaeus,against_heresies_v,1Cor,new_testament,Bible:1Cor.15.36,1 Cor. xv. 36
irenaeus,against_heresies_v,1Cor,new_testament,Bible:1Cor.15.43,1 Cor. xv. 43
irenaeus,against_heresies_v,1Cor,new_testament,Bible:1Cor.15.44,1 Cor. xv. 44
irenaeus,against_heresies_v,1Cor,new_testament,Bible:1Cor.13.9 Bible:1Cor.13.12,"1 Cor. xiii. 9, 12"
irenaeus,against_heresies_v,1Pet,new_testament,Bible:1Pet.1.8,1 Pet. i. 8
irenaeus,against_heresies_v,Eph,new_testament,Bible:Eph.1.13,Eph. i. 13
irenaeus,against_heresies_v,2Cor,new_testament,Bible:2Cor.5.4,2 Cor. v. 4
irenaeus,against_heresies_v,Rom,new_testament,Bible:Rom.8.9,Rom. viii. 9
irenaeus,against_heresies_v,Rom,new_testament,Bible:Rom.8.15,Rom. viii. 15
irenaeus,against_heresies_v,Jer,old_testament_or_other,Bible:Jer.5.3,Jer. v. 3
irenaeus,against_heresies_v,Ps,old_testament_or_other,Bible:Ps.49.20,Ps. xlix. 20
irenaeus,against_heresies_v,Lev,old_testament_or_other,Bible:Lev.11.2,Lev. xi. 2
irenaeus,against_heresies_v,Deut,old_testament_or_other,Bible:Deut.14.3,Deut. xiv. 3
irenaeus,against_heresies_v,Ps,old_testament_or_other,Bible:Ps.1.2,Ps. i. 2
irenaeus,against_heresies_v,Luke,new_testament,Bible:Luke.6.46,Luke vi. 46
irenaeus,against_heresies_v,1Cor,new_testament,Bible:1Cor.2.14,1 Cor. ii. 14
irenaeus,against_heresies_v,1Cor,new_testament,Bible:1Cor.3.1,1 Cor. iii. 1
irenaeus,against_heresies_v,1Cor,new_testament,Bible:1Cor.15.50,1 Cor. xv. 50
irenaeus,against_heresies_v,Luke,new_testament,Bible:Luke.10.60,Luke x. 60
irenaeus,against_heresies_v,Matt,new_testament,Bible:Matt.26.41,Matt. xxvi. 41
irenaeus,against_heresies_v,1Cor,new_testament,Bible:1Cor.15.48,1 Cor. xv. 48
irenaeus,against_heresies_v,1Cor,new_testament,Bible:1Cor.15.49,1 Cor. xv. 49
irenaeus,against_heresies_v,Matt,new_testament,Bible:Matt.5.5,Matt. v. 5
irenaeus,against_heresies_v,Rom,new_testament,Bible:Rom.11.17,Rom. xi. 17
irenaeus,against_heresies_v,Matt,new_testament,Bible:Matt.7.19,Matt. vii. 19
irenaeus,against_heresies_v,Matt,new_testament,Bible:Matt.13.25,Matt. xiii. 25
irenaeus,against_heresies_v,Matt,new_testament,Bible:Matt.24.42,Matt. xxiv. 42
irenaeus,against_heresies_v,Matt,new_testament,Bible:Matt.25.13,Matt. xxv. 13
irenaeus,against_heresies_v,Mark,new_testament,Bible:Mark.13.33,Mark xiii. 33
irenaeus,against_heresies_v,Jas,new_testament,Bible:Jas.1.21,Jas. i. 21
irenaeus,against_heresies_v,Rev,new_testament,Bible:Rev.2.17,Rev. ii. 17
irenaeus,against_heresies_v,Rom,new_testament,Bible:Rom.8.8,Rom. viii. 8
irenaeus,against_heresies_v,Rom,new_testament,Bible:Rom.8.10,Rom. viii. 10
irenaeus,against_heresies_v,Rom,new_testament,Bible:Rom.8.13,Rom. viii. 13
irenaeus,against_heresies_v,Gal,new_testament,Bible:Gal.5.19,Gal. v. 19
irenaeus,against_heresies_v,Gal,new_testament,Bible:Gal.5.22,Gal. v. 22
irenaeus,against_heresies_v,1Cor,new_testament,Bible:1Cor.6.9-1Cor.6.11,1 Cor. vi. 9–11
irenaeus,against_heresies_v,Isa,old_testament_or_other,Bible:Isa.25.8,Isa. xxv. 8
irenaeus,against_heresies_v,Isa,old_testament_or_other,Bible:Isa.42.5,Isa. xlii. 5
irenaeus,against_heresies_v,Isa,old_testament_or_other,Bible:Isa.57.16,Isa. lvii. 16
irenaeus,against_heresies_v,1Cor,new_testament,Bible:1Cor.15.46,1 Cor. xv. 46
irenaeus,against_heresies_v,1Cor,new_testament,Bible:1Cor.15.45,1 Cor. xv. 45
irenaeus,against_heresies_v,Col,new_testament,Bible:Col.3.5,Col. iii. 5
irenaeus,against_heresies_v,Col,new_testament,Bible:Col.3.9,Col. iii. 9
irenaeus,against_heresies_v,Phil,new_testament,Bible:Phil.1.22,Phil. i. 22
irenaeus,against_heresies_v,Col,new_testament,Bible:Col.3.10,Col. iii. 10
irenaeus,against_heresies_v,Gal,new_testament,Bible:Gal.1.15-Gal.1.16,"Gal. i. 15, 16"
irenaeus,against_heresies_v,Mark,new_testament,Bible:Mark.5.22,Mark v. 22
irenaeus,against_heresies_v,Luke,new_testament,Bible:Luke.7.12,Luke vii. 12
irenaeus,against_heresies_v,John,new_testament,Bible:John.9.30,John ix. 30
irenaeus,against_heresies_v,1Cor,new_testament,Bible:1Cor.15.52,1 Cor. xv. 52
irenaeus,against_heresies_v,John,new_testament,Bible:John.5.28,John v. 28
irenaeus,against_heresies_v,Phil,new_testament,Bible:Phil.3.29,Phil. iii. 29
irenaeus,against_heresies_v,1Cor,new_testament,Bible:1Cor.6.20,1 Cor. vi. 20
irenaeus,against_heresies_v,2Cor,new_testament,Bible:2Cor.4.10,2 Cor. iv. 10
irenaeus,against_heresies_v,2Cor,new_testament,Bible:2Cor.3.3,2 Cor. iii. 3
irenaeus,against_heresies_v,Phil,new_testament,Bible:Phil.3.11,Phil. iii. 11
irenaeus,against_heresies_v,1Cor,new_testament,Bible:1Cor.15.13,1 Cor. xv. 13
irenaeus,against_heresies_v,2Cor,new_testament,Bible:2Cor.4.11,2 Cor. iv. 11
irenaeus,against_heresies_v,Gen,old_testament_or_other,Bible:Gen.4.10,Gen. iv. 10
irenaeus,against_heresies_v,Gen,old_testament_or_other,Bible:Gen.9.5-Gen.9.6,"Gen. ix. 5, 6"
irenaeus,against_heresies_v,Matt,new_testament,Bible:Matt.23.35,Matt. xxiii. 35
irenaeus,against_heresies_v,Luke,new_testament,Bible:Luke.11.50,Luke xi. 50
irenaeus,against_heresies_v,Col,new_testament,Bible:Col.1.21,Col. i. 21
irenaeus,against_heresies_v,Eph,new_testament,Bible:Eph.1.7,Eph. i. 7
irenaeus,against_heresies_v,Eph,new_testament,Bible:Eph.2.13,Eph. ii. 13
irenaeus,against_heresies_v,Eph,new_testament,Bible:Eph.2.15,Eph. ii. 15
irenaeus,against_heresies_v,Rom,new_testament,Bible:Rom.6.12-Rom.6.13,"Rom. vi. 12, 13"
irenaeus,against_heresies_v,Col,new_testament,Bible:Col.2.19,Col. ii. 19
irenaeus,against_heresies_v,Isa,old_testament_or_other,Bible:Isa.26.19,Isa. xxvi. 19
irenaeus,against_heresies_v,Isa,old_testament_or_other,Bible:Isa.66.13,Isa. lxvi. 13
irenaeus,against_heresies_v,Ezek,old_testament_or_other,Bible:Ezek.37.1,Ezek. xxxvii. 1
irenaeus,against_heresies_v,Ezek,old_testament_or_other,Bible:Ezek.37.12,Ezek. xxxvii. 12
irenaeus,against_heresies_v,Isa,old_testament_or_other,Bible:Isa.65.22,Isa. lxv. 22
irenaeus,against_heresies_v,John,new_testament,Bible:John.5.14,John v. 14
irenaeus,against_heresies_v,John,new_testament,Bible:John.9.3,John ix. 3
irenaeus,against_heresies_v,Gen,old_testament_or_other,Bible:Gen.2.7,Gen. ii. 7
irenaeus,against_heresies_v,Jer,old_testament_or_other,Bible:Jer.1.5,Jer. i. 5
irenaeus,against_heresies_v,Gal,new_testament,Bible:Gal.1.15,Gal. i. 15
irenaeus,against_heresies_v,John,new_testament,Bible:John.9.7,John ix. 7
irenaeus,against_heresies_v,Gen,old_testament_or_other,Bible:Gen.1.25,Gen. i. 25
irenaeus,against_heresies_v,Gen,old_testament_or_other,Bible:Gen.3.9,Gen. iii. 9
irenaeus,against_heresies_v,Gen,old_testament_or_other,Bible:Gen.3.19,Gen. iii. 19
irenaeus,against_heresies_v,Phil,new_testament,Bible:Phil.2.8,Phil. ii. 8
irenaeus,against_heresies_v,1Tim,new_testament,Bible:1Tim.2.5,1 Tim. ii. 5
irenaeus,against_heresies_v,Matt,new_testament,Bible:Matt.6.12,Matt. vi. 12
irenaeus,against_heresies_v,Gen,old_testament_or_other,Bible:Gen.3.8,Gen. iii. 8
irenaeus,against_heresies_v,Matt,new_testament,Bible:Matt.9.2,Matt. ix. 2
irenaeus,against_heresies_v,Luke,new_testament,Bible:Luke.5.20,Luke v. 20
irenaeus,against_heresies_v,Luke,new_testament,Bible:Luke.1.78,Luke i. 78
irenaeus,against_heresies_v,Matt,new_testament,Bible:Matt.9.8,Matt. ix. 8
irenaeus,against_heresies_v,Matt,new_testament,Bible:Matt.9.6,Matt. ix. 6
irenaeus,against_heresies_v,Ps,old_testament_or_other,Bible:Ps.32.1-Ps.32.2,"Ps. xxxii. 1, 2"
irenaeus,against_heresies_v,Col,new_testament,Bible:Col.2.14,Col. ii. 14
irenaeus,against_heresies_v,2Kgs,old_testament_or_other,Bible:2Kgs.6.6,2 Kings vi. 6
irenaeus,against_heresies_v,Matt,new_testament,Bible:Matt.3.10,Matt. iii. 10
irenaeus,against_heresies_v,Jer,old_testament_or_other,Bible:Jer.23.29,Jer. xxiii. 29
irenaeus,against_heresies_v,John,new_testament,Bible:John.14.11,John xiv. 11
irenaeus,against_heresies_v,John,new_testament,Bible:John.7.39,John vii. 39
irenaeus,against_heresies_v,Eph,new_testament,Bible:Eph.4.6,Eph. iv. 6
irenaeus,against_heresies_v,John,new_testament,Bible:John.1.1,John i. 1
irenaeus,against_heresies_v,John,new_testament,Bible:John.1.10,John i. 10
irenaeus,against_heresies_v,John,new_testament,Bible:John.1.14,John i. 14
irenaeus,against_heresies_v,Deut,old_testament_or_other,Bible:Deut.28.66,Deut. xxviii. 66
irenaeus,against_heresies_v,John,new_testament,Bible:John.1.12,John i. 12
irenaeus,against_heresies_v,Ps,old_testament_or_other,Bible:Ps.50.3-Ps.50.4,"Ps. l. 3, 4"
irenaeus,against_heresies_v,Prov,old_testament_or_other,Bible:Prov.1.20-Prov.1.21,"Prov. i. 20, 21"
irenaeus,against_heresies_v,2Tim,new_testament,Bible:2Tim.3.7,2 Tim. iii. 7
irenaeus,against_heresies_v,Gen,old_testament_or_other,Bible:Gen.2.16,Gen. ii. 16
irenaeus,against_heresies_v,Rom,new_testament,Bible:Rom.12.3,Rom. xii. 3
irenaeus,against_heresies_v,Eph,new_testament,Bible:Eph.1.10,Eph. i. 10
irenaeus,against_heresies_v,Gen,old_testament_or_other,Bible:Gen.3.15,Gen. iii. 15
irenaeus,against_heresies_v,Gal,new_testament,Bible:Gal.3.19,Gal. iii. 19
irenaeus,against_heresies_v,Gal,new_testament,Bible:Gal.4.4,Gal. iv. 4
irenaeus,against_heresies_v,Matt,new_testament,Bible:Matt.4.3,Matt. iv. 3
irenaeus,against_heresies_v,Deut,old_testament_or_other,Bible:Deut.8.3,Deut. viii. 3
irenaeus,against_heresies_v,Ps,old_testament_or_other,Bible:Ps.89.11,Ps. lxxxix. 11
irenaeus,against_heresies_v,Deut,old_testament_or_other,Bible:Deut.6.16,Deut. vi. 16
irenaeus,against_heresies_v,Luke,new_testament,Bible:Luke.4.6-Luke.4.7,"Luke iv. 6, 7"
irenaeus,against_heresies_v,Matt,new_testament,Bible:Matt.4.10,Matt. iv. 10
irenaeus,against_heresies_v,Matt,new_testament,Bible:Matt.12.29,Matt. xii. 29
irenaeus,against_heresies_v,Mark,new_testament,Bible:Mark.3.27,Mark iii. 27
irenaeus,against_heresies_v,Rom,new_testament,Bible:Rom.3.30,Rom. iii. 30
irenaeus,against_heresies_v,Deut,old_testament_or_other,Bible:Deut.6.4-Deut.6.5 Bible:Deut.6.13,"Deut. vi. 4, 5, 13"
irenaeus,against_heresies_v,Matt,new_testament,Bible:Matt.4.7,Matt. iv. 7
irenaeus,against_heresies_v,Rom,new_testament,Bible:Rom.12.16,Rom. xii. 16
irenaeus,against_heresies_v,Matt,new_testament,Bible:Matt.10.29,Matt. x. 29
irenaeus,against_heresies_v,John,new_testament,Bible:John.8.44,John viii. 44
irenaeus,against_heresies_v,Luke,new_testament,Bible:Luke.4.6,Luke iv. 6
irenaeus,against_heresies_v,Gen,old_testament_or_other,Bible:Gen.2.16-Gen.2.17,"Gen. ii. 16, 17"
irenaeus,against_heresies_v,Gen,old_testament_or_other,Bible:Gen.3.1,Gen. iii. 1
irenaeus,against_heresies_v,Gen,old_testament_or_other,Bible:Gen.3.2-Gen.3.3,"Gen. iii. 2, 3"
irenaeus,against_heresies_v,Gen,old_testament_or_other,Bible:Gen.3.4,Gen. iii. 4
irenaeus,against_heresies_v,2Pet,new_testament,Bible:2Pet.3.8,2 Pet. iii. 8
irenaeus,against_heresies_v,Matt,new_testament,Bible:Matt.4.9,Matt. iv. 9
irenaeus,against_heresies_v,Prov,old_testament_or_other,Bible:Prov.21.1,Prov. xxi. 1
irenaeus,against_heresies_v,Prov,old_testament_or_other,Bible:Prov.8.15,Prov. viii. 15
irenaeus,against_heresies_v,Rom,new_testament,Bible:Rom.13.1,Rom. xiii. 1
irenaeus,against_heresies_v,Rom,new_testament,Bible:Rom.13.4,Rom. xiii. 4
irenaeus,against_heresies_v,Rom,new_testament,Bible:Rom.13.6,Rom. xiii. 6
irenaeus,against_heresies_v,Matt,new_testament,Bible:Matt.17.27,Matt. xvii. 27
irenaeus,against_heresies_v,Eph,new_testament,Bible:Eph.2.2,Eph. ii. 2
irenaeus,against_heresies_v,Luke,new_testament,Bible:Luke.10.19,Luke x. 19
irenaeus,against_heresies_v,Matt,new_testament,Bible:Matt.24.15 Bible:Matt.24.21,"Matt. xxiv. 15, 21"
irenaeus,against_heresies_v,Dan,old_testament_or_other,Bible:Dan.7.8,Dan. vii. 8
irenaeus,against_heresies_v,Dan,old_testament_or_other,Bible:Dan.7.23,Dan. vii. 23
irenaeus,against_heresies_v,2Thess,new_testament,Bible:2Thess.2.8,2 Thess. ii. 8
irenaeus,against_heresies_v,John,new_testament,Bible:John.5.43,John v. 43
irenaeus,against_heresies_v,Luke,new_testament,Bible:Luke.18.2,Luke xviii. 2
irenaeus,against_heresies_v,Dan,old_testament_or_other,Bible:Dan.8.12,Dan. viii. 12
irenaeus,against_heresies_v,Dan,old_testament_or_other,Bible:Dan.8.23,Dan. viii. 23
irenaeus,against_heresies_v,Dan,old_testament_or_other,Bible:Dan.9.27,Dan. ix. 27
irenaeus,against_heresies_v,Matt,new_testament,Bible:Matt.24.15,Matt. xxiv. 15
irenaeus,against_heresies_v,Rev,new_testament,Bible:Rev.17.12,Rev. xvii. 12
irenaeus,against_heresies_v,Matt,new_testament,Bible:Matt.12.25,Matt. xii. 25
irenaeus,against_heresies_v,Dan,old_testament_or_other,Bible:Dan.2.33-Dan.2.34,"Dan. ii. 33, 34"
irenaeus,against_heresies_v,Dan,old_testament_or_other,Bible:Dan.2.41-Dan.2.42,"Dan. ii. 41, 42"
irenaeus,against_heresies_v,Dan,old_testament_or_other,Bible:Dan.2.42-Dan.2.43,"Dan. ii. 42, 43"
irenaeus,against_heresies_v,Dan,old_testament_or_other,Bible:Dan.2.44-Dan.2.45,"Dan. ii. 44, 45"
irenaeus,against_heresies_v,Matt,new_testament,Bible:Matt.10.25,Matt. x. 25
irenaeus,against_heresies_v,Luke,new_testament,Bible:Luke.17.34,Luke xvii. 34
irenaeus,against_heresies_v,Matt,new_testament,Bible:Matt.13.30,Matt. xiii. 30
irenaeus,against_heresies_v,Matt,new_testament,Bible:Matt.25.33,Matt. xxv. 33
irenaeus,against_heresies_v,Luke,new_testament,Bible:Luke.10.12,Luke x. 12
irenaeus,against_heresies_v,John,new_testament,Bible:John.3.18-John.3.21,John iii. 18–21
irenaeus,against_heresies_v,2Thess,new_testament,Bible:2Thess.2.10-2Thess.2.12,2 Thess. ii. 10–12
irenaeus,against_heresies_v,Rev,new_testament,Bible:Rev.19.20,Rev. xix. 20
irenaeus,against_heresies_v,Rev,new_testament,Bible:Rev.13.2,Rev. xiii. 2
irenaeus,against_heresies_v,Rev,new_testament,Bible:Rev.13.11,Rev. xiii. 11
irenaeus,against_heresies_v,Rev,new_testament,Bible:Rev.13.14,Rev. xiii. 14
irenaeus,against_heresies_v,Gen,old_testament_or_other,Bible:Gen.2.2,Gen. ii. 2
irenaeus,against_heresies_v,Isa,old_testament_or_other,Bible:Isa.40.15,Isa. xl. 15
irenaeus,against_heresies_v,Matt,new_testament,Bible:Matt.24.21,Matt. xxiv. 21
irenaeus,against_heresies_v,Rev,new_testament,Bible:Rev.22.19,Rev. xxii. 19
irenaeus,against_heresies_v,1Thess,new_testament,Bible:1Thess.5.3,1 Thess. v. 3
irenaeus,against_heresies_v,Jer,old_testament_or_other,Bible:Jer.8.16,Jer. viii. 16
irenaeus,against_heresies_v,Rev,new_testament,Bible:Rev.7.5-Rev.7.7,Rev. vii. 5–7
irenaeus,against_heresies_v,Judg,old_testament_or_other,Bible:Judg.18,Judg. xviii.
irenaeus,against_heresies_v,Rev,new_testament,Bible:Rev.17.8,Rev. xvii. 8
irenaeus,against_heresies_v,Matt,new_testament,Bible:Matt.8.11,Matt. viii. 11
irenaeus,against_heresies_v,Matt,new_testament,Bible:Matt.11.40,Matt. xi. 40
irenaeus,against_heresies_v,Eph,new_testament,Bible:Eph.4.9,Eph. iv. 9
irenaeus,against_heresies_v,Ps,old_testament_or_other,Bible:Ps.86.23,Ps. lxxxvi. 23
irenaeus,against_heresies_v,John,new_testament,Bible:John.20.17,John xx. 17
irenaeus,against_heresies_v,John,new_testament,Bible:John.20.20 Bible:John.20.27,"John xx. 20, 27"
irenaeus,against_heresies_v,Ps,old_testament_or_other,Bible:Ps.23.4,Ps. xxiii. 4
irenaeus,against_heresies_v,Luke,new_testament,Bible:Luke.6.40,Luke vi. 40
irenaeus,against_heresies_v,Rom,new_testament,Bible:Rom.8.19,Rom. viii. 19
irenaeus,against_heresies_v,Gen,old_testament_or_other,Bible:Gen.13.13-Gen.13.14,"Gen. xiii. 13, 14"
irenaeus,against_heresies_v,Gen,old_testament_or_other,Bible:Gen.13.17,Gen. xiii. 17
irenaeus,against_heresies_v,Acts,new_testament,Bible:Acts.7.5,Acts vii. 5
irenaeus,against_heresies_v,Heb,new_testament,Bible:Heb.11.13,Heb. xi. 13
irenaeus,against_heresies_v,Gen,old_testament_or_other,Bible:Gen.23.11,Gen. xxiii. 11
irenaeus,against_heresies_v,Gen,old_testament_or_other,Bible:Gen.15.13,Gen. xv. 13
irenaeus,against_heresies_v,Luke,new_testament,Bible:Luke.3.8,Luke iii. 8
irenaeus,against_heresies_v,Gal,new_testament,Bible:Gal.4.28,Gal. iv. 28
irenaeus,against_heresies_v,Gal,new_testament,Bible:Gal.3.16,Gal. iii. 16
irenaeus,against_heresies_v,Gal,new_testament,Bible:Gal.3.6,Gal. iii. 6
irenaeus,against_heresies_v,Matt,new_testament,Bible:Matt.26.27,Matt. xxvi. 27
irenaeus,against_heresies_v,Ps,old_testament_or_other,Bible:Ps.104.30,Ps. civ. 30
irenaeus,against_heresies_v,Luke,new_testament,Bible:Luke.14.12-Luke.14.13,"Luke xiv. 12, 13"
irenaeus,against_heresies_v,Matt,new_testament,Bible:Matt.19.29,Matt. xix. 29
irenaeus,against_heresies_v,Luke,new_testament,Bible:Luke.18.29-Luke.18.30,"Luke xviii. 29, 30"
irenaeus,against_heresies_v,Gen,old_testament_or_other,Bible:Gen.27.27,Gen. xxvii. 27
irenaeus,against_heresies_v,Matt,new_testament,Bible:Matt.13.38,Matt. xiii. 38
irenaeus,against_heresies_v,Gen,old_testament_or_other,Bible:Gen.27.28-Gen.27.29,"Gen. xxvii. 28, 29"
irenaeus,against_heresies_v,Gen,old_testament_or_other,Bible:Gen.31.41,Gen. xxxi. 41
irenaeus,against_heresies_v,Gen,old_testament_or_other,Bible:Gen.33.3,Gen. xxxiii. 3
irenaeus,against_heresies_v,Isa,old_testament_or_other,Bible:Isa.40.6,Isa. xl. 6
irenaeus,against_heresies_v,Ezek,old_testament_or_other,Bible:Ezek.28.25-Ezek.28.26,"Ezek. xxviii. 25, 26"
irenaeus,against_heresies_v,Matt,new_testament,Bible:Matt.3.9,Matt. iii. 9
irenaeus,against_heresies_v,Jer,old_testament_or_other,Bible:Jer.23.6-Jer.23.7,"Jer. xxiii. 6, 7"
irenaeus,against_heresies_v,Isa,old_testament_or_other,Bible:Isa.30.25-Isa.30.26,"Isa. xxx. 25, 26"
irenaeus,against_heresies_v,Isa,old_testament_or_other,Bible:Isa.58.14,Isa. lviii. 14
irenaeus,against_heresies_v,Luke,new_testament,Bible:Luke.12.37-Luke.12.38,"Luke xii. 37, 38"
irenaeus,against_heresies_v,Rev,new_testament,Bible:Rev.20.6,Rev. xx. 6
irenaeus,against_heresies_v,Isa,old_testament_or_other,Bible:Isa.6.11,Isa. vi. 11
irenaeus,against_heresies_v,Dan,old_testament_or_other,Bible:Dan.7.27,Dan. vii. 27
irenaeus,against_heresies_v,Dan,old_testament_or_other,Bible:Dan.12.13,Dan. xii. 13
irenaeus,against_heresies_v,Jer,old_testament_or_other,Bible:Jer.31.10,Jer. xxxi. 10
irenaeus,against_heresies_v,Matt,new_testament,Bible:Matt.12.5,Matt. xii. 5
irenaeus,against_heresies_v,Isa,old_testament_or_other,Bible:Isa.31.9,Isa. xxxi. 9
irenaeus,against_heresies_v,Isa,old_testament_or_other,Bible:Isa.32.1,Isa. xxxii. 1
irenaeus,against_heresies_v,Isa,old_testament_or_other,Bible:Isa.54.11-Isa.54.14,Isa. liv. 11–14
irenaeus,against_heresies_v,Isa,old_testament_or_other,Bible:Isa.65.18,Isa. lxv. 18
irenaeus,against_heresies_v,Isa,old_testament_or_other,Bible:Isa.13.9,Isa. xiii. 9
irenaeus,against_heresies_v,Isa,old_testament_or_other,Bible:Isa.26.10,Isa. xxvi. 10
irenaeus,against_heresies_v,Isa,old_testament_or_other,Bible:Isa.6.12,Isa. vi. 12
irenaeus,against_heresies_v,Isa,old_testament_or_other,Bible:Isa.65.21,Isa. lxv. 21
irenaeus,against_heresies_v,Bar,deuterocanonical,Bible:Bar.4.36,Baruch iv. 36
irenaeus,against_heresies_v,Bar,deuterocanonical,Bible:Bar.5,Baruch v.
irenaeus,against_heresies_v,Isa,old_testament_or_other,Bible:Isa.49.16,Isa. xlix. 16
irenaeus,against_heresies_v,Gal,new_testament,Bible:Gal.4.26,Gal. iv. 26
irenaeus,against_heresies_v,Rev,new_testament,Bible:Rev.21.2,Rev. xxi. 2
irenaeus,against_heresies_v,Rev,new_testament,Bible:Rev.20.11,Rev. xx. 11
irenaeus,against_heresies_v,Rev,new_testament,Bible:Rev.20.12-Rev.20.14,Rev. xx. 12–14
irenaeus,against_heresies_v,Matt,new_testament,Bible:Matt.25.41,Matt. xxv. 41
irenaeus,against_heresies_v,Rev,new_testament,Bible:Rev.20.15,Rev. xx. 15
irenaeus,against_heresies_v,Rev,new_testament,Bible:Rev.21.1-Rev.21.4,Rev. xxi. 1–4
irenaeus,against_heresies_v,Isa,old_testament_or_other,Bible:Isa.65.17-Isa.65.18,"Isa. lxv. 17, 18"
irenaeus,against_heresies_v,1Cor,new_testament,Bible:1Cor.7.31,1 Cor. vii. 31
irenaeus,against_heresies_v,Matt,new_testament,Bible:Matt.26.35,Matt. xxvi. 35
irenaeus,against_heresies_v,Exod,old_testament_or_other,Bible:Exod.25.40,Ex. xxv. 40
irenaeus,against_heresies_v,Rev,new_testament,Bible:Rev.21.5-Rev.21.6,"Rev. xxi. 5, 6"
irenaeus,against_heresies_v,Isa,old_testament_or_other,Bible:Isa.66.22,Isa. lxvi. 22
irenaeus,against_heresies_v,John,new_testament,Bible:John.14.2,John xiv. 2
irenaeus,against_heresies_v,Matt,new_testament,Bible:Matt.22.10,Matt. xxii. 10
irenaeus,against_heresies_v,1Cor,new_testament,Bible:1Cor.15.25-1Cor.15.26,"1 Cor. xv. 25, 26"
irenaeus,against_heresies_v,1Cor,new_testament,Bible:1Cor.15.27-1Cor.15.28,"1 Cor. xv. 27, 28"
irenaeus,against_heresies_v,Luke,new_testament,Bible:Luke.14.14,Luke xiv. 14
irenaeus,against_heresies_v,Rom,new_testament,Bible:Rom.8.21,Rom. viii. 21
irenaeus,against_heresies_v,1Cor,new_testament,Bible:1Cor.2.9,1 Cor. ii. 9
irenaeus,against_heresies_v,Isa,old_testament_or_other,Bible:Isa.64.4,Isa. lxiv. 4
irenaeus,against_heresies_v,1Pet,new_testament,Bible:1Pet.1.12,1 Pet. i. 12
irenaeus,fragments_of_the_lost_writings_of_irenaeus,Phil,new_testament,Bible:Phil.4.22,Phil. iv. 22
irenaeus,fragments_of_the_lost_writings_of_irenaeus,Ps,old_testament_or_other,Bible:Ps.130.7,Ps. cxxx. 7
irenaeus,fragments_of_the_lost_writings_of_irenaeus,1Pet,new_testament,Bible:1Pet.100,1 Pet. c.
irenaeus,fragments_of_the_lost_writings_of_irenaeus,Matt,new_testament,Bible:Matt.15.17,Matt. xv. 17
irenaeus,fragments_of_the_lost_writings_of_irenaeus,Gen,old_testament_or_other,Bible:Gen.3.19,Gen. iii. 19
irenaeus,fragments_of_the_lost_writings_of_irenaeus,Num,old_testament_or_other,Bible:Num.24.23,Num. xxiv. 23
irenaeus,fragments_of_the_lost_writings_of_irenaeus,Isa,old_testament_or_other,Bible:Isa.9.1,Isa. ix. 1
irenaeus,fragments_of_the_lost_writings_of_irenaeus,Judg,old_testament_or_other,Bible:Judg.6.27,Judg. vi. 27
irenaeus,fragments_of_the_lost_writings_of_irenaeus,Num,old_testament_or_other,Bible:Num.27.18,Num. xxvii. 18
irenaeus,fragments_of_the_lost_writings_of_irenaeus,Josh,old_testament_or_other,Bible:Josh.5.12,Josh. v. 12
irenaeus,fragments_of_the_lost_writings_of_irenaeus,Num,old_testament_or_other,Bible:Num.27.23,Num. xxvii. 23
irenaeus,fragments_of_the_lost_writings_of_irenaeus,Num,old_testament_or_other,Bible:Num.27.20,Num. xxvii. 20
irenaeus,fragments_of_the_lost_writings_of_irenaeus,Num,old_testament_or_other,Bible:Num.22.12,Num. xxii. 12
irenaeus,fragments_of_the_lost_writings_of_irenaeus,Num,old_testament_or_other,Bible:Num.22.22-Num.22.23,"Num. xxii. 22, 23"
irenaeus,fragments_of_the_lost_writings_of_irenaeus,1Pet,new_testament,Bible:1Pet.2.24,1 Pet. ii. 24
irenaeus,fragments_of_the_lost_writings_of_irenaeus,Num,old_testament_or_other,Bible:Num.23.19,Num. xxiii. 19
irenaeus,fragments_of_the_lost_writings_of_irenaeus,Num,old_testament_or_other,Bible:Num.31.3,Num. xxxi. 3
irenaeus,fragments_of_the_lost_writings_of_irenaeus,Num,old_testament_or_other,Bible:Num.31.16,Num. xxxi. 16
irenaeus,fragments_of_the_lost_writings_of_irenaeus,Num,old_testament_or_other,Bible:Num.31.8,Num. xxxi. 8
irenaeus,fragments_of_the_lost_writings_of_irenaeus,Lev,old_testament_or_other,Bible:Lev.26.12,Lev. xxvi. 12
irenaeus,fragments_of_the_lost_writings_of_irenaeus,Judg,old_testament_or_other,Bible:Judg.16.26,Judg. xvi. 26
irenaeus,fragments_of_the_lost_writings_of_irenaeus,2Kgs,old_testament_or_other,Bible:2Kgs.6.6,2 Kings vi. 6
irenaeus,fragments_of_the_lost_writings_of_irenaeus,Matt,new_testament,Bible:Matt.27.52,Matt. xxvii. 52
irenaeus,fragments_of_the_lost_writings_of_irenaeus,Matt,new_testament,Bible:Matt.3.10,Matt. iii. 10
irenaeus,fragments_of_the_lost_writings_of_irenaeus,Acts,new_testament,Bible:Acts.7.22,Acts vii. 22
irenaeus,fragments_of_the_lost_writings_of_irenaeus,Num,old_testament_or_other,Bible:Num.12.1,Num. xii. 1
irenaeus,fragments_of_the_lost_writings_of_irenaeus,Num,old_testament_or_other,Bible:Num.12.14,Num. xii. 14
irenaeus,fragments_of_the_lost_writings_of_irenaeus,2Kgs,old_testament_or_other,Bible:2Kgs.5.14,2 Kings v. 14
irenaeus,fragments_of_the_lost_writings_of_irenaeus,John,new_testament,Bible:John.3.5,John iii. 5
irenaeus,fragments_of_the_lost_writings_of_irenaeus,2Kgs,old_testament_or_other,Bible:2Kgs.13.21,2 Kings xiii. 21
irenaeus,fragments_of_the_lost_writings_of_irenaeus,1Cor,new_testament,Bible:1Cor.2.14,1 Cor. ii. 14
irenaeus,fragments_of_the_lost_writings_of_irenaeus,1Pet,new_testament,Bible:1Pet.2.3,1 Pet. ii. 3
irenaeus,fragments_of_the_lost_writings_of_irenaeus,1Tim,new_testament,Bible:1Tim.6.4-1Tim.6.5,"1 Tim. vi. 4, 5"
irenaeus,fragments_of_the_lost_writings_of_irenaeus,Col,new_testament,Bible:Col.2.18,Col. ii. 18
irenaeus,fragments_of_the_lost_writings_of_irenaeus,Rom,new_testament,Bible:Rom.10.8,Rom. x. 8
irenaeus,fragments_of_the_lost_writings_of_irenaeus,Deut,old_testament_or_other,Bible:Deut.30.14,Deut. xxx. 14
irenaeus,fragments_of_the_lost_writings_of_irenaeus,Phil,new_testament,Bible:Phil.3.10,Phil. iii. 10
irenaeus,fragments_of_the_lost_writings_of_irenaeus,Jude,new_testament,Bible:Jude.1.3,Jude 3
irenaeus,fragments_of_the_lost_writings_of_irenaeus,1Tim,new_testament,Bible:1Tim.1.4,1 Tim. i. 4
irenaeus,fragments_of_the_lost_writings_of_irenaeus,Mal,old_testament_or_other,Bible:Mal.1.11,Mal. i. 11
irenaeus,fragments_of_the_lost_writings_of_irenaeus,Rev,new_testament,Bible:Rev.5.8,Rev. v. 8
irenaeus,fragments_of_the_lost_writings_of_irenaeus,Rom,new_testament,Bible:Rom.12.1,Rom. xii. 1
irenaeus,fragments_of_the_lost_writings_of_irenaeus,Heb,new_testament,Bible:Heb.13.15,Heb. xiii. 15
irenaeus,fragments_of_the_lost_writings_of_irenaeus,Col,new_testament,Bible:Col.2.14,Col. ii. 14
irenaeus,fragments_of_the_lost_writings_of_irenaeus,John,new_testament,Bible:John.4.24,John iv. 24
irenaeus,fragments_of_the_lost_writings_of_irenaeus,Col,new_testament,Bible:Col.2.16,Col. ii. 16
irenaeus,fragments_of_the_lost_writings_of_irenaeus,Isa,old_testament_or_other,Bible:Isa.1.14,Isa. i. 14
irenaeus,fragments_of_the_lost_writings_of_irenaeus,Judg,old_testament_or_other,Bible:Judg.15.15,Judg. xv. 15
irenaeus,fragments_of_the_lost_writings_of_irenaeus,Judg,old_testament_or_other,Bible:Judg.14.6-Judg.14.19,Judg. xiv. 6–19
irenaeus,fragments_of_the_lost_writings_of_irenaeus,1Cor,new_testament,Bible:1Cor.3.16-1Cor.3.17,"1 Cor. iii. 16, 17"
irenaeus,fragments_of_the_lost_writings_of_irenaeus,Judg,old_testament_or_other,Bible:Judg.15.11,Judg. xv. 11
irenaeus,fragments_of_the_lost_writings_of_irenaeus,Rev,new_testament,Bible:Rev.2.14,Rev. ii. 14
irenaeus,fragments_of_the_lost_writings_of_irenaeus,2Cor,new_testament,Bible:2Cor.4.4,2 Cor. iv. 4
irenaeus,fragments_of_the_lost_writings_of_irenaeus,John,new_testament,Bible:John.5.35,John v. 35
irenaeus,fragments_of_the_lost_writings_of_irenaeus,1Cor,new_testament,Bible:1Cor.10.4,1 Cor. x. 4
irenaeus,fragments_of_the_lost_writings_of_irenaeus,John,new_testament,Bible:John.4.14,John iv. 14
irenaeus,fragments_of_the_lost_writings_of_irenaeus,John,new_testament,Bible:John.8.58,John viii. 58
irenaeus,fragments_of_the_lost_writings_of_irenaeus,John,new_testament,Bible:John.20.22,John xx. 22
irenaeus,fragments_of_the_lost_writings_of_irenaeus,John,new_testament,Bible:John.8.59,John viii. 59
irenaeus,fragments_of_the_lost_writings_of_irenaeus,John,new_testament,Bible:John.20.26,John xx. 26
irenaeus,fragments_of_the_lost_writings_of_irenaeus,2Cor,new_testament,Bible:2Cor.13.4,2 Cor. xiii. 4
irenaeus,fragments_of_the_lost_writings_of_irenaeus,Eph,new_testament,Bible:Eph.4.9-Eph.4.10,"Eph. iv. 9, 10"
irenaeus,fragments_of_the_lost_writings_of_irenaeus,Matt,new_testament,Bible:Matt.20.20,Matt. xx. 20
irenaeus,fragments_of_the_lost_writings_of_irenaeus,Hos,old_testament_or_other,Bible:Hos.9.10,Hos. ix. 10
irenaeus,fragments_of_the_lost_writings_of_irenaeus,Matt,new_testament,Bible:Matt.20.18-Matt.20.19,"Matt. xx. 18, 19"
