author_id,work_id,book,testament_group,osis_ref,passage
anonymous,patriarch_testaments,Rev,new_testament,Bible:Rev.7.4,Rev. vii. 4
anonymous,patriarch_testaments,Rev,new_testament,Bible:Rev.4.4,Rev. iv. 4
anonymous,patriarch_testaments,Acts,new_testament,Bible:Acts.26.7,Acts xxvi. 7
anonymous,patriarch_testaments,Acts,new_testament,Bible:Acts.21.18-Acts.21.26,Acts xxi. 18–26
anonymous,patriarch_testaments,Dan,old_testament_or_other,Bible:Dan.10.3,Dan. x. 3
anonymous,patriarch_testaments,Gen,old_testament_or_other,Bible:Gen.35.22,Gen. xxxv. 22
anonymous,patriarch_testaments,Gen,old_testament_or_other,Bible:Gen.35.21,ver. 21
anonymous,patriarch_testaments,Dan,old_testament_or_other,Bible:Dan.4.10-Dan.4.23,"iv. 10, 14,
20: 13, 17, 23, Eng. Ver."
anonymous,patriarch_testaments,Gen,old_testament_or_other,Bible:Gen.6.4,Gen. vi. 4
anonymous,patriarch_testaments,1Cor,new_testament,Bible:1Cor.11.10 Bible:Jude.1.6 Bible:Jude.1.7,"1 Cor. xi. 10; Jude 6, 7"
anonymous,patriarch_testaments,Gen,old_testament_or_other,Bible:Gen.23.9,"Gen. xxiii.
9"
anonymous,patriarch_testaments,Gen,old_testament_or_other,Bible:Gen.29.33,Gen. xxix. 33
anonymous,patriarch_testaments,Gen,old_testament_or_other,Bible:Gen.37.19,Gen. xxxvii. 19
anonymous,patriarch_testaments,Gen,old_testament_or_other,Bible:Gen.42.24,Gen. xlii. 24
anonymous,patriarch_testaments,Gen,old_testament_or_other,Bible:Gen.37.22 Bible:Gen.37.29 Bible:Gen.42.22,"Gen. xxxvii. 22, 29; xlii. 22"
anonymous,patriarch_testaments,Gen,old_testament_or_other,Bible:Gen.49.7,Gen. xlix. 7
anonymous,patriarch_testaments,Deut,old_testament_or_other,Bible:Deut.2.23 Bible:Amos.9.7,Deut. ii. 23; Amos ix. 7
anonymous,patriarch_testaments,Isa,old_testament_or_other,Bible:Isa.11.2,Isa. xi. 2
anonymous,patriarch_testaments,Luke,new_testament,Bible:Luke.24.21,Luke xxiv. 21
anonymous,patriarch_testaments,2Cor,new_testament,Bible:2Cor.12.2,2 Cor. xii. 2
anonymous,patriarch_testaments,Matt,new_testament,Bible:Matt.27.51-Matt.27.53,Matt. xxvii. 51–53
anonymous,patriarch_testaments,Gen,old_testament_or_other,Bible:Gen.48.16,Gen. xlviii. 16
anonymous,patriarch_testaments,1Thess,new_testament,Bible:1Thess.2.16,1 Thess. ii. 16
anonymous,patriarch_testaments,Exod,old_testament_or_other,Bible:Exod.29.5-Exod.29.6,"Ex. xxix. 5,
6"
anonymous,patriarch_testaments,Exod,old_testament_or_other,Bible:Exod.28.27,Ex. xxviii. 27
anonymous,patriarch_testaments,Num,old_testament_or_other,Bible:Num.12.7,"Num. xii.
7"
anonymous,patriarch_testaments,Gen,old_testament_or_other,Bible:Gen.2.10,Gen. ii. 10
anonymous,patriarch_testaments,Isa,old_testament_or_other,Bible:Isa.66.21,Isa. lxvi. 21
anonymous,patriarch_testaments,Rom,new_testament,Bible:Rom.16.15-Rom.16.17 Bible:Heb.5.1,"Rom. xvi. 15, 16, 17, Greek.  Compare Heb. v.
1"
anonymous,patriarch_testaments,Lev,old_testament_or_other,Bible:Lev.2.13 Bible:Mark.9.49,"Lev. ii. 13; Mark ix.
49"
anonymous,patriarch_testaments,John,new_testament,Bible:John.19.11,"John xix.
11"
anonymous,patriarch_testaments,John,new_testament,Bible:John.1.4-John.1.9 Bible:John.8.12 Bible:John.9.5,"John i. 4–9; viii. 12; ix.
5"
anonymous,patriarch_testaments,1Cor,new_testament,Bible:1Cor.5.11 Bible:Eph.4.19 Bible:Eph.5.3 Bible:Eph.5.5 Bible:Col.3.5 Bible:1Thess.4.6,"1 Cor. v. 11; Eph. iv. 19; v. 3, 5; Col.
iii. 5; 1 Thess. iv. 6"
anonymous,patriarch_testaments,Matt,new_testament,Bible:Matt.27.63,Matt. xxvii. 63
anonymous,patriarch_testaments,Matt,new_testament,Bible:Matt.27.25,Matt. xxvii. 25
anonymous,patriarch_testaments,John,new_testament,Bible:John.3.5 Bible:Isa.12.3 Bible:1Pet.3.20,"John iii. 5; Isa. xii. 3; 1 Pet. iii.
20"
anonymous,patriarch_testaments,Jer,old_testament_or_other,Bible:Jer.33.15,Jer. xxxiii. 15
anonymous,patriarch_testaments,Matt,new_testament,Bible:Matt.2.2,Matt. ii. 2
anonymous,patriarch_testaments,Rev,new_testament,Bible:Rev.2.7,Rev. ii. 7
anonymous,patriarch_testaments,Luke,new_testament,Bible:Luke.10.18-Luke.10.19,"Luke x. 18, 19"
anonymous,patriarch_testaments,Gen,old_testament_or_other,Bible:Gen.29.35,Gen. xxix. 35
anonymous,patriarch_testaments,Gen,old_testament_or_other,Bible:Gen.49.3,Gen. xlix. 3
anonymous,patriarch_testaments,Josh,old_testament_or_other,Bible:Josh.15.34 Bible:Josh.16.8 Bible:Josh.17.8 Bible:1Chr.2.43,"Josh. xv.
34; xvi. 8; xvii. 8; 1 Chron. ii. 43"
anonymous,patriarch_testaments,Gen,old_testament_or_other,Bible:Gen.38.5,Gen. xxxviii. 5
anonymous,patriarch_testaments,1Chr,old_testament_or_other,Bible:1Chr.4.22,1 Chron. iv. 22
anonymous,patriarch_testaments,Josh,old_testament_or_other,Bible:Josh.15.44 Bible:Mic.1.14,Josh. xv. 44; Mic. i. 14
anonymous,patriarch_testaments,1Chr,old_testament_or_other,Bible:1Chr.11.36,1 Chron. xi. 36
anonymous,patriarch_testaments,Josh,old_testament_or_other,Bible:Josh.24.30 Bible:Judg.2.9 Bible:2Sam.23.30,"Josh. xxiv. 30; Judg. ii. 9; 2
Sam. xxiii. 30"
anonymous,patriarch_testaments,Josh,old_testament_or_other,Bible:Josh.19.43,Josh. xix. 43
anonymous,patriarch_testaments,Judg,old_testament_or_other,Bible:Judg.14.1,Judg. xiv. 1
anonymous,patriarch_testaments,Gen,old_testament_or_other,Bible:Gen.38.1,Gen. xxxviii. 1
anonymous,patriarch_testaments,Gen,old_testament_or_other,Bible:Gen.38.6,Gen. xxxviii. 6
anonymous,patriarch_testaments,Bar,deuterocanonical,Bible:Bar.6.43,"Baruch
vi. 43"
anonymous,patriarch_testaments,Gen,old_testament_or_other,Bible:Gen.38.12,Gen. xxxviii. 12
anonymous,patriarch_testaments,1Kgs,old_testament_or_other,Bible:1Kgs.11.1 Bible:1Kgs.11.11,"1 Kings
xi. 1, and ver. 11"
anonymous,patriarch_testaments,Num,old_testament_or_other,Bible:Num.15.25 Bible:Acts.3.17,"Num.
xv. 25 and Acts iii. 17"
anonymous,patriarch_testaments,Rom,new_testament,Bible:Rom.11.26,Rom. xi. 26
anonymous,patriarch_testaments,Eccl,old_testament_or_other,Bible:Eccl.2.8 Bible:Sir.9.4,Eccles. ii. 8; Ecclus. ix. 4
anonymous,patriarch_testaments,Prov,old_testament_or_other,Bible:Prov.8.31,Prov. viii. 31
anonymous,patriarch_testaments,Eph,new_testament,Bible:Eph.3.10,Eph. iii. 10
anonymous,patriarch_testaments,2Macc,deuterocanonical,Bible:2Macc.7.9-2Macc.7.36 Bible:Heb.11.35,"2 Macc. vii. 9–36 and Heb. xi.
35"
anonymous,patriarch_testaments,Gen,old_testament_or_other,Bible:Gen.30.14,Gen. xxx. 14
anonymous,patriarch_testaments,Tob,deuterocanonical,Bible:Tob.8.7-Tob.8.8,"Tobit viii. 7, 8"
anonymous,patriarch_testaments,Gen,old_testament_or_other,Bible:Gen.30.20,Gen. xxx. 20
anonymous,patriarch_testaments,Gen,old_testament_or_other,Bible:Gen.37.28,Gen. xxxvii. 28
anonymous,patriarch_testaments,Deut,old_testament_or_other,Bible:Deut.25.7-Deut.25.9,"Deut. xxv. 7, 8, 9"
anonymous,patriarch_testaments,Mal,old_testament_or_other,Bible:Mal.4.2,Mal. iv. 2
anonymous,patriarch_testaments,Heb,new_testament,Bible:Heb.7.2,Heb. vii. 2
anonymous,patriarch_testaments,Ezek,old_testament_or_other,Bible:Ezek.48.26-Ezek.48.27,"Ezek. xlviii. 26, 27"
anonymous,patriarch_testaments,Rev,new_testament,Bible:Rev.21.3,Rev. xxi. 3
anonymous,patriarch_testaments,Rom,new_testament,Bible:Rom.11.15,Rom. xi. 15
anonymous,patriarch_testaments,Gen,old_testament_or_other,Bible:Gen.30.8,Gen. xxx. 8
anonymous,patriarch_testaments,Gen,old_testament_or_other,Bible:Gen.49.21,Gen. xlix. 21
anonymous,patriarch_testaments,Wis,deuterocanonical,Bible:Wis.11.20 Bible:Sir.42.7,Wis. xi. 20; Ecclus. xlii. 7
anonymous,patriarch_testaments,Eccl,old_testament_or_other,Bible:Eccl.3.5 Bible:1Cor.7.5,Eccles. iii. 5; 1 Cor. vii. 5
anonymous,patriarch_testaments,Gen,old_testament_or_other,Bible:Gen.37.2,Gen. xxxvii. 2
anonymous,patriarch_testaments,Gen,old_testament_or_other,Bible:Gen.37.28,xxxvii. 28
anonymous,patriarch_testaments,Prov,old_testament_or_other,Bible:Prov.14.29,Prov. xiv. 29
anonymous,patriarch_testaments,Wis,deuterocanonical,Bible:Wis.11.16,Wis. xi. 16
anonymous,patriarch_testaments,Luke,new_testament,Bible:Luke.1.36,Luke i. 36
anonymous,patriarch_testaments,Jer,old_testament_or_other,Bible:Jer.33.20-Jer.33.22,Jer. xxxiii. 20–22
anonymous,patriarch_testaments,Lev,old_testament_or_other,Bible:Lev.11.5 Bible:Lev.11.7,"Lev. xi. 5, 7"
anonymous,patriarch_testaments,Matt,new_testament,Bible:Matt.5.45,Matt. v. 45
anonymous,patriarch_testaments,Sir,deuterocanonical,Bible:Sir.42.24,Ecclus. xlii. 24
anonymous,patriarch_testaments,Gen,old_testament_or_other,Bible:Gen.39.1,Gen. xxxix. 1
anonymous,patriarch_testaments,1Sam,old_testament_or_other,Bible:1Sam.9.23,"1 Sam. ix.
23"
anonymous,patriarch_testaments,Matt,new_testament,Bible:Matt.6.6,Matt. vi. 6
anonymous,patriarch_testaments,Dan,old_testament_or_other,Bible:Dan.1.15,Dan. i. 15
anonymous,patriarch_testaments,Gen,old_testament_or_other,Bible:Gen.41.45,Gen. xli. 45
anonymous,patriarch_testaments,Luke,new_testament,Bible:Luke.1.36,i. 36
anonymous,patriarch_testaments,Isa,old_testament_or_other,Bible:Isa.1.8 Bible:Isa.24.20,Isa. i. 8; xxiv. 20
anonymous,patriarch_testaments,Gen,old_testament_or_other,Bible:Gen.50.26,Gen. l. 26
anonymous,patriarch_testaments,Gen,old_testament_or_other,Bible:Gen.48.7,Gen. xlviii. 7
anonymous,patriarch_testaments,Gen,old_testament_or_other,Bible:Gen.35.18,Gen. xxxv. 18
anonymous,patriarch_testaments,Rev,new_testament,Bible:Rev.7.8,Rev. vii. 8
anonymous,patriarch_testaments,Matt,new_testament,Bible:Matt.6.22 Bible:Luke.11.34,Matt. vi. 22; Luke xi. 34
anonymous,patriarch_testaments,Rev,new_testament,Bible:Rev.20.5-Rev.20.6,"Rev. xx. 5, 6"
anonymous,patriarch_testaments,Gen,old_testament_or_other,Bible:Gen.49.27,Gen. xlix. 27
anonymous,patriarch_testaments,Rom,new_testament,Bible:Rom.11.1 Bible:Phil.3.5,Rom. xi. 1; Phil. iii. 5
anonymous,patriarch_testaments,Gen,old_testament_or_other,Bible:Gen.25.34 Bible:Gen.27.25,"Gen.
xxv. 34 and xxvii. 25"
anonymous,patriarch_testaments,Gen,old_testament_or_other,Bible:Gen.42.21-Gen.42.24,"Gen. xlii.
21–24"
anonymous,patriarch_testaments,Gen,old_testament_or_other,Bible:Gen.45.2,Gen. xlv. 2
theodotus,excerpts,Gen,old_testament_or_other,Bible:Gen.1.1,Gen. i. 1
theodotus,excerpts,Hos,old_testament_or_other,Bible:Hos.1.2,Hos. i. 2
theodotus,excerpts,Hos,old_testament_or_other,Bible:Hos.1.10-Hos.1.11,"Hos. i. 10, 11"
theodotus,excerpts,Hos,old_testament_or_other,Bible:Hos.1.7,Hos. i. 7
theodotus,excerpts,Hos,old_testament_or_other,Bible:Hos.5.2,Hos. v. 2
theodotus,excerpts,Hos,old_testament_or_other,Bible:Hos.5.8,Hos. v. 8
theodotus,excerpts,Gen,old_testament_or_other,Bible:Gen.1.2,Gen. i. 2
theodotus,excerpts,Prov,old_testament_or_other,Bible:Prov.13.24,Prov. xiii. 24
theodotus,excerpts,Isa,old_testament_or_other,Bible:Isa.40.6,Isa. xl. 6
theodotus,excerpts,2Cor,new_testament,Bible:2Cor.4.18,2 Cor. iv. 18
theodotus,excerpts,Matt,new_testament,Bible:Matt.6.33 Bible:Matt.6.32,"Matt. vi. 33, 32"
theodotus,excerpts,Matt,new_testament,Bible:Matt.6.27 Bible:Luke.12.25,Matt. vi. 27; Luke xii. 25
theodotus,excerpts,Matt,new_testament,Bible:Matt.12.44,Matt. xii. 44
theodotus,excerpts,Deut,old_testament_or_other,Bible:Deut.17.6,Deut. xvii. 6
theodotus,excerpts,Matt,new_testament,Bible:Matt.5.6,Matt. v. 6
theodotus,excerpts,Isa,old_testament_or_other,Bible:Isa.19.20,Isa. xix. 20
theodotus,excerpts,Rom,new_testament,Bible:Rom.8.15 Bible:Gal.4.6,Rom. viii. 15; Gal. iv. 6
theodotus,excerpts,Matt,new_testament,Bible:Matt.12.50,Matt. xii. 50
theodotus,excerpts,Matt,new_testament,Bible:Matt.23.9,Matt. xxiii. 9
theodotus,excerpts,Eph,new_testament,Bible:Eph.3.15,Eph. iii. 15
theodotus,excerpts,1Cor,new_testament,Bible:1Cor.15.49,1 Cor. xv. 49
theodotus,excerpts,Matt,new_testament,Bible:Matt.3.11,Matt. iii. 11
theodotus,excerpts,Matt,new_testament,Bible:Matt.3.12,Matt. iii. 12
theodotus,excerpts,Luke,new_testament,Bible:Luke.12.49,Luke xii. 49
theodotus,excerpts,1Cor,new_testament,Bible:1Cor.1.18,1 Cor. i. 18
theodotus,excerpts,Gen,old_testament_or_other,Bible:Gen.1.3,Gen. i. 3
theodotus,excerpts,Isa,old_testament_or_other,Bible:Isa.44.6,Isa. xliv. 6
theodotus,excerpts,Wis,deuterocanonical,Bible:Wis.3.7,Wisd. iii. 7
theodotus,excerpts,Ps,old_testament_or_other,Bible:Ps.18.26,Ps. xviii. 26
theodotus,excerpts,Luke,new_testament,Bible:Luke.24.34,Luke xxiv. 34
theodotus,excerpts,Ps,old_testament_or_other,Bible:Ps.18.43,Ps. xviii. 43
theodotus,excerpts,Ps,old_testament_or_other,Bible:Ps.18.50,Ps. xviii. 50
theodotus,excerpts,Luke,new_testament,Bible:Luke.1.43,Luke i. 43
theodotus,excerpts,Ps,old_testament_or_other,Bible:Ps.19.1,Ps. xix. 1
theodotus,excerpts,Ps,old_testament_or_other,Bible:Ps.18.1,Ps. xviii. 1
theodotus,excerpts,Matt,new_testament,Bible:Matt.13.43,Matt. xiii. 43
theodotus,excerpts,Gen,old_testament_or_other,Bible:Gen.1.18,Gen. i. 18
theodotus,excerpts,Ps,old_testament_or_other,Bible:Ps.19.8,Ps. xix. 8
theodotus,excerpts,Isa,old_testament_or_other,Bible:Isa.2.3,Isa. ii. 3
theodotus,excerpts,Ps,old_testament_or_other,Bible:Ps.19.12,Ps. xix. 12
clement_rome,virginity,Rev,new_testament,Bible:Rev.14.4,Rev. xiv. 4
clement_rome,virginity,Matt,new_testament,Bible:Matt.19.12,Matt. xix. 12
clement_rome,virginity,Matt,new_testament,Bible:Matt.7.21,"Matt. vii.
21"
clement_rome,virginity,Prov,old_testament_or_other,Bible:Prov.3.3-Prov.3.4,"Prov. iii. 3, 4"
clement_rome,virginity,Prov,old_testament_or_other,Bible:Prov.4.18,Prov. iv. 18
clement_rome,virginity,Matt,new_testament,Bible:Matt.5.14,Matt. v. 14
clement_rome,virginity,Isa,old_testament_or_other,Bible:Isa.9.2 Bible:Matt.4.16,Isa. ix. 2; Matt. iv. 16
clement_rome,virginity,Matt,new_testament,Bible:Matt.5.16 Bible:1Pet.2.12,Matt. v. 16; 1 Pet. ii. 12
clement_rome,virginity,1Cor,new_testament,Bible:1Cor.14.40,1 Cor. xiv. 40
clement_rome,virginity,Eph,new_testament,Bible:Eph.5.6,Eph. v. 6
clement_rome,virginity,Matt,new_testament,Bible:Matt.25.2,Matt. xxv. 2
clement_rome,virginity,2Tim,new_testament,Bible:2Tim.3.5,2 Tim. iii. 5
clement_rome,virginity,Gal,new_testament,Bible:Gal.6.3-Gal.6.4,"Gal. vi. 3, 4"
clement_rome,virginity,Matt,new_testament,Bible:Matt.12.33,Matt. xii. 33
clement_rome,virginity,Luke,new_testament,Bible:Luke.6.44,Luke vi. 44
clement_rome,virginity,2Tim,new_testament,Bible:2Tim.2.7,"2 Tim. ii.
7"
clement_rome,virginity,2Tim,new_testament,Bible:2Tim.2.7,2 Tim. ii. 7
clement_rome,virginity,Gen,old_testament_or_other,Bible:Gen.1.28,Gen. i. 28
clement_rome,virginity,2Thess,new_testament,Bible:2Thess.2.13,2 Thess. ii. 13
clement_rome,virginity,Col,new_testament,Bible:Col.1.5,Col. i. 5
clement_rome,virginity,Isa,old_testament_or_other,Bible:Isa.56.4-Isa.56.5,"Isa. lvi. 4, 5"
clement_rome,virginity,Heb,new_testament,Bible:Heb.13.4,Heb. xiii. 4
clement_rome,virginity,1Cor,new_testament,Bible:1Cor.7.34,1 Cor. vii. 34
clement_rome,virginity,2Tim,new_testament,Bible:2Tim.2.5,2 Tim. ii. 5
clement_rome,virginity,Gal,new_testament,Bible:Gal.4.26,Gal. iv. 26
clement_rome,virginity,Rev,new_testament,Bible:Rev.12.7,Rev. xii. 7
clement_rome,virginity,1Pet,new_testament,Bible:1Pet.5.8,1 Pet. v. 8
clement_rome,virginity,2Cor,new_testament,Bible:2Cor.11.3,2 Cor. xi. 3
clement_rome,virginity,Matt,new_testament,Bible:Matt.16.24,Matt. xvi. 24
clement_rome,virginity,Phil,new_testament,Bible:Phil.3.14,Phil. iii. 14
clement_rome,virginity,Matt,new_testament,Bible:Matt.11.11,Matt. xi. 11
clement_rome,virginity,John,new_testament,Bible:John.21.20,John xxi. 20
clement_rome,virginity,Phil,new_testament,Bible:Phil.4.3,Phil. iv. 3
clement_rome,virginity,Heb,new_testament,Bible:Heb.13.7,Heb. xiii. 7
clement_rome,virginity,1Cor,new_testament,Bible:1Cor.11.1,1 Cor. xi. 1
clement_rome,virginity,Rom,new_testament,Bible:Rom.13.14,Rom. xiii. 14
clement_rome,virginity,Gal,new_testament,Bible:Gal.5.24,Gal. v. 24
clement_rome,virginity,1Cor,new_testament,Bible:1Cor.7.32,1 Cor. vii. 32
clement_rome,virginity,1Pet,new_testament,Bible:1Pet.1.15,1 Pet. i. 15
clement_rome,virginity,Lev,old_testament_or_other,Bible:Lev.11.44,Lev. xi. 44
clement_rome,virginity,Rom,new_testament,Bible:Rom.8.6,Rom. viii. 6
clement_rome,virginity,Rom,new_testament,Bible:Rom.8.9,Rom. viii. 9
clement_rome,virginity,Isa,old_testament_or_other,Bible:Isa.29.21,Isa. xxix. 21
clement_rome,virginity,1Tim,new_testament,Bible:1Tim.6.5,1 Tim. vi. 5
clement_rome,virginity,2Cor,new_testament,Bible:2Cor.12.13,2 Cor. xii. 13
clement_rome,virginity,Col,new_testament,Bible:Col.3.5,Col. iii. 5
clement_rome,virginity,1Tim,new_testament,Bible:1Tim.6.10,1 Tim. vi. 10
clement_rome,virginity,1Pet,new_testament,Bible:1Pet.5.5 Bible:Jas.4.6,1 Pet. v. 5; Jas. iv. 6
clement_rome,virginity,John,new_testament,Bible:John.3.6 Bible:John.3.31,"John iii. 6, 31"
clement_rome,virginity,Rom,new_testament,Bible:Rom.8.7,Rom. viii. 7
clement_rome,virginity,Rom,new_testament,Bible:Rom.7.18,Rom. vii. 18
clement_rome,virginity,Gen,old_testament_or_other,Bible:Gen.6.3,Gen. vi. 3
clement_rome,virginity,Rom,new_testament,Bible:Rom.7.9,Rom. vii. 9
clement_rome,virginity,1Sam,old_testament_or_other,Bible:1Sam.16.14,1 Sam. xvi. 14
clement_rome,virginity,1Cor,new_testament,Bible:1Cor.9.27,1 Cor. ix. 27
clement_rome,virginity,1Tim,new_testament,Bible:1Tim.6.11,1 Tim. vi. 11
clement_rome,virginity,Gal,new_testament,Bible:Gal.5.22,Gal. v. 22
clement_rome,virginity,Phil,new_testament,Bible:Phil.2.15-Phil.2.16,"Phil. ii. 15, 16"
clement_rome,virginity,Isa,old_testament_or_other,Bible:Isa.61.9,Isa. lxi. 9
clement_rome,virginity,1Pet,new_testament,Bible:1Pet.2.9,1 Pet. ii. 9
clement_rome,virginity,1Cor,new_testament,Bible:1Cor.2.9,1 Cor. ii. 9
clement_rome,virginity,Prov,old_testament_or_other,Bible:Prov.26.9,Prov. xxvi. 9
clement_rome,virginity,Prov,old_testament_or_other,Bible:Prov.15.19,Prov. xv. 19
clement_rome,virginity,1Tim,new_testament,Bible:1Tim.5.13,1 Tim. v. 13
clement_rome,virginity,1Cor,new_testament,Bible:1Cor.12.29,1 Cor. xii. 29
clement_rome,virginity,Jas,new_testament,Bible:Jas.3.1,Jas. iii. 1
clement_rome,virginity,Jas,new_testament,Bible:Jas.3.2,Jas. iii. 2
clement_rome,virginity,1Pet,new_testament,Bible:1Pet.4.11,1 Pet. iv. 11
clement_rome,virginity,Sir,deuterocanonical,Bible:Sir.5.14,Ecclus. v. 14
clement_rome,virginity,Eccl,old_testament_or_other,Bible:Eccl.3.7,Eccl. iii. 7
clement_rome,virginity,Prov,old_testament_or_other,Bible:Prov.25.11,Prov. xxv. 11
clement_rome,virginity,Col,new_testament,Bible:Col.4.6,Col. iv. 6
clement_rome,virginity,Prov,old_testament_or_other,Bible:Prov.18.6 Bible:Prov.13.3 Bible:Prov.21.23,"Prov. xviii. 6; xiii. 3; xxi.
23"
clement_rome,virginity,Rom,new_testament,Bible:Rom.16.17-Rom.16.19,Rom. xvi. 17–19
clement_rome,virginity,Matt,new_testament,Bible:Matt.23.3,Matt. xxiii. 3
clement_rome,virginity,Col,new_testament,Bible:Col.2.18,Col. ii. 18
clement_rome,virginity,Matt,new_testament,Bible:Matt.15.14,Matt. xv. 14
clement_rome,virginity,1Cor,new_testament,Bible:1Cor.15.44,1 Cor. xv. 44
clement_rome,virginity,Jas,new_testament,Bible:Jas.3.15 Bible:1Cor.2.13-1Cor.2.14,"Jas. iii. 15 [also 1 Cor. ii. 13,
14"
clement_rome,virginity,Col,new_testament,Bible:Col.2.8,Col. ii. 8
clement_rome,virginity,Eph,new_testament,Bible:Eph.2.2 Bible:Col.2.8,Eph. ii. 2; Col. ii. 8
clement_rome,virginity,1Cor,new_testament,Bible:1Cor.12.8-1Cor.12.10,1 Cor. xii. 8–10
clement_rome,virginity,Jas,new_testament,Bible:Jas.1.5,Jas. i. 5
clement_rome,virginity,Jas,new_testament,Bible:Jas.1.27,Jas. i. 27
clement_rome,virginity,1Cor,new_testament,Bible:1Cor.13.1,1 Cor. xiii. 1
clement_rome,virginity,Matt,new_testament,Bible:Matt.17.21,Matt. xvii. 21
clement_rome,virginity,Mark,new_testament,Bible:Mark.9.29,Mark ix. 29
clement_rome,virginity,1Cor,new_testament,Bible:1Cor.6.19,1 Cor. vi. 19
clement_rome,virginity,Matt,new_testament,Bible:Matt.10.8,Matt. x. 8
clement_rome,virginity,Matt,new_testament,Bible:Matt.25.36,Matt. xxv. 36
clement_rome,virginity,2Cor,new_testament,Bible:2Cor.11.29,2 Cor. xi. 29
clement_rome,virginity,Matt,new_testament,Bible:Matt.9.37-Matt.9.38,"Matt. ix. 37, 38"
clement_rome,virginity,2Tim,new_testament,Bible:2Tim.2.15,"2
Tim. ii. 15"
clement_rome,virginity,John,new_testament,Bible:John.6.27,John vi. 27
clement_rome,virginity,John,new_testament,Bible:John.10.12-John.10.13,"John x. 12, 13"
clement_rome,virginity,Rom,new_testament,Bible:Rom.16.18,Rom. xvi. 18
clement_rome,virginity,Phil,new_testament,Bible:Phil.3.9,Phil. iii. 9
clement_rome,virginity,2Cor,new_testament,Bible:2Cor.11.13,2 Cor. xi. 13
clement_rome,virginity,Matt,new_testament,Bible:Matt.24.45-Matt.24.51,Matt. xxiv. 45–51
clement_rome,virginity,1Tim,new_testament,Bible:1Tim.3.3 Bible:Titus.1.7,1 Tim. iii. 3; Tit. i. 7
clement_rome,virginity,Rom,new_testament,Bible:Rom.12.17,Rom. xii. 17
clement_rome,virginity,Phil,new_testament,Bible:Phil.4.6,Phil. iv. 6
clement_rome,virginity,2Cor,new_testament,Bible:2Cor.6.3,2 Cor. vi. 3
clement_rome,virginity,2Cor,new_testament,Bible:2Cor.5.11,2 Cor. v. 11
clement_rome,virginity,1Cor,new_testament,Bible:1Cor.10.32-1Cor.10.33,"1 Cor. x. 32, 33"
clement_rome,virginity,Rom,new_testament,Bible:Rom.14.15,Rom. xiv. 15
clement_rome,virginity,1Cor,new_testament,Bible:1Cor.8.12-1Cor.8.13,"1 Cor. viii. 12, 13"
clement_rome,virginity,Matt,new_testament,Bible:Matt.10.16,Matt. x. 16
clement_rome,virginity,Eph,new_testament,Bible:Eph.5.15,Eph. v. 15
clement_rome,virginity,1Cor,new_testament,Bible:1Cor.10.31,1 Cor. x. 31
clement_rome,virginity,Phil,new_testament,Bible:Phil.2.15,Phil. ii. 15
clement_rome,virginity,Matt,new_testament,Bible:Matt.7.6,Matt. vii. 6
clement_rome,virginity,Ps,old_testament_or_other,Bible:Ps.137.4,Ps. cxxxvii. 4
clement_rome,virginity,Phil,new_testament,Bible:Phil.4.1,Phil. iv. 1
clement_rome,virginity,Luke,new_testament,Bible:Luke.12.35,Luke xii. 35
clement_rome,virginity,Judg,old_testament_or_other,Bible:Judg.13.25,Judges xiii. 25
clement_rome,virginity,Prov,old_testament_or_other,Bible:Prov.6.26,Prov. vi. 26
clement_rome,virginity,1Sam,old_testament_or_other,Bible:1Sam.16.13 Bible:Ps.89.20 Bible:Acts.13.22,"1 Sam. xvi. 13; Ps. lxxxix. 20, seqq.; Acts
xiii. 22"
clement_rome,virginity,Ps,old_testament_or_other,Bible:Ps.18.50 Bible:2Sam.19.21,Ps. xviii. 50; 2 Sam. xix. 21
clement_rome,virginity,Eccl,old_testament_or_other,Bible:Eccl.7.26,Eccl. vii. 26
clement_rome,virginity,Gen,old_testament_or_other,Bible:Gen.34.7,Gen. xxxiv. 7
clement_rome,virginity,Sir,deuterocanonical,Bible:Sir.9.8-Sir.9.9,"Ecclus. ix. 8, 9"
clement_rome,virginity,Sir,deuterocanonical,Bible:Sir.9.12,Ecclus. ix. 12
clement_rome,virginity,Prov,old_testament_or_other,Bible:Prov.6.27,Prov. vi. 27
clement_rome,virginity,Prov,old_testament_or_other,Bible:Prov.6.28-Prov.6.29,"Prov. vi. 28, 29"
clement_rome,virginity,Prov,old_testament_or_other,Bible:Prov.6.25,Prov. vi. 25
clement_rome,virginity,Sir,deuterocanonical,Bible:Sir.9.5,"Ecclus.
ix. 5"
clement_rome,virginity,Sir,deuterocanonical,Bible:Sir.9.4,"Ecclus.
ix. 4"
clement_rome,virginity,1Cor,new_testament,Bible:1Cor.10.12,1 Cor. x. 12
clement_rome,virginity,Exod,old_testament_or_other,Bible:Exod.15.1,Exod. xv. 1
clement_rome,virginity,John,new_testament,Bible:John.4.27,John iv. 27
clement_rome,virginity,John,new_testament,Bible:John.20.17,John xx. 17
clement_rome,virginity,2Kgs,old_testament_or_other,Bible:2Kgs.4.27,2 Kings iv. 27
clement_rome,pseudo_literature,Gen,old_testament_or_other,Bible:Gen.1.1,Gen. i. 1
clement_rome,pseudo_literature,Gen,old_testament_or_other,Bible:Gen.6.2,Gen. vi. 2
clement_rome,pseudo_literature,Gen,old_testament_or_other,Bible:Gen.9.1,Gen. ix. 1
clement_rome,pseudo_literature,Gen,old_testament_or_other,Bible:Gen.11.28,Gen. xi. 28
clement_rome,pseudo_literature,Exod,old_testament_or_other,Bible:Exod.3,Exod. iii
clement_rome,pseudo_literature,1Cor,new_testament,Bible:1Cor.10.4,1 Cor. x. 4
clement_rome,pseudo_literature,Deut,old_testament_or_other,Bible:Deut.17.15 Bible:Acts.3.22-Acts.3.23,"Deut. xvii. 15; Acts iii. 22,
23"
clement_rome,pseudo_literature,Deut,old_testament_or_other,Bible:Deut.12.11 Bible:2Chr.7.12,"Deut. xii. 11; 2 Chron. vii.
12"
clement_rome,pseudo_literature,Hos,old_testament_or_other,Bible:Hos.6.6 Bible:Matt.9.13 Bible:Matt.12.7,"Hos. vi. 6; Matt. ix. 13; xii.
7"
clement_rome,pseudo_literature,Matt,new_testament,Bible:Matt.24.2 Bible:Luke.19.44,Matt. xxiv. 2; Luke xix. 44
clement_rome,pseudo_literature,Deut,old_testament_or_other,Bible:Deut.31,Deut. xxxi.–xxxiv
clement_rome,pseudo_literature,Matt,new_testament,Bible:Matt.9 Bible:John.7,Matt. ix.; John vii
clement_rome,pseudo_literature,Matt,new_testament,Bible:Matt.10,Matt. x
clement_rome,pseudo_literature,Luke,new_testament,Bible:Luke.10,Luke x
clement_rome,pseudo_literature,Num,old_testament_or_other,Bible:Num.11.16,Num. xi. 16
clement_rome,pseudo_literature,Deut,old_testament_or_other,Bible:Deut.18.15,Deut. xviii. 15
clement_rome,pseudo_literature,Matt,new_testament,Bible:Matt.27.45 Bible:Matt.27.51 Bible:Matt.27.52,"Matt. xxvii. 45, 51, 52"
clement_rome,pseudo_literature,Gen,old_testament_or_other,Bible:Gen.15 Bible:Acts.13,Gen. xv.; Acts xiii
clement_rome,pseudo_literature,Matt,new_testament,Bible:Matt.27.45,Matt. xxvii. 45
clement_rome,pseudo_literature,Matt,new_testament,Bible:Matt.28.13,Matt. xxviii. 13
clement_rome,pseudo_literature,John,new_testament,Bible:John.12.34,John xii. 34
clement_rome,pseudo_literature,Acts,new_testament,Bible:Acts.5,Acts v.
clement_rome,pseudo_literature,Exod,old_testament_or_other,Bible:Exod.29 Bible:Lev.8,Exod. xxix.; Lev. viii
clement_rome,pseudo_literature,Matt,new_testament,Bible:Matt.3.17,Matt. iii. 17
clement_rome,pseudo_literature,Gen,old_testament_or_other,Bible:Gen.49.10,Gen. xlix. 10
clement_rome,pseudo_literature,Gen,old_testament_or_other,Bible:Gen.5.24,Gen. v. 24
clement_rome,pseudo_literature,Matt,new_testament,Bible:Matt.22.23,Matt. xxii. 23
clement_rome,pseudo_literature,Luke,new_testament,Bible:Luke.11.52,Luke xi. 52
clement_rome,pseudo_literature,Matt,new_testament,Bible:Matt.10.5,Matt. x. 5
clement_rome,pseudo_literature,Matt,new_testament,Bible:Matt.11.9 Bible:Matt.11.11,"Matt. xi. 9, 11"
clement_rome,pseudo_literature,Matt,new_testament,Bible:Matt.5.3 Bible:Luke.6.20,Matt. v. 3; Luke vi. 20
clement_rome,pseudo_literature,Dan,old_testament_or_other,Bible:Dan.9.27 Bible:Matt.24.15,Dan. ix. 27; Matt. xxiv. 15
clement_rome,pseudo_literature,Acts,new_testament,Bible:Acts.5.35-Acts.5.39,Acts v. 35–39
clement_rome,pseudo_literature,Acts,new_testament,Bible:Acts.22.5,Acts xxii. 5
clement_rome,pseudo_literature,Acts,new_testament,Bible:Acts.10,"Acts
x"
clement_rome,pseudo_literature,Acts,new_testament,Bible:Acts.8,Acts viii
clement_rome,pseudo_literature,Matt,new_testament,Bible:Matt.10.11,Matt. x. 11
clement_rome,pseudo_literature,Matt,new_testament,Bible:Matt.7.6,Matt. vii. 6
clement_rome,pseudo_literature,2Cor,new_testament,Bible:2Cor.11.14,2 Cor. xi. 14
clement_rome,pseudo_literature,Matt,new_testament,Bible:Matt.6.33,Matt. vi. 33
clement_rome,pseudo_literature,Rom,new_testament,Bible:Rom.1.20,Rom. i. 20
clement_rome,pseudo_literature,Matt,new_testament,Bible:Matt.5.8,Matt. v. 8
clement_rome,pseudo_literature,Matt,new_testament,Bible:Matt.10.34,Matt. x. 34
clement_rome,pseudo_literature,Matt,new_testament,Bible:Matt.5.9,Matt. v. 9
clement_rome,pseudo_literature,Matt,new_testament,Bible:Matt.10.25,Matt. x. 25
clement_rome,pseudo_literature,Matt,new_testament,Bible:Matt.10.35-Matt.10.36 Bible:Luke.12.53,"Matt. x. 35, 36; Luke xii. 53"
clement_rome,pseudo_literature,Matt,new_testament,Bible:Matt.23 Bible:Luke.11,Matt. xxiii.; Luke xi
clement_rome,pseudo_literature,Matt,new_testament,Bible:Matt.10.12-Matt.10.15 Bible:Luke.10.5-Luke.10.6,"Matt. x. 12–15; Luke x. 5,
6"
clement_rome,pseudo_literature,Matt,new_testament,Bible:Matt.12.25,Matt. xii. 25
clement_rome,pseudo_literature,Luke,new_testament,Bible:Luke.12.51-Luke.12.53,Luke xii. 51–53
clement_rome,pseudo_literature,Matt,new_testament,Bible:Matt.28.19-Matt.28.20,"Matt. xxviii. 19, 20"
clement_rome,pseudo_literature,Gen,old_testament_or_other,Bible:Gen.3.5,Gen. iii. 5
clement_rome,pseudo_literature,Gen,old_testament_or_other,Bible:Gen.3.22,Gen. iii. 22
clement_rome,pseudo_literature,Gen,old_testament_or_other,Bible:Gen.1.26,Gen. i. 26
clement_rome,pseudo_literature,Gen,old_testament_or_other,Bible:Gen.11.7,Gen. xi. 7
clement_rome,pseudo_literature,Exod,old_testament_or_other,Bible:Exod.22.28,Exod. xxii. 28
clement_rome,pseudo_literature,Deut,old_testament_or_other,Bible:Deut.32.12,Deut. xxxii. 12
clement_rome,pseudo_literature,Deut,old_testament_or_other,Bible:Deut.10.17,Deut. x. 17
clement_rome,pseudo_literature,Exod,old_testament_or_other,Bible:Exod.7.1,Exod. vii. 1
clement_rome,pseudo_literature,Deut,old_testament_or_other,Bible:Deut.32.39,Deut. xxxii. 39
clement_rome,pseudo_literature,Deut,old_testament_or_other,Bible:Deut.4.39,Deut. iv. 39
clement_rome,pseudo_literature,Deut,old_testament_or_other,Bible:Deut.10.14-Deut.10.15,"Deut x. 14, 15"
clement_rome,pseudo_literature,Deut,old_testament_or_other,Bible:Deut.6.13 Bible:Deut.10.20,"Deut. vi. 13, x. 20"
clement_rome,pseudo_literature,Deut,old_testament_or_other,Bible:Deut.6.4,Deut. vi. 4
clement_rome,pseudo_literature,Ps,old_testament_or_other,Bible:Ps.86.8 Bible:Ps.71.19,Ps. lxxxvi. 8; lxxi. 19
clement_rome,pseudo_literature,Ps,old_testament_or_other,Bible:Ps.18.31,Ps. xviii. 31
clement_rome,pseudo_literature,Josh,old_testament_or_other,Bible:Josh.23.7,Josh. xxiii. 7
clement_rome,pseudo_literature,Gen,old_testament_or_other,Bible:Gen.3,Gen. iii
clement_rome,pseudo_literature,Deut,old_testament_or_other,Bible:Deut.8.11,Deut. viii. 11
clement_rome,pseudo_literature,Deut,old_testament_or_other,Bible:Deut.13.1-Deut.13.3,Deut. xiii. 1–3
clement_rome,pseudo_literature,Matt,new_testament,Bible:Matt.11.27,Matt. xi. 27
clement_rome,pseudo_literature,Luke,new_testament,Bible:Luke.10.22,Luke x. 22
clement_rome,pseudo_literature,John,new_testament,Bible:John.5.23,John v. 23
clement_rome,pseudo_literature,Luke,new_testament,Bible:Luke.11.22,Luke xi. 22
clement_rome,pseudo_literature,1Cor,new_testament,Bible:1Cor.10.20,1 Cor. x. 20
clement_rome,pseudo_literature,Matt,new_testament,Bible:Matt.10.26,Matt. x. 26
clement_rome,pseudo_literature,Luke,new_testament,Bible:Luke.8.5,Luke viii. 5
clement_rome,pseudo_literature,Matt,new_testament,Bible:Matt.13.3 Bible:Mark.4.3,"Matt.
xiii. 3, etc.; Mark iv. 3"
clement_rome,pseudo_literature,Exod,old_testament_or_other,Bible:Exod.33.20,Ex. xxxiii. 20
clement_rome,pseudo_literature,Matt,new_testament,Bible:Matt.22.30,Matt. xxii. 30
clement_rome,pseudo_literature,Matt,new_testament,Bible:Matt.5.45,Matt. v. 45
clement_rome,pseudo_literature,Matt,new_testament,Bible:Matt.3.12,Matt. iii. 12
clement_rome,pseudo_literature,Acts,new_testament,Bible:Acts.8.18-Acts.8.24,Acts viii. 18–24
clement_rome,pseudo_literature,Matt,new_testament,Bible:Matt.18.7,Matt. xviii. 7
clement_rome,pseudo_literature,Acts,new_testament,Bible:Acts.8.13,Acts viii. 13
clement_rome,pseudo_literature,Exod,old_testament_or_other,Bible:Exod.8.19,Ex. viii. 19
clement_rome,pseudo_literature,Exod,old_testament_or_other,Bible:Exod.12,Ex. xii
clement_rome,pseudo_literature,Matt,new_testament,Bible:Matt.13.46,Matt. xiii. 46
clement_rome,pseudo_literature,Matt,new_testament,Bible:Matt.18.7 Bible:Luke.17.1,Matt. xviii. 7; Luke xvii. 1
clement_rome,pseudo_literature,Luke,new_testament,Bible:Luke.19,Luke xix.
clement_rome,pseudo_literature,Matt,new_testament,Bible:Matt.9.37-Matt.9.38,"Matt. ix. 37, 38"
clement_rome,pseudo_literature,Luke,new_testament,Bible:Luke.13.29 Bible:Matt.8.11,Luke xiii. 29; Matt. viii. 11
clement_rome,pseudo_literature,Exod,old_testament_or_other,Bible:Exod.14.31,Ex. xiv. 31
clement_rome,pseudo_literature,Luke,new_testament,Bible:Luke.6.46,Luke vi. 46
clement_rome,pseudo_literature,Matt,new_testament,Bible:Matt.11.25,Matt. xi. 25
clement_rome,pseudo_literature,Luke,new_testament,Bible:Luke.10.21,Luke x. 21
clement_rome,pseudo_literature,Matt,new_testament,Bible:Matt.13.52,Matt. xiii. 52
clement_rome,pseudo_literature,Gen,old_testament_or_other,Bible:Gen.4.26,Gen. iv. 26
clement_rome,pseudo_literature,Gen,old_testament_or_other,Bible:Gen.6.9,Gen. vi. 9
clement_rome,pseudo_literature,Matt,new_testament,Bible:Matt.21.22,Matt. xxi. 22
clement_rome,pseudo_literature,Matt,new_testament,Bible:Matt.8.9 Bible:Luke.7.8,"Matt.
viii. 9.  [Luke vii. 8"
clement_rome,pseudo_literature,Matt,new_testament,Bible:Matt.4.10 Bible:Luke.4.8,"Matt.
iv. 10.  [Luke iv. 8"
clement_rome,pseudo_literature,Matt,new_testament,Bible:Matt.22.2-Matt.22.14,Matt. xxii. 2–14
clement_rome,pseudo_literature,Acts,new_testament,Bible:Acts.15.20 Bible:1Cor.10.21,Acts xv. 20 and 1 Cor. x. 21.
clement_rome,pseudo_literature,Matt,new_testament,Bible:Matt.13.23,Matt. xiii. 23
clement_rome,pseudo_literature,Mark,new_testament,Bible:Mark.4.8 Bible:Mark.4.20,"Mark iv. 8, 20"
clement_rome,pseudo_literature,Matt,new_testament,Bible:Matt.17.20,Matt. xvii. 20
clement_rome,pseudo_literature,Matt,new_testament,Bible:Matt.6.24,Matt. vi. 24
clement_rome,pseudo_literature,Isa,old_testament_or_other,Bible:Isa.65.1,Isa. lxv. 1
clement_rome,pseudo_literature,John,new_testament,Bible:John.8.34,John viii. 34
clement_rome,pseudo_literature,Luke,new_testament,Bible:Luke.6.36 Bible:Matt.5.45,Luke vi. 36; Matt. v. 45
clement_rome,pseudo_literature,Deut,old_testament_or_other,Bible:Deut.6.13 Bible:Matt.4.10,Deut. vi. 13; Matt. iv. 10
clement_rome,pseudo_literature,Rom,new_testament,Bible:Rom.11.34,Rom. xi. 34
clement_rome,pseudo_literature,1Kgs,old_testament_or_other,Bible:1Kgs.17 Bible:1Kgs.18 Bible:Jas.5.17-Jas.5.18,"1 Kings xvii.; xviii.; Jas. v. 17,
18"
clement_rome,pseudo_literature,Rom,new_testament,Bible:Rom.2.28 Bible:Rev.2.9,Rom. ii. 28; Rev. ii. 9
clement_rome,pseudo_literature,Matt,new_testament,Bible:Matt.17.20 Bible:Luke.17.6,Matt. xvii. 20; Luke xvii. 6
clement_rome,pseudo_literature,Luke,new_testament,Bible:Luke.12.49,Luke xii. 49
clement_rome,pseudo_literature,Luke,new_testament,Bible:Luke.23.34,Luke xxiii. 34
clement_rome,pseudo_literature,Acts,new_testament,Bible:Acts.7.60,Acts vii. 60
clement_rome,pseudo_literature,Gen,old_testament_or_other,Bible:Gen.1.1-Gen.1.2,"Gen. i. 1, 2"
clement_rome,pseudo_literature,John,new_testament,Bible:John.3.5,John iii. 5
clement_rome,pseudo_literature,Matt,new_testament,Bible:Matt.23.25-Matt.23.26,"Matt. xxiii. 25, 26"
clement_rome,pseudo_literature,Matt,new_testament,Bible:Matt.12.42 Bible:Luke.11.31,Matt. xii. 42; Luke xi. 31
clement_rome,pseudo_literature,Matt,new_testament,Bible:Matt.12.41 Bible:Luke.11.32,Matt. xii. 41; Luke xi. 32
clement_rome,pseudo_literature,Matt,new_testament,Bible:Matt.5.28-Matt.5.29,"Matt. v. 28, 29"
clement_rome,pseudo_literature,Matt,new_testament,Bible:Matt.5.14-Matt.5.15,"Matt. v. 14, 15"
clement_rome,pseudo_literature,Matt,new_testament,Bible:Matt.23.9,Matt. xxiii. 9
clement_rome,pseudo_literature,John,new_testament,Bible:John.1.1-John.1.3,John i. 1–3
clement_rome,pseudo_literature,Gen,old_testament_or_other,Bible:Gen.4.12,Gen. iv. 12
clement_rome,pseudo_literature,Ezek,old_testament_or_other,Bible:Ezek.2.6,Ezek. ii. 6
clement_rome,pseudo_literature,Deut,old_testament_or_other,Bible:Deut.32.8,Deut. xxxii. 8
clement_rome,pseudo_literature,Wis,deuterocanonical,Bible:Wis.1.4,Wisd. i. 4
clement_rome,pseudo_literature,Ps,old_testament_or_other,Bible:Ps.39.12,Ps. xxxix. 12
clement_rome,pseudo_literature,Exod,old_testament_or_other,Bible:Exod.35.3,Ex. xxxv. 3
clement_rome,pseudo_literature,Luke,new_testament,Bible:Luke.12.17 Bible:Luke.12.19 Bible:Luke.12.20,"Luke xii. 17, 19, 20"
clement_rome,pseudo_literature,Ezek,old_testament_or_other,Bible:Ezek.18.33,Ezek. xviii. 33
clement_rome,pseudo_literature,Matt,new_testament,Bible:Matt.11.30,Matt. xi. 30
clement_rome,pseudo_literature,Luke,new_testament,Bible:Luke.1.1-Luke.1.4 Bible:Acts.1.1,"Gospel of Luke (i.
1–4) and in Acts i. 1"
clement_rome,pseudo_literature,Matt,new_testament,Bible:Matt.5.18 Bible:Matt.24.35 Bible:Mark.13.31 Bible:Luke.22.33,"Matt. v. 18; comp. Matt. xxiv. 35; Mark xiii.
31; Luke xxii. 33"
clement_rome,pseudo_literature,Eccl,old_testament_or_other,Bible:Eccl.3.1,Eccles. iii. 1
clement_rome,pseudo_literature,Matt,new_testament,Bible:Matt.22.29 Bible:Mark.12.24,"Matt. xxii. 29; Mark
xii. 24"
clement_rome,pseudo_literature,Gen,old_testament_or_other,Bible:Gen.7.1,Gen. vii. 1
clement_rome,pseudo_literature,Matt,new_testament,Bible:Matt.24.2 Bible:Matt.24.34 Bible:Luke.19.43-Luke.19.44,"Matt. xxiv. 2, 34; Luke xix. 43,
44"
clement_rome,pseudo_literature,Deut,old_testament_or_other,Bible:Deut.32.7,Deut. xxxii. 7
clement_rome,pseudo_literature,Matt,new_testament,Bible:Matt.23.2-Matt.23.3,"Matt. xxiii. 2, 3"
clement_rome,pseudo_literature,Matt,new_testament,Bible:Matt.23.37 Bible:Luke.13.34 Bible:Luke.23.34,"Matt. xxiii. 37; Luke xiii. 34; Luke
xxiii. 34"
clement_rome,pseudo_literature,Matt,new_testament,Bible:Matt.5.44,Matt. v. 44
clement_rome,pseudo_literature,Gen,old_testament_or_other,Bible:Gen.2.20,Gen. ii. 20
clement_rome,pseudo_literature,Matt,new_testament,Bible:Matt.10.12 Bible:Mark.6.11 Bible:Luke.10.5,"Matt. x. 12, etc.; Mark. vi. 11, etc.; Luke. x.
5"
clement_rome,pseudo_literature,Gen,old_testament_or_other,Bible:Gen.18.21,Gen. xviii. 21
clement_rome,pseudo_literature,Gen,old_testament_or_other,Bible:Gen.6.6,Gen. vi. 6
clement_rome,pseudo_literature,Gen,old_testament_or_other,Bible:Gen.8.21,Gen. viii. 21
clement_rome,pseudo_literature,Gen,old_testament_or_other,Bible:Gen.22.1,Gen. xxii. 1
clement_rome,pseudo_literature,Gen,old_testament_or_other,Bible:Gen.15.13-Gen.15.16,Gen. xv. 13–16
clement_rome,pseudo_literature,Num,old_testament_or_other,Bible:Num.11.34,"Num. xi.
34"
clement_rome,pseudo_literature,Deut,old_testament_or_other,Bible:Deut.34.6,Deut. xxxiv. 6
clement_rome,pseudo_literature,Matt,new_testament,Bible:Matt.22.29,Matt. xxii. 29
clement_rome,pseudo_literature,Matt,new_testament,Bible:Matt.5.17,Matt. v. 17
clement_rome,pseudo_literature,Matt,new_testament,Bible:Matt.5.18,Matt. v. 18
clement_rome,pseudo_literature,Matt,new_testament,Bible:Matt.15.13,Matt. xv. 13
clement_rome,pseudo_literature,John,new_testament,Bible:John.10.9,John x. 9
clement_rome,pseudo_literature,Matt,new_testament,Bible:Matt.11.28,Matt. xi. 28
clement_rome,pseudo_literature,John,new_testament,Bible:John.10.3,John x. 3
clement_rome,pseudo_literature,Matt,new_testament,Bible:Matt.7.7,Matt. vii. 7
clement_rome,pseudo_literature,Matt,new_testament,Bible:Matt.17.5,Matt. xvii. 5
clement_rome,pseudo_literature,Matt,new_testament,Bible:Matt.13.17 Bible:Luke.10.24,Matt. xiii. 17; Luke x. 24
clement_rome,pseudo_literature,Deut,old_testament_or_other,Bible:Deut.18.15-Deut.18.19 Bible:Acts.3.22 Bible:Acts.7.37,"Deut. xviii. 15–19; Acts iii. 22;
vii. 37"
clement_rome,pseudo_literature,Matt,new_testament,Bible:Matt.19.8 Bible:Mark.10.5-Mark.10.6,"Matt. xix. 8; Mark x. 5, 6"
clement_rome,pseudo_literature,Matt,new_testament,Bible:Matt.5.37,Matt. v. 37
clement_rome,pseudo_literature,Matt,new_testament,Bible:Matt.22.32 Bible:Mark.12.27 Bible:Luke.20.38,"Matt. xxii. 32; Mark xii. 27; Luke xx.
38"
clement_rome,pseudo_literature,Matt,new_testament,Bible:Matt.13.39,Matt. xiii. 39
clement_rome,pseudo_literature,Matt,new_testament,Bible:Matt.6.8 Bible:Matt.6.32,"Matt. vi. 8, 32"
clement_rome,pseudo_literature,Matt,new_testament,Bible:Matt.6.6,Matt. vi. 6
clement_rome,pseudo_literature,Matt,new_testament,Bible:Matt.7.9-Matt.7.11,Matt. vii. 9–11
clement_rome,pseudo_literature,Matt,new_testament,Bible:Matt.5.34-Matt.5.35,"Matt. v. 34, 35"
clement_rome,pseudo_literature,Matt,new_testament,Bible:Matt.9.13 Bible:Matt.12.7,Matt. ix. 13; xii. 7
clement_rome,pseudo_literature,Hos,old_testament_or_other,Bible:Hos.6.6,Hos. vi. 6
clement_rome,pseudo_literature,Matt,new_testament,Bible:Matt.19.17 Bible:Mark.10.18 Bible:Luke.18.19,"Matt. xix. 17; Mark x. 18; Luke xviii.
19"
clement_rome,pseudo_literature,Matt,new_testament,Bible:Matt.5.44-Matt.5.45,"Matt. v. 44, 45"
clement_rome,pseudo_literature,Mark,new_testament,Bible:Mark.12.29,Mark xii. 29
clement_rome,pseudo_literature,Matt,new_testament,Bible:Matt.24.45-Matt.24.50,Matt. xxiv. 45–50
clement_rome,pseudo_literature,Matt,new_testament,Bible:Matt.25.27-Matt.25.30,Matt. xxv. 27–30
clement_rome,pseudo_literature,Luke,new_testament,Bible:Luke.19.5,Luke xix. 5
clement_rome,pseudo_literature,Luke,new_testament,Bible:Luke.12.42,Luke xii. 42
clement_rome,pseudo_literature,Acts,new_testament,Bible:Acts.8.9-Acts.8.11,Acts viii. 9–11
clement_rome,pseudo_literature,Acts,new_testament,Bible:Acts.15.20 Bible:1Cor.10.21,Acts xv. 20 and 1 Cor. x. 21
clement_rome,pseudo_literature,Matt,new_testament,Bible:Matt.8.11 Bible:Luke.13.29,Matt. viii. 11; Luke xiii. 29
clement_rome,pseudo_literature,Matt,new_testament,Bible:Matt.20.16,Matt. xx. 16
clement_rome,pseudo_literature,Exod,old_testament_or_other,Bible:Exod.19.9,Ex. xix. 9
clement_rome,pseudo_literature,Matt,new_testament,Bible:Matt.11.25 Bible:Luke.10.21,Matt. xi. 25.  [Luke x. 21
clement_rome,pseudo_literature,Matt,new_testament,Bible:Matt.4 Bible:Luke.4,Matt. iv.; Luke iv
clement_rome,pseudo_literature,Matt,new_testament,Bible:Matt.22,Matt. xxii
clement_rome,pseudo_literature,Matt,new_testament,Bible:Matt.4.10 Bible:Luke.4.8 Bible:Deut.6.13,"Matt. iv. 10; [Luke iv. 8; Deut. vi.
13"
clement_rome,pseudo_literature,Matt,new_testament,Bible:Matt.12.42 Bible:Luke.11.31,Matt. xii. 42; [Luke xi. 31
clement_rome,pseudo_literature,Matt,new_testament,Bible:Matt.12.41 Bible:Luke.11.32,Matt. xii. 41]; Luke xi. 32
clement_rome,pseudo_literature,Matt,new_testament,Bible:Matt.18.7 Bible:Luke.17.1,"Matt. xviii. 7; Luke
xvii. 1"
clement_rome,pseudo_literature,Luke,new_testament,Bible:Luke.12.6-Luke.12.7 Bible:Matt.10.29-Matt.10.30,"Luke xii. 6, 7; [Matt. x. 29, 30"
clement_rome,pseudo_literature,Matt,new_testament,Bible:Matt.22.39,Matt. xxii. 39
clement_rome,pseudo_literature,Matt,new_testament,Bible:Matt.7.12,Matt. vii. 12
clement_rome,pseudo_literature,Matt,new_testament,Bible:Matt.25.35-Matt.25.36,"Matt. xxv. 35, 36"
clement_rome,pseudo_literature,Ps,old_testament_or_other,Bible:Ps.45.11,Ps. xlv. 11
clement_rome,pseudo_literature,Matt,new_testament,Bible:Matt.5.39-Matt.5.41 Bible:Luke.6.29,"Matt. v. 39–41; Luke vi.
29"
clement_rome,pseudo_literature,Matt,new_testament,Bible:Matt.5.3,Matt. v. 3
clement_rome,pseudo_literature,Gen,old_testament_or_other,Bible:Gen.2.16-Gen.2.17,"Gen. ii. 16, 17"
clement_rome,pseudo_literature,Exod,old_testament_or_other,Bible:Exod.22.28,Ex. xxii. 28
clement_rome,pseudo_literature,Deut,old_testament_or_other,Bible:Deut.4.34,Deut. iv. 34
clement_rome,pseudo_literature,Jer,old_testament_or_other,Bible:Jer.10.11,Jer. x. 11
clement_rome,pseudo_literature,Deut,old_testament_or_other,Bible:Deut.13.6,Deut. xiii. 6
clement_rome,pseudo_literature,Ps,old_testament_or_other,Bible:Ps.35.10 Bible:Ps.86.8,"Ps. xxxv. 10, lxxxvi. 8"
clement_rome,pseudo_literature,Ps,old_testament_or_other,Bible:Ps.50.1,Ps. l. 1
clement_rome,pseudo_literature,Ps,old_testament_or_other,Bible:Ps.82.1,Ps. lxxxii. 1
clement_rome,pseudo_literature,Deut,old_testament_or_other,Bible:Deut.10.14,Deut. x. 14
clement_rome,pseudo_literature,Isa,old_testament_or_other,Bible:Isa.49.18 Bible:Isa.45.21 Bible:Isa.44.6,"Isa. xlix. 18, xlv. 21, xliv.
6"
clement_rome,pseudo_literature,Deut,old_testament_or_other,Bible:Deut.6.13,Deut. vi. 13
clement_rome,pseudo_literature,Ps,old_testament_or_other,Bible:Ps.19.1,Ps. xix. 1
clement_rome,pseudo_literature,Ps,old_testament_or_other,Bible:Ps.102.26-Ps.102.27,"Ps. cii. 26, 27"
clement_rome,pseudo_literature,Gen,old_testament_or_other,Bible:Gen.1.26,Gen. I. 26
clement_rome,pseudo_literature,Prov,old_testament_or_other,Bible:Prov.8.30,Prov. viii. 30
clement_rome,pseudo_literature,Deut,old_testament_or_other,Bible:Deut.13.1,Deut. xiii. 1
clement_rome,pseudo_literature,Isa,old_testament_or_other,Bible:Isa.9.6,Isa. ix. 6
clement_rome,pseudo_literature,John,new_testament,Bible:John.1.18,"John i.
18"
clement_rome,pseudo_literature,Matt,new_testament,Bible:Matt.24.24,Matt. xxiv. 24
clement_rome,pseudo_literature,Matt,new_testament,Bible:Matt.19.17,Matt. xix. 17
clement_rome,pseudo_literature,Matt,new_testament,Bible:Matt.11.27 Bible:Luke.10.22,Matt. xi. 27; [Luke x. 22
clement_rome,pseudo_literature,Matt,new_testament,Bible:Matt.10.28,Matt. x. 28
clement_rome,pseudo_literature,Luke,new_testament,Bible:Luke.18.6-Luke.18.8,Luke xviii. 6–8
clement_rome,pseudo_literature,Matt,new_testament,Bible:Matt.11.25 Bible:Luke.10.21,Matt. xi. 25; [Luke x. 21
clement_rome,pseudo_literature,Matt,new_testament,Bible:Matt.18.10,Matt. xviii. 10
clement_rome,pseudo_literature,Gen,old_testament_or_other,Bible:Gen.20.3,Gen. xx. 3
clement_rome,pseudo_literature,Gen,old_testament_or_other,Bible:Gen.41.5,Gen. xli. 5
clement_rome,pseudo_literature,Gen,old_testament_or_other,Bible:Gen.41.25,Gen. xli. 25
clement_rome,pseudo_literature,Dan,old_testament_or_other,Bible:Dan.2.31,Dan. ii. 31
clement_rome,pseudo_literature,Dan,old_testament_or_other,Bible:Dan.3.25,Dan. iii. 25
clement_rome,pseudo_literature,Matt,new_testament,Bible:Matt.16.13,Matt. xvi. 13
clement_rome,pseudo_literature,Matt,new_testament,Bible:Matt.16.16,Matt. xvi. 16
clement_rome,pseudo_literature,Num,old_testament_or_other,Bible:Num.12.6-Num.12.7 Bible:Exod.33.11,"Num. xii. 6, 7; Ex. xxxiii. 11"
clement_rome,pseudo_literature,Matt,new_testament,Bible:Matt.16.18,Matt. xvi. 18
clement_rome,pseudo_literature,Gal,new_testament,Bible:Gal.2.11,Gal. ii. 11
clement_rome,pseudo_literature,Luke,new_testament,Bible:Luke.18.18 Bible:Matt.19.16,"Luke xviii. 18, ff.; Matt. xix. 16"
clement_rome,pseudo_literature,Lam,old_testament_or_other,Bible:Lam.3.38,Lam. iii. 38
clement_rome,pseudo_literature,Matt,new_testament,Bible:Matt.11.25,Matthew XI. 25
clement_rome,pseudo_literature,Ps,old_testament_or_other,Bible:Ps.78.2,Ps. lxxviii. 2
clement_rome,pseudo_literature,Matt,new_testament,Bible:Matt.13.35,xiii. 35
clement_rome,pseudo_literature,Matt,new_testament,Bible:Matt.7.2 Bible:Luke.6.38,"Matt.
vii. 2; [Luke vi. 38"
clement_rome,pseudo_literature,Luke,new_testament,Bible:Luke.8.18,Luke viii. 18
clement_rome,pseudo_literature,Isa,old_testament_or_other,Bible:Isa.40.26-Isa.40.27,"Isa. xl. 26, 27"
clement_rome,pseudo_literature,Deut,old_testament_or_other,Bible:Deut.30.15,Deut. xxx. 15
clement_rome,pseudo_literature,Matt,new_testament,Bible:Matt.7.13-Matt.7.14,"Matt. vii. 13, 14"
clement_rome,pseudo_literature,Isa,old_testament_or_other,Bible:Isa.1.3,"Isaiah I.
3"
clement_rome,pseudo_literature,Isa,old_testament_or_other,Bible:Isa.1.3,Isa. i. 3
clement_rome,pseudo_literature,Mark,new_testament,Bible:Mark.12.24,Mark xii. 24
clement_rome,pseudo_literature,Mark,new_testament,Bible:Mark.1.13,Mark i. 13
clement_rome,pseudo_literature,Matt,new_testament,Bible:Matt.12.26,Matt. xii. 26
clement_rome,pseudo_literature,Luke,new_testament,Bible:Luke.10.18,Luke x. 18
clement_rome,pseudo_literature,Eph,new_testament,Bible:Eph.4.27,Eph. iv. 27
clement_rome,pseudo_literature,Matt,new_testament,Bible:Matt.5.37 Bible:Jas.5.12,Matt. v. 37; Jas. v. 12
clement_rome,pseudo_literature,Matt,new_testament,Bible:Matt.6.13,Matt. vi. 13
clement_rome,pseudo_literature,Matt,new_testament,Bible:Matt.25.41,Matt. xxv. 41
clement_rome,pseudo_literature,Matt,new_testament,Bible:Matt.12.34,Matt. xii. 34
clement_rome,pseudo_literature,Matt,new_testament,Bible:Matt.27.51 Bible:Matt.8.24-Matt.8.26,"Matt. xxvii. 51, viii.
24–26"
clement_rome,pseudo_literature,Matt,new_testament,Bible:Matt.8.31,Matt. viii. 31
clement_rome,pseudo_literature,Gen,old_testament_or_other,Bible:Gen.1.31,Gen. i. 31
clement_rome,pseudo_literature,Mark,new_testament,Bible:Mark.4.34,Mark iv. 34
clement_rome,pseudo_literature,Matt,new_testament,Bible:Matt.13.11,Matt. xiii. 11
clement_rome,pseudo_literature,Eccl,old_testament_or_other,Bible:Eccl.3.2,Eccles. iii. 2
clement_rome,pseudo_literature,Gal,new_testament,Bible:Gal.4.10,Gal. iv. 10
clement_rome,pseudo_literature,John,new_testament,Bible:John.9.2-John.9.3,"John ix. 2, 3"
clement_rome,pseudo_literature,Exod,old_testament_or_other,Bible:Exod.4.3-Exod.4.4,"Ex. iv. 3, 4"
clement_rome,pseudo_literature,Exod,old_testament_or_other,Bible:Exod.7.19-Exod.7.20,"Ex. vii. 19, 20"
clement_rome,pseudo_literature,Gen,old_testament_or_other,Bible:Gen.2.7,Gen. ii. 7
clement_rome,pseudo_literature,Eccl,old_testament_or_other,Bible:Eccl.3.20,Eccles. iii. 20
clement_rome,pseudo_literature,Exod,old_testament_or_other,Bible:Exod.34.29,Ex. xxxiv. 29
clement_rome,pseudo_literature,Gen,old_testament_or_other,Bible:Gen.6.2 Bible:Ps.104.4,"Gen.
vi. 2.  [Comp. Ps. civ. 4"
clement_rome,pseudo_literature,Gen,old_testament_or_other,Bible:Gen.18.4,Gen. xviii. 4
clement_rome,pseudo_literature,Gen,old_testament_or_other,Bible:Gen.32.24,Gen. xxxii. 24
clement_rome,pseudo_literature,Exod,old_testament_or_other,Bible:Exod.7.9,Ex. vii. 9
anonymous,apocrypha_nt,Col,new_testament,Bible:Col.4.16 Bible:1Cor.5.9,"Col. iv. 16 and I Cor. v.
9"
anonymous,apocrypha_nt,Sus,deuterocanonical,Bible:Sus.1.4,Susanna i. 4
anonymous,apocrypha_nt,Wis,deuterocanonical,Bible:Wis.31 Bible:Matt.1,"Wisd.
xxxi. and Matt. i"
anonymous,apocrypha_nt,1Sam,old_testament_or_other,Bible:1Sam.1.6-1Sam.1.7 Bible:Hos.9.14,"1 Sam. i. 6, 7; Hos. ix. 14"
anonymous,apocrypha_nt,Exod,old_testament_or_other,Bible:Exod.24.18 Bible:Exod.34.28 Bible:Deut.9.9,"Ex. xxiv. 18, xxxiv. 28; Deut.
ix. 9"
anonymous,apocrypha_nt,1Kgs,old_testament_or_other,Bible:1Kgs.19.8,"1 Kings xix.
8"
anonymous,apocrypha_nt,Matt,new_testament,Bible:Matt.4.2,Matt. iv. 2
anonymous,apocrypha_nt,1Sam,old_testament_or_other,Bible:1Sam.1.9-1Sam.1.18,1 Sam. i. 9–18
anonymous,apocrypha_nt,Tob,deuterocanonical,Bible:Tob.2.10,Tobit ii. 10
anonymous,apocrypha_nt,1Sam,old_testament_or_other,Bible:1Sam.1.11,1 Sam. i. 11
anonymous,apocrypha_nt,Exod,old_testament_or_other,Bible:Exod.28.36-Exod.28.38,Ex. xxviii. 36–38
anonymous,apocrypha_nt,Exod,old_testament_or_other,Bible:Exod.28.28 Bible:Sir.45.9,Ex. xxviii. 28; Sirach xlv. 9
anonymous,apocrypha_nt,Num,old_testament_or_other,Bible:Num.16.31-Num.16.33,Num. xvi. 31–33
anonymous,apocrypha_nt,Exod,old_testament_or_other,Bible:Exod.25.4,Ex. xxv. 4
anonymous,apocrypha_nt,Luke,new_testament,Bible:Luke.1.28,Luke i. 28
anonymous,apocrypha_nt,Luke,new_testament,Bible:Luke.1.39-Luke.1.40,"Luke i. 39, 40"
anonymous,apocrypha_nt,Luke,new_testament,Bible:Luke.1.34 Bible:Luke.1.44,"Luke i. 34, 44"
anonymous,apocrypha_nt,Luke,new_testament,Bible:Luke.1.48,Luke i. 48
anonymous,apocrypha_nt,Ezek,old_testament_or_other,Bible:Ezek.21.12 Bible:Jer.31.19,Ezek. xxi. 12; Jer. xxxi. 19
anonymous,apocrypha_nt,Matt,new_testament,Bible:Matt.1.19,Matt. i. 19
anonymous,apocrypha_nt,Matt,new_testament,Bible:Matt.1.20,Matt. i. 20
anonymous,apocrypha_nt,Num,old_testament_or_other,Bible:Num.5.11,Num. v. 11
anonymous,apocrypha_nt,Luke,new_testament,Bible:Luke.2.1,Luke ii. 1
anonymous,apocrypha_nt,Mic,old_testament_or_other,Bible:Mic.5.2,"Mic. v.
2"
anonymous,apocrypha_nt,Matt,new_testament,Bible:Matt.2.1-Matt.2.12,Matt. ii. 1–12
anonymous,apocrypha_nt,Matt,new_testament,Bible:Matt.2.13-Matt.2.15,Matt. ii. 13–15
anonymous,apocrypha_nt,Matt,new_testament,Bible:Matt.2.16,"Matt. ii.
16"
anonymous,apocrypha_nt,Matt,new_testament,Bible:Matt.23.35 Bible:Luke.11.51,"Matt. xxiii. 35, Luke xi.
51"
anonymous,apocrypha_nt,2Chr,old_testament_or_other,Bible:2Chr.24.20-2Chr.24.22,2 Chron. xxiv. 20–22
anonymous,apocrypha_nt,Luke,new_testament,Bible:Luke.2.26,Luke ii. 26
anonymous,apocrypha_nt,Matt,new_testament,Bible:Matt.2.19-Matt.2.23,Matt. ii. 19–23
anonymous,apocrypha_nt,Tob,deuterocanonical,Bible:Tob.1.7,Tobit i. 7
anonymous,apocrypha_nt,Gen,old_testament_or_other,Bible:Gen.18.3,Gen. xviii. 3
anonymous,apocrypha_nt,Rev,new_testament,Bible:Rev.19.10,Rev. xix. 10
anonymous,apocrypha_nt,Judg,old_testament_or_other,Bible:Judg.13.16,Judg. xiii. 16
anonymous,apocrypha_nt,Judg,old_testament_or_other,Bible:Judg.13.20,Judg. xiii. 20
anonymous,apocrypha_nt,Acts,new_testament,Bible:Acts.9.11,Acts ix. 11
anonymous,apocrypha_nt,Acts,new_testament,Bible:Acts.3.2,"Acts iii.
2"
anonymous,apocrypha_nt,Ps,old_testament_or_other,Bible:Ps.120,Ps. cxx.–cxxxiv
anonymous,apocrypha_nt,Jas,new_testament,Bible:Jas.8,"James
8"
anonymous,apocrypha_nt,Luke,new_testament,Bible:Luke.2.1-Luke.2.6,Luke ii. 1–6
anonymous,apocrypha_nt,Gen,old_testament_or_other,Bible:Gen.12.3,Gen. xii. 3
anonymous,apocrypha_nt,Luke,new_testament,Bible:Luke.2.14,Luke ii. 14
anonymous,apocrypha_nt,Luke,new_testament,Bible:Luke.2.8-Luke.2.12,Luke ii. 8–12
anonymous,apocrypha_nt,Isa,old_testament_or_other,Bible:Isa.1.3,Isa. i. 3
anonymous,apocrypha_nt,Hab,old_testament_or_other,Bible:Hab.3.2,Hab. iii. 2
anonymous,apocrypha_nt,Luke,new_testament,Bible:Luke.2.21-Luke.2.24,Luke ii. 21–24
anonymous,apocrypha_nt,Lev,old_testament_or_other,Bible:Lev.12.8,Lev. xii. 8
anonymous,apocrypha_nt,Luke,new_testament,Bible:Luke.2.22-Luke.2.35,Luke ii. 22–35
anonymous,apocrypha_nt,Luke,new_testament,Bible:Luke.2.36-Luke.2.38,Luke ii. 36–38
anonymous,apocrypha_nt,Mic,old_testament_or_other,Bible:Mic.5.2,Mic. v. 2
anonymous,apocrypha_nt,Matt,new_testament,Bible:Matt.2.16,Matt. ii. 16
anonymous,apocrypha_nt,Matt,new_testament,Bible:Matt.2.14,Matt. ii. 14
anonymous,apocrypha_nt,Ps,old_testament_or_other,Bible:Ps.148.7,Ps. cxlviii. 7
anonymous,apocrypha_nt,Isa,old_testament_or_other,Bible:Isa.65.25,Isa. lxv. 25
anonymous,apocrypha_nt,1Sam,old_testament_or_other,Bible:1Sam.5.3,1 Sam. v. 3
anonymous,apocrypha_nt,Isa,old_testament_or_other,Bible:Isa.19.1,Isa. xix. 1
anonymous,apocrypha_nt,Exod,old_testament_or_other,Bible:Exod.15.4,Ex. xv. 4
anonymous,apocrypha_nt,Matt,new_testament,Bible:Matt.2.26,Matt. ii. 26
anonymous,apocrypha_nt,John,new_testament,Bible:John.8.56-John.8.58,John viii. 56–58
anonymous,apocrypha_nt,1Cor,new_testament,Bible:1Cor.13.1 Bible:1Cor.14.7,"1 Cor. xiii. 1, xiv. 7"
anonymous,apocrypha_nt,Luke,new_testament,Bible:Luke.2.19,Luke ii. 19
anonymous,apocrypha_nt,Josh,old_testament_or_other,Bible:Josh.3.16 Bible:2Kgs.2.8,Josh. iii. 16; 2 Kings ii. 8
anonymous,apocrypha_nt,Ps,old_testament_or_other,Bible:Ps.65.9,Ps. lxv. 9
anonymous,apocrypha_nt,Acts,new_testament,Bible:Acts.28,Acts xxviii
anonymous,apocrypha_nt,1Macc,deuterocanonical,Bible:1Macc.4.52-1Macc.4.59 Bible:2Macc.10.1-2Macc.10.8 Bible:John.10.22,"1 Macc. iv. 52–59; 2 Macc. x.
1–8; John x. 22"
anonymous,apocrypha_nt,Acts,new_testament,Bible:Acts.10.4,Acts x. 4
anonymous,apocrypha_nt,Gen,old_testament_or_other,Bible:Gen.17.17,Gen. xvii. 17
anonymous,apocrypha_nt,Ps,old_testament_or_other,Bible:Ps.27.10,Ps. xxvii. 10
anonymous,apocrypha_nt,Ps,old_testament_or_other,Bible:Ps.76.11,Ps. lxxvi. 11
anonymous,apocrypha_nt,Isa,old_testament_or_other,Bible:Isa.11.1-Isa.11.2,"Isa. xi. 1, 2"
anonymous,apocrypha_nt,Luke,new_testament,Bible:Luke.1.26-Luke.1.38,Luke i. 26–38
anonymous,apocrypha_nt,Ps,old_testament_or_other,Bible:Ps.72.8,Ps. lxxii. 8
anonymous,apocrypha_nt,Luke,new_testament,Bible:Luke.1.32-Luke.1.33,"Luke i. 32, 33"
anonymous,apocrypha_nt,Rev,new_testament,Bible:Rev.19.16,Rev. xix. 16
anonymous,apocrypha_nt,Luke,new_testament,Bible:Luke.1.35,Luke i. 35
anonymous,apocrypha_nt,Matt,new_testament,Bible:Matt.1.18-Matt.1.24,Matt. i. 18–24
anonymous,apocrypha_nt,Luke,new_testament,Bible:Luke.24.49,Luke xxiv. 49
anonymous,apocrypha_nt,Luke,new_testament,Bible:Luke.24.37,Luke xxiv. 37
anonymous,apocrypha_nt,Matt,new_testament,Bible:Matt.10.42,Matt. x. 42
anonymous,apocrypha_nt,Ps,old_testament_or_other,Bible:Ps.84.10,Ps. lxxxiv. 10
anonymous,apocrypha_nt,Matt,new_testament,Bible:Matt.12.36,Matt. xii. 36
anonymous,apocrypha_nt,2Cor,new_testament,Bible:2Cor.5.10,2 Cor. v. 10
anonymous,apocrypha_nt,Jer,old_testament_or_other,Bible:Jer.9.23-Jer.9.24 Bible:1Cor.1.31 Bible:2Cor.10.17,"Jer. ix. 23, 24; 1 Cor. i. 31; 2 Cor. x.
17"
anonymous,apocrypha_nt,Luke,new_testament,Bible:Luke.24.10,Luke xxiv. 10
anonymous,apocrypha_nt,Ps,old_testament_or_other,Bible:Ps.2.9 Bible:Rev.11.5 Bible:Rev.19.15,"Ps. ii. 9; Rev. xi. 5, xix. 15"
anonymous,apocrypha_nt,Matt,new_testament,Bible:Matt.1.20-Matt.1.24,Matt. i. 20–24
anonymous,apocrypha_nt,John,new_testament,Bible:John.18.36,John xviii. 36
anonymous,apocrypha_nt,Matt,new_testament,Bible:Matt.27.56 Bible:Mark.15.40,"Matt. xxvii. 56 with Mark xv.
40"
anonymous,apocrypha_nt,Gen,old_testament_or_other,Bible:Gen.3.19,Gen. iii. 19
anonymous,apocrypha_nt,Job,old_testament_or_other,Bible:Job.3,Job. iii
anonymous,apocrypha_nt,Ps,old_testament_or_other,Bible:Ps.51.5,Ps. li. 5
anonymous,apocrypha_nt,Matt,new_testament,Bible:Matt.1.16,Matt. i. 16
anonymous,apocrypha_nt,Ps,old_testament_or_other,Bible:Ps.116.16,Ps. cxvi. 16
anonymous,apocrypha_nt,2Kgs,old_testament_or_other,Bible:2Kgs.2.11,2 Kings ii. 11
anonymous,apocrypha_nt,Rev,new_testament,Bible:Rev.22.18-Rev.22.19,"Rev. xxii. 18, 19"
anonymous,apocrypha_nt,Rev,new_testament,Bible:Rev.11.3-Rev.11.12,"Rev. xi.
3–12"
anonymous,apocrypha_nt,Acts,new_testament,Bible:Acts.9.36,Acts ix. 36
anonymous,apocrypha_nt,Luke,new_testament,Bible:Luke.2.49,"Luke ii.
49"
anonymous,apocrypha_nt,Luke,new_testament,Bible:Luke.2.41-Luke.2.52,Luke ii. 41–52
anonymous,apocrypha_nt,John,new_testament,Bible:John.12.5,John xii. 5
anonymous,apocrypha_nt,Luke,new_testament,Bible:Luke.7.37-Luke.7.38,"Luke vii. 37, 38"
anonymous,apocrypha_nt,Lev,old_testament_or_other,Bible:Lev.12.4,Lev. xii. 4
anonymous,apocrypha_nt,Exod,old_testament_or_other,Bible:Exod.13.2 Bible:Luke.2.23,Ex. xiii. 2; Luke ii. 23
anonymous,apocrypha_nt,Luke,new_testament,Bible:Luke.2.25-Luke.2.38,Luke ii. 25–38
anonymous,apocrypha_nt,Matt,new_testament,Bible:Matt.2.13-Matt.2.14,"Matt. ii. 13, 14"
anonymous,apocrypha_nt,Hos,old_testament_or_other,Bible:Hos.11.1 Bible:Matt.2.15,Hos. xi. 1; Matt. ii. 15
anonymous,apocrypha_nt,Ps,old_testament_or_other,Bible:Ps.7.15 Bible:Ps.57.6,"Ps. vii. 15, lvii. 6"
anonymous,apocrypha_nt,John,new_testament,Bible:John.19.34,John xix. 34
anonymous,apocrypha_nt,Matt,new_testament,Bible:Matt.10.4,Matt. x. 4
anonymous,apocrypha_nt,Luke,new_testament,Bible:Luke.2.42-Luke.2.47,Luke ii. 42–47
anonymous,apocrypha_nt,Ps,old_testament_or_other,Bible:Ps.110.1 Bible:Matt.22.42-Matt.22.45,"Ps. cx. 1; Matt. xxii.
42–45"
anonymous,apocrypha_nt,Luke,new_testament,Bible:Luke.2.46-Luke.2.52,Luke ii. 46–52
anonymous,apocrypha_nt,Matt,new_testament,Bible:Matt.3.13-Matt.3.17 Bible:Luke.3.21-Luke.3.23,"Matt. iii. 13–17; Luke iii.
21–23"
anonymous,apocrypha_nt,Luke,new_testament,Bible:Luke.3.1,"iii.
1"
anonymous,apocrypha_nt,Acts,new_testament,Bible:Acts.4.6,"Acts
iv. 6"
anonymous,apocrypha_nt,Matt,new_testament,Bible:Matt.21.8-Matt.21.9,"Matt. xxi. 8, 9"
anonymous,apocrypha_nt,Ps,old_testament_or_other,Bible:Ps.118.25,Ps. cxviii. 25
anonymous,apocrypha_nt,Matt,new_testament,Bible:Matt.27.19,Matt. xxvii. 19
anonymous,apocrypha_nt,John,new_testament,Bible:John.2.20,John ii. 20
anonymous,apocrypha_nt,Deut,old_testament_or_other,Bible:Deut.25.3 Bible:Lev.24.16,Deut. xxv. 3; Lev. xxiv. 16
anonymous,apocrypha_nt,Acts,new_testament,Bible:Acts.5.38,Acts v. 38
anonymous,apocrypha_nt,2Tim,new_testament,Bible:2Tim.3.8-2Tim.3.9,"2 Tim. iii. 8, 9"
anonymous,apocrypha_nt,John,new_testament,Bible:John.5.5-John.5.9,John v. 5–9
anonymous,apocrypha_nt,Mark,new_testament,Bible:Mark.10.46,Mark x. 46
anonymous,apocrypha_nt,Matt,new_testament,Bible:Matt.8.1-Matt.8.4,Matt. viii. 1–4
anonymous,apocrypha_nt,Matt,new_testament,Bible:Matt.9.20-Matt.9.26,Matt. ix. 20–26
anonymous,apocrypha_nt,John,new_testament,Bible:John.11.1-John.11.16,John xi. 1–16
anonymous,apocrypha_nt,Matt,new_testament,Bible:Matt.27.15-Matt.27.26,Matt. xxvii. 15–26
anonymous,apocrypha_nt,Luke,new_testament,Bible:Luke.23.46 Bible:Ps.31.5,"Luke
xxiii. 46.  Ps. xxxi. 5"
anonymous,apocrypha_nt,1Sam,old_testament_or_other,Bible:1Sam.17.44,1 Sam. xvii. 44
anonymous,apocrypha_nt,Deut,old_testament_or_other,Bible:Deut.32.35 Bible:Rom.12.19 Bible:Heb.10.30,"Deut. xxxii. 35; Rom. xii. 19; Heb. x.
30"
anonymous,apocrypha_nt,Matt,new_testament,Bible:Matt.28.5-Matt.28.7,Matt. xxviii. 5–7
anonymous,apocrypha_nt,2Kgs,old_testament_or_other,Bible:2Kgs.23.13,2 Kings xxiii. 13
anonymous,apocrypha_nt,Mark,new_testament,Bible:Mark.16.15-Mark.16.18,Mark xvi. 15–18
anonymous,apocrypha_nt,2Kgs,old_testament_or_other,Bible:2Kgs.2.12-2Kgs.2.18,2 Kings ii. 12–18
anonymous,apocrypha_nt,Josh,old_testament_or_other,Bible:Josh.7.19-Josh.7.20,"Josh. vii. 19, 20"
anonymous,apocrypha_nt,Acts,new_testament,Bible:Acts.10.11,Acts x. 11
anonymous,apocrypha_nt,Luke,new_testament,Bible:Luke.2.25-Luke.2.35,Luke ii. 25–35
anonymous,apocrypha_nt,Deut,old_testament_or_other,Bible:Deut.17.6,Deut. xvii. 6
anonymous,apocrypha_nt,Gen,old_testament_or_other,Bible:Gen.5.24 Bible:Heb.11.5,Gen. v. 24; Heb. xi. 5
anonymous,apocrypha_nt,Deut,old_testament_or_other,Bible:Deut.34.5-Deut.34.6,"Deut. xxxiv. 5, 6"
anonymous,apocrypha_nt,Luke,new_testament,Bible:Luke.2.34,Luke ii. 34
anonymous,apocrypha_nt,Exod,old_testament_or_other,Bible:Exod.23.20-Exod.23.21 Bible:Mal.3.1 Bible:Matt.11.10,"Ex. xxiii. 20, 21; Mal. iii. 1; Matt. xi.
10"
anonymous,apocrypha_nt,Ps,old_testament_or_other,Bible:Ps.118.23,Ps. cxviii. 23
anonymous,apocrypha_nt,Deut,old_testament_or_other,Bible:Deut.21.23 Bible:Gal.3.13,Deut. xxi. 23; Gal. iii. 13
anonymous,apocrypha_nt,Jer,old_testament_or_other,Bible:Jer.10.11,Jer. x. 11
anonymous,apocrypha_nt,Isa,old_testament_or_other,Bible:Isa.61.1-Isa.61.3,"Isa. lxi.
1–3"
anonymous,apocrypha_nt,Deut,old_testament_or_other,Bible:Deut.27.15 Bible:Rom.1.25,Deut. xxvii. 15; Rom. i. 25
anonymous,apocrypha_nt,1Kgs,old_testament_or_other,Bible:1Kgs.8.56-1Kgs.8.58,1 Kings viii. 56–58
anonymous,apocrypha_nt,Zech,old_testament_or_other,Bible:Zech.14.9,Zech. xiv. 9
anonymous,apocrypha_nt,Isa,old_testament_or_other,Bible:Isa.33.22,Isa. xxxiii. 22
anonymous,apocrypha_nt,Ps,old_testament_or_other,Bible:Ps.86.8,Ps. lxxxvi. 8
anonymous,apocrypha_nt,Jer,old_testament_or_other,Bible:Jer.17.14,Jer. xvii. 14
anonymous,apocrypha_nt,1Sam,old_testament_or_other,Bible:1Sam.12.22,1 Sam. xii. 22
anonymous,apocrypha_nt,Matt,new_testament,Bible:Matt.27.13-Matt.27.14,"Matt. xxvii. 13, 14"
anonymous,apocrypha_nt,John,new_testament,Bible:John.19.11,John xix. 11
anonymous,apocrypha_nt,John,new_testament,Bible:John.19.6-John.19.7,"John xix. 6, 7"
anonymous,apocrypha_nt,John,new_testament,Bible:John.18.33-John.18.38,John xviii. 33–38
anonymous,apocrypha_nt,John,new_testament,Bible:John.18.31,John xviii. 31
anonymous,apocrypha_nt,Exod,old_testament_or_other,Bible:Exod.7.10-Exod.7.14,Ex. vii. 10–14
anonymous,apocrypha_nt,John,new_testament,Bible:John.9.6-John.9.7,"John ix. 6, 7"
anonymous,apocrypha_nt,Acts,new_testament,Bible:Acts.3.7,Acts iii. 7
anonymous,apocrypha_nt,Luke,new_testament,Bible:Luke.17.11-Luke.17.19,Luke xvii. 11–19
anonymous,apocrypha_nt,Matt,new_testament,Bible:Matt.9.20-Matt.9.22,Matt. ix. 20–22
anonymous,apocrypha_nt,John,new_testament,Bible:John.11.43,John xi. 43
anonymous,apocrypha_nt,Matt,new_testament,Bible:Matt.27.15-Matt.27.18 Bible:Matt.27.21-Matt.27.23,"Matt. xxvii. 15–18,
21–23"
anonymous,apocrypha_nt,John,new_testament,Bible:John.19.12,John xix. 12
anonymous,apocrypha_nt,Matt,new_testament,Bible:Matt.2.11,Matt. ii. 11
anonymous,apocrypha_nt,Matt,new_testament,Bible:Matt.2.14-Matt.2.16,Matt. ii. 14–16
anonymous,apocrypha_nt,Luke,new_testament,Bible:Luke.23.6-Luke.23.11,Luke xxiii. 6–11
anonymous,apocrypha_nt,Matt,new_testament,Bible:Matt.27.25,Matt. xxvii. 25
anonymous,apocrypha_nt,John,new_testament,Bible:John.19.2-John.19.3 Bible:Matt.27.29,"John xix. 2, 3; Matt. xxvii.
29"
anonymous,apocrypha_nt,Mark,new_testament,Bible:Mark.15.21,Mark xv. 21
anonymous,apocrypha_nt,John,new_testament,Bible:John.19.13,John xix. 13
anonymous,apocrypha_nt,John,new_testament,Bible:John.19.26-John.19.27,"John xix. 26, 27"
anonymous,apocrypha_nt,Luke,new_testament,Bible:Luke.23.34 Bible:Acts.7.60,"Luke
xxiii. 34; cf. Acts vii. 60"
anonymous,apocrypha_nt,John,new_testament,Bible:John.19.28 Bible:Matt.27.48,John xix. 28; Matt. xxvii. 48
anonymous,apocrypha_nt,Matt,new_testament,Bible:Matt.27.40-Matt.27.42,Matt. xxvii. 40–42
anonymous,apocrypha_nt,Luke,new_testament,Bible:Luke.23.39-Luke.23.43,Luke xxiii. 39–43
anonymous,apocrypha_nt,Luke,new_testament,Bible:Luke.23.46,Luke xxiii. 46
anonymous,apocrypha_nt,Luke,new_testament,Bible:Luke.23.44-Luke.23.49,Luke xxiii. 44–49
anonymous,apocrypha_nt,John,new_testament,Bible:John.19.31-John.19.34,John xix. 31–34
anonymous,apocrypha_nt,Matt,new_testament,Bible:Matt.27.62,Matt. xxvii. 62
anonymous,apocrypha_nt,Matt,new_testament,Bible:Matt.27.60,Matt. xxvii. 60
anonymous,apocrypha_nt,John,new_testament,Bible:John.19.38-John.19.42,John xix. 38–42
anonymous,apocrypha_nt,Luke,new_testament,Bible:Luke.2.35,Luke ii. 35
anonymous,apocrypha_nt,Matt,new_testament,Bible:Matt.27.62-Matt.27.66,Matt. xxvii. 62–66
anonymous,apocrypha_nt,Matt,new_testament,Bible:Matt.28.1-Matt.28.8,Matt. xxviii. 1–8
anonymous,apocrypha_nt,Matt,new_testament,Bible:Matt.28.11-Matt.28.15,Matt. xxviii. 11–15
anonymous,apocrypha_nt,Mark,new_testament,Bible:Mark.16.16,Mark xvi. 16
anonymous,apocrypha_nt,1Cor,new_testament,Bible:1Cor.15.6,1 Cor. xv. 6
anonymous,apocrypha_nt,Ps,old_testament_or_other,Bible:Ps.118.26 Bible:Matt.21.9,Ps. cxviii. 26; Matt. xxi. 9
anonymous,apocrypha_nt,Deut,old_testament_or_other,Bible:Deut.19.15 Bible:Matt.18.16,Deut. xix. 15; Matt. xviii. 16
anonymous,apocrypha_nt,Matt,new_testament,Bible:Matt.27.53,Matt. xxvii. 53
anonymous,apocrypha_nt,Isa,old_testament_or_other,Bible:Isa.9.1-Isa.9.2,"Isa. ix. 1, 2"
anonymous,apocrypha_nt,Matt,new_testament,Bible:Matt.3.3,Matt. iii. 3
anonymous,apocrypha_nt,Mark,new_testament,Bible:Mark.1.4,Mark i. 4
anonymous,apocrypha_nt,John,new_testament,Bible:John.1.29,John i. 29
anonymous,apocrypha_nt,Luke,new_testament,Bible:Luke.3.22,Luke iii. 22
anonymous,apocrypha_nt,Mark,new_testament,Bible:Mark.16.16 Bible:John.3.18,"Mark
xvi. 16.]; John iii. 18"
anonymous,apocrypha_nt,Mark,new_testament,Bible:Mark.15.34,Mark xv. 34
anonymous,apocrypha_nt,Matt,new_testament,Bible:Matt.27.34,Matt. xxvii. 34
anonymous,apocrypha_nt,Ps,old_testament_or_other,Bible:Ps.24.7,Ps. xxiv. 7
anonymous,apocrypha_nt,Isa,old_testament_or_other,Bible:Isa.26.19,Isa. xxvi. 19
anonymous,apocrypha_nt,Hos,old_testament_or_other,Bible:Hos.13.14,Hos. xiii. 14
anonymous,apocrypha_nt,Ps,old_testament_or_other,Bible:Ps.24.8,Ps. xxiv. 8
anonymous,apocrypha_nt,Ps,old_testament_or_other,Bible:Ps.86.13,Ps. lxxxvi. 13
anonymous,apocrypha_nt,Ps,old_testament_or_other,Bible:Ps.103.4,Ps. ciii. 4
anonymous,apocrypha_nt,Ps,old_testament_or_other,Bible:Ps.118.26,Ps. cxviii. 26
anonymous,apocrypha_nt,1Thess,new_testament,Bible:1Thess.4.17 Bible:Rev.11.3-Rev.11.12,"1 Thess. iv. 17; Rev. xi.
3–12"
anonymous,apocrypha_nt,Ps,old_testament_or_other,Bible:Ps.147.5,Ps. cxlvii. 5
anonymous,apocrypha_nt,2Cor,new_testament,Bible:2Cor.13.15,2 Cor. xiii. 15
anonymous,apocrypha_nt,Mark,new_testament,Bible:Mark.16.15-Mark.16.19,Mark xvi. 15–19
anonymous,apocrypha_nt,Ps,old_testament_or_other,Bible:Ps.72.11 Bible:Ps.72.17,"Ps. lxxii. 11, 17"
anonymous,apocrypha_nt,Ps,old_testament_or_other,Bible:Ps.68.18,Ps. lxviii. 18
anonymous,apocrypha_nt,Ps,old_testament_or_other,Bible:Ps.107.15-Ps.107.17,Ps. cvii. 15–17
anonymous,apocrypha_nt,Hos,old_testament_or_other,Bible:Hos.13.14 Bible:1Cor.15.55,Hos. xiii. 14; 1 Cor. xv. 55
anonymous,apocrypha_nt,Ps,old_testament_or_other,Bible:Ps.24.7-Ps.24.8,"Ps. xxiv. 7, 8"
anonymous,apocrypha_nt,Ps,old_testament_or_other,Bible:Ps.102.19-Ps.102.20,"Ps. cii. 19, 20"
anonymous,apocrypha_nt,Isa,old_testament_or_other,Bible:Isa.9.2 Bible:Luke.1.79,Isa. ix. 2; Luke i. 79
anonymous,apocrypha_nt,Ps,old_testament_or_other,Bible:Ps.30.1-Ps.30.6,Ps. xxx. 1–6
anonymous,apocrypha_nt,Ps,old_testament_or_other,Bible:Ps.98.1-Ps.98.2,"Ps. xcviii. 1, 2"
anonymous,apocrypha_nt,Hab,old_testament_or_other,Bible:Hab.3.13,Hab. iii. 13
anonymous,apocrypha_nt,Ps,old_testament_or_other,Bible:Ps.118.26-Ps.118.27,"Ps. cxviii. 26, 27"
anonymous,apocrypha_nt,Mic,old_testament_or_other,Bible:Mic.7.18-Mic.7.20,Mic. vii. 18–20
anonymous,apocrypha_nt,Ps,old_testament_or_other,Bible:Ps.48.14,Ps. xlviii. 14
anonymous,apocrypha_nt,Rev,new_testament,Bible:Rev.11.3-Rev.11.12 Bible:1Thess.4.17,"Rev. xi. 3–12; 1 Thess. iv.
17"
anonymous,apocrypha_nt,Luke,new_testament,Bible:Luke.23.42-Luke.23.43,"Luke xxiii. 42, 43"
anonymous,apocrypha_nt,Exod,old_testament_or_other,Bible:Exod.25.10,Ex. xxv. 10
anonymous,apocrypha_nt,Tob,deuterocanonical,Bible:Tob.1.17-Tob.1.18,"Tobit i. 17, 18"
anonymous,apocrypha_nt,Ps,old_testament_or_other,Bible:Ps.1.1,"Ps. i.
1"
anonymous,apocrypha_nt,2Tim,new_testament,Bible:2Tim.2.26,2 Tim. ii. 26
anonymous,apocrypha_nt,Matt,new_testament,Bible:Matt.19.28,Matt. xix. 28
anonymous,apocrypha_nt,Luke,new_testament,Bible:Luke.23.43,Luke xxiii. 43
anonymous,apocrypha_nt,Matt,new_testament,Bible:Matt.8.11-Matt.8.12,"Matt. viii. 11, 12"
anonymous,apocrypha_nt,Acts,new_testament,Bible:Acts.27.16 Bible:Acts.28.1,"Acts xxvii. 16, xxviii. 1"
anonymous,apocrypha_nt,Gen,old_testament_or_other,Bible:Gen.12.3 Bible:Gen.17.5,"Gen. xii. 3, xvii. 5"
anonymous,apocrypha_nt,Rom,new_testament,Bible:Rom.2.11 Bible:Eph.6.9 Bible:Col.3.25 Bible:Jas.2.1,"Rom. ii. 11; Eph. vi. 9; Col. iii. 25;
Jas. ii. 1"
anonymous,apocrypha_nt,Rom,new_testament,Bible:Rom.2.12,Rom. ii. 12
anonymous,apocrypha_nt,Ps,old_testament_or_other,Bible:Ps.132.11,Ps. cxxxii. 11
anonymous,apocrypha_nt,2Cor,new_testament,Bible:2Cor.9.13 Bible:Heb.10.23,"2 Cor. ix. 13, Heb. x.
23"
anonymous,apocrypha_nt,Ps,old_testament_or_other,Bible:Ps.110.4 Bible:Heb.7.21,Ps. cx. 4; Heb. vii. 21
anonymous,apocrypha_nt,Jer,old_testament_or_other,Bible:Jer.17.10 Bible:Rev.2.23,Jer. xvii. 10; Rev. ii. 23
anonymous,apocrypha_nt,Lam,old_testament_or_other,Bible:Lam.3.41 Bible:Mark.11.25 Bible:1Tim.2.8,"Lam. iii. 41; Mark xi. 25; 1 Tim. ii.
8"
anonymous,apocrypha_nt,Rom,new_testament,Bible:Rom.15.19,Rom. xv. 19
anonymous,apocrypha_nt,Rom,new_testament,Bible:Rom.12.10,Rom. xii. 10
anonymous,apocrypha_nt,1Tim,new_testament,Bible:1Tim.6.17,1 Tim. vi. 17
anonymous,apocrypha_nt,1Tim,new_testament,Bible:1Tim.6.8,1 Tim. vi. 8
anonymous,apocrypha_nt,Eph,new_testament,Bible:Eph.6.4,Eph. vi. 4
anonymous,apocrypha_nt,Col,new_testament,Bible:Col.3.18-Col.3.22,Col. iii. 18–22
anonymous,apocrypha_nt,Gal,new_testament,Bible:Gal.1.1,Gal. i. 1
anonymous,apocrypha_nt,Luke,new_testament,Bible:Luke.1.33,Luke i. 33
anonymous,apocrypha_nt,Matt,new_testament,Bible:Matt.5.8,Matt. v. 8
anonymous,apocrypha_nt,1Cor,new_testament,Bible:1Cor.6.18-1Cor.6.19,"1 Cor. vi. 18, 19"
anonymous,apocrypha_nt,Rom,new_testament,Bible:Rom.12.2,Rom. xii. 2
anonymous,apocrypha_nt,1Cor,new_testament,Bible:1Cor.7.29,1 Cor. vii. 29
anonymous,apocrypha_nt,Luke,new_testament,Bible:Luke.20.36,Luke xx. 36
anonymous,apocrypha_nt,Matt,new_testament,Bible:Matt.5.7,Matt. v. 7
anonymous,apocrypha_nt,2Cor,new_testament,Bible:2Cor.1.22 Bible:Eph.1.13 Bible:Eph.4.30,"2 Cor. i. 22; Eph. i. 13, iv.
30"
anonymous,apocrypha_nt,Acts,new_testament,Bible:Acts.13.1 Bible:Rom.16.21,Acts xiii. 1; Rom. xvi. 21
anonymous,apocrypha_nt,Acts,new_testament,Bible:Acts.15.39,Acts xv. 39
anonymous,apocrypha_nt,Mal,old_testament_or_other,Bible:Mal.4.2,Mal. iv. 2
anonymous,apocrypha_nt,Isa,old_testament_or_other,Bible:Isa.28.16 Bible:1Pet.2.4,Isa. xxviii. 16; 1 Pet. ii. 4
anonymous,apocrypha_nt,Rom,new_testament,Bible:Rom.6.3-Rom.6.4,"Rom. vi. 3, 4"
anonymous,apocrypha_nt,Luke,new_testament,Bible:Luke.23.34,Luke xxiii. 34
anonymous,apocrypha_nt,Matt,new_testament,Bible:Matt.11.29,Matt. xi. 29
anonymous,apocrypha_nt,Luke,new_testament,Bible:Luke.9.62,Luke ix. 62
anonymous,apocrypha_nt,Matt,new_testament,Bible:Matt.22.11,Matt. xxii. 11
anonymous,apocrypha_nt,Matt,new_testament,Bible:Matt.9.37,Matt. ix. 37
anonymous,apocrypha_nt,Isa,old_testament_or_other,Bible:Isa.11.6,Isa. xi. 6
anonymous,apocrypha_nt,1Cor,new_testament,Bible:1Cor.7.5,1 Cor. vii. 5
anonymous,apocrypha_nt,2Macc,deuterocanonical,Bible:2Macc.12.44 Bible:2Tim.1.18,2 Macc. xii. 44 and 2 Tim. i. 18
anonymous,apocrypha_nt,Matt,new_testament,Bible:Matt.10.10 Bible:Mark.6.9,Matt. x. 10; Mark vi. 9
anonymous,apocrypha_nt,Acts,new_testament,Bible:Acts.17.21,Acts xvii. 21
anonymous,apocrypha_nt,Matt,new_testament,Bible:Matt.9.17,Matt. ix. 17
anonymous,apocrypha_nt,Eph,new_testament,Bible:Eph.1.21,Eph. i. 21
anonymous,apocrypha_nt,Acts,new_testament,Bible:Acts.4.12,Acts iv. 12
anonymous,apocrypha_nt,Mark,new_testament,Bible:Mark.3.17,Mark iii. 17
anonymous,apocrypha_nt,Rom,new_testament,Bible:Rom.8.34,Rom. viii. 34
anonymous,apocrypha_nt,Acts,new_testament,Bible:Acts.5.39 Bible:Acts.23.9,"Acts v. 39
and xxiii. 9"
anonymous,apocrypha_nt,Phil,new_testament,Bible:Phil.2.11,Phil. ii. 11
anonymous,apocrypha_nt,Matt,new_testament,Bible:Matt.5.39 Bible:1Pet.3.9,Matt. v. 39; 1 Pet. iii. 9
anonymous,apocrypha_nt,Matt,new_testament,Bible:Matt.5.28,Matt. v. 28
anonymous,apocrypha_nt,Gen,old_testament_or_other,Bible:Gen.3.6,Gen. iii. 6
anonymous,apocrypha_nt,Deut,old_testament_or_other,Bible:Deut.32.17 Bible:1Cor.10.20-1Cor.10.21,"Deut. xxxii. 17; 1 Cor. x. 20,
21"
anonymous,apocrypha_nt,Matt,new_testament,Bible:Matt.16.22,Matt. xvi. 22
anonymous,apocrypha_nt,John,new_testament,Bible:John.10.18,John x. 18
anonymous,apocrypha_nt,Matt,new_testament,Bible:Matt.26.21,Matt. xxvi. 21
anonymous,apocrypha_nt,Matt,new_testament,Bible:Matt.12.19,Matt. xii. 19
anonymous,apocrypha_nt,2Cor,new_testament,Bible:2Cor.4.17,2 Cor. iv. 17
anonymous,apocrypha_nt,Matt,new_testament,Bible:Matt.3.12,Matt. iii. 12
anonymous,apocrypha_nt,Matt,new_testament,Bible:Matt.8.26,Matt. viii. 26
anonymous,apocrypha_nt,Mark,new_testament,Bible:Mark.6.37-Mark.6.44,Mark vi. 37–44
anonymous,apocrypha_nt,Mark,new_testament,Bible:Mark.6.3,Mark vi. 3
anonymous,apocrypha_nt,Gen,old_testament_or_other,Bible:Gen.23.9 Bible:Gen.23.17,"Gen. xxiii. 9, 17"
anonymous,apocrypha_nt,Matt,new_testament,Bible:Matt.10.16,Matt. x. 16
anonymous,apocrypha_nt,Gen,old_testament_or_other,Bible:Gen.9.11,Gen. ix. 11
anonymous,apocrypha_nt,Acts,new_testament,Bible:Acts.5.20-Acts.5.25,Acts v. 20–25
anonymous,apocrypha_nt,Acts,new_testament,Bible:Acts.23.2,Acts xxiii. 2
anonymous,apocrypha_nt,Matt,new_testament,Bible:Matt.12.45,Matt. xii. 45
anonymous,apocrypha_nt,Matt,new_testament,Bible:Matt.27.46,Matt. xxvii. 46
anonymous,apocrypha_nt,Matt,new_testament,Bible:Matt.10.30,Matt. x. 30
anonymous,apocrypha_nt,Matt,new_testament,Bible:Matt.5.18,Matt. v. 18
anonymous,apocrypha_nt,Matt,new_testament,Bible:Matt.19.24,Matt. xix. 24
anonymous,apocrypha_nt,Rev,new_testament,Bible:Rev.22.2,Rev. xxii. 2
anonymous,apocrypha_nt,Acts,new_testament,Bible:Acts.18.9 Bible:Acts.23.11,"Acts xviii. 9, xxiii. 11"
anonymous,apocrypha_nt,Mark,new_testament,Bible:Mark.7.34,Mark vii. 34
anonymous,apocrypha_nt,Ps,old_testament_or_other,Bible:Ps.116.15,Ps. cxvi. 15
anonymous,apocrypha_nt,Ps,old_testament_or_other,Bible:Ps.3.5,Ps. iii. 5
anonymous,apocrypha_nt,Matt,new_testament,Bible:Matt.10.2-Matt.10.4,"Matt. x.
2–4"
anonymous,apocrypha_nt,Matt,new_testament,Bible:Matt.22.3-Matt.22.14,"Matt. xxii.
3–14"
anonymous,apocrypha_nt,Exod,old_testament_or_other,Bible:Exod.30.23 Bible:Song.4.14 Bible:Ezek.27.19,"Ex. xxx. 23; Cant. iv. 14; Ezek. xxvii.
19"
anonymous,apocrypha_nt,Matt,new_testament,Bible:Matt.11.25 Bible:Luke.10.21,"Matt. xi. 25,
Luke x. 21"
anonymous,apocrypha_nt,Matt,new_testament,Bible:Matt.6.34,Matt. vi. 34
anonymous,apocrypha_nt,Luke,new_testament,Bible:Luke.12.24,Luke xii. 24
anonymous,apocrypha_nt,Matt,new_testament,Bible:Matt.11.30,Matt. xi. 30
anonymous,apocrypha_nt,Matt,new_testament,Bible:Matt.19.23,Matt. xix. 23
anonymous,apocrypha_nt,Matt,new_testament,Bible:Matt.11.8,Matt. xi. 8
anonymous,apocrypha_nt,Rom,new_testament,Bible:Rom.13.13 Bible:Luke.12.34,Rom. xiii. 13; Luke xii. 34
anonymous,apocrypha_nt,Matt,new_testament,Bible:Matt.6.25,Matt. vi. 25
anonymous,apocrypha_nt,1Cor,new_testament,Bible:1Cor.2.9 Bible:Isa.64.4,1 Cor. ii. 9; Isa. lxiv. 4
anonymous,apocrypha_nt,Acts,new_testament,Bible:Acts.17.30,Acts xvii. 30
anonymous,apocrypha_nt,Matt,new_testament,Bible:Matt.8.29,Matt. viii. 29
anonymous,apocrypha_nt,Matt,new_testament,Bible:Matt.14.17 Bible:John.21.11 Bible:John.4.6 Bible:Matt.14.25,"Matt. xiv. 17; John xxi. 11; John iv. 6;
Matt. xiv. 25"
anonymous,apocrypha_nt,Rom,new_testament,Bible:Rom.8.29,Rom. viii. 29
anonymous,apocrypha_nt,Matt,new_testament,Bible:Matt.27.63,Matt. xxvii. 63
anonymous,apocrypha_nt,Col,new_testament,Bible:Col.3.9,Col. iii. 9
anonymous,apocrypha_nt,Rom,new_testament,Bible:Rom.16.20,Rom. xvi. 20
anonymous,apocrypha_nt,1Cor,new_testament,Bible:1Cor.6.9,1 Cor. vi. 9
anonymous,apocrypha_nt,Matt,new_testament,Bible:Matt.7.7 Bible:Luke.11.9,Matt. vii. 7; Luke xi. 9
anonymous,apocrypha_nt,Matt,new_testament,Bible:Matt.6.9 Bible:Luke.11.2,Matt. vi. 9; Luke xi. 2
anonymous,apocrypha_nt,Matt,new_testament,Bible:Matt.7.7,Matt. vii. 7
anonymous,apocrypha_nt,Eph,new_testament,Bible:Eph.4.28,Eph. iv. 28
anonymous,apocrypha_nt,Luke,new_testament,Bible:Luke.24.46,Luke xxiv. 46
anonymous,apocrypha_nt,Acts,new_testament,Bible:Acts.5.15,Acts v. 15
anonymous,apocrypha_nt,John,new_testament,Bible:John.1.14,John i. 14
anonymous,apocrypha_nt,Judg,old_testament_or_other,Bible:Judg.9.46,Judg. ix. 46
anonymous,apocrypha_nt,Luke,new_testament,Bible:Luke.4.1-Luke.4.13,Luke iv. 1–13
anonymous,apocrypha_nt,Jer,old_testament_or_other,Bible:Jer.2.27,Jer. ii. 27
anonymous,apocrypha_nt,Matt,new_testament,Bible:Matt.21.22,Matt. xxi. 22
anonymous,apocrypha_nt,Prov,old_testament_or_other,Bible:Prov.21.1,Prov. xxi. 1
anonymous,apocrypha_nt,Heb,new_testament,Bible:Heb.10.26,Heb. x. 26
anonymous,apocrypha_nt,Matt,new_testament,Bible:Matt.13,Matt. xiii
anonymous,apocrypha_nt,John,new_testament,Bible:John.21.22,John xxi. 22
anonymous,apocrypha_nt,Gen,old_testament_or_other,Bible:Gen.3.15,Gen. iii. 15
anonymous,apocrypha_nt,Isa,old_testament_or_other,Bible:Isa.43.24 Bible:Jer.6.20,Isa. xliii. 24; Jer. vi. 20
anonymous,apocrypha_nt,Exod,old_testament_or_other,Bible:Exod.33.19 Bible:Rom.9.18,Ex. xxxiii. 19; Rom. ix. 18
anonymous,apocrypha_nt,2Tim,new_testament,Bible:2Tim.4.1 Bible:2Tim.4.8 Bible:Titus.2.13,"2 Tim. iv. 1, 8; Tit. ii. 13"
anonymous,apocrypha_nt,Joel,old_testament_or_other,Bible:Joel.3.2 Bible:Joel.3.12,"Joel iii. 2, 12"
anonymous,apocrypha_nt,Gen,old_testament_or_other,Bible:Gen.22.17,Gen. xxii. 17
anonymous,apocrypha_nt,Matt,new_testament,Bible:Matt.24,Matt. xxiv
anonymous,apocrypha_nt,Matt,new_testament,Bible:Matt.11.23,Matt. xi. 23
anonymous,apocrypha_nt,1Cor,new_testament,Bible:1Cor.15.52,1 Cor. xv. 52
anonymous,apocrypha_nt,1Tim,new_testament,Bible:1Tim.6.20 Bible:2Tim.1.14,"1 Tim. vi.
20; 2 Tim. i. 14"
anonymous,apocrypha_nt,Deut,old_testament_or_other,Bible:Deut.34.10,Deut. xxxiv. 10
anonymous,apocrypha_nt,Exod,old_testament_or_other,Bible:Exod.33.23,Ex. xxxiii. 23
anonymous,apocrypha_nt,2Tim,new_testament,Bible:2Tim.4.8,2 Tim. iv. 8
anonymous,apocrypha_nt,Eccl,old_testament_or_other,Bible:Eccl.12.7,Eccles. xii. 7
anonymous,apocrypha_nt,Isa,old_testament_or_other,Bible:Isa.40.12,Isa. xl. 12
anonymous,apocrypha_nt,1Kgs,old_testament_or_other,Bible:1Kgs.2.11 Bible:Sir.48.9,1 Kings ii. 11; Ecclus. xlviii. 9
anonymous,apocrypha_nt,2Cor,new_testament,Bible:2Cor.12.4,2 Cor. xii. 4
anonymous,apocrypha_nt,Heb,new_testament,Bible:Heb.11.38,Heb. xi. 38
anonymous,apocrypha_nt,Matt,new_testament,Bible:Matt.13.41,Matt. xiii. 41
anonymous,apocrypha_nt,Rev,new_testament,Bible:Rev.14.13,Rev. xiv. 13
anonymous,apocrypha_nt,Isa,old_testament_or_other,Bible:Isa.22.13 Bible:1Cor.15.32,Isa. xxii. 13; 1 Cor. xv. 32
anonymous,apocrypha_nt,Ps,old_testament_or_other,Bible:Ps.119.137,Ps. cxix. 137
anonymous,apocrypha_nt,Ps,old_testament_or_other,Bible:Ps.24.3,Ps. xxiv. 3
anonymous,apocrypha_nt,Rev,new_testament,Bible:Rev.11.3-Rev.11.12,Rev. xi. 3–12
anonymous,apocrypha_nt,Matt,new_testament,Bible:Matt.5.5,Matt. v. 5
anonymous,apocrypha_nt,1Tim,new_testament,Bible:1Tim.3.1-1Tim.3.4,"1 Tim. iii.
1–4"
anonymous,apocrypha_nt,Rev,new_testament,Bible:Rev.4.4,Rev. iv. 4
anonymous,apocrypha_nt,Matt,new_testament,Bible:Matt.24.30,Matt. xxiv. 30
anonymous,apocrypha_nt,Matt,new_testament,Bible:Matt.19.29,Matt. xix. 29
anonymous,apocrypha_nt,Num,old_testament_or_other,Bible:Num.12.3,Num. xii. 3
anonymous,apocrypha_nt,Heb,new_testament,Bible:Heb.11.37,Heb. xi. 37
anonymous,apocrypha_nt,Luke,new_testament,Bible:Luke.21.11,Luke xxi. 11
anonymous,apocrypha_nt,Ps,old_testament_or_other,Bible:Ps.89.44-Ps.89.45,"Ps. lxxxix. 44, 45"
anonymous,apocrypha_nt,Ps,old_testament_or_other,Bible:Ps.51.19,Ps. li. 19
anonymous,apocrypha_nt,Ps,old_testament_or_other,Bible:Ps.98.6,Ps. xcviii. 6
anonymous,apocrypha_nt,Eccl,old_testament_or_other,Bible:Eccl.12.4,Eccles. xii. 4
anonymous,apocrypha_nt,Matt,new_testament,Bible:Matt.22.30,Matt. xxii. 30
anonymous,apocrypha_nt,Ps,old_testament_or_other,Bible:Ps.103.14-Ps.103.16,Ps. ciii. 14–16
anonymous,apocrypha_nt,Ps,old_testament_or_other,Bible:Ps.146.4,Ps. cxlvi. 4
anonymous,apocrypha_nt,1Thess,new_testament,Bible:1Thess.4.17,1 Thess. iv. 17
anonymous,apocrypha_nt,Ps,old_testament_or_other,Bible:Ps.51.7,Ps. li. 7
anonymous,apocrypha_nt,Isa,old_testament_or_other,Bible:Isa.40.4,Isa. xl. 4
anonymous,apocrypha_nt,Rev,new_testament,Bible:Rev.21.2,Rev. xxi. 2
anonymous,apocrypha_nt,Isa,old_testament_or_other,Bible:Isa.6.3,Isa. vi. 3
anonymous,apocrypha_nt,Phil,new_testament,Bible:Phil.2.10,Phil. ii. 10
anonymous,apocrypha_nt,Rev,new_testament,Bible:Rev.5.6,Rev. v. 6
anonymous,apocrypha_nt,Ps,old_testament_or_other,Bible:Ps.102.26,Ps. cii. 26
anonymous,apocrypha_nt,Ps,old_testament_or_other,Bible:Ps.18.11,Ps. xviii. 11
anonymous,apocrypha_nt,Ps,old_testament_or_other,Bible:Ps.9.17,Ps. ix. 17
anonymous,apocrypha_nt,Ps,old_testament_or_other,Bible:Ps.49.14,Ps. xlix. 14
anonymous,apocrypha_nt,Ps,old_testament_or_other,Bible:Ps.18.41,Ps. xviii. 41
anonymous,apocrypha_nt,Ps,old_testament_or_other,Bible:Ps.125.3,Ps. cxxv. 3
anonymous,apocrypha_nt,Matt,new_testament,Bible:Matt.25.33,Matt. xxv. 33
anonymous,apocrypha_nt,Matt,new_testament,Bible:Matt.13.43,Matt. xiii. 43
anonymous,apocrypha_nt,1Cor,new_testament,Bible:1Cor.15.41,1 Cor. xv. 41
anonymous,apocrypha_nt,Ps,old_testament_or_other,Bible:Ps.9.18,Ps. ix. 18
anonymous,apocrypha_nt,Ps,old_testament_or_other,Bible:Ps.37.29,Ps. xxxvii. 29
anonymous,apocrypha_nt,Deut,old_testament_or_other,Bible:Deut.32.8,Deut. xxxii. 8
anonymous,apocrypha_nt,Rev,new_testament,Bible:Rev.7.17 Bible:Rev.21.4,"Rev. vii. 17, xxi. 4"
anonymous,apocrypha_nt,John,new_testament,Bible:John.10.16,John x. 16
anonymous,apocrypha_nt,Matt,new_testament,Bible:Matt.7.6,Matt. vii. 6
anonymous,apocrypha_nt,Ps,old_testament_or_other,Bible:Ps.106.3,Ps. cvi. 3
anonymous,apocrypha_nt,John,new_testament,Bible:John.14.23,John xiv. 23
anonymous,apocrypha_nt,Matt,new_testament,Bible:Matt.21.9 Bible:Luke.19.38 Bible:Ps.118.26,"Matt. xxi. 9; Luke xix. 38; Ps. cxviii.
26"
anonymous,apocrypha_nt,Acts,new_testament,Bible:Acts.1.23,Acts i. 23
anonymous,apocrypha_nt,Song,old_testament_or_other,Bible:Song.2.2,"Cant. ii.
2"
anonymous,apocrypha_nt,Ps,old_testament_or_other,Bible:Ps.133.1,Ps. cxxxiii. 1
anonymous,apocrypha_nt,Acts,new_testament,Bible:Acts.8.39,Acts viii. 39
anonymous,apocrypha_nt,Bel,deuterocanonical,Bible:Bel.1.33-Bel.1.39,"Bel and the
Dragon, vers. 33–39"
anonymous,apocrypha_nt,John,new_testament,Bible:John.20.19,John xx. 19
anonymous,apocrypha_nt,Gal,new_testament,Bible:Gal.2.9,"Gal. ii.
9"
anonymous,apocrypha_nt,1Cor,new_testament,Bible:1Cor.15.8,"1 Cor. xv.
8"
anonymous,apocrypha_nt,1Cor,new_testament,Bible:1Cor.15.10,1 Cor. xv. 10
anonymous,apocrypha_nt,John,new_testament,Bible:John.14.30,John xiv. 30
anonymous,apocrypha_nt,Dan,old_testament_or_other,Bible:Dan.10.21 Bible:Dan.12.1,"Dan. x. 21, xii. 1"
anonymous,apocrypha_nt,John,new_testament,Bible:John.13.23,John xiii. 23
anonymous,apocrypha_nt,John,new_testament,Bible:John.18.17,John xviii. 17
anonymous,apocrypha_nt,Gen,old_testament_or_other,Bible:Gen.19.11 Bible:Wis.19.17,Gen. xix. 11; Wisd. xix. 17
anonymous,apocrypha_nt,Ps,old_testament_or_other,Bible:Ps.33.22,Ps. xxxiii. 22
anonymous,decretals,Isa,old_testament_or_other,Bible:Isa.49.15,Isa. xlix. 15
anonymous,decretals,Matt,new_testament,Bible:Matt.16.19,Matt. xvi. 19
anonymous,decretals,Ps,old_testament_or_other,Bible:Ps.44.21,Ps. xliv. 21
anonymous,decretals,2Tim,new_testament,Bible:2Tim.2.24,2 Tim. ii. 24
anonymous,decretals,Job,old_testament_or_other,Bible:Job.29.13-Job.29.17,Job xxix. 13–17
anonymous,decretals,Matt,new_testament,Bible:Matt.5.10,Matt. v. 10
anonymous,decretals,Isa,old_testament_or_other,Bible:Isa.51.7,Isa. li. 7
anonymous,decretals,Ps,old_testament_or_other,Bible:Ps.94.11,Ps. xciv. 11
anonymous,decretals,Ps,old_testament_or_other,Bible:Ps.12.2-Ps.12.4,Ps. xii. 2–4
anonymous,decretals,Prov,old_testament_or_other,Bible:Prov.12.15,Prov. xii. 15
anonymous,decretals,Prov,old_testament_or_other,Bible:Prov.14.12,Prov. xiv. 12
anonymous,decretals,Matt,new_testament,Bible:Matt.16.27,Matt. xvi. 27
anonymous,decretals,Rom,new_testament,Bible:Rom.12.19,Rom. xii. 19
anonymous,decretals,John,new_testament,Bible:John.13.35,John xiii. 35
anonymous,decretals,Ps,old_testament_or_other,Bible:Ps.133.1,Ps. cxxxiii. 1
anonymous,decretals,Ps,old_testament_or_other,Bible:Ps.39.1,Ps. xxxix. 1
anonymous,decretals,Ps,old_testament_or_other,Bible:Ps.48.14,Ps. xlviii. 14
anonymous,decretals,Zech,old_testament_or_other,Bible:Zech.8.1-Zech.8.19,Zech. viii. 1–19
anonymous,decretals,1Pet,new_testament,Bible:1Pet.3,1 Pet. iii
anonymous,decretals,1Cor,new_testament,Bible:1Cor.12,1 Cor. xii
anonymous,decretals,Prov,old_testament_or_other,Bible:Prov.26.4,Prov. xxvi. 4
anonymous,decretals,Sir,deuterocanonical,Bible:Sir.18.30,Ecclus. xviii. 30
anonymous,decretals,Ps,old_testament_or_other,Bible:Ps.93,Ps. xciii.
anonymous,decretals,Rom,new_testament,Bible:Rom.1.32,Rom. i. 32
anonymous,decretals,2Cor,new_testament,Bible:2Cor.6.14-2Cor.6.15,"2 Cor. vi. 14, 15"
anonymous,decretals,Prov,old_testament_or_other,Bible:Prov.22.28,Prov. xxii. 28
anonymous,decretals,Matt,new_testament,Bible:Matt.20.28,Matt. xx. 28
anonymous,decretals,Mark,new_testament,Bible:Mark.10.44,Mark x. 44
anonymous,decretals,Rom,new_testament,Bible:Rom.7.2,Rom. vii. 2
anonymous,decretals,Matt,new_testament,Bible:Matt.10.23,Matt. x. 23
anonymous,decretals,Ps,old_testament_or_other,Bible:Ps.24.4,Ps. xxiv. 4
anonymous,decretals,Tob,deuterocanonical,Bible:Tob.4.15,Tobit iv. 15
anonymous,decretals,Gal,new_testament,Bible:Gal.6.1 Bible:Gal.6.4,"Gal. vi. 1, 4"
anonymous,decretals,Ezek,old_testament_or_other,Bible:Ezek.18.21-Ezek.18.22,"Ezek. xviii. 21, 22"
anonymous,decretals,Matt,new_testament,Bible:Matt.18.18,Matt. xviii. 18
anonymous,decretals,Jer,old_testament_or_other,Bible:Jer.8.4,Jer. viii. 4
anonymous,decretals,Ezek,old_testament_or_other,Bible:Ezek.18.32 Bible:Ezek.33.11,"Ezek.
xviii. 32 and xxxiii. 11"
anonymous,decretals,Ps,old_testament_or_other,Bible:Ps.51.12,Ps. li. 12
anonymous,decretals,Ps,old_testament_or_other,Bible:Ps.51.13,Ps. li. 13
anonymous,decretals,Ps,old_testament_or_other,Bible:Ps.51.17,Ps. li. 17
anonymous,decretals,Ps,old_testament_or_other,Bible:Ps.130.7,Ps. cxxx. 7
anonymous,decretals,Ps,old_testament_or_other,Bible:Ps.24.10,Ps. xxiv. 10
anonymous,decretals,Rom,new_testament,Bible:Rom.3.23-Rom.3.26,Rom. iii. 23–26
anonymous,decretals,Ps,old_testament_or_other,Bible:Ps.32.1,Ps. xxxii. 1
anonymous,decretals,John,new_testament,Bible:John.8.11,John viii. 11
anonymous,decretals,Rom,new_testament,Bible:Rom.6.12-Rom.6.19,Rom. vi. 12–19
anonymous,decretals,Rom,new_testament,Bible:Rom.3.3-Rom.3.10,Rom. iii. 3–10
anonymous,decretals,Mark,new_testament,Bible:Mark.12.33,Mark xii. 33
anonymous,decretals,Jas,new_testament,Bible:Jas.2.14,Jas ii. 14
anonymous,decretals,Jas,new_testament,Bible:Jas.3.1-Jas.3.2,"Jas. iii. 1, 2"
anonymous,decretals,Jas,new_testament,Bible:Jas.3.13,Jas. iii. 13
anonymous,decretals,Acts,new_testament,Bible:Acts.4.32-Acts.4.37,Acts iv. 32–37
anonymous,decretals,Acts,new_testament,Bible:Acts.5.1-Acts.5.11,Acts v. 1–11
anonymous,decretals,1Cor,new_testament,Bible:1Cor.5.5,1 Cor. v. 5
anonymous,decretals,John,new_testament,Bible:John.20.22-John.20.23,"John xx. 22, 23"
anonymous,decretals,Col,new_testament,Bible:Col.3.2,Col. iii. 2
anonymous,decretals,1Cor,new_testament,Bible:1Cor.3.19,1 Cor. iii. 19
anonymous,decretals,1Tim,new_testament,Bible:1Tim.6.10,1 Tim. vi. 10
anonymous,decretals,1Tim,new_testament,Bible:1Tim.5.6,1 Tim. v. 6
anonymous,decretals,Ps,old_testament_or_other,Bible:Ps.92.7,Ps. xcii. 7
anonymous,decretals,1Cor,new_testament,Bible:1Cor.2.14,1 Cor. ii. 14
anonymous,decretals,Zech,old_testament_or_other,Bible:Zech.2.8,Zech. ii. 8
anonymous,decretals,Luke,new_testament,Bible:Luke.10.16,Luke x. 16
anonymous,decretals,Luke,new_testament,Bible:Luke.1.14,Luke i. 14
anonymous,decretals,Ps,old_testament_or_other,Bible:Ps.73.1-Ps.73.3,Ps. lxxiii. 1–3
anonymous,decretals,Matt,new_testament,Bible:Matt.5.8,Matt. v. 8
anonymous,decretals,Jer,old_testament_or_other,Bible:Jer.1.16,Jer. i. 16
anonymous,decretals,Jer,old_testament_or_other,Bible:Jer.2.9,Jer. ii. 9
anonymous,decretals,Jer,old_testament_or_other,Bible:Jer.18.11,Jer. xviii. 11
anonymous,decretals,Sir,deuterocanonical,Bible:Sir.32.1-Sir.32.3,Ecclus. xxxii. 1–3
anonymous,decretals,Sir,deuterocanonical,Bible:Sir.35.1-Sir.35.3,Ecclus. xxxv. 1–3
anonymous,decretals,Sir,deuterocanonical,Bible:Sir.27.17-Sir.27.30,Ecclus. xxvii. 17–30
anonymous,decretals,Sir,deuterocanonical,Bible:Sir.28,"Ecclus.
xxviii"
anonymous,decretals,Sir,deuterocanonical,Bible:Sir.5.7-Sir.5.18,Ecclus. v. 7–18
anonymous,decretals,Sir,deuterocanonical,Bible:Sir.6.1-Sir.6.4,Ecclus. vi. 1–4
anonymous,decretals,Matt,new_testament,Bible:Matt.25.40,Matt. xxv. 40
anonymous,decretals,John,new_testament,Bible:John.8.44,John viii. 44
anonymous,decretals,1Cor,new_testament,Bible:1Cor.15.32,1 Cor. xv. 32
anonymous,decretals,Matt,new_testament,Bible:Matt.23.23-Matt.23.24,"Matt. xxiii. 23, 24"
anonymous,decretals,2Tim,new_testament,Bible:2Tim.3.8,2 Tim. iii. 8
anonymous,decretals,Hos,old_testament_or_other,Bible:Hos.6.6,Hos. vi. 6
anonymous,decretals,Job,old_testament_or_other,Bible:Job.29.15,Job xxix. 15
anonymous,decretals,2Tim,new_testament,Bible:2Tim.3.5,2 Tim. iii. 5
anonymous,decretals,Isa,old_testament_or_other,Bible:Isa.28.7,Isa. xxviii. 7
anonymous,decretals,Jer,old_testament_or_other,Bible:Jer.6.16,Jer. vi. 16
anonymous,decretals,Wis,deuterocanonical,Bible:Wis.1,Wisd. i
anonymous,decretals,Wis,deuterocanonical,Bible:Wis.2.1-Wis.2.5,Wisd. ii. 1–5
anonymous,decretals,Ps,old_testament_or_other,Bible:Ps.1.20,Ps. i. 20
anonymous,decretals,Deut,old_testament_or_other,Bible:Deut.17,Deut. xvii
anonymous,decretals,Ps,old_testament_or_other,Bible:Ps.16.5,Ps. xvi. 5
anonymous,decretals,Wis,deuterocanonical,Bible:Wis.12.1,Wisd. xii. 1
anonymous,decretals,Wis,deuterocanonical,Bible:Wis.12.2,Wisd. xii. 2
anonymous,decretals,Wis,deuterocanonical,Bible:Wis.15.1-Wis.15.2,"Wisd. xv. 1, 2"
anonymous,decretals,Sir,deuterocanonical,Bible:Sir.34.13-Sir.34.14,"Ecclus. xxxiv. 13, 14"
anonymous,decretals,Eph,new_testament,Bible:Eph.4.29-Eph.4.32,Eph. iv. 29–32
anonymous,decretals,Eph,new_testament,Bible:Eph.5.1-Eph.5.21,Eph. v. 1–21
anonymous,decretals,2Thess,new_testament,Bible:2Thess.2.15-2Thess.2.17,2 Thess. ii. 15–17
anonymous,decretals,2Thess,new_testament,Bible:2Thess.3.1-2Thess.3.3,2 Thess. iii. 1–3
anonymous,decretals,Ps,old_testament_or_other,Bible:Ps.48.13-Ps.48.14,"Ps. xlviii. 13, 14"
anonymous,decretals,2Thess,new_testament,Bible:2Thess.3.4,2 Thess. iii. 4
anonymous,decretals,Rom,new_testament,Bible:Rom.15.4,Rom. xv. 4
anonymous,decretals,1Cor,new_testament,Bible:1Cor.15.58,1 Cor. xv. 58
anonymous,decretals,1Cor,new_testament,Bible:1Cor.16.13-1Cor.16.14,"1 Cor. xvi. 13, 14"
anonymous,decretals,1Pet,new_testament,Bible:1Pet.5.8,1 Pet. v. 8
anonymous,decretals,1Tim,new_testament,Bible:1Tim.2.4,1 Tim. ii. 4
anonymous,decretals,Matt,new_testament,Bible:Matt.10.16,Matt. x. 16
anonymous,decretals,1Cor,new_testament,Bible:1Cor.5.11,1 Cor. v. 11
anonymous,decretals,Wis,deuterocanonical,Bible:Wis.5.14,Wisd. v. 14
anonymous,decretals,Prov,old_testament_or_other,Bible:Prov.19.28,Prov. xix. 28
anonymous,decretals,Ps,old_testament_or_other,Bible:Ps.18.25-Ps.18.26,"Ps. xviii. 25, 26"
anonymous,decretals,1Cor,new_testament,Bible:1Cor.15.33,1 Cor. xv. 33
anonymous,decretals,Acts,new_testament,Bible:Acts.4.32,Acts iv. 32
anonymous,decretals,Matt,new_testament,Bible:Matt.7.12 Bible:Luke.6,Matt. vii. 12; Luke vi
anonymous,decretals,Matt,new_testament,Bible:Matt.22.39 Bible:Mark.12.31,Matt. xxii. 39; Mark xii. 31
anonymous,decretals,Rom,new_testament,Bible:Rom.13.10,Rom. xiii. 10
anonymous,decretals,1Tim,new_testament,Bible:1Tim.2.24,1 Tim. ii. 24
anonymous,decretals,Prov,old_testament_or_other,Bible:Prov.24.17,Prov. xxiv. 17
anonymous,decretals,Deut,old_testament_or_other,Bible:Deut.27.17,Deut. xxvii. 17
anonymous,decretals,Num,old_testament_or_other,Bible:Num.3.32,Num. iii. 32
anonymous,decretals,Num,old_testament_or_other,Bible:Num.3.45,Num. iii. 45
anonymous,decretals,Num,old_testament_or_other,Bible:Num.1.51,Num. i. 51
anonymous,decretals,1Cor,new_testament,Bible:1Cor.6.7,1 Cor. vi. 7
anonymous,decretals,Matt,new_testament,Bible:Matt.5.40,Matt. v. 40
anonymous,decretals,Luke,new_testament,Bible:Luke.6.30,Luke vi. 30
anonymous,decretals,Matt,new_testament,Bible:Matt.5.22,Matt. v. 22
anonymous,decretals,Gal,new_testament,Bible:Gal.5.21,Gal. v. 21
anonymous,decretals,Sir,deuterocanonical,Bible:Sir.22.15,Ecclus. xxii. 15
anonymous,decretals,Sir,deuterocanonical,Bible:Sir.16.23,Ecclus. xvi. 23
anonymous,decretals,Sir,deuterocanonical,Bible:Sir.3.24,Ecclus. iii. 24
anonymous,decretals,Matt,new_testament,Bible:Matt.10.24,Matt. x. 24
anonymous,decretals,Sir,deuterocanonical,Bible:Sir.10.7,Ecclus. x. 7
anonymous,decretals,Sir,deuterocanonical,Bible:Sir.11.7-Sir.11.8,"Ecclus. xi. 7, 8"
anonymous,decretals,Rom,new_testament,Bible:Rom.13.2,Rom. xiii. 2
anonymous,decretals,Sir,deuterocanonical,Bible:Sir.7.29-Sir.7.32,Ecclus. vii. 29–32
anonymous,decretals,Prov,old_testament_or_other,Bible:Prov.18.19,Prov. xviii. 19
anonymous,decretals,Song,old_testament_or_other,Bible:Song.6.9,"Cant. vi.
9"
anonymous,decretals,Exod,old_testament_or_other,Bible:Exod.33.21,Ex. xxxiii. 21
anonymous,decretals,Jas,new_testament,Bible:Jas.1.20,Jas. i. 20
anonymous,decretals,Jas,new_testament,Bible:Jas.1.19,Jas. i. 19
anonymous,decretals,Ps,old_testament_or_other,Bible:Ps.34.13,Ps. xxxiv. 13
anonymous,decretals,Eph,new_testament,Bible:Eph.6.10-Eph.6.17,Eph. vi. 10–17
anonymous,decretals,1Pet,new_testament,Bible:1Pet.5.1-1Pet.5.4,1 Pet. v. 1–4
anonymous,memoirs,Matt,new_testament,Bible:Matt.4.24,Matt. iv. 24
anonymous,memoirs,John,new_testament,Bible:John.9.39 Bible:John.20.29 Bible:John.20.31 Bible:Hab.1.5 Bible:Isa.52.15 Bible:Isa.53.1,"John ix. 39, and xx. 29, 31; Hab. i. 5; with Isa.
lii. 15, liii. 1."
anonymous,memoirs,2Sam,old_testament_or_other,Bible:2Sam.20.1,2 Sam. xx. 1
anonymous,memoirs,Ps,old_testament_or_other,Bible:Ps.119.107 Bible:Ps.119.167 Bible:Dan.2.12,"Ps. cxix. 107, 167; Dan. ii.
12"
anonymous,memoirs,Eph,new_testament,Bible:Eph.2.14,Eph. ii. 14
anonymous,memoirs,Matt,new_testament,Bible:Matt.27.52,Matt. xxvii. 52
anonymous,memoirs,Luke,new_testament,Bible:Luke.15.6,Luke xv. 6
anonymous,memoirs,Rom,new_testament,Bible:Rom.7.24 Bible:1Cor.15.19,Rom. vii. 24; 1 Cor. xv. 19
anonymous,memoirs,Prov,old_testament_or_other,Bible:Prov.19.25,Prov. xix. 25
anonymous,memoirs,Luke,new_testament,Bible:Luke.23.48,"Luke xxiii.
48"
anonymous,memoirs,Eph,new_testament,Bible:Eph.1.18,Eph. i. 18
anonymous,memoirs,Isa,old_testament_or_other,Bible:Isa.52.15,Isa. lii. 15
anonymous,memoirs,Luke,new_testament,Bible:Luke.24.29,Luke xxiv. 29
anonymous,memoirs,John,new_testament,Bible:John.19.30,"John xix.
30"
anonymous,memoirs,Mark,new_testament,Bible:Mark.5.15,"Mark v.
15"
anonymous,memoirs,Matt,new_testament,Bible:Matt.11.8,Matt. xi. 8
anonymous,memoirs,Matt,new_testament,Bible:Matt.10.7-Matt.10.10,"Matt. x.
7–10"
anonymous,memoirs,Rom,new_testament,Bible:Rom.16,Rom. xvi.
anonymous,memoirs,Matt,new_testament,Bible:Matt.4.19,Matt. iv. 19
anonymous,memoirs,Luke,new_testament,Bible:Luke.24.50,Luke xxiv. 50
anonymous,memoirs,Acts,new_testament,Bible:Acts.1.12,Acts i. 12
anonymous,memoirs,Acts,new_testament,Bible:Acts.10.9-Acts.10.35,Acts x. 9–35
anonymous,memoirs,Matt,new_testament,Bible:Matt.24.27,Matt. xxiv. 27
anonymous,memoirs,Gen,old_testament_or_other,Bible:Gen.1.5,Gen. i. 5
anonymous,memoirs,Ezek,old_testament_or_other,Bible:Ezek.33.7,Ezek. xxxiii. 7
anonymous,memoirs,1Sam,old_testament_or_other,Bible:1Sam.2.3,"1
Sam. ii. 3"
anonymous,memoirs,Ps,old_testament_or_other,Bible:Ps.34.1,Ps. xxxiv. 1
anonymous,memoirs,Acts,new_testament,Bible:Acts.3.24,Acts iii. 24
anonymous,memoirs,Acts,new_testament,Bible:Acts.16.4 Bible:Acts.15,"Acts xvi. 4;
comp. ch. xv"
anonymous,memoirs,Job,old_testament_or_other,Bible:Job.5.12-Job.5.13,"Job v. 12, 13"
anonymous,memoirs,2Cor,new_testament,Bible:2Cor.8.23,"2 Cor. viii.
23"
anonymous,memoirs,Heb,new_testament,Bible:Heb.10.33-Heb.10.34,"Heb. x. 33, 34"
anonymous,memoirs,Acts,new_testament,Bible:Acts.13.1,"Acts
xiii. 1"
anonymous,memoirs,Gal,new_testament,Bible:Gal.2.9 Bible:Rom.1.5-Rom.1.15,Gal. ii. 9; Rom. i. 5–15
anonymous,memoirs,Mark,new_testament,Bible:Mark.1.16-Mark.1.17,Mark i. 16–17
anonymous,memoirs,Jer,old_testament_or_other,Bible:Jer.16.16,Jer. xvi. 16
anonymous,memoirs,Rom,new_testament,Bible:Rom.1.8,Rom. i. 8
anonymous,memoirs,Rom,new_testament,Bible:Rom.15.20 Bible:2Cor.10.13-2Cor.10.16,"Rom. xv. 20; 2 Cor.
x. 13–16"
anonymous,memoirs,Acts,new_testament,Bible:Acts.14.12,Acts xiv. 12
anonymous,memoirs,Jer,old_testament_or_other,Bible:Jer.16.20,Jer. xvi. 20
anonymous,memoirs,Eph,new_testament,Bible:Eph.4.30,Eph. iv. 30
anonymous,memoirs,Ps,old_testament_or_other,Bible:Ps.10.5,Ps. x. 5
anonymous,memoirs,Gal,new_testament,Bible:Gal.6.17 Bible:Phil.3.11,Gal. vi. 17; Phil. iii. 11
anonymous,memoirs,Rom,new_testament,Bible:Rom.5.4,Rom. v. 4
anonymous,memoirs,Dan,old_testament_or_other,Bible:Dan.4.13,"Dan. iv.
13"
anonymous,memoirs,2Cor,new_testament,Bible:2Cor.8.12,2 Cor. viii. 12
anonymous,memoirs,Rev,new_testament,Bible:Rev.20.4,"Rev. xx.
4"
anonymous,memoirs,Jer,old_testament_or_other,Bible:Jer.17.5,Jer. xvii. 5
anonymous,memoirs,Rom,new_testament,Bible:Rom.8.18,Rom. viii. 18
anonymous,memoirs,Matt,new_testament,Bible:Matt.10.39,Matt. x. 39
anonymous,memoirs,Matt,new_testament,Bible:Matt.7.6,Matt. vii. 6
anonymous,memoirs,Dan,old_testament_or_other,Bible:Dan.4.35,"Dan. iv.
35"
anonymous,memoirs,Ps,old_testament_or_other,Bible:Ps.146.3,Ps. cxlvi. 3
anonymous,memoirs,Matt,new_testament,Bible:Matt.10.33,Matt. x. 33
anonymous,memoirs,2Cor,new_testament,Bible:2Cor.4.16,2 Cor. iv. 16
anonymous,memoirs,Matt,new_testament,Bible:Matt.10.28,Matt. x. 28
anonymous,memoirs,2Cor,new_testament,Bible:2Cor.5.1,2 Cor. v. 1
anonymous,memoirs,Gal,new_testament,Bible:Gal.5.7,Gal. v. 7
anonymous,memoirs,John,new_testament,Bible:John.14.1,John xiv. 1
anonymous,memoirs,Luke,new_testament,Bible:Luke.16.8,Luke xvi. 8
anonymous,memoirs,1Kgs,old_testament_or_other,Bible:1Kgs.21.10 Bible:1Kgs.21.13,"1 Kings xxi. 10, 13"
anonymous,memoirs,Gen,old_testament_or_other,Bible:Gen.1.27,Gen. i. 27
anonymous,memoirs,Rom,new_testament,Bible:Rom.8.20,Rom. viii. 20
anonymous,memoirs,Gen,old_testament_or_other,Bible:Gen.1.16,"Gen. i.
16"
anonymous,memoirs,Jude,new_testament,Bible:Jude.1.19 Bible:1Cor.15.44 Bible:1Cor.15.46,"Jude 19 and 1 Cor.
xv. 44, 46"
anonymous,memoirs,1Cor,new_testament,Bible:1Cor.11.1,1 Cor. xi. 1
anonymous,remains,Rom,new_testament,Bible:Rom.10.18,Rom. x. 18
anonymous,remains,Matt,new_testament,Bible:Matt.15.14,Matt. xv. 14
anonymous,remains,Luke,new_testament,Bible:Luke.10.4,"Luke x.
4"
anonymous,remains,Jdt,deuterocanonical,Bible:Jdt.4.3,Judith iv. 3
anonymous,remains,Josh,old_testament_or_other,Bible:Josh.19.30,Josh. xix. 30
anonymous,remains,Gen,old_testament_or_other,Bible:Gen.22.13,"Genesis XXII.
13"
anonymous,remains,Dan,old_testament_or_other,Bible:Dan.7.9 Bible:Dan.7.13 Bible:Dan.7.22,"Dan. vii. 9, 13, 22"
anonymous,remains,Heb,new_testament,Bible:Heb.4.13,Heb. iv. 13
anonymous,remains,Ps,old_testament_or_other,Bible:Ps.11.4,Ps. xi. 4
anonymous,remains,Gen,old_testament_or_other,Bible:Gen.8.21,Gen. viii. 21
anonymous,remains,Isa,old_testament_or_other,Bible:Isa.1.20,Isa. i. 20
anonymous,remains,Lam,old_testament_or_other,Bible:Lam.1.18,Lam. i. 18
anonymous,remains,Ps,old_testament_or_other,Bible:Ps.45.1,Ps. xlv. 1
anonymous,remains,Exod,old_testament_or_other,Bible:Exod.33.14,Ex. xxxiii. 14
anonymous,remains,Lam,old_testament_or_other,Bible:Lam.4.16,Lam. iv. 16
anonymous,remains,Isa,old_testament_or_other,Bible:Isa.53.1,Isa. liii. 1
anonymous,remains,Ps,old_testament_or_other,Bible:Ps.118.16,Ps. cxviii. 16
anonymous,remains,Deut,old_testament_or_other,Bible:Deut.33.2,Deut. xxxiii. 2
anonymous,remains,Ps,old_testament_or_other,Bible:Ps.57.1,Ps. lvii. 1
anonymous,remains,Deut,old_testament_or_other,Bible:Deut.33.12,Deut. xxxiii. 12
anonymous,remains,Isa,old_testament_or_other,Bible:Isa.66.2,Isa. lxvi. 2
anonymous,remains,Exod,old_testament_or_other,Bible:Exod.34.1,Ex. xxxiv. 1
anonymous,remains,Luke,new_testament,Bible:Luke.11.20,Luke xi. 20
anonymous,remains,Ps,old_testament_or_other,Bible:Ps.8.3,Ps. viii. 3
anonymous,remains,1Cor,new_testament,Bible:1Cor.1.24,1 Cor. i. 24
anonymous,remains,Ps,old_testament_or_other,Bible:Ps.110.3,Ps. cx. 3
anonymous,remains,Ps,old_testament_or_other,Bible:Ps.18.9,Ps. xviii. 9
anonymous,remains,Ps,old_testament_or_other,Bible:Ps.45.6 Bible:Ps.5 Bible:Ps.29,"Ps. xlv.
6; comp. Ps. v., xxix"
anonymous,remains,Ps,old_testament_or_other,Bible:Ps.47.8,Ps. xlvii. 8
anonymous,remains,Mic,old_testament_or_other,Bible:Mic.1.3,Mic. i. 3
anonymous,remains,Gen,old_testament_or_other,Bible:Gen.11.3,Gen. xi. 3
anonymous,remains,Ps,old_testament_or_other,Bible:Ps.68.33,Ps. lxviii. 33
anonymous,remains,Hab,old_testament_or_other,Bible:Hab.3.6,Hab. iii. 6
anonymous,remains,Mark,new_testament,Bible:Mark.10.49,Mark x. 49
anonymous,remains,Song,old_testament_or_other,Bible:Song.2.8,"Cant.
Cant. ii. 8"
anonymous,remains,Job,old_testament_or_other,Bible:Job.40.19,Job xl. 19
anonymous,remains,Hos,old_testament_or_other,Bible:Hos.14.10,Hos. xiv. 10
anonymous,remains,Ps,old_testament_or_other,Bible:Ps.77.19,Ps. lxxvii. 19
anonymous,remains,Gen,old_testament_or_other,Bible:Gen.22.12,Gen. xxii. 12
anonymous,remains,Luke,new_testament,Bible:Luke.13.25,Luke xiii. 25
anonymous,remains,Gen,old_testament_or_other,Bible:Gen.8.1,Gen. viii. 1
anonymous,remains,Esth,old_testament_or_other,Bible:Esth.10.12,Esther x. 12
anonymous,remains,1Sam,old_testament_or_other,Bible:1Sam.15.11,1 Sam. xv. 11
anonymous,remains,Ps,old_testament_or_other,Bible:Ps.2.5,Ps. ii. 5
anonymous,remains,Ps,old_testament_or_other,Bible:Ps.44.23,Ps. xliv. 23
anonymous,remains,Ps,old_testament_or_other,Bible:Ps.121.4,Ps. cxxi. 4
anonymous,remains,Ezek,old_testament_or_other,Bible:Ezek.37.27,Ezek. xxxvii. 27
anonymous,remains,1Thess,new_testament,Bible:1Thess.4.15,1 Thess. iv. 15
anonymous,remains,Isa,old_testament_or_other,Bible:Isa.3.10,Isa. iii. 10
anonymous,remains,2Chr,old_testament_or_other,Bible:2Chr.27.3,2 Chron. xxvii. 3
anonymous,remains,Matt,new_testament,Bible:Matt.4.5,Matt. iv. 5
anonymous,remains,Acts,new_testament,Bible:Acts.20.29-Acts.20.31,"Acts xx.
29–31"
anonymous,remains,John,new_testament,Bible:John.20.19 Bible:John.20.26 Bible:Acts.20.7 Bible:1Cor.16.2 Bible:Rev.1.10,"John xx. 19, 26, Acts xx. 7, 1
Cor. xvi. 2, and Rev. i. 10"
anonymous,remains,Acts,new_testament,Bible:Acts.15.28 Bible:Col.2.16,"Acts xv. 28; Col. ii.
16"
anonymous,remains,Matt,new_testament,Bible:Matt.16.19 Bible:John.14.26 Bible:Matt.28.20,"Matt. xvi. 19; John xiv. 26; Matt. xxviii.
20"
anonymous,remains,1Cor,new_testament,Bible:1Cor.5.7-1Cor.5.8,"1 Cor. v. 7, 8"
anonymous,remains,Acts,new_testament,Bible:Acts.12.4 Bible:Acts.12.12,Acts xii. 4 and 12
anonymous,remains,Acts,new_testament,Bible:Acts.2.1 Bible:Acts.20.16 Bible:1Cor.16.8,"Acts ii. 1, xx. 16; 1 Cor. xvi.
8"
anonymous,remains,Phil,new_testament,Bible:Phil.3.20,Phil. iii. 20
anonymous,remains,Exod,old_testament_or_other,Bible:Exod.28.35-Exod.28.36,"Exod. xxviii. 35, 36"
anonymous,remains,Matt,new_testament,Bible:Matt.19.12,Matt. xix. 12
anonymous,remains,Acts,new_testament,Bible:Acts.5.29,Acts v. 29
anonymous,remains,Matt,new_testament,Bible:Matt.10.9,Matt. x. 9
anonymous,remains,Matt,new_testament,Bible:Matt.12.33,Matt. xii. 33
anonymous,remains,Luke,new_testament,Bible:Luke.1.4,"Luke
i. 4"
anonymous,remains,Ps,old_testament_or_other,Bible:Ps.19.4,Ps. xix. 4
anonymous,remains,Rom,new_testament,Bible:Rom.8.18,Rom. viii. 18
anonymous,remains,Luke,new_testament,Bible:Luke.1.6,Luke i. 6
anonymous,remains,Luke,new_testament,Bible:Luke.1.67,Luke i. 67
anonymous,remains,John,new_testament,Bible:John.15.13,xv. 13
anonymous,remains,Rev,new_testament,Bible:Rev.14.4,Rev. xiv. 4
anonymous,remains,John,new_testament,Bible:John.16.2,John xvi. 2
anonymous,remains,1Tim,new_testament,Bible:1Tim.3.15,1 Tim. iii. 15
anonymous,remains,John,new_testament,Bible:John.7.38,John vii. 38
anonymous,remains,Ps,old_testament_or_other,Bible:Ps.45.13,Ps. xlv. 13
anonymous,remains,2Cor,new_testament,Bible:2Cor.2.15,2 Cor. ii. 15
anonymous,remains,Isa,old_testament_or_other,Bible:Isa.27.1,Isa. xxvii. 1
anonymous,remains,Ezek,old_testament_or_other,Bible:Ezek.33.11,Ezek. xxxiii. 11
anonymous,remains,Matt,new_testament,Bible:Matt.22.12,"Matt. xxii.
12"
anonymous,remains,Rev,new_testament,Bible:Rev.22.11,Rev. xxii. 11
anonymous,remains,Dan,old_testament_or_other,Bible:Dan.12.10,"Dan. xii.
10"
anonymous,remains,Phil,new_testament,Bible:Phil.2.6,Phil. ii. 6
anonymous,remains,Rev,new_testament,Bible:Rev.1.5 Bible:Rev.3.14,"Rev. i. 5
and iii. 14"
anonymous,remains,1Pet,new_testament,Bible:1Pet.5.6,1 Pet. v. 6
anonymous,remains,Acts,new_testament,Bible:Acts.7.60,Acts vii. 60
anonymous,remains,Ps,old_testament_or_other,Bible:Ps.20.4,Ps. xx. 4
